"subID","correct_num","response_num","correct_width","response_width","correct_space","stim_length","response_stim_length","number_deviation","width_deviation","width_deviation_relative","spacing_deviation","spacing_deviation_relative","width_density_deviation"
"701",3,3,0.4,0.15,2.2,4.8,2.35,0,-0.25,-0.625,-1.1,-0.5,-0.0585106382978723
"701",5,4,0.25,0.2,0.7,3.05,2.9,-1,-0.05,-0.2,0.2,0.285714285714286,-0.133973996608253
"701",4,4,0.25,0.15,1.1,3.55,2.55,0,-0.0999999999999999,-0.4,-0.3,-0.272727272727273,-0.0463960231980114
"701",4,4,0.55,0.55,0.7,2.65,2.95,0,0,0,0.1,0.142857142857143,-0.0844259673808764
"701",3,3,0.4,0.25,1.8,4,2.85,0,-0.15,-0.375,-0.5,-0.277777777777778,-0.036842105263158
"701",4,4,0.4,0.2,1.1,3.7,5.3,0,-0.2,-0.5,0.6,0.545454545454545,-0.281489036206017
"701",5,4,0.55,0.45,0.9,4.15,2.85,-1,-0.1,-0.181818181818182,-0.1,-0.111111111111111,-0.0310716550412176
"701",3,3,0.55,0.35,1.8,4.15,2.75,0,-0.2,-0.363636363636364,-0.6,-0.333333333333333,-0.0157721796276013
"701",3,4,0.25,0.15,2.2,4.65,3.45,1,-0.0999999999999999,-0.4,-1.1,-0.5,0.0126227208976158
"701",4,3,0.55,0.5,0.9,3.25,2.6,-1,-0.0500000000000001,-0.0909090909090911,0.15,0.166666666666667,-0.1
"701",4,4,0.4,0.3,0.466666666666667,1.8,1.8,0,-0.1,-0.25,0.0333333333333333,0.0714285714285714,-0.222222222222222
"701",5,5,0.55,0.35,0.675,3.25,2.75,0,-0.2,-0.363636363636364,-0.0750000000000001,-0.111111111111111,-0.20979020979021
"701",3,3,0.25,0.2,1.1,2.45,2.2,0,-0.05,-0.2,-0.1,-0.090909090909091,-0.033395176252319
"701",3,3,0.4,0.45,0.7,1.8,2.45,0,0.05,0.125,0.3,0.428571428571429,-0.115646258503401
"701",4,4,0.55,0.35,0.6,2.35,1.55,0,-0.2,-0.363636363636364,-0.2,-0.333333333333333,-0.0329444063143448
"701",5,5,0.25,0.2,1.1,4.65,3.4,0,-0.05,-0.2,-0.3,-0.272727272727273,0.0253004427577482
"701",4,4,0.25,0.15,0.6,2.05,2.85,0,-0.0999999999999999,-0.4,0.3,0.5,-0.277278562259307
"701",3,3,0.25,0.2,0.7,1.65,1.5,0,-0.05,-0.2,-0.0499999999999999,-0.0714285714285713,-0.0545454545454545
"701",4,4,0.25,0.2,0.466666666666667,1.65,2.3,0,-0.05,-0.2,0.233333333333333,0.5,-0.258234519104084
"701",5,5,0.25,0.2,0.8625,3.7,3.2,0,-0.05,-0.2,-0.1125,-0.130434782608696,-0.0253378378378378
"701",5,5,0.4,0.35,0.9,4,3.95,0,-0.05,-0.125,0,0,-0.0569620253164557
"701",5,5,0.55,0.4,0.7,3.35,2.6,0,-0.15,-0.272727272727273,-0.15,-0.214285714285714,-0.0516647531572906
"701",3,3,0.55,0.7,2.2,4.95,3.5,0,0.15,0.272727272727273,-0.8,-0.363636363636364,0.266666666666667
"701",5,5,0.25,0.15,0.9,3.85,3.75,0,-0.1,-0.4,0,0,-0.124675324675325
"701",3,3,0.25,0.1,1.8,3.85,2.8,0,-0.15,-0.6,-0.45,-0.25,-0.0876623376623376
"701",5,4,0.4,0.4,0.7,3.2,2.5,-1,-5.55111512312578e-17,-1.38777878078145e-16,0,0,0.015
"701",3,3,0.55,0.55,1.1,2.75,2.75,0,0,0,0,0,0
"701",5,4,0.25,0.15,0.525,2.35,1.95,-1,-0.1,-0.4,0.075,0.142857142857143,-0.224222585924714
"701",4,3,0.4,0.5,0.7,2.5,2,-1,0.1,0.25,0.05,0.0714285714285715,0.11
"701",5,5,0.25,0.1,0.825,3.55,2.5,0,-0.15,-0.6,-0.225,-0.272727272727273,-0.152112676056338
"701",5,4,0.4,0.5,0.525,2.5,2.6,-1,0.1,0.25,0.175,0.333333333333333,-0.0307692307692307
"701",4,4,0.55,0.65,0.733333333333333,2.75,3.35,0,0.1,0.181818181818182,0.166666666666667,0.227272727272727,-0.0238805970149254
"701",5,5,0.25,0.3,0.675,2.95,3.1,0,0.05,0.2,0.0249999999999999,0.0370370370370369,0.0601421541826135
"701",5,5,0.4,0.35,0.675,3.1,3.15,0,-0.05,-0.125,0.0249999999999999,0.0370370370370369,-0.089605734767025
"701",4,4,0.25,0.1,0.9,2.95,2.2,0,-0.15,-0.6,-0.2,-0.222222222222222,-0.157164869029276
"701",4,4,0.25,0.15,0.733333333333333,2.45,1.65,0,-0.1,-0.4,-0.233333333333333,-0.318181818181818,-0.0445269016697587
"701",5,4,0.55,0.5,1.1,4.95,3.2,-1,-0.0500000000000001,-0.0909090909090911,-0.2,-0.181818181818182,0.0694444444444443
"701",4,4,0.4,0.3,0.9,3.1,2.4,0,-0.1,-0.25,-0.2,-0.222222222222222,-0.0161290322580644
"701",5,4,0.55,0.55,0.825,3.85,3.25,-1,0,0,0.075,0.0909090909090908,-0.0373626373626373
"701",3,3,0.4,0.6,1.1,2.6,2.5,0,0.2,0.5,-0.15,-0.136363636363636,0.258461538461538
"701",3,3,0.25,0.2,0.9,2.05,1.9,0,-0.0499999999999999,-0.2,-0.05,-0.0555555555555556,-0.0500641848523748
"701",4,3,0.4,0.65,0.6,2.2,2.75,-1,0.25,0.625,0.45,0.75,-0.0181818181818182
"701",4,4,0.25,0.2,0.783333333333333,2.6,2.9,0,-0.05,-0.2,0.116666666666667,0.148936170212766,-0.108753315649867
"701",3,3,0.55,0.7,1.4,3.35,2.8,0,0.15,0.272727272727273,-0.35,-0.25,0.257462686567164
"701",4,3,0.25,0.25,0.7,2.35,2.05,-1,0,0,0.2,0.285714285714286,-0.0596782563570317
"701",4,4,0.55,0.7,1.1,3.85,4,0,0.15,0.272727272727273,0,0,0.128571428571429
"701",3,3,0.25,0.1,1.475,3.2,2.7,0,-0.15,-0.6,-0.175,-0.11864406779661,-0.123263888888889
"701",5,4,0.4,0.4,1.1,4.8,4.3,-1,-5.55111512312578e-17,-1.38777878078145e-16,0.2,0.181818181818182,-0.0445736434108528
"701",3,3,0.25,0.2,1.4,3.05,2.2,0,-0.0499999999999999,-0.2,-0.4,-0.285714285714286,0.0268256333830105
"701",3,3,0.55,0.55,0.9,2.35,2.05,0,-1.11022302462516e-16,-2.01858731750028e-16,-0.15,-0.166666666666667,0.10275038920602
"701",3,3,0.55,0.65,0.7,1.95,2.35,0,0.1,0.181818181818182,0.15,0.214285714285714,-0.016366612111293
"701",5,4,0.4,0.4,0.525,2.5,2.5,-1,-5.55111512312578e-17,-1.38777878078145e-16,0.175,0.333333333333333,-0.16
"701",5,4,0.55,0.65,0.9,4.15,3.65,-1,0.1,0.181818181818182,0.1,0.111111111111111,0.0496781647136493
"701",4,4,0.4,0.25,0.9,3.1,2.95,0,-0.15,-0.375,0,0,-0.177145981410607
"701",5,4,0.4,0.55,0.675,3.1,3.25,-1,0.15,0.375,0.225,0.333333333333333,0.0317617866004963
"701",3,3,0.55,0.7,2.2,4.95,3.6,0,0.15,0.272727272727273,-0.75,-0.340909090909091,0.25
"701",3,3,0.25,0.2,1.475,3.2,2.3,0,-0.05,-0.2,-0.425,-0.288135593220339,0.0264945652173913
"701",4,4,0.4,0.4,1.1,3.7,3.4,0,-5.55111512312578e-17,-1.38777878078145e-16,-0.1,-0.090909090909091,0.0381558028616852
"701",4,4,0.25,0.2,0.6,2.05,2.9,0,-0.05,-0.2,0.3,0.5,-0.211942809083263
"701",3,3,0.55,0.55,1.8,4.15,2.55,0,-1.11022302462516e-16,-2.01858731750028e-16,-0.8,-0.444444444444444,0.249468462083629
"701",4,3,0.55,0.6,0.733333333333333,2.75,2.4,-1,0.0499999999999999,0.0909090909090908,0.166666666666667,0.227272727272727,-0.05
"701",3,3,0.25,0.15,1.1,2.45,2.15,0,-0.1,-0.4,-0.1,-0.090909090909091,-0.0968201233981964
"701",4,4,0.25,0.15,0.9,2.95,2.55,0,-0.1,-0.4,-0.1,-0.111111111111111,-0.103688933200399
"701",3,3,0.55,0.55,1.1,2.75,2.45,0,-1.11022302462516e-16,-2.01858731750028e-16,-0.15,-0.136363636363636,0.073469387755102
"701",4,4,0.25,0.15,0.783333333333333,2.6,2.25,0,-0.1,-0.4,-0.0833333333333334,-0.106382978723404,-0.117948717948718
"701",4,3,0.55,1.05,1.1,3.85,3.65,-1,0.5,0.909090909090909,0.2,0.181818181818182,0.291585127201566
"701",3,3,0.25,0.25,0.9,2.05,2.55,0,0,0,0.25,0.277777777777778,-0.0717360114777619
"701",4,4,0.25,0.15,0.466666666666667,1.65,1.35,0,-0.1,-0.4,-0.0666666666666667,-0.142857142857143,-0.161616161616162
"701",3,3,0.25,0.1,1.8,3.85,2.2,0,-0.15,-0.6,-0.75,-0.416666666666667,-0.0584415584415584
"701",5,5,0.25,0.1,0.825,3.55,3.9,0,-0.15,-0.6,0.125,0.151515151515152,-0.22390754785121
"701",5,4,0.25,0.15,1.1,4.65,2.25,-1,-0.0999999999999999,-0.4,-0.4,-0.363636363636364,-0.00215053763440837
"701",4,4,0.4,0.35,0.6,2.2,2.45,0,-0.05,-0.125,0.0999999999999999,0.166666666666666,-0.155844155844156
"701",3,3,0.4,0.5,1.1,2.6,2.5,0,0.0999999999999999,0.25,-0.1,-0.090909090909091,0.138461538461538
"701",5,5,0.25,0.25,0.525,2.35,2.05,0,0,0,-0.075,-0.142857142857143,0.0778412039439544
"701",3,3,0.55,0.5,0.9,2.35,2,0,-0.0500000000000001,-0.0909090909090911,-0.15,-0.166666666666667,0.0478723404255318
"701",5,5,0.25,0.2,0.8625,3.7,3.8,0,-0.05,-0.2,0.0375,0.0434782608695652,-0.0746799431009957
"701",3,3,0.4,0.35,2.2,4.8,3.35,0,-0.05,-0.125,-0.7,-0.318181818181818,0.0634328358208955
"701",4,4,0.25,0.3,0.733333333333333,2.45,2.7,0,0.05,0.2,0.0666666666666667,0.0909090909090909,0.036281179138322
"701",3,3,0.4,0.5,0.9,2.2,2.6,0,0.0999999999999999,0.25,0.15,0.166666666666667,0.0314685314685313
"701",5,4,0.55,0.45,0.675,3.25,2.85,-1,-0.1,-0.181818181818182,0.125,0.185185185185185,-0.214574898785425
"701",4,4,0.4,0.4,0.466666666666667,1.8,2.2,0,-5.55111512312578e-17,-1.38777878078145e-16,0.133333333333333,0.285714285714286,-0.161616161616162
"701",5,4,0.25,0.15,0.675,2.95,2.25,-1,-0.1,-0.4,0.0249999999999999,0.0370370370370369,-0.157062146892655
"701",4,4,0.25,0.2,1.1,3.55,4.1,0,-0.05,-0.2,0.2,0.181818181818182,-0.0865681896255582
"701",3,3,0.4,0.4,1.8,4,2.9,0,-5.55111512312578e-17,-1.38777878078145e-16,-0.55,-0.305555555555555,0.113793103448276
"701",5,4,0.55,0.5,1.1,4.95,3.8,-1,-0.0500000000000001,-0.0909090909090911,0,0,-0.0292397660818715
"701",5,5,0.4,0.4,0.9,4,5.2,0,-5.55111512312578e-17,-1.38777878078145e-16,0.3,0.333333333333333,-0.115384615384615
"701",4,4,0.55,0.4,0.6,2.35,1.9,0,-0.15,-0.272727272727273,-0.1,-0.166666666666667,-0.0940649496080628
"701",3,3,0.55,0.4,1.4,3.35,2.7,0,-0.15,-0.272727272727273,-0.25,-0.178571428571429,-0.0480928689883914
"701",4,4,0.25,0.15,0.7,2.35,2.85,0,-0.1,-0.4,0.2,0.285714285714286,-0.215005599104143
"701",4,3,0.55,0.5,0.9,3.25,2.6,-1,-0.05,-0.090909090909091,0.15,0.166666666666667,-0.1
"701",5,4,0.55,0.55,0.825,3.85,2.65,-1,0,0,-0.125,-0.151515151515152,0.115902964959569
"701",3,3,0.25,0.1,2.2,4.65,3.3,0,-0.15,-0.6,-0.6,-0.272727272727273,-0.0703812316715542
"701",3,3,0.55,0.5,0.7,1.95,1.6,0,-0.0500000000000001,-0.0909090909090911,-0.15,-0.214285714285714,0.0913461538461535
"701",4,3,0.4,0.4,0.7,2.5,2.1,-1,-5.55111512312578e-17,-1.38777878078145e-16,0.15,0.214285714285714,-0.0685714285714286
"701",3,3,0.25,0.25,1.4,3.05,1.65,0,5.55111512312578e-17,2.22044604925031e-16,-0.7,-0.5,0.208643815201192
"701",5,4,0.25,0.2,0.7,3.05,3.8,-1,-0.05,-0.2,0.5,0.714285714285714,-0.199309749784297
"701",3,3,0.4,0.35,0.7,1.8,1.55,0,-0.05,-0.125,-0.1,-0.142857142857143,0.010752688172043
"701",5,5,0.4,0.35,1.1,4.8,4.75,0,-0.05,-0.125,0,0,-0.0482456140350877
"701",5,5,0.55,0.35,0.7,3.35,2.15,0,-0.2,-0.363636363636364,-0.25,-0.357142857142857,-0.00694203401596671
"701",4,4,0.55,0.45,0.7,2.65,2.25,0,-0.1,-0.181818181818182,-0.1,-0.142857142857143,-0.0301886792452831
"701",3,3,0.25,0.15,0.7,1.65,1.55,0,-0.0999999999999999,-0.4,0,0,-0.164222873900293
"701",5,5,0.25,0.15,0.9,3.85,3.15,0,-0.1,-0.4,-0.15,-0.166666666666667,-0.0865800865800865
"701",5,5,0.4,0.4,0.7,3.2,3.4,0,0,0,0.05,0.0714285714285715,-0.0367647058823529
"701",5,4,0.55,0.5,0.9,4.15,3.2,-1,-0.0500000000000001,-0.0909090909090911,0,0,-0.0376506024096386
"701",3,3,0.25,0.2,1.1,2.45,2.2,0,-0.05,-0.2,-0.1,-0.090909090909091,-0.033395176252319
"701",3,3,0.4,0.4,0.9,2.2,2.7,0,-5.55111512312578e-17,-1.38777878078145e-16,0.25,0.277777777777778,-0.101010101010101
"701",5,4,0.55,0.5,0.675,3.25,2.6,-1,-0.05,-0.090909090909091,0.0249999999999999,0.0370370370370369,-0.0769230769230768
"701",5,4,0.4,0.3,1.1,4.8,2.7,-1,-0.1,-0.25,-0.3,-0.272727272727273,0.0277777777777778
"701",3,3,0.55,0.45,1.4,3.35,3.05,0,-0.1,-0.181818181818182,-0.0999999999999999,-0.0714285714285713,-0.0499143626131637
"701",4,4,0.25,0.25,0.733333333333333,2.45,2.95,0,0,0,0.166666666666667,0.227272727272727,-0.0691802144586648
"701",4,4,0.25,0.1,0.7,2.35,1.9,0,-0.15,-0.6,-0.1,-0.142857142857143,-0.215005599104143
"701",3,3,0.4,0.35,1.8,4,3.05,0,-0.05,-0.125,-0.45,-0.25,0.0442622950819671
"701",3,3,0.25,0.2,2.2,4.65,3.6,0,-0.05,-0.2,-0.5,-0.227272727272727,0.00537634408602153
"701",4,4,0.4,0.4,0.6,2.2,1.9,0,-5.55111512312578e-17,-1.38777878078145e-16,-0.1,-0.166666666666667,0.114832535885167
"701",3,3,0.55,0.55,0.9,2.35,2.05,0,-1.11022302462516e-16,-2.01858731750028e-16,-0.15,-0.166666666666667,0.10275038920602
"701",5,6,0.25,0.2,1.1,4.65,3.2,1,-0.05,-0.2,-0.5,-0.454545454545455,0.106182795698925
"701",5,5,0.25,0.15,0.9,3.85,2.75,0,-0.1,-0.4,-0.25,-0.277777777777778,-0.0519480519480519
"701",5,5,0.55,0.35,0.825,3.85,2.55,0,-0.2,-0.363636363636364,-0.275,-0.333333333333333,-0.0280112044817927
"701",3,4,0.25,0.2,1.4,3.05,2.9,1,-0.05,-0.2,-0.5,-0.357142857142857,0.0299604296212549
"701",4,4,0.55,0.45,1.1,3.85,2.85,0,-0.1,-0.181818181818182,-0.3,-0.272727272727273,0.0601503759398495
"701",3,3,0.25,0.3,1.8,3.85,2.3,0,0.05,0.2,-0.8,-0.444444444444444,0.196499153020892
"701",4,4,0.25,0.2,0.9,2.95,2.6,0,-0.05,-0.2,-0.1,-0.111111111111111,-0.03129074315515
"701",5,5,0.4,0.35,0.9,4,3.95,0,-0.05,-0.125,0,0,-0.0569620253164557
"701",3,3,0.4,0.4,1.1,2.6,2.1,0,-5.55111512312578e-17,-1.38777878078145e-16,-0.25,-0.227272727272727,0.10989010989011
"701",5,5,0.25,0.15,0.8625,3.7,2.95,0,-0.0999999999999999,-0.4,-0.1625,-0.188405797101449,-0.0836005497022445
"701",5,5,0.25,0.15,0.825,3.55,3.15,0,-0.1,-0.4,-0.075,-0.0909090909090909,-0.1140174379611
"701",4,4,0.25,0.15,1.1,3.55,2.25,0,-0.1,-0.4,-0.4,-0.363636363636364,-0.0150234741784036
"701",4,3,0.55,0.45,0.9,3.25,2.25,-1,-0.1,-0.181818181818182,0,0,-0.0769230769230769
"701",3,3,0.55,0.6,2.2,4.95,4.3,0,0.05,0.090909090909091,-0.35,-0.159090909090909,0.0852713178294573
"701",5,4,0.4,0.45,0.7,3.2,2.55,-1,0.0499999999999999,0.125,0,0,0.0808823529411764
"701",5,4,0.25,0.15,0.7,3.05,2.55,-1,-0.1,-0.4,0.1,0.142857142857143,-0.174541947926712
"701",4,4,0.4,0.3,0.466666666666667,1.8,1.5,0,-0.1,-0.25,-0.0666666666666667,-0.142857142857143,-0.0888888888888891
"701",4,4,0.25,0.3,0.466666666666667,1.65,2.1,0,0.05,0.2,0.133333333333333,0.285714285714286,-0.0346320346320345
"701",3,3,0.25,0.2,1.475,3.2,2.3,0,-0.05,-0.2,-0.425,-0.288135593220339,0.0264945652173913
"701",4,3,0.4,0.25,0.9,3.1,1.75,-1,-0.15,-0.375,-0.15,-0.166666666666667,-0.087557603686636
"701",5,5,0.25,0.2,0.675,2.95,3,0,-0.05,-0.2,0.0249999999999999,0.0370370370370369,-0.0903954802259887
"701",5,4,0.25,0.15,0.525,2.35,2.55,-1,-0.0999999999999999,-0.4,0.275,0.523809523809524,-0.296620775969962
"701",4,4,0.4,0.3,1.1,3.7,3.3,0,-0.1,-0.25,-0.1,-0.090909090909091,-0.0687960687960688
"701",3,3,0.4,0.3,0.7,1.8,1.2,0,-0.1,-0.25,-0.25,-0.357142857142857,0.0833333333333333
"701",3,3,0.55,0.6,1.8,4.15,3.8,0,0.0499999999999999,0.0909090909090908,-0.2,-0.111111111111111,0.0760938490805326
"701",4,4,0.4,0.4,0.7,2.5,2.5,0,-5.55111512312578e-17,-1.38777878078145e-16,0,0,0
"701",5,4,0.55,0.5,0.7,3.35,2.6,-1,-0.0500000000000001,-0.0909090909090911,0,0,-0.0516647531572905
"701",3,3,0.55,0.35,0.7,1.95,1.15,0,-0.2,-0.363636363636364,-0.3,-0.428571428571428,0.0668896321070233
"701",3,3,0.4,0.35,2.2,4.8,3.75,0,-0.05,-0.125,-0.5,-0.227272727272727,0.0299999999999999
"701",3,3,0.25,0.15,0.9,2.05,2.05,0,-0.1,-0.4,0.0499999999999999,0.0555555555555555,-0.146341463414634
"701",4,3,0.25,0.25,0.783333333333333,2.6,1.75,-1,0,0,-0.0333333333333333,-0.0425531914893617,0.043956043956044
"701",4,3,0.55,0.55,0.733333333333333,2.75,1.95,-1,-1.11022302462516e-16,-2.01858731750028e-16,-0.0333333333333333,-0.0454545454545454,0.0461538461538462
"701",4,4,0.25,0.15,0.6,2.05,2.55,0,-0.1,-0.4,0.2,0.333333333333334,-0.252510760401722
"701",5,5,0.55,0.4,1.1,4.95,5.2,0,-0.15,-0.272727272727273,0.0999999999999999,0.0909090909090908,-0.170940170940171
"701",4,4,0.55,0.65,0.6,2.35,2.75,0,0.1,0.181818181818182,0.1,0.166666666666667,0.00928433268858819
"701",5,4,0.4,0.35,0.525,2.5,1.55,-1,-0.05,-0.125,-0.125,-0.238095238095238,0.103225806451613
"701",5,5,0.4,0.25,0.675,3.1,2.25,0,-0.15,-0.375,-0.175,-0.259259259259259,-0.089605734767025
"701",4,4,0.55,0.4,0.7,2.65,1.9,0,-0.15,-0.272727272727273,-0.2,-0.285714285714286,0.0119165839126115
"701",3,3,0.55,0.4,1.1,2.75,2.2,0,-0.15,-0.272727272727273,-0.2,-0.181818181818182,-0.0545454545454546
"701",3,3,0.25,0.15,0.7,1.65,1.75,0,-0.1,-0.4,0.1,0.142857142857143,-0.197402597402597
"701",5,4,0.55,0.4,0.825,3.85,2.8,-1,-0.15,-0.272727272727273,-0.025,-0.0303030303030303,-0.142857142857143
"701",4,4,0.55,0.45,0.733333333333333,2.75,2.25,0,-0.1,-0.181818181818182,-0.133333333333333,-0.181818181818182,-1.11022302462516e-16
"701",4,4,0.25,0.35,0.783333333333333,2.6,2.45,0,0.1,0.4,-0.0833333333333334,-0.106382978723404,0.186813186813187
"701",3,3,0.55,0.45,1.8,4.15,2.85,0,-0.1,-0.181818181818182,-0.6,-0.333333333333333,0.0760938490805327
"701",3,3,0.55,0.45,2.2,4.95,4.95,0,-0.1,-0.181818181818182,0.0499999999999998,0.0227272727272726,-0.0606060606060607
"701",5,4,0.4,0.4,0.7,3.2,2.5,-1,0,0,0,0,0.0150000000000001
"701",4,4,0.4,0.35,0.6,2.2,1.85,0,-0.05,-0.125,-0.1,-0.166666666666667,0.0294840294840294
"701",4,4,0.55,0.4,1.1,3.85,3.7,0,-0.15,-0.272727272727273,0,0,-0.138996138996139
"701",5,4,0.25,0.2,0.525,2.35,2.3,-1,-0.0499999999999999,-0.2,0.175,0.333333333333333,-0.184088806660499
"701",5,4,0.55,0.45,0.7,3.35,2.25,-1,-0.1,-0.181818181818182,-0.1,-0.142857142857143,-0.0208955223880597
"701",5,5,0.55,0.45,0.675,3.25,2.65,0,-0.1,-0.181818181818182,-0.125,-0.185185185185185,0.00290275761973868
"701",3,3,0.25,0.25,0.7,1.65,1.65,0,0,0,0,0,0
"701",5,4,0.4,0.3,0.9,4,3.6,-1,-0.1,-0.25,0.2,0.222222222222222,-0.166666666666667
"701",5,5,0.25,0.25,0.825,3.55,3.85,0,5.55111512312578e-17,2.22044604925031e-16,0.0750000000000001,0.090909090909091,-0.0274373513810133
"701",5,5,0.25,0.2,0.7,3.05,4,0,-0.05,-0.2,0.25,0.357142857142857,-0.159836065573771
"701",5,4,0.25,0.3,0.675,2.95,2.7,-1,0.05,0.2,0.125,0.185185185185185,0.0207156308851224
"701",4,5,0.4,0.35,0.466666666666667,1.8,1.95,1,-0.05,-0.125,-0.0666666666666667,-0.142857142857143,0.00854700854700841
"701",5,5,0.4,0.3,1.1,4.8,3.9,0,-0.1,-0.25,-0.2,-0.181818181818182,-0.032051282051282
"701",3,3,0.25,0.2,1.1,2.45,2.5,0,-0.05,-0.2,0.0499999999999998,0.0454545454545453,-0.0661224489795917
"701",3,3,0.25,0.15,1.475,3.2,2.85,0,-0.1,-0.4,-0.125,-0.0847457627118644,-0.0764802631578947
"701",4,4,0.25,0.3,0.7,2.35,3,0,0.05,0.2,0.2,0.285714285714286,-0.0255319148936171
"701",4,4,0.55,0.4,0.6,2.35,1.9,0,-0.15,-0.272727272727273,-0.1,-0.166666666666667,-0.0940649496080628
"701",4,4,0.25,0.25,0.733333333333333,2.45,2.05,0,0,0,-0.133333333333333,-0.181818181818182,0.0796416127426581
"701",3,3,0.55,0.45,1.4,3.35,3.45,0,-0.1,-0.181818181818182,0.1,0.0714285714285715,-0.101232965606749
"701",5,4,0.4,0.45,0.525,2.5,2.55,-1,0.0499999999999999,0.125,0.175,0.333333333333333,-0.0941176470588236
"701",5,5,0.55,0.45,1.1,4.95,3.05,0,-0.1,-0.181818181818182,-0.45,-0.409090909090909,0.182149362477231
"701",5,5,0.55,0.6,0.9,4.15,4,0,0.0499999999999999,0.0909090909090908,-0.05,-0.0555555555555556,0.0873493975903615
"701",4,5,0.4,0.35,1.1,3.7,3.75,1,-0.05,-0.125,-0.25,-0.227272727272727,0.0342342342342343
"701",3,3,0.4,0.4,0.7,1.8,1.9,0,0,0,0.05,0.0714285714285715,-0.0350877192982456
"701",5,5,0.25,0.15,1.1,4.65,4.55,0,-0.1,-0.4,0,0,-0.10398203946591
"701",3,3,0.55,0.3,0.7,1.95,1,0,-0.25,-0.454545454545455,-0.35,-0.5,0.0538461538461537
"701",4,5,0.25,0.1,1.1,3.55,3.3,1,-0.15,-0.6,-0.3,-0.272727272727273,-0.130174989329919
"701",3,3,0.55,0.4,1.1,2.75,2.2,0,-0.15,-0.272727272727273,-0.2,-0.181818181818182,-0.0545454545454547
"701",5,5,0.25,0.2,0.8625,3.7,3.4,0,-0.05,-0.2,-0.0625,-0.072463768115942,-0.0437201907790143
"701",4,5,0.25,0.15,0.9,2.95,2.95,1,-0.0999999999999999,-0.4,-0.2,-0.222222222222222,-0.0847457627118642
"701",5,5,0.4,0.3,0.675,3.1,2.9,0,-0.1,-0.25,-0.025,-0.0370370370370371,-0.127919911012236
"701",3,3,0.25,0.15,1.4,3.05,2.25,0,-0.0999999999999999,-0.4,-0.35,-0.25,-0.0459016393442622
"701",3,3,0.4,0.45,1.8,4,3.15,0,0.0499999999999999,0.125,-0.45,-0.25,0.128571428571428
"701",4,3,0.55,0.45,0.7,2.65,1.65,-1,-0.1,-0.181818181818182,-0.1,-0.142857142857143,-0.012006861063465
"701",3,3,0.25,0.2,2.2,4.65,2.9,0,-0.05,-0.2,-0.85,-0.386363636363636,0.0456062291434928
"701",3,3,0.55,0.45,0.9,2.35,2.25,0,-0.1,-0.181818181818182,0,0,-0.102127659574468
"701",4,4,0.4,0.3,0.9,3.1,3,0,-0.1,-0.25,0,0,-0.116129032258065
"701",3,3,0.4,0.45,0.9,2.2,1.75,0,0.0499999999999999,0.125,-0.25,-0.277777777777778,0.225974025974026
"701",5,5,0.25,0.15,0.9,3.85,3.35,0,-0.1,-0.4,-0.1,-0.111111111111111,-0.100794727660399
"701",4,4,0.4,0.3,0.7,2.5,2.1,0,-0.1,-0.25,-0.1,-0.142857142857143,-0.0685714285714285
"701",3,3,0.4,0.4,1.1,2.6,2,0,-5.55111512312578e-17,-1.38777878078145e-16,-0.3,-0.272727272727273,0.138461538461538
"701",4,4,0.25,0.25,0.6,2.05,1.75,0,0,0,-0.0999999999999999,-0.166666666666666,0.0836236933797909
"701",3,4,0.25,0.15,1.8,3.85,1.95,1,-0.1,-0.4,-1.2,-0.666666666666667,0.112887112887113
"701",3,3,0.25,0.15,0.9,2.05,0.95,0,-0.1,-0.4,-0.5,-0.555555555555556,0.10783055198973
"701",4,4,0.55,0.35,0.9,3.25,2.75,0,-0.2,-0.363636363636364,-0.1,-0.111111111111111,-0.167832167832168
"701",3,4,0.4,0.3,2.2,4.8,3.3,1,-0.1,-0.25,-1.2,-0.545454545454545,0.113636363636364
"701",4,4,0.25,0.4,0.466666666666667,1.65,2.5,0,0.15,0.6,0.233333333333333,0.5,0.0339393939393939
"701",3,3,0.55,0.4,0.7,1.95,2.2,0,-0.15,-0.272727272727273,0.2,0.285714285714286,-0.300699300699301
"701",3,3,0.4,0.3,0.7,1.8,1.9,0,-0.1,-0.25,0.1,0.142857142857143,-0.192982456140351
"701",5,4,0.55,0.4,0.675,3.25,3.4,-1,-0.15,-0.272727272727273,0.325,0.481481481481481,-0.375565610859729
"701",4,4,0.55,0.45,1.1,3.85,3.45,0,-0.1,-0.181818181818182,-0.1,-0.090909090909091,-0.0496894409937889
"701",4,4,0.4,0.35,0.466666666666667,1.8,2.15,0,-0.05,-0.125,0.133333333333333,0.285714285714286,-0.237726098191215
"701",3,3,0.25,0.15,1.1,2.45,2.35,0,-0.1,-0.4,0,0,-0.114633087277464
"701",5,5,0.25,0.1,0.8625,3.7,3.5,0,-0.15,-0.6,-0.0125000000000001,-0.0144927536231885,-0.194980694980695
"701",5,4,0.4,0.25,1.1,4.8,3.55,-1,-0.15,-0.375,0,0,-0.134976525821596
"701",3,3,0.25,0.2,0.9,2.05,2.8,0,-0.05,-0.2,0.4,0.444444444444444,-0.151567944250871
"701",4,4,0.55,0.35,0.733333333333333,2.75,2.75,0,-0.2,-0.363636363636364,0.0666666666666668,0.0909090909090911,-0.290909090909091
"701",5,5,0.4,0.4,0.9,4,3.8,0,0,0,-0.05,-0.0555555555555556,0.0263157894736842
"701",3,3,0.55,0.45,0.9,2.35,1.85,0,-0.1,-0.181818181818182,-0.2,-0.222222222222222,0.0276020701552616
"701",4,5,0.4,0.3,0.9,3.1,3.3,1,-0.1,-0.25,-0.15,-0.166666666666667,-0.0615835777126099
"701",4,4,0.4,0.3,1.1,3.7,3,0,-0.1,-0.25,-0.2,-0.181818181818182,-0.0324324324324325
"701",4,4,0.25,0.2,0.466666666666667,1.65,1.7,0,-0.05,-0.2,0.0333333333333333,0.0714285714285714,-0.135472370766488
"701",4,4,0.4,0.3,0.6,2.2,2.4,0,-0.1,-0.25,0.0999999999999999,0.166666666666666,-0.227272727272727
"701",5,5,0.25,0.2,0.675,2.95,3.4,0,-0.05,-0.2,0.125,0.185185185185185,-0.129611166500499
"701",4,4,0.25,0.15,0.7,2.35,1.65,0,-0.1,-0.4,-0.2,-0.285714285714286,-0.0618955512572534
"701",5,5,0.55,0.45,1.1,4.95,4.45,0,-0.1,-0.181818181818182,-0.1,-0.090909090909091,-0.0499375780274657
"701",3,3,0.4,0.4,1.8,4,3.2,0,-5.55111512312578e-17,-1.38777878078145e-16,-0.4,-0.222222222222222,0.075
"701",5,5,0.25,0.3,0.525,2.35,3.1,0,0.05,0.2,0.175,0.333333333333333,-0.0480439258750857
"701",3,2,0.4,0.35,0.9,2.2,1.35,-1,-0.05,-0.125,0.1,0.111111111111111,-0.026936026936027
"701",3,3,0.4,0.35,2.2,4.8,3.25,0,-0.05,-0.125,-0.75,-0.340909090909091,0.073076923076923
"701",4,4,0.25,0.1,1.1,3.55,3.1,0,-0.15,-0.6,-0.1,-0.090909090909091,-0.152657882780554
"701",3,2,0.55,0.55,1.4,3.35,1.95,-1,-1.11022302462516e-16,-2.01858731750028e-16,0,0,0.0715652506697282
"701",4,3,0.25,0.25,0.783333333333333,2.6,2.35,-1,0,0,0.266666666666667,0.340425531914894,-0.0654664484451719
"701",5,4,0.55,0.4,0.825,3.85,2.2,-1,-0.15,-0.272727272727273,-0.225,-0.272727272727273,0.0129870129870131
"701",4,4,0.55,0.45,0.6,2.35,1.95,0,-0.1,-0.181818181818182,-0.1,-0.166666666666667,-0.0130932896890343
"701",3,2,0.4,0.5,1.1,2.6,1.6,-1,0.0999999999999999,0.25,0,0,0.163461538461538
"701",3,2,0.55,0.55,1.8,4.15,2.25,-1,-1.11022302462516e-16,-2.01858731750028e-16,-0.1,-0.0555555555555556,0.0912985274431057
"701",3,2,0.55,0.5,1.1,2.75,2.1,-1,-0.0500000000000001,-0.0909090909090911,0.5,0.454545454545455,-0.123809523809524
"701",5,5,0.25,0.15,0.825,3.55,2.95,0,-0.1,-0.4,-0.125,-0.151515151515152,-0.0978753879207448
"701",5,4,0.25,0.15,0.7,3.05,3.15,-1,-0.1,-0.4,0.3,0.428571428571429,-0.21935987509758
"701",5,4,0.55,0.5,0.7,3.35,2.6,-1,-0.0500000000000001,-0.0909090909090911,0,0,-0.0516647531572905
"701",3,2,0.25,0.15,1.8,3.85,1.95,-1,-0.1,-0.4,0,0,-0.040959040959041
"701",4,3,0.25,0.15,0.9,2.95,1.85,-1,-0.1,-0.4,-0.05,-0.0555555555555556,-0.0957398076042144
"701",4,3,0.55,0.4,0.7,2.65,2.1,-1,-0.15,-0.272727272727273,0.15,0.214285714285714,-0.258760107816712
"701",3,2,0.25,0.2,2.2,4.65,2.8,-1,-0.05,-0.2,0.4,0.181818181818182,-0.0184331797235023
"701",3,2,0.55,0.4,2.2,4.95,2.7,-1,-0.15,-0.272727272727273,0.0999999999999996,0.0454545454545453,-0.037037037037037
"701",3,2,0.25,0.15,1.4,3.05,2.35,-1,-0.1,-0.4,0.8,0.571428571428572,-0.118242064876177
"701",4,3,0.25,0.2,0.733333333333333,2.45,2.1,-1,-0.05,-0.2,0.216666666666667,0.295454545454545,-0.122448979591837
"701",5,5,0.25,0.25,1.1,4.65,5.05,0,0,0,0.0999999999999999,0.0909090909090908,-0.0212924518258277
"701",5,4,0.4,0.3,0.675,3.1,1.5,-1,-0.1,-0.25,-0.275,-0.407407407407407,0.154838709677419
"701",4,4,0.4,0.35,0.7,2.5,1.85,0,-0.05,-0.125,-0.2,-0.285714285714286,0.116756756756757
"701",4,4,0.25,0.25,0.6,2.05,1.75,0,0,0,-0.0999999999999999,-0.166666666666666,0.0836236933797909
"701",5,5,0.4,0.3,0.525,2.5,1.9,0,-0.1,-0.25,-0.125,-0.238095238095238,-0.0105263157894738
"701",3,4,0.25,0.25,1.475,3.2,3.25,1,0,0,-0.475,-0.322033898305085,0.0733173076923077
"701",5,4,0.55,0.3,0.9,4.15,1.5,-1,-0.25,-0.454545454545455,-0.5,-0.555555555555556,0.137349397590361
"701",5,4,0.4,0.3,0.7,3.2,2.7,-1,-0.1,-0.25,0.1,0.142857142857143,-0.180555555555556
"701",3,3,0.25,0.3,0.7,1.65,2.9,0,0.05,0.2,0.6,0.857142857142857,-0.144200626959248
"701",5,4,0.25,0.2,0.9,3.85,3.8,-1,-0.05,-0.2,0.3,0.333333333333333,-0.114149008885851
"701",4,3,0.55,0.35,0.9,3.25,2.15,-1,-0.2,-0.363636363636364,0,0,-0.188550983899821
"701",4,3,0.4,0.4,0.7,2.5,2,-1,0,0,0.1,0.142857142857143,-0.0399999999999999
"701",4,3,0.25,0.25,0.6,2.05,1.65,-1,5.55111512312578e-17,2.22044604925031e-16,0.1,0.166666666666667,-0.0332594235033258
"701",3,3,0.4,0.35,1.1,2.6,2.35,0,-0.05,-0.125,-0.1,-0.090909090909091,-0.0147299509001637
"701",4,3,0.4,0.45,1.1,3.7,2.55,-1,0.05,0.125,-0.05,-0.0454545454545455,0.0969793322734499
"701",4,4,0.4,0.3,0.9,3.1,3.3,0,-0.1,-0.25,0.1,0.111111111111111,-0.152492668621701
"701",5,4,0.4,0.3,1.1,4.8,3.3,-1,-0.1,-0.25,-0.1,-0.090909090909091,-0.0530303030303029
"701",4,4,0.55,0.3,0.9,3.25,2.7,0,-0.25,-0.454545454545455,-0.1,-0.111111111111111,-0.232478632478633
"701",5,4,0.25,0.25,0.675,2.95,2.05,-1,0,0,-0.0750000000000001,-0.111111111111111,0.0640760644894585
"701",5,5,0.25,0.2,0.525,2.35,2,0,-0.05,-0.2,-0.075,-0.142857142857143,-0.0319148936170213
"701",5,4,0.25,0.25,0.825,3.55,2.95,-1,0,0,0.0750000000000001,0.090909090909091,-0.0131296252088804
"701",5,5,0.4,0.25,0.9,4,2.85,0,-0.15,-0.375,-0.25,-0.277777777777778,-0.0614035087719297
"701",5,5,0.4,0.25,0.675,3.1,2.65,0,-0.15,-0.375,-0.0750000000000001,-0.111111111111111,-0.173463177115033
"701",5,5,0.55,0.35,0.9,4.15,2.75,0,-0.2,-0.363636363636364,-0.3,-0.333333333333333,-0.0262869660460021
"701",3,2,0.4,0.35,0.9,2.2,1.25,-1,-0.05,-0.125,0,0,0.0145454545454544
"701",4,3,0.25,0.2,0.9,2.95,1.7,-1,-0.0499999999999999,-0.2,-0.15,-0.166666666666667,0.0139581256231307
"701",3,2,0.25,0.25,2.2,4.65,2.05,-1,0,0,-0.4,-0.181818181818182,0.0826121164437451
"701",5,3,0.55,0.4,0.825,3.85,2,-2,-0.15,-0.272727272727273,-0.025,-0.0303030303030303,-0.114285714285714
"701",4,3,0.25,0.2,0.783333333333333,2.6,2.3,-1,-0.05,-0.2,0.266666666666667,0.340425531914894,-0.123745819397993
"701",3,2,0.25,0.25,1.8,3.85,1.75,-1,0,0,-0.3,-0.166666666666667,0.0909090909090909
"701",3,2,0.4,0.35,1.8,4,2.25,-1,-0.05,-0.125,0.1,0.0555555555555556,0.0111111111111111
"701",5,4,0.4,0.35,0.7,3.2,2.45,-1,-0.05,-0.125,0,0,-0.0535714285714285
"701",3,2,0.25,0.25,0.9,2.05,1.55,-1,0,0,0.4,0.444444444444444,-0.0432730133752951
"701",5,4,0.55,0.45,1.1,4.95,4.05,-1,-0.1,-0.181818181818182,0.0999999999999999,0.0909090909090908,-0.111111111111111
"701",4,3,0.55,0.45,1.1,3.85,2.65,-1,-0.1,-0.181818181818182,0,0,-0.0619946091644206
"701",4,3,0.25,0.25,0.733333333333333,2.45,1.55,-1,0,0,-0.0833333333333334,-0.113636363636364,0.075707702435813
"701",3,3,0.25,0.25,0.7,1.65,1.75,0,0,0,0.05,0.0714285714285715,-0.025974025974026
"701",3,3,0.4,0.25,0.7,1.8,1.65,0,-0.15,-0.375,0,0,-0.212121212121212
"701",5,4,0.25,0.3,0.9,3.85,2.4,-1,0.05,0.2,-0.2,-0.222222222222222,0.175324675324676
"701",3,2,0.55,0.6,1.1,2.75,2.2,-1,0.0499999999999999,0.0909090909090908,0.5,0.454545454545455,-0.0545454545454547
"701",4,3,0.25,0.25,0.7,2.35,1.45,-1,0,0,-0.1,-0.142857142857143,0.0917094644167278
"701",5,4,0.25,0.2,0.7,3.05,3.5,-1,-0.0499999999999999,-0.2,0.4,0.571428571428572,-0.181264637002342
"701",5,5,0.25,0.15,1.1,4.65,4.15,0,-0.1,-0.4,-0.1,-0.090909090909091,-0.0880943127348102
"701",3,3,0.55,0.45,2.2,4.95,3.45,0,-0.1,-0.181818181818182,-0.7,-0.318181818181818,0.0579710144927535
"701",4,4,0.4,0.3,0.6,2.2,1.8,0,-0.1,-0.25,-0.1,-0.166666666666667,-0.0606060606060607
"701",3,3,0.25,0.2,1.475,3.2,1.8,0,-0.0499999999999999,-0.2,-0.675,-0.457627118644068,0.0989583333333334
"701",4,4,0.25,0.2,0.466666666666667,1.65,1.4,0,-0.05,-0.2,-0.0666666666666667,-0.142857142857143,-0.0346320346320347
"701",3,4,0.55,0.35,0.7,1.95,1.85,1,-0.2,-0.363636363636364,-0.2,-0.285714285714286,-0.0893970893970895
"701",4,4,0.55,0.3,0.7,2.65,1.8,0,-0.25,-0.454545454545455,-0.2,-0.285714285714286,-0.163522012578617
"701",4,4,0.55,0.4,0.733333333333333,2.75,2.5,0,-0.15,-0.272727272727273,-0.0333333333333333,-0.0454545454545454,-0.16
"701",5,4,0.55,0.45,0.7,3.35,2.85,-1,-0.1,-0.181818181818182,0.1,0.142857142857143,-0.189316575019639
"701",5,4,0.55,0.6,0.675,3.25,2.7,-1,0.0499999999999999,0.0909090909090908,0.0249999999999999,0.0370370370370369,0.0427350427350428
"701",3,2,0.55,0.45,0.9,2.35,1.05,-1,-0.1,-0.181818181818182,-0.3,-0.333333333333333,0.155015197568389
"701",3,2,0.55,0.5,1.4,3.35,2.1,-1,-0.0500000000000001,-0.0909090909090911,0.2,0.142857142857143,-0.0163468372423597
"701",3,3,0.4,0.4,2.2,4.8,2.6,0,0,0,-1.1,-0.5,0.211538461538462
"701",4,2,0.4,0.4,0.466666666666667,1.8,0.9,-2,0,0,0.0333333333333333,0.0714285714285714,0
"701",3,2,0.25,0.2,1.4,3.05,2.1,-1,-0.05,-0.2,0.5,0.357142857142857,-0.0554254488680719
"701",3,2,0.55,0.5,1.8,4.15,2.1,-1,-0.0500000000000001,-0.0909090909090911,-0.2,-0.111111111111111,0.078600114744693
"701",3,2,0.25,0.25,1.1,2.45,1.75,-1,5.55111512312578e-17,2.22044604925031e-16,0.4,0.363636363636364,-0.020408163265306
"701",5,4,0.4,0.3,0.525,2.5,1.8,-1,-0.1,-0.25,-0.025,-0.0476190476190477,-0.133333333333333
"701",5,4,0.25,0.15,0.8625,3.7,2.25,-1,-0.1,-0.4,-0.1625,-0.188405797101449,-0.0711711711711711
"701",4,3,0.25,0.3,1.1,3.55,2.5,-1,0.05,0.2,0,0,0.0783098591549297
"701",4,3,0.55,0.4,0.6,2.35,1.7,-1,-0.15,-0.272727272727273,0.05,0.0833333333333334,-0.230287859824781
"702",4,4,0.4,0.3,0.9,3.1,2.4,0,-0.1,-0.25,-0.2,-0.222222222222222,-0.0161290322580644
"702",3,3,0.55,0.45,1.8,4.15,2.65,0,-0.1,-0.181818181818182,-0.7,-0.388888888888889,0.111843600818368
"702",5,4,0.4,0.5,0.7,3.2,3.2,-1,0.0999999999999999,0.25,0.2,0.285714285714286,-1.11022302462516e-16
"702",4,4,0.55,0.65,0.6,2.35,3.05,0,0.1,0.181818181818182,0.2,0.333333333333333,-0.0837111963725149
"702",4,4,0.25,0.25,0.6,2.05,3.25,0,0,0,0.4,0.666666666666667,-0.180112570356473
"702",5,5,0.25,0.3,0.525,2.35,2.7,0,0.05,0.2,0.075,0.142857142857143,0.0236406619385343
"702",5,4,0.4,0.45,0.525,2.5,2.25,-1,0.0499999999999999,0.125,0.075,0.142857142857143,-1.11022302462516e-16
"702",3,3,0.25,0.25,2.2,4.65,2.65,0,5.55111512312578e-17,2.22044604925031e-16,-1,-0.454545454545455,0.121728545343883
"702",3,3,0.55,0.45,1.4,3.35,2.05,0,-0.1,-0.181818181818182,-0.6,-0.428571428571428,0.165999271933018
"702",5,5,0.25,0.25,1.1,4.65,3.05,0,0,0,-0.4,-0.363636363636364,0.141018861272695
"702",4,4,0.4,0.45,0.466666666666667,1.8,2.25,0,0.05,0.125,0.133333333333333,0.285714285714286,-0.0888888888888889
"702",4,3,0.25,0.2,0.733333333333333,2.45,1.9,-1,-0.0499999999999999,-0.2,0.116666666666667,0.159090909090909,-0.0923737916219118
"702",5,4,0.55,0.55,0.7,3.35,2.65,-1,-1.11022302462516e-16,-2.01858731750028e-16,0,0,0.00929315685722332
"702",5,4,0.55,0.6,0.825,3.85,2.7,-1,0.0499999999999999,0.0909090909090908,-0.125,-0.151515151515152,0.174603174603175
"702",4,4,0.25,0.35,0.466666666666667,1.65,2.15,0,0.1,0.4,0.133333333333333,0.285714285714286,0.0451021846370683
"702",3,3,0.4,0.35,2.2,4.8,3.35,0,-0.05,-0.125,-0.7,-0.318181818181818,0.0634328358208955
"702",4,4,0.25,0.25,0.783333333333333,2.6,3.25,0,0,0,0.216666666666667,0.276595744680851,-0.0769230769230769
"702",3,3,0.55,0.35,2.2,4.95,2.75,0,-0.2,-0.363636363636364,-1,-0.454545454545455,0.0484848484848484
"702",3,3,0.4,0.4,0.9,2.2,2.7,0,-5.55111512312578e-17,-1.38777878078145e-16,0.25,0.277777777777778,-0.101010101010101
"702",5,4,0.25,0.3,0.8625,3.7,4.2,-1,0.05,0.2,0.4375,0.507246376811594,-0.0521235521235521
"702",3,3,0.55,0.45,1.1,2.75,2.45,0,-0.1,-0.181818181818182,-0.1,-0.090909090909091,-0.0489795918367348
"702",5,4,0.55,0.65,0.9,4.15,3.95,-1,0.1,0.181818181818182,0.2,0.222222222222222,-0.00442275430837269
"702",4,4,0.25,0.2,0.7,2.35,2.6,0,-0.05,-0.2,0.1,0.142857142857143,-0.117839607201309
"702",5,4,0.25,0.35,0.825,3.55,3.65,-1,0.1,0.4,0.275,0.333333333333334,0.0314489677792783
"702",3,3,0.25,0.25,0.9,2.05,1.85,0,0,0,-0.1,-0.111111111111111,0.03955174686882
"702",4,4,0.4,0.5,0.7,2.5,3.5,0,0.0999999999999999,0.25,0.3,0.428571428571429,-0.0685714285714286
"702",3,3,0.25,0.3,1.1,2.45,2.6,0,0.05,0.2,0.0499999999999998,0.0454545454545453,0.0400313971742545
"702",4,3,0.55,0.4,1.1,3.85,2,-1,-0.15,-0.272727272727273,-0.3,-0.272727272727273,0.0285714285714286
"702",3,3,0.25,0.4,0.7,1.65,2.4,0,0.15,0.6,0.3,0.428571428571429,0.0454545454545455
"702",4,4,0.4,0.6,0.6,2.2,3.3,0,0.2,0.5,0.3,0.5,-1.11022302462516e-16
"702",3,3,0.25,0.2,1.4,3.05,2.7,0,-0.05,-0.2,-0.15,-0.107142857142857,-0.0236794171220401
"702",4,4,0.25,0.3,0.9,2.95,4.2,0,0.05,0.2,0.4,0.444444444444444,-0.0532687651331719
"702",3,3,0.55,0.65,0.9,2.35,2.25,0,0.1,0.181818181818182,-0.1,-0.111111111111111,0.164539007092199
"702",4,4,0.25,0.3,1.1,3.55,3.3,0,0.05,0.2,-0.1,-0.090909090909091,0.0819462227912933
"702",4,4,0.55,0.55,0.9,3.25,2.95,0,0,0,-0.1,-0.111111111111111,0.0688396349413298
"702",5,4,0.25,0.3,0.7,3.05,3,-1,0.05,0.2,0.2,0.285714285714286,-0.00983606557377054
"702",5,4,0.4,0.4,1.1,4.8,3.7,-1,-5.55111512312578e-17,-1.38777878078145e-16,0,0,0.0157657657657658
"702",3,3,0.55,0.65,0.7,1.95,2.35,0,0.1,0.181818181818182,0.15,0.214285714285714,-0.016366612111293
"702",3,3,0.4,0.45,1.8,4,3.25,0,0.05,0.125,-0.4,-0.222222222222222,0.115384615384615
"702",4,3,0.55,0.55,0.733333333333333,2.75,1.85,-1,-1.11022302462516e-16,-2.01858731750028e-16,-0.0833333333333333,-0.113636363636364,0.0918918918918917
"702",5,4,0.55,0.6,0.675,3.25,3,-1,0.05,0.090909090909091,0.125,0.185185185185185,-0.0461538461538461
"702",5,4,0.25,0.25,0.675,2.95,2.35,-1,0,0,0.0249999999999999,0.0370370370370369,0.00180310133429507
"702",4,3,0.55,0.65,0.7,2.65,2.45,-1,0.1,0.181818181818182,0.2,0.285714285714286,-0.0342703118983444
"702",3,3,0.25,0.3,1.8,3.85,2.8,0,0.05,0.2,-0.55,-0.305555555555556,0.126623376623377
"702",5,4,0.25,0.3,0.9,3.85,3.9,-1,0.05,0.2,0.3,0.333333333333333,-0.016983016983017
"702",3,3,0.4,0.45,0.7,1.8,2.65,0,0.0499999999999999,0.125,0.4,0.571428571428572,-0.157232704402516
"702",5,4,0.55,0.45,1.1,4.95,3.75,-1,-0.1,-0.181818181818182,0,0,-0.0755555555555556
"702",3,3,0.4,0.35,1.1,2.6,1.95,0,-0.05,-0.125,-0.3,-0.272727272727273,0.0769230769230768
"702",5,5,0.4,0.5,0.9,4,4.5,0,0.1,0.25,0.1,0.111111111111111,0.0555555555555556
"702",3,2,0.25,0.3,1.475,3.2,0.9,-1,0.05,0.2,-0.875,-0.593220338983051,0.432291666666667
"702",4,4,0.4,0.4,1.1,3.7,3.4,0,0,0,-0.1,-0.090909090909091,0.0381558028616852
"702",5,4,0.4,0.4,0.675,3.1,2.2,-1,0,0,-0.0750000000000001,-0.111111111111111,0.0821114369501468
"702",4,4,0.55,0.55,0.733333333333333,2.75,2.95,0,-1.11022302462516e-16,-2.01858731750028e-16,0.0666666666666668,0.0909090909090911,-0.0542372881355934
"702",3,3,0.25,0.25,2.2,4.65,3.45,0,0,0,-0.6,-0.272727272727273,0.0561009817671809
"702",3,3,0.4,0.45,0.9,2.2,1.85,0,0.05,0.125,-0.2,-0.222222222222222,0.184275184275184
"702",5,4,0.4,0.2,1.1,4.8,2.9,-1,-0.2,-0.5,-0.2,-0.181818181818182,-0.140804597701149
"702",5,4,0.25,0.25,0.8625,3.7,4.75,-1,5.55111512312578e-17,2.22044604925031e-16,0.6375,0.739130434782609,-0.127311522048364
"702",4,4,0.55,0.55,0.7,2.65,2.65,0,0,0,0,0,1.11022302462516e-16
"702",5,4,0.4,0.65,0.525,2.5,3.05,-1,0.25,0.625,0.275,0.523809523809524,0.0524590163934425
"702",4,4,0.4,0.45,0.466666666666667,1.8,2.25,0,0.05,0.125,0.133333333333333,0.285714285714286,-0.0888888888888889
"702",4,4,0.25,0.2,0.9,2.95,3.5,0,-0.05,-0.2,0.2,0.222222222222222,-0.110411622276029
"702",3,3,0.25,0.25,1.4,3.05,2.55,0,5.55111512312578e-17,2.22044604925031e-16,-0.25,-0.178571428571429,0.0482160077145613
"702",5,4,0.25,0.15,1.1,4.65,3.15,-1,-0.1,-0.4,-0.1,-0.090909090909091,-0.0783410138248847
"702",3,3,0.4,0.25,1.8,4,3.35,0,-0.15,-0.375,-0.25,-0.138888888888889,-0.0761194029850747
"702",4,4,0.25,0.2,0.7,2.35,4.1,0,-0.05,-0.2,0.6,0.857142857142857,-0.230409963674105
"702",3,3,0.55,0.4,1.8,4.15,3.1,0,-0.15,-0.272727272727273,-0.45,-0.25,-0.0104935872522348
"702",4,4,0.25,0.15,0.783333333333333,2.6,3.45,0,-0.1,-0.4,0.316666666666667,0.404255319148936,-0.210702341137124
"702",4,4,0.55,0.55,0.9,3.25,2.95,0,0,0,-0.1,-0.111111111111111,0.0688396349413298
"702",3,3,0.25,0.2,1.475,3.2,3.5,0,-0.0499999999999999,-0.2,0.175,0.11864406779661,-0.0629464285714285
"702",5,4,0.55,0.5,0.675,3.25,2.6,-1,-0.05,-0.090909090909091,0.0249999999999999,0.0370370370370369,-0.0769230769230768
"702",5,4,0.55,0.5,0.825,3.85,2.6,-1,-0.0500000000000001,-0.0909090909090911,-0.125,-0.151515151515152,0.054945054945055
"702",5,4,0.25,0.25,0.7,3.05,2.35,-1,5.55111512312578e-17,2.22044604925031e-16,0,0,0.0156958493198467
"702",4,4,0.25,0.4,0.466666666666667,1.65,2.5,0,0.15,0.6,0.233333333333333,0.5,0.033939393939394
"702",3,3,0.4,0.45,2.2,4.8,3.95,0,0.05,0.125,-0.45,-0.204545454545454,0.0917721518987341
"702",3,3,0.55,0.6,0.7,1.95,2.4,0,0.0499999999999999,0.0909090909090908,0.2,0.285714285714286,-0.0961538461538463
"702",4,3,0.4,0.5,0.7,2.5,2,-1,0.1,0.25,0.05,0.0714285714285715,0.11
"702",4,4,0.4,0.4,0.9,3.1,2.5,0,-5.55111512312578e-17,-1.38777878078145e-16,-0.2,-0.222222222222222,0.123870967741936
"702",5,4,0.4,0.35,0.675,3.1,2.75,-1,-0.05,-0.125,0.125,0.185185185185185,-0.136070381231672
"702",4,4,0.25,0.2,0.733333333333333,2.45,2.6,0,-0.05,-0.2,0.0666666666666667,0.0909090909090909,-0.100470957613815
"702",3,3,0.25,0.25,1.8,3.85,2.45,0,5.55111512312578e-17,2.22044604925031e-16,-0.7,-0.388888888888889,0.111317254174397
"702",5,4,0.4,0.3,0.9,4,3.6,-1,-0.1,-0.25,0.2,0.222222222222222,-0.166666666666667
"702",3,3,0.55,0.45,1.1,2.75,2.35,0,-0.1,-0.181818181818182,-0.15,-0.136363636363636,-0.0255319148936171
"702",3,3,0.25,0.2,0.7,1.65,1.7,0,-0.05,-0.2,0.05,0.0714285714285715,-0.101604278074866
"702",4,3,0.55,0.5,0.6,2.35,1.6,-1,-0.0500000000000001,-0.0909090909090911,-0.0499999999999999,-0.0833333333333332,0.00132978723404231
"702",3,3,0.4,0.25,1.1,2.6,2.35,0,-0.15,-0.375,-0.05,-0.0454545454545455,-0.142389525368249
"702",5,4,0.25,0.25,0.675,2.95,2.35,-1,0,0,0.0249999999999999,0.0370370370370369,0.00180310133429507
"702",5,4,0.25,0.3,0.9,3.85,4.8,-1,0.05,0.2,0.6,0.666666666666667,-0.0746753246753247
"702",3,3,0.25,0.2,1.1,2.45,2.2,0,-0.05,-0.2,-0.1,-0.090909090909091,-0.033395176252319
"702",3,3,0.55,0.4,0.9,2.35,2,0,-0.15,-0.272727272727273,-0.1,-0.111111111111111,-0.102127659574468
"702",4,4,0.25,0.35,0.6,2.05,3.65,0,0.1,0.4,0.5,0.833333333333334,-0.104243234213164
"702",3,3,0.55,0.55,1.4,3.35,2.65,0,0,0,-0.35,-0.25,0.130104196001126
"702",4,3,0.4,0.4,0.6,2.2,1.6,-1,-5.55111512312578e-17,-1.38777878078145e-16,-1.11022302462516e-16,-1.85037170770859e-16,0.0227272727272727
"702",3,3,0.25,0.3,0.9,2.05,2.9,0,0.05,0.2,0.4,0.444444444444444,-0.0555088309503785
"702",5,4,0.55,0.45,1.1,4.95,4.05,-1,-0.1,-0.181818181818182,0.0999999999999999,0.0909090909090908,-0.111111111111111
"702",5,4,0.55,0.65,0.9,4.15,4.25,-1,0.1,0.181818181818182,0.3,0.333333333333333,-0.0508858965272855
"702",3,3,0.4,0.55,0.7,1.8,2.75,0,0.15,0.375,0.4,0.571428571428572,-0.0666666666666667
"702",5,4,0.25,0.2,0.825,3.55,3.2,-1,-0.05,-0.2,0.175,0.212121212121212,-0.102112676056338
"702",3,3,0.55,0.45,2.2,4.95,2.45,0,-0.1,-0.181818181818182,-1.2,-0.545454545454546,0.217687074829932
"702",4,4,0.55,0.45,1.1,3.85,3.75,0,-0.1,-0.181818181818182,0,0,-0.0914285714285715
"702",4,4,0.25,0.2,1.1,3.55,4.1,0,-0.05,-0.2,0.2,0.181818181818182,-0.0865681896255582
"702",5,4,0.4,0.35,0.7,3.2,2.15,-1,-0.05,-0.125,-0.1,-0.142857142857143,0.0261627906976745
"702",4,4,0.4,0.4,1.1,3.7,3.1,0,-5.55111512312578e-17,-1.38777878078145e-16,-0.2,-0.181818181818182,0.083696599825632
"702",5,4,0.55,0.8,0.7,3.35,3.8,-1,0.25,0.454545454545455,0.3,0.428571428571429,0.0212097407698351
"702",5,5,0.25,0.25,0.525,2.35,3.05,0,0,0,0.175,0.333333333333333,-0.122078828043251
"702",3,2,0.4,0.55,0.9,2.2,2.15,-1,0.15,0.375,0.7,0.777777777777778,-0.0338266384778014
"702",5,4,0.4,0.45,0.7,3.2,3.45,-1,0.05,0.125,0.3,0.428571428571429,-0.103260869565217
"702",3,3,0.55,0.45,1.8,4.15,3.45,0,-0.1,-0.181818181818182,-0.3,-0.166666666666667,-0.00628601361969616
"702",4,4,0.25,0.25,0.783333333333333,2.6,2.95,0,0,0,0.116666666666667,0.148936170212766,-0.045632333767927
"702",3,3,0.25,0.2,2.2,4.65,3.6,0,-0.05,-0.2,-0.5,-0.227272727272727,0.00537634408602153
"702",5,4,0.25,0.2,0.8625,3.7,4.7,-1,-0.05,-0.2,0.6375,0.739130434782609,-0.167625071880391
"702",3,3,0.4,0.25,1.8,4,3.05,0,-0.15,-0.375,-0.4,-0.222222222222222,-0.0540983606557377
"702",5,4,0.25,0.25,0.7,3.05,2.65,-1,0,0,0.1,0.142857142857143,-0.0324775750077328
"702",4,5,0.4,0.45,0.9,3.1,5.45,1,0.05,0.125,0.35,0.388888888888889,-0.103284995560817
"702",4,3,0.4,0.45,0.7,2.5,2.25,-1,0.05,0.125,0.2,0.285714285714286,-0.0399999999999999
"702",4,4,0.25,0.25,1.1,3.55,3.25,0,0,0,-0.1,-0.090909090909091,0.0260021668472373
"702",5,5,0.55,0.5,0.825,3.85,3.7,0,-0.0500000000000001,-0.0909090909090911,-0.025,-0.0303030303030303,-0.0386100386100388
"702",4,3,0.55,0.7,0.6,2.35,2.6,-1,0.15,0.272727272727273,0.35,0.583333333333333,-0.12847790507365
"702",5,4,0.55,0.8,0.675,3.25,3.8,-1,0.25,0.454545454545455,0.325,0.481481481481481,-0.00404858299595123
"702",5,4,0.25,0.4,0.525,2.35,2.2,-1,0.15,0.6,0.075,0.142857142857143,0.195357833655706
"702",5,4,0.55,0.55,0.9,4.15,2.95,-1,0,0,-0.1,-0.111111111111111,0.0831121094547683
"702",5,4,0.4,0.45,1.1,4.8,2.85,-1,0.05,0.125,-0.3,-0.272727272727273,0.214912280701754
"702",5,4,0.55,0.6,1.1,4.95,3.3,-1,0.05,0.090909090909091,-0.2,-0.181818181818182,0.171717171717172
"702",4,3,0.4,0.7,0.466666666666667,1.8,2.3,-1,0.3,0.75,0.333333333333333,0.714285714285714,0.0241545893719806
"702",3,3,0.25,0.2,1.1,2.45,2.5,0,-0.05,-0.2,0.0499999999999998,0.0454545454545453,-0.0661224489795917
"702",5,4,0.55,0.75,0.7,3.35,3.45,-1,0.2,0.363636363636364,0.2,0.285714285714286,0.0486696950032447
"702",3,3,0.25,0.2,1.4,3.05,2.3,0,-0.0499999999999999,-0.2,-0.35,-0.25,0.014967925873129
"702",4,4,0.25,0.3,0.466666666666667,1.65,2.1,0,0.05,0.2,0.133333333333333,0.285714285714286,-0.0346320346320346
"702",4,4,0.25,0.35,0.6,2.05,3.05,0,0.1,0.4,0.3,0.5,-0.0287884846061576
"702",4,4,0.25,0.2,0.7,2.35,2.3,0,-0.05,-0.2,0,0,-0.0777058279370953
"702",3,3,0.55,0.45,1.1,2.75,2.55,0,-0.1,-0.181818181818182,-0.05,-0.0454545454545455,-0.0705882352941177
"702",4,4,0.25,0.2,0.9,2.95,2.6,0,-0.05,-0.2,-0.1,-0.111111111111111,-0.03129074315515
"702",4,3,0.4,0.55,0.6,2.2,2.25,-1,0.15,0.375,0.25,0.416666666666666,0.00606060606060599
"702",4,4,0.55,0.45,0.9,3.25,2.55,0,-0.1,-0.181818181818182,-0.2,-0.222222222222222,0.0289592760180994
"702",4,4,0.55,0.45,0.7,2.65,2.25,0,-0.1,-0.181818181818182,-0.1,-0.142857142857143,-0.0301886792452832
"702",4,4,0.4,0.3,1.1,3.7,2.1,0,-0.1,-0.25,-0.5,-0.454545454545455,0.138996138996139
"702",5,4,0.25,0.2,0.675,2.95,2.9,-1,-0.05,-0.2,0.225,0.333333333333333,-0.147866744593805
"702",3,3,0.4,0.4,2.2,4.8,3.7,0,0,0,-0.55,-0.25,0.0743243243243243
"702",4,4,0.55,0.4,1.1,3.85,4.3,0,-0.15,-0.272727272727273,0.2,0.181818181818182,-0.199335548172758
"702",3,3,0.55,0.5,0.7,1.95,2,0,-0.05,-0.090909090909091,0.05,0.0714285714285715,-0.0961538461538463
"702",3,3,0.25,0.2,1.475,3.2,2,0,-0.05,-0.2,-0.575,-0.389830508474576,0.065625
"702",5,4,0.4,0.55,0.525,2.5,2.95,-1,0.15,0.375,0.275,0.523809523809524,-0.0542372881355933
"702",5,4,0.4,0.35,0.9,4,2.45,-1,-0.05,-0.125,-0.2,-0.222222222222222,0.0714285714285715
"702",5,4,0.25,0.25,1.1,4.65,4.75,-1,0,0,0.4,0.363636363636364,-0.0582908885116016
"702",5,4,0.25,0.25,0.825,3.55,3.85,-1,0,0,0.375,0.454545454545455,-0.0923724163160783
"702",5,4,0.25,0.25,0.9,3.85,5.05,-1,0,0,0.7,0.777777777777778,-0.126655522695127
"702",3,3,0.55,0.55,2.2,4.95,2.95,0,-1.11022302462516e-16,-2.01858731750028e-16,-1,-0.454545454545455,0.225988700564972
"702",3,3,0.55,0.55,1.4,3.35,3.05,0,0,0,-0.15,-0.107142857142857,0.0484462931245412
"702",3,3,0.4,0.55,1.1,2.6,3.15,0,0.15,0.375,0.2,0.181818181818182,0.0622710622710623
"702",4,3,0.55,0.65,0.733333333333333,2.75,2.55,-1,0.1,0.181818181818182,0.216666666666667,0.295454545454545,-0.0352941176470587
"702",3,3,0.55,0.45,0.9,2.35,2.15,0,-0.1,-0.181818181818182,-0.05,-0.0555555555555556,-0.0742206828302819
"702",3,2,0.25,0.5,0.7,1.65,1.4,-1,0.25,1,0.2,0.285714285714286,0.25974025974026
"702",3,2,0.25,0.15,0.9,2.05,1.25,-1,-0.0999999999999999,-0.4,0.2,0.222222222222222,-0.125853658536585
"702",4,3,0.25,0.3,0.733333333333333,2.45,2.6,-1,0.05,0.2,0.416666666666667,0.568181818181818,-0.0620094191522761
"702",5,4,0.4,0.55,0.675,3.1,2.95,-1,0.15,0.375,0.125,0.185185185185185,0.100601421541826
"702",3,2,0.25,0.2,1.8,3.85,2.4,-1,-0.05,-0.2,0.4,0.222222222222222,-0.0281385281385282
"702",3,3,0.4,0.3,0.7,1.8,1.9,0,-0.1,-0.25,0.1,0.142857142857143,-0.192982456140351
"702",5,4,0.25,0.2,0.9,3.85,3.8,-1,-0.0499999999999999,-0.2,0.3,0.333333333333333,-0.114149008885851
"702",4,4,0.25,0.3,0.733333333333333,2.45,3.3,0,0.05,0.2,0.266666666666667,0.363636363636364,-0.0445269016697588
"702",3,3,0.55,0.35,1.8,4.15,3.15,0,-0.2,-0.363636363636364,-0.4,-0.222222222222222,-0.0642570281124499
"702",5,4,0.25,0.3,0.825,3.55,4.2,-1,0.05,0.2,0.475,0.575757575757576,-0.0663983903420524
"702",3,3,0.55,0.5,0.7,1.95,1.9,0,-0.05,-0.090909090909091,0,0,-0.0566801619433199
"702",4,4,0.55,0.5,0.9,3.25,3.2,0,-0.0500000000000001,-0.0909090909090911,0,0,-0.0519230769230771
"702",4,4,0.25,0.25,0.7,2.35,4.15,0,5.55111512312578e-17,2.22044604925031e-16,0.6,0.857142857142857,-0.18456805947193
"702",4,4,0.4,0.45,0.466666666666667,1.8,1.95,0,0.05,0.125,0.0333333333333333,0.0714285714285714,0.0341880341880342
"702",3,3,0.55,0.4,2.2,4.95,3.5,0,-0.15,-0.272727272727273,-0.65,-0.295454545454545,0.00952380952380949
"702",5,4,0.4,0.4,1.1,4.8,4.3,-1,0,0,0.2,0.181818181818182,-0.0445736434108527
"702",5,4,0.55,0.55,0.675,3.25,2.35,-1,-1.11022302462516e-16,-2.01858731750028e-16,-0.0750000000000001,-0.111111111111111,0.0900163666121113
"702",3,3,0.25,0.2,1.475,3.2,3.1,0,-0.05,-0.2,-0.0250000000000001,-0.016949152542373,-0.0408266129032258
"702",5,4,0.55,0.65,0.825,3.85,3.05,-1,0.1,0.181818181818182,-0.025,-0.0303030303030303,0.138173302107728
"702",3,3,0.25,0.25,0.9,2.05,3.75,0,0,0,0.85,0.944444444444444,-0.165853658536585
"702",3,3,0.4,0.3,1.8,4,3.9,0,-0.1,-0.25,2.22044604925031e-16,1.2335811384724e-16,-0.0692307692307693
"702",3,3,0.25,0.2,1.4,3.05,3.5,0,-0.05,-0.2,0.25,0.178571428571429,-0.0744730679156909
"702",3,3,0.55,0.35,1.1,2.75,1.85,0,-0.2,-0.363636363636364,-0.35,-0.318181818181818,-0.0324324324324327
"702",3,3,0.55,0.45,1.4,3.35,2.85,0,-0.1,-0.181818181818182,-0.2,-0.142857142857143,-0.01885310290652
"702",4,3,0.55,0.65,0.7,2.65,2.35,-1,0.1,0.181818181818182,0.15,0.214285714285714,-0.000401445202729889
"702",4,3,0.4,0.65,0.6,2.2,2.45,-1,0.25,0.625,0.3,0.5,0.0686456400742115
"702",4,4,0.25,0.2,1.1,3.55,4.1,0,-0.05,-0.2,0.2,0.181818181818182,-0.0865681896255582
"702",5,4,0.25,0.45,0.525,2.35,3.15,-1,0.2,0.8,0.375,0.714285714285714,0.0395136778115501
"702",5,4,0.4,0.7,0.675,3.1,3.7,-1,0.3,0.75,0.325,0.481481481481481,0.111595466434176
"702",3,3,0.25,0.25,1.8,3.85,3.15,0,0,0,-0.35,-0.194444444444444,0.0432900432900433
"702",3,3,0.4,0.45,0.9,2.2,2.65,0,0.0499999999999999,0.125,0.2,0.222222222222222,-0.0360205831903947
"702",5,4,0.55,0.5,1.1,4.95,4.1,-1,-0.05,-0.090909090909091,0.0999999999999999,0.0909090909090908,-0.067750677506775
"702",3,3,0.25,0.3,0.7,1.65,1.9,0,0.05,0.2,0.1,0.142857142857143,0.0191387559808612
"702",5,5,0.25,0.3,0.7,3.05,5.1,0,0.05,0.2,0.5,0.714285714285714,-0.115718418514947
"702",4,4,0.55,0.45,0.733333333333333,2.75,2.25,0,-0.1,-0.181818181818182,-0.133333333333333,-0.181818181818182,0
"702",4,4,0.4,0.4,1.1,3.7,2.5,0,0,0,-0.4,-0.363636363636364,0.207567567567568
"702",4,4,0.25,0.35,0.783333333333333,2.6,3.65,0,0.1,0.4,0.316666666666667,0.404255319148936,-0.00105374077976816
"702",5,4,0.4,0.5,0.7,3.2,3.5,-1,0.0999999999999999,0.25,0.3,0.428571428571429,-0.0535714285714286
"702",3,3,0.4,0.5,0.7,1.8,2.5,0,0.1,0.25,0.3,0.428571428571429,-0.0666666666666668
"702",5,4,0.4,0.25,0.9,4,2.95,-1,-0.15,-0.375,0,0,-0.161016949152542
"702",5,4,0.55,0.55,0.7,3.35,3.25,-1,0,0,0.2,0.285714285714286,-0.143972445464983
"702",3,3,0.4,0.2,1.1,2.6,1.8,0,-0.2,-0.5,-0.3,-0.272727272727273,-0.128205128205128
"702",3,3,0.25,0.2,2.2,4.65,3.1,0,-0.05,-0.2,-0.75,-0.340909090909091,0.0322580645161291
"702",5,4,0.25,0.25,0.8625,3.7,4.15,-1,0,0,0.4375,0.507246376811594,-0.0968739824161511
"702",4,3,0.25,0.25,0.9,2.95,2.95,-1,0,0,0.45,0.5,-0.0847457627118644
"702",3,3,0.25,0.15,1.1,2.45,1.85,0,-0.1,-0.4,-0.25,-0.227272727272727,-0.0628792057363485
"702",4,4,0.4,0.25,0.9,3.1,2.65,0,-0.15,-0.375,-0.1,-0.111111111111111,-0.138770541692027
"702",5,4,0.4,0.25,0.525,2.5,1.45,-1,-0.15,-0.375,-0.125,-0.238095238095238,-0.110344827586207
"702",4,4,0.4,0.4,0.7,2.5,2.2,0,-5.55111512312578e-17,-1.38777878078145e-16,-0.1,-0.142857142857143,0.0872727272727273
"702",4,4,0.55,0.7,1.1,3.85,4.3,0,0.15,0.272727272727273,0.0999999999999999,0.0909090909090908,0.0797342192691031
"702",4,4,0.25,0.25,0.6,2.05,2.05,0,0,0,1.11022302462516e-16,1.85037170770859e-16,0
"702",4,4,0.25,0.25,0.466666666666667,1.65,1.75,0,0,0,0.0333333333333333,0.0714285714285714,-0.0346320346320347
"702",5,4,0.55,0.55,0.9,4.15,2.95,-1,-1.11022302462516e-16,-2.01858731750028e-16,-0.1,-0.111111111111111,0.0831121094547682
"702",3,2,0.55,0.75,0.9,2.35,2.15,-1,0.2,0.363636363636364,0.5,0.555555555555555,-0.00445324096981681
"702",5,4,0.25,0.15,1.1,4.65,4.05,-1,-0.1,-0.4,0.2,0.181818181818182,-0.120669056152927
"702",5,4,0.25,0.3,0.675,2.95,1.8,-1,0.05,0.2,-0.175,-0.259259259259259,0.242937853107345
"702",3,2,0.4,0.45,2.2,4.8,2.55,-1,0.0499999999999999,0.125,-0.0999999999999996,-0.0454545454545453,0.102941176470588
"702",3,2,0.4,0.5,2.2,4.8,2.1,-1,0.1,0.25,-0.6,-0.272727272727273,0.226190476190476
"702",3,2,0.55,0.6,0.9,2.35,1.8,-1,0.05,0.090909090909091,0.3,0.333333333333333,-0.0354609929078014
"702",4,4,0.55,0.55,0.9,3.25,3.55,0,-1.11022302462516e-16,-2.01858731750028e-16,0.1,0.111111111111111,-0.0572047670639221
"702",4,4,0.4,0.35,0.9,3.1,3.35,0,-0.05,-0.125,0.1,0.111111111111111,-0.0982185844968704
"702",3,2,0.55,0.45,0.7,1.95,1.05,-1,-0.1,-0.181818181818182,-0.1,-0.142857142857143,0.0109890109890109
"702",5,4,0.25,0.3,1.1,4.65,5.7,-1,0.05,0.2,0.7,0.636363636363636,-0.0582908885116016
"702",3,2,0.25,0.35,0.9,2.05,1.75,-1,0.1,0.4,0.5,0.555555555555555,0.0341463414634146
"702",4,3,0.25,0.35,0.466666666666667,1.65,2.25,-1,0.1,0.4,0.483333333333333,1.03571428571429,-0.139393939393939
"702",3,3,0.25,0.25,1.4,3.05,3.55,0,5.55111512312578e-17,2.22044604925031e-16,0.25,0.178571428571429,-0.0346340337104594
"702",4,3,0.4,0.7,0.6,2.2,2.5,-1,0.3,0.75,0.3,0.5,0.112727272727273
"702",4,3,0.55,0.6,0.7,2.65,2.1,-1,0.05,0.090909090909091,0.05,0.0714285714285715,0.026954177897574
"702",4,4,0.25,0.35,0.6,2.05,2.45,0,0.1,0.4,0.1,0.166666666666667,0.083623693379791
"702",3,2,0.4,0.35,1.1,2.6,1.15,-1,-0.05,-0.125,-0.3,-0.272727272727273,0.147157190635452
"702",5,4,0.25,0.4,0.675,2.95,3.4,-1,0.15,0.6,0.325,0.481481481481481,0.0468594217347957
"702",5,4,0.25,0.25,0.825,3.55,4.15,-1,5.55111512312578e-17,2.22044604925031e-16,0.475,0.575757575757576,-0.111148820634651
"702",3,2,0.4,0.4,1.8,4,2,-1,-5.55111512312578e-17,-1.38777878078145e-16,-0.2,-0.111111111111111,0.0999999999999999
"702",4,2,0.55,0.75,0.733333333333333,2.75,1.75,-2,0.2,0.363636363636364,0.266666666666667,0.363636363636364,0.0571428571428573
"702",5,4,0.4,0.55,0.7,3.2,2.95,-1,0.15,0.375,0.1,0.142857142857143,0.120762711864407
"702",5,4,0.25,0.25,0.8625,3.7,3.25,-1,0,0,0.1375,0.159420289855072,-0.0301455301455301
"702",5,5,0.55,0.5,0.9,4.15,4.1,0,-0.05,-0.090909090909091,0,0,-0.0528945048486628
"702",5,4,0.25,0.25,0.9,3.85,3.85,-1,5.55111512312578e-17,2.22044604925031e-16,0.3,0.333333333333333,-0.0649350649350648
"702",3,3,0.55,0.45,2.2,4.95,3.15,0,-0.1,-0.181818181818182,-0.85,-0.386363636363636,0.0952380952380951
"702",3,2,0.25,0.25,1.1,2.45,2.15,-1,5.55111512312578e-17,2.22044604925031e-16,0.8,0.727272727272727,-0.073564309444708
"702",3,3,0.55,0.5,1.8,4.15,2.8,0,-0.0500000000000001,-0.0909090909090911,-0.65,-0.361111111111111,0.138123924268503
"702",3,2,0.4,0.7,0.7,1.8,2,-1,0.3,0.75,0.6,0.857142857142857,0.0333333333333333
"702",4,4,0.25,0.25,0.7,2.35,2.35,0,5.55111512312578e-17,2.22044604925031e-16,0,0,1.11022302462516e-16
"702",5,4,0.4,0.3,1.1,4.8,3.3,-1,-0.1,-0.25,-0.1,-0.090909090909091,-0.053030303030303
"702",5,4,0.25,0.2,0.525,2.35,1.7,-1,-0.05,-0.2,-0.025,-0.0476190476190477,-0.0613266583229036
"702",5,5,0.55,0.25,0.825,3.85,2.65,0,-0.3,-0.545454545454546,-0.225,-0.272727272727273,-0.242587601078167
"702",4,4,0.25,0.2,0.783333333333333,2.6,3.5,0,-0.0499999999999999,-0.2,0.316666666666667,0.404255319148936,-0.156043956043956
"702",4,3,0.4,0.65,0.466666666666667,1.8,2.25,-1,0.25,0.625,0.333333333333333,0.714285714285714,-0.0222222222222221
"702",4,4,0.25,0.2,1.1,3.55,2,0,-0.05,-0.2,-0.5,-0.454545454545455,0.11830985915493
"702",5,4,0.25,0.2,0.7,3.05,3.5,-1,-0.05,-0.2,0.4,0.571428571428572,-0.181264637002342
"702",5,5,0.4,0.5,0.675,3.1,3.3,0,0.1,0.25,0.0249999999999999,0.0370370370370369,0.112414467253177
"702",3,3,0.25,0.3,2.2,4.65,4.1,0,0.05,0.2,-0.3,-0.136363636363636,0.0582218725413061
"702",4,4,0.4,0.45,1.1,3.7,4.05,0,0.05,0.125,0.0999999999999999,0.0909090909090908,0.012012012012012
"702",5,4,0.55,0.5,1.1,4.95,3.8,-1,-0.0500000000000001,-0.0909090909090911,0,0,-0.0292397660818715
"702",5,4,0.4,0.65,0.525,2.5,3.05,-1,0.25,0.625,0.275,0.523809523809524,0.0524590163934425
"702",3,3,0.25,0.3,0.7,1.65,2.1,0,0.05,0.2,0.2,0.285714285714286,-0.0259740259740261
"702",4,4,0.25,0.3,0.9,2.95,3.6,0,0.05,0.2,0.2,0.222222222222222,-0.0056497175141243
"702",4,3,0.25,0.3,0.733333333333333,2.45,2.4,-1,0.05,0.2,0.316666666666667,0.431818181818182,-0.0331632653061224
"702",5,4,0.55,0.45,0.7,3.35,2.25,-1,-0.1,-0.181818181818182,-0.1,-0.142857142857143,-0.0208955223880598
"702",4,3,0.55,0.6,0.6,2.35,1.9,-1,0.05,0.090909090909091,0.05,0.0833333333333334,0.0111982082866742
"702",4,3,0.4,0.55,0.7,2.5,1.95,-1,0.15,0.375,0,0,0.206153846153846
"702",3,3,0.55,0.5,1.4,3.35,2.8,0,-0.05,-0.090909090909091,-0.25,-0.178571428571429,0.0431769722814498
"702",3,2,0.25,0.35,1.475,3.2,2.05,-1,0.1,0.4,0.225,0.152542372881356,0.107088414634146
"702",3,2,0.4,0.6,0.9,2.2,1.9,-1,0.2,0.5,0.4,0.444444444444444,0.0861244019138755
"702",3,2,0.25,0.35,1.8,3.85,1.45,-1,0.1,0.4,-0.7,-0.388888888888889,0.28795342588446
"702",5,4,0.4,0.4,0.9,4,3.7,-1,0,0,0.2,0.222222222222222,-0.0675675675675675
"702",4,4,0.55,0.45,1.1,3.85,3.75,0,-0.1,-0.181818181818182,0,0,-0.0914285714285714
"702",3,3,0.55,0.55,1.1,2.75,3.15,0,0,0,0.2,0.181818181818182,-0.0761904761904763
"702",5,4,0.55,0.65,0.675,3.25,3.65,-1,0.1,0.181818181818182,0.325,0.481481481481481,-0.133825079030558
"702",3,2,0.25,0.35,2.2,4.65,1.85,-1,0.1,0.4,-0.7,-0.318181818181818,0.217088055797733
"702",4,4,0.25,0.4,0.466666666666667,1.65,1.9,0,0.15,0.6,0.0333333333333333,0.0714285714285714,0.236044657097289
"702",3,2,0.4,0.6,0.7,1.8,1.6,-1,0.2,0.5,0.3,0.428571428571429,0.0833333333333331
"702",4,4,0.4,0.5,0.6,2.2,2.3,0,0.1,0.25,-1.11022302462516e-16,-1.85037170770859e-16,0.142292490118577
"702",4,3,0.25,0.2,0.6,2.05,1,-1,-0.05,-0.2,-0.2,-0.333333333333333,0.11219512195122
"702",3,3,0.4,0.35,0.9,2.2,2.05,0,-0.05,-0.125,-0.05,-0.0555555555555556,-0.033259423503326
"702",4,4,0.25,0.35,0.733333333333333,2.45,2.75,0,0.1,0.4,0.0666666666666667,0.0909090909090909,0.100927643784787
"702",3,3,0.25,0.3,0.7,1.65,2.1,0,0.05,0.2,0.2,0.285714285714286,-0.025974025974026
"702",5,4,0.25,0.3,0.675,2.95,1.8,-1,0.05,0.2,-0.175,-0.259259259259259,0.242937853107345
"702",4,3,0.55,0.65,0.733333333333333,2.75,2.65,-1,0.1,0.181818181818182,0.266666666666667,0.363636363636364,-0.0641509433962264
"702",4,3,0.4,0.5,0.466666666666667,1.8,2,-1,0.1,0.25,0.283333333333333,0.607142857142857,-0.138888888888889
"702",4,3,0.55,0.6,0.6,2.35,1.9,-1,0.0499999999999999,0.0909090909090908,0.05,0.0833333333333334,0.0111982082866741
"702",5,4,0.4,0.4,0.525,2.5,1.9,-1,-5.55111512312578e-17,-1.38777878078145e-16,-0.025,-0.0476190476190477,0.0421052631578946
"702",3,3,0.25,0.3,1.8,3.85,4.3,0,0.05,0.2,0.2,0.111111111111111,0.0144971307762006
"702",4,4,0.4,0.55,0.7,2.5,2.95,0,0.15,0.375,0.1,0.142857142857143,0.105762711864407
"702",3,3,0.25,0.35,1.1,2.45,3.35,0,0.1,0.4,0.4,0.363636363636364,0.00731038684130375
"702",5,4,0.25,0.25,1.1,4.65,4.75,-1,0,0,0.4,0.363636363636364,-0.0582908885116016
"702",4,4,0.55,0.45,0.9,3.25,3.15,0,-0.1,-0.181818181818182,0,0,-0.105494505494506
"702",5,4,0.4,0.55,0.7,3.2,3.25,-1,0.15,0.375,0.2,0.285714285714286,0.0519230769230768
"702",5,4,0.25,0.3,0.7,3.05,4.2,-1,0.05,0.2,0.6,0.857142857142857,-0.124121779859485
"702",3,3,0.55,0.6,0.7,1.95,2.2,0,0.05,0.090909090909091,0.1,0.142857142857143,-0.027972027972028
"702",5,4,0.55,0.7,0.9,4.15,4.9,-1,0.15,0.272727272727273,0.5,0.555555555555555,-0.091222030981067
"702",5,4,0.55,0.7,0.7,3.35,3.7,-1,0.15,0.272727272727273,0.3,0.428571428571429,-0.0641387656313028
"702",5,4,0.55,0.5,0.825,3.85,2.9,-1,-0.05,-0.090909090909091,-0.025,-0.0303030303030303,-0.0246305418719213
"702",3,3,0.25,0.35,1.475,3.2,3.05,0,0.1,0.4,-0.125,-0.0847457627118644,0.109887295081967
"702",4,4,0.25,0.2,0.9,2.95,2.6,0,-0.05,-0.2,-0.1,-0.111111111111111,-0.03129074315515
"702",5,4,0.55,0.55,0.675,3.25,2.65,-1,-1.11022302462516e-16,-2.01858731750028e-16,0.0249999999999999,0.0370370370370369,-0.0159651669085631
"702",3,3,0.4,0.45,1.8,4,2.95,0,0.0499999999999999,0.125,-0.55,-0.305555555555555,0.157627118644068
"702",5,4,0.25,0.25,0.8625,3.7,5.35,-1,0,0,0.8375,0.971014492753623,-0.150921949987371
"702",5,4,0.4,0.4,0.675,3.1,3.1,-1,0,0,0.225,0.333333333333333,-0.129032258064516
"702",4,4,0.55,0.5,0.7,2.65,2.3,0,-0.05,-0.090909090909091,-0.1,-0.142857142857143,0.0393765381460213
"702",5,4,0.55,0.4,1.1,4.95,3.7,-1,-0.15,-0.272727272727273,0,0,-0.123123123123123
"702",3,2,0.55,0.55,1.4,3.35,2.25,-1,0,0,0.3,0.214285714285714,-0.00364842454394693
"702",3,2,0.25,0.3,0.9,2.05,1.7,-1,0.05,0.2,0.5,0.555555555555555,-0.0129124820659972
"702",5,4,0.25,0.25,0.9,3.85,3.55,-1,5.55111512312578e-17,2.22044604925031e-16,0.2,0.222222222222222,-0.0429851838302542
"702",3,2,0.25,0.25,1.4,3.05,1.55,-1,0,0,-0.0999999999999999,-0.0714285714285713,0.076679005817028
"702",4,4,0.4,0.45,0.9,3.1,3.75,0,0.05,0.125,0.2,0.222222222222222,-0.0361290322580645
"702",5,4,0.25,0.35,0.825,3.55,4.85,-1,0.1,0.4,0.675,0.818181818181818,-0.063452882241905
"702",4,4,0.25,0.2,0.783333333333333,2.6,3.2,0,-0.05,-0.2,0.216666666666667,0.276595744680851,-0.134615384615385
"702",3,2,0.55,0.65,0.9,2.35,1.85,-1,0.1,0.181818181818182,0.3,0.333333333333333,0.000575043128234642
"702",5,4,0.25,0.3,0.525,2.35,2.1,-1,0.05,0.2,0.075,0.142857142857143,0.0395136778115502
"702",4,3,0.25,0.3,1.1,3.55,2.4,-1,0.05,0.2,-0.05,-0.0454545454545455,0.0933098591549296
"702",4,4,0.25,0.2,0.7,2.35,2.9,0,-0.05,-0.2,0.2,0.285714285714286,-0.1496698459281
"702",3,3,0.4,0.3,1.1,2.6,2.1,0,-0.1,-0.25,-0.2,-0.181818181818182,-0.032967032967033
"702",4,4,0.4,0.45,1.1,3.7,4.05,0,0.05,0.125,0.0999999999999999,0.0909090909090908,0.012012012012012
"702",3,3,0.4,0.35,2.2,4.8,3.35,0,-0.05,-0.125,-0.7,-0.318181818181818,0.0634328358208954
"702",5,4,0.4,0.4,0.9,4,3.7,-1,0,0,0.2,0.222222222222222,-0.0675675675675675
"702",4,4,0.55,0.5,1.1,3.85,4.4,0,-0.05,-0.090909090909091,0.2,0.181818181818182,-0.116883116883117
"702",3,3,0.55,0.4,1.1,2.75,2.4,0,-0.15,-0.272727272727273,-0.1,-0.090909090909091,-0.1
"702",3,3,0.55,0.5,1.8,4.15,2.2,0,-0.05,-0.090909090909091,-0.95,-0.527777777777778,0.284227820372399
"702",5,4,0.4,0.45,1.1,4.8,3.75,-1,0.0499999999999999,0.125,0,0,0.0633333333333333
"702",3,3,0.55,0.5,2.2,4.95,2.5,0,-0.0500000000000001,-0.0909090909090911,-1.2,-0.545454545454546,0.266666666666666
"703",5,4,0.25,0.15,1.1,4.65,3.75,-1,-0.1,-0.4,0.0999999999999999,0.0909090909090908,-0.108817204301075
"703",3,3,0.4,0.45,1.1,2.6,2.25,0,0.05,0.125,-0.2,-0.181818181818182,0.138461538461539
"703",4,4,0.25,0.2,0.9,2.95,2.6,0,-0.05,-0.2,-0.1,-0.111111111111111,-0.03129074315515
"703",5,5,0.55,0.45,0.7,3.35,3.45,0,-0.1,-0.181818181818182,0.05,0.0714285714285715,-0.168721609344581
"703",5,5,0.55,0.25,0.9,4.15,2.45,0,-0.3,-0.545454545454546,-0.35,-0.388888888888889,-0.152446520776985
"703",3,3,0.55,0.65,2.2,4.95,3.85,0,0.1,0.181818181818182,-0.6,-0.272727272727273,0.173160173160173
"703",4,4,0.55,0.65,0.9,3.25,4.85,0,0.1,0.181818181818182,0.5,0.555555555555555,-0.140840602696273
"703",5,5,0.55,0.65,0.825,3.85,6.45,0,0.1,0.181818181818182,0.625,0.757575757575758,-0.210409745293466
"703",4,4,0.25,0.2,1.1,3.55,3.2,0,-0.05,-0.2,-0.1,-0.090909090909091,-0.0316901408450704
"703",3,3,0.55,0.6,0.7,1.95,2,0,0.0499999999999999,0.0909090909090908,0,0,0.0538461538461537
"703",4,4,0.4,0.5,0.9,3.1,3.2,0,0.1,0.25,0,0,0.108870967741935
"703",3,3,0.55,0.25,1.1,2.75,2.45,0,-0.3,-0.545454545454546,0,0,-0.293877551020408
"703",4,4,0.55,0.55,1.1,3.85,4.15,0,0,0,0.0999999999999999,0.0909090909090908,-0.0413080895008605
"703",3,4,0.25,0.1,2.2,4.65,3.4,1,-0.15,-0.6,-1.1,-0.5,-0.0436432637571157
"703",4,4,0.25,0.15,0.6,2.05,2.25,0,-0.1,-0.4,0.1,0.166666666666667,-0.221138211382114
"703",3,3,0.55,0.35,0.9,2.35,1.45,0,-0.2,-0.363636363636364,-0.35,-0.388888888888889,0.0220102714600144
"703",3,3,0.4,0.35,0.9,2.2,2.15,0,-0.05,-0.125,0,0,-0.0570824524312898
"703",5,5,0.25,0.2,0.675,2.95,3,0,-0.05,-0.2,0.0249999999999999,0.0370370370370369,-0.0903954802259887
"703",4,4,0.4,0.3,1.1,3.7,3.9,0,-0.1,-0.25,0.0999999999999999,0.0909090909090908,-0.124740124740125
"703",3,3,0.25,0.2,1.1,2.45,1.9,0,-0.05,-0.2,-0.25,-0.227272727272727,0.00966702470461878
"703",3,3,0.55,0.55,1.4,3.35,3.45,0,0,0,0.05,0.0357142857142857,-0.0142764438676184
"703",5,5,0.4,0.5,0.9,4,4.1,0,0.1,0.25,0,0,0.109756097560976
"703",4,4,0.55,0.45,0.733333333,2.75,2.55,0,-0.1,-0.181818181818182,-0.0333333330000001,-0.0454545450206613,-0.0941176470588235
"703",4,4,0.4,0.3,0.7,2.5,2.4,0,-0.1,-0.25,0,0,-0.14
"703",5,4,0.25,0.15,0.7,3.05,1.65,-1,-0.1,-0.4,-0.2,-0.285714285714286,-0.0461997019374069
"703",5,5,0.4,0.25,1.1,4.8,3.45,0,-0.15,-0.375,-0.3,-0.272727272727273,-0.0543478260869565
"703",3,3,0.25,0.3,0.9,2.05,2.1,0,0.05,0.2,0,0,0.0627177700348431
"703",4,4,0.55,0.45,0.7,2.65,2.55,0,-0.1,-0.181818181818182,0,0,-0.124306326304107
"703",4,4,0.25,0.25,0.783333333,2.6,2.05,0,0,0,-0.183333333,-0.23404255286555,0.103189493433396
"703",4,3,0.4,0.55,0.466666667,1.8,1.95,-1,0.15,0.375,0.233333333,0.499999998928571,-0.0427350427350427
"703",5,4,0.4,0.5,0.675,3.1,2.6,-1,0.1,0.25,0.0249999999999999,0.0370370370370369,0.124069478908189
"703",3,3,0.4,0.45,0.7,1.8,2.05,0,0.05,0.125,0.1,0.142857142857143,-0.00813008130081316
"703",5,4,0.55,0.65,1.1,4.95,3.95,-1,0.1,0.181818181818182,0,0,0.10267229254571
"703",5,4,0.4,0.85,0.525,2.5,4.15,-1,0.45,1.125,0.575,1.0952380952381,0.0192771084337348
"703",5,4,0.25,0.1,0.9,3.85,2.8,-1,-0.15,-0.6,0,0,-0.181818181818182
"703",3,3,0.4,0.2,1.8,4,4.7,0,-0.2,-0.5,0.45,0.25,-0.172340425531915
"703",4,3,0.55,0.6,0.6,2.35,2.5,-1,0.0499999999999999,0.0909090909090908,0.35,0.583333333333333,-0.216170212765957
"703",4,4,0.25,0.25,0.733333333,2.45,1.75,0,0,0,-0.233333333,-0.318181817871901,0.163265306122449
"703",4,4,0.25,0.15,0.7,2.35,1.05,0,-0.1,-0.4,-0.4,-0.571428571428571,0.145896656534954
"703",5,4,0.25,0.1,0.8625,3.7,3.1,-1,-0.15,-0.6,0.1375,0.159420289855072,-0.208805579773322
"703",4,4,0.4,0.3,0.6,2.2,2.1,0,-0.1,-0.25,0,0,-0.155844155844156
"703",3,3,0.4,0.3,2.2,4.8,3.2,0,-0.1,-0.25,-0.75,-0.340909090909091,0.0312499999999999
"703",3,3,0.25,0.35,0.7,1.65,2.35,0,0.1,0.4,0.3,0.428571428571429,-0.00773694390715679
"703",5,4,0.4,0.6,0.7,3.2,3,-1,0.2,0.5,0.1,0.142857142857143,0.175
"703",3,4,0.55,0.25,1.8,4.15,3.85,1,-0.3,-0.545454545454546,-0.6,-0.333333333333333,-0.137850101705523
"703",4,4,0.25,0.25,0.466666667,1.65,1.75,0,0,0,0.033333333,0.0714285706632654,-0.0346320346320347
"703",5,4,0.55,0.3,0.675,3.25,3.6,-1,-0.25,-0.454545454545455,0.425,0.62962962962963,-0.512820512820513
"703",5,4,0.25,0.2,0.525,2.35,1.7,-1,-0.05,-0.2,-0.025,-0.0476190476190477,-0.0613266583229036
"703",3,3,0.25,0.2,1.475,3.2,3.4,0,-0.05,-0.2,0.125,0.0847457627118644,-0.0579044117647059
"703",3,3,0.4,0.55,0.7,1.8,2.15,0,0.15,0.375,0.1,0.142857142857143,0.100775193798449
"703",5,4,0.4,0.6,1.1,4.8,4.2,-1,0.2,0.5,0.0999999999999999,0.0909090909090908,0.154761904761905
"703",5,4,0.55,0.55,0.9,4.15,3.55,-1,0,0,0.1,0.111111111111111,-0.0429322925504835
"703",3,3,0.55,0.85,1.4,3.35,3.95,0,0.3,0.545454545454545,0.15,0.107142857142857,0.153032306820329
"703",4,3,0.55,0.75,0.7,2.65,2.55,-1,0.2,0.363636363636364,0.2,0.285714285714286,0.0521642619311875
"703",4,3,0.4,0.3,0.6,2.2,1.2,-1,-0.1,-0.25,-0.15,-0.25,0.0227272727272727
"703",5,4,0.55,0.55,0.7,3.35,2.65,-1,0,0,0,0,0.00929315685722365
"703",5,4,0.25,0.15,0.9,3.85,3.15,-1,-0.1,-0.4,0.1,0.111111111111111,-0.134199134199134
"703",3,3,0.55,0.45,1.1,2.75,2.55,0,-0.1,-0.181818181818182,-0.05,-0.0454545454545455,-0.0705882352941177
"703",4,4,0.25,0.1,0.733333333,2.45,2.2,0,-0.15,-0.6,-0.0333333330000001,-0.0454545450206613,-0.226345083487941
"703",3,3,0.4,0.25,2.2,4.8,4.45,0,-0.15,-0.375,-0.1,-0.0454545454545455,-0.0814606741573034
"703",4,4,0.25,0.2,0.6,2.05,2,0,-0.05,-0.2,0,0,-0.0878048780487805
"703",4,3,0.55,0.7,0.6,2.35,2.3,-1,0.15,0.272727272727273,0.2,0.333333333333333,-0.023126734505088
"703",4,4,0.4,0.2,1.1,3.7,2.6,0,-0.2,-0.5,-0.3,-0.272727272727273,-0.124740124740125
"703",5,5,0.25,0.25,0.675,2.95,3.05,0,0,0,0.0249999999999999,0.0370370370370369,-0.0138927479855515
"703",4,4,0.4,0.25,0.7,2.5,2.65,0,-0.15,-0.375,0.1,0.142857142857143,-0.262641509433962
"703",5,4,0.25,0.2,0.8625,3.7,5,-1,-0.05,-0.2,0.7375,0.855072463768116,-0.177837837837838
"703",3,3,0.25,0.2,0.9,2.05,3.3,0,-0.05,-0.2,0.65,0.722222222222222,-0.184035476718404
"703",3,3,0.25,0.1,1.1,2.45,3.5,0,-0.15,-0.6,0.6,0.545454545454545,-0.220408163265306
"703",3,3,0.55,0.55,0.7,1.95,1.95,0,0,0,0,0,0
"703",4,2,0.4,0.85,0.466666667,1.8,1.85,-2,0.45,1.125,0.533333333,1.14285714132653,0.0300300300300299
"703",5,4,0.25,0.15,0.825,3.55,2.85,-1,-0.1,-0.4,0.0750000000000001,0.090909090909091,-0.141586360266864
"703",5,5,0.25,0.2,0.7,3.05,2.6,0,-0.05,-0.2,-0.1,-0.142857142857143,-0.0252206809583859
"703",3,3,0.25,0.2,0.7,1.65,1.5,0,-0.05,-0.2,-0.0499999999999999,-0.0714285714285713,-0.0545454545454545
"703",3,3,0.25,0.1,1.475,3.2,3.5,0,-0.15,-0.6,0.225,0.152542372881356,-0.148660714285714
"703",5,4,0.25,0.15,1.1,4.65,4.95,-1,-0.1,-0.4,0.5,0.454545454545455,-0.147605083088954
"703",3,3,0.25,0.15,1.8,3.85,2.35,0,-0.1,-0.4,-0.7,-0.388888888888889,-0.00331583310306718
"703",4,4,0.25,0.15,0.9,2.95,3.75,0,-0.1,-0.4,0.3,0.333333333333333,-0.178983050847458
"703",4,4,0.4,0.5,0.9,3.1,3.5,0,0.1,0.25,0.1,0.111111111111111,0.0552995391705069
"703",4,4,0.55,0.55,1.1,3.85,3.85,0,0,0,0,0,-1.11022302462516e-16
"703",4,4,0.25,0.15,0.783333333,2.6,1.35,0,-0.1,-0.4,-0.383333333,-0.489361701910367,0.0598290598290598
"703",5,4,0.4,0.55,0.7,3.2,2.95,-1,0.15,0.375,0.1,0.142857142857143,0.120762711864407
"703",3,4,0.4,0.2,1.8,4,4.1,1,-0.2,-0.5,-0.5,-0.277777777777778,-0.104878048780488
"703",3,3,0.4,0.35,0.9,2.2,2.65,0,-0.05,-0.125,0.25,0.277777777777778,-0.149228130360206
"703",4,3,0.55,0.55,0.733333333,2.75,2.05,-1,0,0,0.016666667,0.0227272731921487,0.00487804878048792
"703",3,3,0.4,0.55,1.1,2.6,2.35,0,0.15,0.375,-0.2,-0.181818181818182,0.240589198036007
"703",5,4,0.25,0.2,0.525,2.35,2,-1,-0.05,-0.2,0.075,0.142857142857143,-0.131914893617021
"703",4,1,0.25,0.25,0.466666667,1.65,0.25,-3,0,0,-0.466666667,-1,0.393939393939394
"703",3,3,0.55,0.2,1.8,4.15,3.8,0,-0.35,-0.636363636363636,0,0,-0.239695624603678
"703",5,4,0.55,0.8,0.825,3.85,4.1,-1,0.25,0.454545454545455,0.275,0.333333333333334,0.0662020905923344
"703",5,4,0.4,0.35,0.9,4,2.45,-1,-0.05,-0.125,-0.2,-0.222222222222222,0.0714285714285715
"703",4,4,0.25,0.4,0.7,2.35,1.9,0,0.15,0.6,-0.2,-0.285714285714286,0.416573348264278
"703",5,4,0.4,0.35,0.525,2.5,1.85,-1,-0.05,-0.125,-0.025,-0.0476190476190477,-0.0432432432432434
"703",5,5,0.55,0.5,1.1,4.95,4.1,0,-0.05,-0.090909090909091,-0.2,-0.181818181818182,0.0542005420054201
"703",5,5,0.4,0.3,0.675,3.1,2.5,0,-0.1,-0.25,-0.125,-0.185185185185185,-0.0451612903225806
"703",4,4,0.55,0.7,0.9,3.25,4,0,0.15,0.272727272727273,0.2,0.222222222222222,0.023076923076923
"703",3,3,0.55,0.4,2.2,4.95,4.5,0,-0.15,-0.272727272727273,-0.15,-0.0681818181818183,-0.0666666666666667
"703",3,3,0.25,0.15,2.2,4.65,2.85,0,-0.1,-0.4,-0.85,-0.386363636363636,-0.0033955857385399
"703",4,3,0.25,0.15,1.1,3.55,3.55,-1,-0.1,-0.4,0.6,0.545454545454545,-0.154929577464789
"703",3,3,0.55,0.55,0.9,2.35,2.15,0,0,0,-0.1,-0.111111111111111,0.0653142008906481
"703",5,4,0.55,0.5,0.675,3.25,2.3,-1,-0.05,-0.090909090909091,-0.0750000000000001,-0.111111111111111,0.0234113712374583
"703",4,3,0.55,0.4,1.1,3.85,2.7,-1,-0.15,-0.272727272727273,0.0499999999999998,0.0454545454545453,-0.126984126984127
"703",5,4,0.25,0.15,0.675,2.95,2.55,-1,-0.1,-0.4,0.125,0.185185185185185,-0.188434695912263
"703",4,4,0.4,0.3,0.7,2.5,2.1,0,-0.1,-0.25,-0.1,-0.142857142857143,-0.0685714285714285
"703",3,4,0.4,0.2,1.8,4,3.5,1,-0.2,-0.5,-0.7,-0.388888888888889,-0.0714285714285715
"703",4,3,0.55,0.55,0.6,2.35,1.75,-1,0,0,0,0,0.00668693009118548
"703",3,2,0.25,0.15,0.9,2.05,1.35,-1,-0.1,-0.4,0.3,0.333333333333333,-0.143631436314363
"703",4,4,0.55,0.55,0.9,3.25,2.65,0,0,0,-0.2,-0.222222222222222,0.153265602322206
"703",5,5,0.4,0.3,0.7,3.2,2.3,0,-0.1,-0.25,-0.2,-0.285714285714286,0.0271739130434783
"703",3,3,0.25,0.2,1.4,3.05,3.2,0,-0.05,-0.2,0.1,0.0714285714285715,-0.0584016393442623
"703",3,3,0.25,0.1,0.7,1.65,1.9,0,-0.15,-0.6,0.2,0.285714285714286,-0.296650717703349
"703",4,3,0.4,0.45,0.466666667,1.8,1.75,-1,0.05,0.125,0.183333333,0.392857141862245,-0.117460317460317
"703",5,4,0.55,0.65,0.675,3.25,3.05,-1,0.1,0.181818181818182,0.125,0.185185185185185,0.00630517023959642
"703",3,3,0.55,0.55,1.4,3.35,2.65,0,0,0,-0.35,-0.25,0.130104196001126
"703",3,2,0.55,0.8,0.9,2.35,2.1,-1,0.25,0.454545454545455,0.4,0.444444444444444,0.0597771023302938
"703",5,4,0.4,0.3,0.675,3.1,1.8,-1,-0.1,-0.25,-0.175,-0.259259259259259,0.021505376344086
"703",5,4,0.25,0.2,1.1,4.65,3.5,-1,-0.05,-0.2,0,0,-0.0402457757296467
"703",4,4,0.4,0.5,1.1,3.7,4.1,0,0.1,0.25,0.0999999999999999,0.0909090909090908,0.0553724456163481
"703",4,3,0.55,0.5,0.7,2.65,1.7,-1,-0.05,-0.090909090909091,-0.1,-0.142857142857143,0.0521642619311874
"703",3,3,0.25,0.15,1.475,3.2,2.65,0,-0.1,-0.4,-0.225,-0.152542372881356,-0.064563679245283
"703",3,3,0.4,0.2,0.9,2.2,2.5,0,-0.2,-0.5,0.25,0.277777777777778,-0.305454545454545
"703",5,5,0.4,0.4,1.1,4.8,4.6,0,0,0,-0.05,-0.0454545454545455,0.0181159420289854
"703",3,3,0.25,0.2,1.8,3.85,4.4,0,-0.05,-0.2,0.3,0.166666666666667,-0.0584415584415584
"703",3,3,0.55,0.85,2.2,4.95,6.35,0,0.3,0.545454545454545,0.55,0.25,0.0682414698162729
"703",4,4,0.25,0.15,0.7,2.35,1.35,0,-0.1,-0.4,-0.3,-0.428571428571428,0.0189125295508274
"703",5,4,0.4,0.6,0.525,2.5,3,-1,0.2,0.5,0.275,0.523809523809524,-2.22044604925031e-16
"703",5,4,0.55,0.5,1.1,4.95,3.8,-1,-0.05,-0.090909090909091,0,0,-0.0292397660818714
"703",4,4,0.25,0.2,0.783333333,2.6,2,0,-0.05,-0.2,-0.183333333,-0.23404255286555,0.0153846153846155
"703",4,4,0.55,0.5,0.733333333,2.75,2.9,0,-0.05,-0.090909090909091,0.066666667,0.0909090914049587,-0.110344827586207
"703",3,3,0.4,0.35,1.1,2.6,3.35,0,-0.05,-0.125,0.4,0.363636363636364,-0.148105625717566
"703",4,3,0.25,0.2,0.466666667,1.65,1.3,-1,-0.05,-0.2,0.0833333330000001,0.178571427729592,-0.144522144522145
"703",3,3,0.4,0.3,0.7,1.8,1.9,0,-0.1,-0.25,0.1,0.142857142857143,-0.192982456140351
"703",3,3,0.55,0.3,1.1,2.75,2,0,-0.25,-0.454545454545455,-0.25,-0.227272727272727,-0.15
"703",3,3,0.25,0.2,2.2,4.65,8,0,-0.05,-0.2,1.7,0.772727272727273,-0.0862903225806451
"703",4,4,0.25,0.25,0.9,2.95,2.65,0,0,0,-0.1,-0.111111111111111,0.0383754397185801
"703",3,3,0.25,0.25,1.1,2.45,2.75,0,0,0,0.15,0.136363636363636,-0.0333951762523191
"703",5,5,0.25,0.25,0.7,3.05,2.45,0,0,0,-0.15,-0.214285714285714,0.100368016058883
"703",5,5,0.25,0.1,0.9,3.85,2.3,0,-0.15,-0.6,-0.35,-0.388888888888889,-0.107284020327499
"703",5,4,0.55,0.9,0.7,3.35,4.2,-1,0.35,0.636363636363636,0.4,0.571428571428572,0.0362473347547975
"703",3,3,0.55,0.65,1.8,4.15,4.35,0,0.1,0.181818181818182,0.05,0.0277777777777778,0.0506855006231824
"703",5,4,0.55,0.7,0.825,3.85,3.7,-1,0.15,0.272727272727273,0.175,0.212121212121212,0.0424710424710424
"703",3,3,0.55,0.55,0.7,1.95,1.85,0,0,0,-0.0499999999999999,-0.0714285714285713,0.0457380457380456
"703",5,4,0.25,0.1,0.825,3.55,4.9,-1,-0.15,-0.6,0.775,0.93939393939394,-0.270480022995114
"703",4,4,0.25,0.15,0.6,2.05,1.65,0,-0.1,-0.4,-0.1,-0.166666666666667,-0.124168514412417
"703",4,4,0.4,0.4,0.9,3.1,3.7,0,0,0,0.2,0.222222222222222,-0.083696599825632
"703",5,4,0.25,0.35,0.525,2.35,1.85,-1,0.1,0.4,-0.025,-0.0476190476190477,0.224841863139735
"703",4,4,0.4,0.45,0.6,2.2,2.25,0,0.05,0.125,0,0,0.0727272727272728
"703",4,4,0.25,0.15,0.733333333,2.45,3.15,0,-0.1,-0.4,0.266666667,0.363636364256198,-0.217687074829932
"703",5,4,0.25,0.15,0.8625,3.7,3.75,-1,-0.1,-0.4,0.3375,0.391304347826087,-0.177837837837838
"703",5,5,0.4,0.15,0.9,4,4.95,0,-0.25,-0.625,0.3,0.333333333333333,-0.348484848484849
"703",4,5,0.25,0.15,1.1,3.55,4.35,1,-0.1,-0.4,-0.05,-0.0454545454545455,-0.109276347741622
"703",3,4,0.4,0.45,2.2,4.8,3.45,1,0.05,0.125,-1.2,-0.545454545454546,0.271739130434783
"703",4,3,0.4,0.5,0.6,2.2,1.8,-1,0.1,0.25,0.05,0.0833333333333334,0.106060606060606
"703",5,4,0.55,0.6,0.675,3.25,2.7,-1,0.0499999999999999,0.0909090909090908,0.0249999999999999,0.0370370370370369,0.0427350427350428
"703",3,3,0.55,0.25,0.9,2.35,1.45,0,-0.3,-0.545454545454546,-0.3,-0.333333333333333,-0.184886280264123
"703",4,3,0.55,0.6,0.733333333,2.75,2.6,-1,0.0499999999999999,0.0909090909090908,0.266666667,0.363636364256198,-0.107692307692308
"703",3,3,0.25,0.2,0.9,2.05,2,0,-0.05,-0.2,0,0,-0.0658536585365854
"703",4,2,0.55,1.1,0.6,2.35,2.3,-2,0.55,1,0.6,1,0.0203515263644775
"703",5,4,0.4,0.35,0.675,3.1,1.85,-1,-0.05,-0.125,-0.175,-0.259259259259259,0.111595466434176
"703",5,5,0.55,0.6,0.825,3.85,3.8,0,0.0499999999999999,0.0909090909090908,-0.0249999999999999,-0.0303030303030302,0.0751879699248119
"703",3,3,0.25,0.15,1.8,3.85,2.35,0,-0.1,-0.4,-0.7,-0.388888888888889,-0.00331583310306718
"703",5,4,0.25,0.2,0.9,3.85,3.5,-1,-0.05,-0.2,0.2,0.222222222222222,-0.0961038961038961
"703",4,4,0.25,0.15,0.783333333,2.6,2.55,0,-0.1,-0.4,0.0166666670000001,0.0212765961792667,-0.149321266968326
"703",4,4,0.4,0.4,0.7,2.5,2.8,0,0,0,0.1,0.142857142857143,-0.0685714285714286
"703",5,6,0.55,0.45,1.1,4.95,4.45,1,-0.1,-0.181818181818182,-0.3,-0.272727272727273,0.0511860174781523
"703",5,5,0.55,0.4,0.7,3.35,3.4,0,-0.15,-0.272727272727273,0.05,0.0714285714285715,-0.232660228270413
"703",3,4,0.25,0.1,1.4,3.05,4.6,1,-0.15,-0.6,0.1,0.0714285714285715,-0.158945117605132
"703",3,3,0.55,0.8,1.8,4.15,3.7,0,0.25,0.454545454545455,-0.35,-0.194444444444444,0.251058287202866
"703",4,4,0.4,0.5,0.9,3.1,4.1,0,0.1,0.25,0.3,0.333333333333333,-0.028324154209284
"703",3,3,0.25,0.15,2.2,4.65,4.45,0,-0.1,-0.4,-0.0500000000000003,-0.0227272727272728,-0.0601667270750272
"703",3,4,0.55,0.3,1.4,3.35,4.5,1,-0.25,-0.454545454545455,0,0,-0.225870646766169
"703",5,4,0.4,0.45,0.7,3.2,2.25,-1,0.05,0.125,-0.1,-0.142857142857143,0.175
"703",4,4,0.25,0.1,1.1,3.55,3.4,0,-0.15,-0.6,0,0,-0.164043082021541
"703",5,4,0.4,0.5,0.9,4,4.4,-1,0.1,0.25,0.4,0.444444444444444,-0.0454545454545455
"703",3,3,0.25,0.2,0.7,1.65,1.8,0,-0.05,-0.2,0.1,0.142857142857143,-0.121212121212121
"703",4,3,0.25,0.2,0.466666667,1.65,1.5,-1,-0.05,-0.2,0.183333333,0.392857141862245,-0.206060606060606
"703",4,4,0.25,0.25,0.9,2.95,1.75,0,0,0,-0.4,-0.444444444444444,0.232445520581114
"703",5,4,0.55,0.7,0.9,4.15,4,-1,0.15,0.272727272727273,0.2,0.222222222222222,0.0373493975903615
"703",3,2,0.25,0.2,1.1,2.45,3.8,-1,-0.05,-0.2,2.5,2.27272727272727,-0.200859291084855
"703",3,2,0.25,0.15,1.475,3.2,2.95,-1,-0.1,-0.4,1.325,0.898305084745762,-0.132680084745763
"703",4,2,0.4,0.6,0.466666667,1.8,1.4,-2,0.2,0.5,0.333333333,0.714285713061225,-0.0317460317460317
"703",5,5,0.25,0.2,0.675,2.95,2.8,0,-0.05,-0.2,-0.025,-0.0370370370370371,-0.0665859564164649
"703",5,4,0.4,0.45,0.525,2.5,2.25,-1,0.05,0.125,0.075,0.142857142857143,0
"703",4,4,0.55,0.5,0.9,3.25,2.9,0,-0.05,-0.090909090909091,-0.1,-0.111111111111111,0.0127320954907161
"703",4,4,0.55,0.7,1.1,3.85,3.4,0,0.15,0.272727272727273,-0.2,-0.181818181818182,0.252100840336134
"703",3,3,0.4,0.6,0.9,2.2,2.6,0,0.2,0.5,0.1,0.111111111111111,0.146853146853147
"703",3,2,0.55,0.85,0.7,1.95,1.85,-1,0.3,0.545454545454545,0.3,0.428571428571429,0.0727650727650726
"703",4,3,0.25,0.1,0.733333333,2.45,1.8,-1,-0.15,-0.6,0.116666667,0.159090909617769,-0.241496598639456
"703",3,3,0.4,0.5,0.7,1.8,1.7,0,0.1,0.25,-0.1,-0.142857142857143,0.215686274509804
"703",5,4,0.25,0.1,0.7,3.05,2.2,-1,-0.15,-0.6,0,0,-0.228017883755589
"703",4,4,0.25,0.1,0.6,2.05,2.8,0,-0.15,-0.6,0.3,0.5,-0.344947735191638
"703",4,4,0.4,0.4,1.1,3.7,5.2,0,0,0,0.5,0.454545454545455,-0.124740124740125
"703",3,3,0.55,0.45,2.2,4.95,5.55,0,-0.1,-0.181818181818182,0.35,0.159090909090909,-0.0900900900900901
"703",5,4,0.25,0.35,0.525,2.35,2.45,-1,0.1,0.4,0.175,0.333333333333333,0.0395136778115502
"703",5,5,0.4,0.35,1.1,4.8,3.95,0,-0.05,-0.125,-0.2,-0.181818181818182,0.0263713080168776
"703",5,5,0.25,0.15,1.1,4.65,4.55,0,-0.1,-0.4,0,0,-0.10398203946591
"703",5,5,0.25,0.15,0.825,3.55,3.95,0,-0.1,-0.4,0.125,0.151515151515152,-0.162239258334819
"703",3,3,0.4,0.45,1.1,2.6,2.55,0,0.05,0.125,-0.05,-0.0454545454545455,0.0678733031674208
"703",3,3,0.55,0.5,1.1,2.75,3.1,0,-0.05,-0.090909090909091,0.2,0.181818181818182,-0.116129032258065
"703",5,4,0.25,0.15,0.8625,3.7,2.25,-1,-0.1,-0.4,-0.1625,-0.188405797101449,-0.0711711711711711
"703",3,3,0.4,0.3,1.8,4,4,0,-0.1,-0.25,0.05,0.0277777777777778,-0.0750000000000001
"703",4,3,0.25,0.15,0.7,2.35,3.35,-1,-0.1,-0.4,0.9,1.28571428571429,-0.291203556684662
"703",4,4,0.25,0.2,0.9,2.95,3.2,0,-0.05,-0.2,0.1,0.111111111111111,-0.0889830508474576
"703",3,3,0.25,0.2,2.2,4.65,4,0,-0.05,-0.2,-0.3,-0.136363636363636,-0.0112903225806451
"703",5,4,0.4,0.6,0.675,3.1,3.3,-1,0.2,0.5,0.225,0.333333333333333,0.0821114369501466
"703",3,3,0.4,0.3,1.8,4,3.6,0,-0.1,-0.25,-0.15,-0.0833333333333334,-0.05
"703",4,3,0.25,0.3,0.466666667,1.65,1.4,-1,0.05,0.2,0.0833333330000001,0.178571427729592,0.0367965367965366
"703",4,3,0.55,0.4,0.9,3.25,2.1,-1,-0.15,-0.272727272727273,-0.05,-0.0555555555555556,-0.105494505494505
"703",3,3,0.25,0.25,1.4,3.05,3.05,0,0,0,0,0,0
"703",5,4,0.55,0.7,0.7,3.35,3.1,-1,0.15,0.272727272727273,0.1,0.142857142857143,0.082330284063553
"703",5,4,0.25,0.1,0.8625,3.7,3.7,-1,-0.15,-0.6,0.3375,0.391304347826087,-0.22972972972973
"703",3,3,0.25,0.25,1.1,2.45,2.45,0,0,0,0,0,0
"703",3,2,0.55,0.75,1.8,4.15,2.95,-1,0.2,0.363636363636364,0.4,0.222222222222222,0.110884214825403
"703",5,4,0.25,0.2,0.675,2.95,2,-1,-0.05,-0.2,-0.0750000000000001,-0.111111111111111,-0.0237288135593219
"703",5,5,0.55,0.75,1.1,4.95,5.35,0,0.2,0.363636363636364,0.0499999999999998,0.0454545454545453,0.145379023883697
"703",5,5,0.55,0.6,0.9,4.15,4.4,0,0.0499999999999999,0.0909090909090908,0.0499999999999999,0.0555555555555555,0.0191675794085434
"703",4,3,0.25,0.25,0.6,2.05,1.95,-1,0,0,0.25,0.416666666666667,-0.103189493433396
"703",4,4,0.25,0.1,1.1,3.55,1.9,0,-0.15,-0.6,-0.5,-0.454545454545455,-0.0711638250555967
"703",5,4,0.55,0.85,0.675,3.25,3.85,-1,0.3,0.545454545454545,0.325,0.481481481481481,0.0369630369630369
"703",3,3,0.25,0.1,1.475,3.2,2,0,-0.15,-0.6,-0.525,-0.355932203389831,-0.084375
"703",3,3,0.4,0.2,2.2,4.8,6,0,-0.2,-0.5,0.7,0.318181818181818,-0.15
"703",3,3,0.25,0.1,0.7,1.65,1.4,0,-0.15,-0.6,-0.0499999999999999,-0.0714285714285713,-0.24025974025974
"703",4,2,0.4,0.7,0.466666667,1.8,1.7,-2,0.3,0.75,0.533333333,1.14285714132653,-0.0653594771241831
"703",3,2,0.55,0.9,0.7,1.95,2,-1,0.35,0.636363636363636,0.4,0.571428571428572,0.0538461538461538
"703",5,4,0.4,0.65,0.7,3.2,3.35,-1,0.25,0.625,0.2,0.285714285714286,0.151119402985075
"703",4,4,0.4,0.45,0.9,3.1,2.55,0,0.05,0.125,-0.2,-0.222222222222222,0.189753320683112
"703",5,5,0.4,0.4,0.9,4,3.4,0,0,0,-0.15,-0.166666666666667,0.0882352941176471
"703",3,3,0.25,0.15,0.9,2.05,1.45,0,-0.1,-0.4,-0.25,-0.277777777777778,-0.0555088309503786
"703",5,4,0.25,0.15,0.825,3.55,2.25,-1,-0.1,-0.4,-0.125,-0.151515151515152,-0.0854460093896713
"703",3,2,0.55,0.65,0.9,2.35,2.05,-1,0.1,0.181818181818182,0.5,0.555555555555555,-0.0679813181110533
"703",4,3,0.55,0.7,0.733333333,2.75,2.7,-1,0.15,0.272727272727273,0.266666667,0.363636364256198,-0.0222222222222225
"703",3,3,0.25,0.1,1.8,3.85,3.2,0,-0.15,-0.6,-0.25,-0.138888888888889,-0.101055194805195
"703",3,3,0.55,0.7,2.2,4.95,5.2,0,0.15,0.272727272727273,0.0499999999999998,0.0227272727272726,0.0705128205128204
"703",4,3,0.4,0.25,1.1,3.7,3.55,-1,-0.15,-0.375,0.55,0.5,-0.22116482679863
"703",3,3,0.4,0.2,0.7,1.8,1.2,0,-0.2,-0.5,-0.2,-0.285714285714286,-0.166666666666667
"703",5,4,0.4,0.3,0.525,2.5,1.8,-1,-0.1,-0.25,-0.025,-0.0476190476190477,-0.133333333333333
"703",4,3,0.25,0.15,0.783333333,2.6,1.85,-1,-0.1,-0.4,0.066666667,0.0851063834404708,-0.141372141372141
"703",4,4,0.55,0.4,1.1,3.85,5.2,0,-0.15,-0.272727272727273,0.5,0.454545454545455,-0.263736263736264
"703",4,3,0.55,0.6,0.7,2.65,2.3,-1,0.0499999999999999,0.0909090909090908,0.15,0.214285714285714,-0.0475799835931092
"703",3,3,0.4,0.4,1.1,2.6,2.5,0,0,0,-0.05,-0.0454545454545455,0.0184615384615385
"703",5,4,0.25,0.1,0.9,3.85,4.3,-1,-0.15,-0.6,0.5,0.555555555555555,-0.231652068861371
"703",5,4,0.25,0.2,0.7,3.05,2,-1,-0.05,-0.2,-0.1,-0.142857142857143,-0.00983606557377043
"703",3,3,0.55,0.7,1.4,3.35,3.5,0,0.15,0.272727272727273,0,0,0.107462686567164
"703",5,4,0.25,0.2,0.525,2.35,1.4,-1,-0.05,-0.2,-0.125,-0.238095238095238,0.0395136778115501
"703",4,4,0.25,0.35,0.733333333,2.45,1.85,0,0.1,0.4,-0.233333333,-0.318181817871901,0.348593491450634
"703",4,3,0.55,0.7,0.6,2.35,2.3,-1,0.15,0.272727272727273,0.2,0.333333333333333,-0.023126734505088
"703",4,3,0.4,0.55,0.6,2.2,2.15,-1,0.15,0.375,0.2,0.333333333333333,0.0401691331923889
"703",3,2,0.4,0.55,0.9,2.2,1.45,-1,0.15,0.375,0,0,0.213166144200627
"703",4,3,0.25,0.5,0.7,2.35,2.4,-1,0.25,1,0.25,0.357142857142857,0.199468085106383
"703",5,4,0.55,0.85,0.825,3.85,4.45,-1,0.3,0.545454545454545,0.375,0.454545454545455,0.0497592295345105
"703",5,4,0.25,0.15,1.1,4.65,6.15,-1,-0.1,-0.4,0.9,0.818181818181818,-0.171256228691319
"703",4,4,0.4,0.65,0.7,2.5,3.95,0,0.25,0.625,0.4,0.571428571428572,0.0182278481012658
"703",5,4,0.4,0.3,1.1,4.8,3,-1,-0.1,-0.25,-0.2,-0.181818181818182,-0.0166666666666667
"703",3,3,0.55,0.5,1.1,2.75,3.3,0,-0.05,-0.090909090909091,0.3,0.272727272727273,-0.145454545454546
"703",3,4,0.4,0.45,2.2,4.8,3.45,1,0.05,0.125,-1.2,-0.545454545454546,0.271739130434783
"703",4,3,0.4,0.5,0.6,2.2,1.8,-1,0.1,0.25,0.05,0.0833333333333334,0.106060606060606
"703",5,4,0.55,0.6,0.675,3.25,2.7,-1,0.0499999999999999,0.0909090909090908,0.0249999999999999,0.0370370370370369,0.0427350427350428
"703",3,3,0.55,0.25,0.9,2.35,1.45,0,-0.3,-0.545454545454546,-0.3,-0.333333333333333,-0.184886280264123
"703",4,3,0.55,0.6,0.733333333,2.75,2.6,-1,0.0499999999999999,0.0909090909090908,0.266666667,0.363636364256198,-0.107692307692308
"703",3,3,0.25,0.2,0.9,2.05,2,0,-0.05,-0.2,0,0,-0.0658536585365854
"703",4,2,0.55,1.1,0.6,2.35,2.3,-2,0.55,1,0.6,1,0.0203515263644775
"703",5,4,0.4,0.35,0.675,3.1,1.85,-1,-0.05,-0.125,-0.175,-0.259259259259259,0.111595466434176
"703",5,5,0.55,0.6,0.825,3.85,3.8,0,0.0499999999999999,0.0909090909090908,-0.0249999999999999,-0.0303030303030302,0.0751879699248119
"703",3,3,0.25,0.15,1.8,3.85,2.35,0,-0.1,-0.4,-0.7,-0.388888888888889,-0.00331583310306718
"703",5,4,0.25,0.2,0.9,3.85,3.5,-1,-0.05,-0.2,0.2,0.222222222222222,-0.0961038961038961
"703",4,4,0.25,0.15,0.783333333,2.6,2.55,0,-0.1,-0.4,0.0166666670000001,0.0212765961792667,-0.149321266968326
"703",4,4,0.4,0.4,0.7,2.5,2.8,0,0,0,0.1,0.142857142857143,-0.0685714285714286
"703",5,6,0.55,0.45,1.1,4.95,4.45,1,-0.1,-0.181818181818182,-0.3,-0.272727272727273,0.0511860174781523
"703",5,5,0.55,0.4,0.7,3.35,3.4,0,-0.15,-0.272727272727273,0.05,0.0714285714285715,-0.232660228270413
"703",3,4,0.25,0.1,1.4,3.05,4.6,1,-0.15,-0.6,0.1,0.0714285714285715,-0.158945117605132
"703",3,3,0.55,0.8,1.8,4.15,3.7,0,0.25,0.454545454545455,-0.35,-0.194444444444444,0.251058287202866
"703",4,4,0.4,0.5,0.9,3.1,4.1,0,0.1,0.25,0.3,0.333333333333333,-0.028324154209284
"703",3,3,0.25,0.15,2.2,4.65,4.45,0,-0.1,-0.4,-0.0500000000000003,-0.0227272727272728,-0.0601667270750272
"703",3,4,0.55,0.3,1.4,3.35,4.5,1,-0.25,-0.454545454545455,0,0,-0.225870646766169
"703",5,4,0.4,0.45,0.7,3.2,2.25,-1,0.05,0.125,-0.1,-0.142857142857143,0.175
"703",4,4,0.25,0.1,1.1,3.55,3.4,0,-0.15,-0.6,0,0,-0.164043082021541
"703",5,4,0.4,0.5,0.9,4,4.4,-1,0.1,0.25,0.4,0.444444444444444,-0.0454545454545455
"703",3,3,0.25,0.2,0.7,1.65,1.8,0,-0.05,-0.2,0.1,0.142857142857143,-0.121212121212121
"703",4,3,0.25,0.2,0.466666667,1.65,1.5,-1,-0.05,-0.2,0.183333333,0.392857141862245,-0.206060606060606
"703",4,4,0.25,0.25,0.9,2.95,1.75,0,0,0,-0.4,-0.444444444444444,0.232445520581114
"703",5,4,0.55,0.7,0.9,4.15,4,-1,0.15,0.272727272727273,0.2,0.222222222222222,0.0373493975903615
"703",3,2,0.25,0.2,1.1,2.45,3.8,-1,-0.05,-0.2,2.5,2.27272727272727,-0.200859291084855
"703",3,2,0.25,0.15,1.475,3.2,2.95,-1,-0.1,-0.4,1.325,0.898305084745762,-0.132680084745763
"703",4,2,0.4,0.6,0.466666667,1.8,1.4,-2,0.2,0.5,0.333333333,0.714285713061225,-0.0317460317460317
"703",5,5,0.25,0.2,0.675,2.95,2.8,0,-0.05,-0.2,-0.025,-0.0370370370370371,-0.0665859564164649
"703",5,4,0.4,0.45,0.525,2.5,2.25,-1,0.05,0.125,0.075,0.142857142857143,0
"703",4,4,0.55,0.5,0.9,3.25,2.9,0,-0.05,-0.090909090909091,-0.1,-0.111111111111111,0.0127320954907161
"703",4,4,0.55,0.7,1.1,3.85,3.4,0,0.15,0.272727272727273,-0.2,-0.181818181818182,0.252100840336134
"703",3,3,0.4,0.6,0.9,2.2,2.6,0,0.2,0.5,0.1,0.111111111111111,0.146853146853147
"703",3,2,0.55,0.85,0.7,1.95,1.85,-1,0.3,0.545454545454545,0.3,0.428571428571429,0.0727650727650726
"703",4,3,0.25,0.1,0.733333333,2.45,1.8,-1,-0.15,-0.6,0.116666667,0.159090909617769,-0.241496598639456
"703",3,3,0.4,0.5,0.7,1.8,1.7,0,0.1,0.25,-0.1,-0.142857142857143,0.215686274509804
"703",5,4,0.25,0.1,0.7,3.05,2.2,-1,-0.15,-0.6,0,0,-0.228017883755589
"703",4,4,0.25,0.1,0.6,2.05,2.8,0,-0.15,-0.6,0.3,0.5,-0.344947735191638
"703",4,4,0.4,0.4,1.1,3.7,5.2,0,0,0,0.5,0.454545454545455,-0.124740124740125
"703",3,3,0.55,0.45,2.2,4.95,5.55,0,-0.1,-0.181818181818182,0.35,0.159090909090909,-0.0900900900900901
"703",5,4,0.25,0.35,0.525,2.35,2.45,-1,0.1,0.4,0.175,0.333333333333333,0.0395136778115502
"703",5,5,0.4,0.35,1.1,4.8,3.95,0,-0.05,-0.125,-0.2,-0.181818181818182,0.0263713080168776
"703",5,5,0.25,0.15,1.1,4.65,4.55,0,-0.1,-0.4,0,0,-0.10398203946591
"703",5,5,0.25,0.15,0.825,3.55,3.95,0,-0.1,-0.4,0.125,0.151515151515152,-0.162239258334819
"703",3,3,0.4,0.45,1.1,2.6,2.55,0,0.05,0.125,-0.05,-0.0454545454545455,0.0678733031674208
"703",3,3,0.55,0.5,1.1,2.75,3.1,0,-0.05,-0.090909090909091,0.2,0.181818181818182,-0.116129032258065
"703",5,4,0.25,0.15,0.8625,3.7,2.25,-1,-0.1,-0.4,-0.1625,-0.188405797101449,-0.0711711711711711
"703",3,3,0.4,0.3,1.8,4,4,0,-0.1,-0.25,0.05,0.0277777777777778,-0.0750000000000001
"703",4,3,0.25,0.15,0.7,2.35,3.35,-1,-0.1,-0.4,0.9,1.28571428571429,-0.291203556684662
"704",3,3,0.25,0.15,1.8,3.85,3.55,0,-0.1,-0.4,-0.1,-0.0555555555555556,-0.0680446314249131
"704",5,5,0.55,0.5,0.675,3.25,3.7,0,-0.0500000000000001,-0.0909090909090911,0.125,0.185185185185185,-0.170478170478171
"704",3,3,0.55,0.5,1.1,2.75,3,0,-0.05,-0.090909090909091,0.15,0.136363636363636,-0.1
"704",4,4,0.25,0.2,0.9,2.95,3.8,0,-0.0499999999999999,-0.2,0.3,0.333333333333333,-0.128456735057984
"704",4,4,0.4,0.4,1.1,3.7,4,0,-5.55111512312578e-17,-1.38777878078145e-16,0.0999999999999999,0.0909090909090908,-0.0324324324324324
"704",3,3,0.25,0.25,1.475,3.2,3.25,0,5.55111512312578e-17,2.22044604925031e-16,0.0249999999999999,0.0169491525423728,-0.00360576923076916
"704",5,4,0.4,0.4,1.1,4.8,4,-1,0,0,0.0999999999999999,0.0909090909090908,-0.0166666666666666
"704",4,5,0.25,0.2,0.783333333333333,2.6,4,1,-0.05,-0.2,0.166666666666667,0.212765957446808,-0.134615384615385
"704",3,4,0.4,0.35,0.7,1.8,2.45,1,-0.05,-0.125,0,0,-0.0952380952380952
"704",5,5,0.55,0.35,0.7,3.35,3.15,0,-0.2,-0.363636363636364,0,0,-0.265339966832504
"704",3,3,0.25,0.2,1.4,3.05,4.6,0,-0.05,-0.2,0.8,0.571428571428572,-0.115466856735567
"704",4,4,0.25,0.3,0.466666666666667,1.65,1.8,0,0.05,0.2,0.0333333333333333,0.0714285714285714,0.0606060606060607
"704",5,4,0.4,0.4,0.525,2.5,2.5,-1,-5.55111512312578e-17,-1.38777878078145e-16,0.175,0.333333333333333,-0.16
"704",5,5,0.25,0.25,0.9,3.85,3.65,0,0,0,-0.05,-0.0555555555555556,0.0177904287493328
"704",4,5,0.4,0.3,0.6,2.2,3.5,1,-0.1,-0.25,0.2,0.333333333333333,-0.298701298701299
"704",4,5,0.25,0.25,0.6,2.05,2.85,1,5.55111512312578e-17,2.22044604925031e-16,0.0500000000000002,0.0833333333333336,-0.0492083868207103
"704",5,6,0.25,0.2,1.1,4.65,5.2,1,-0.0499999999999999,-0.2,-0.1,-0.090909090909091,-0.0380479735318444
"704",3,4,0.55,0.4,0.9,2.35,2.8,1,-0.15,-0.272727272727273,-0.1,-0.111111111111111,-0.130699088145897
"704",4,4,0.25,0.2,0.733333333333333,2.45,2.6,0,-0.0499999999999999,-0.2,0.0666666666666667,0.0909090909090909,-0.100470957613815
"704",4,5,0.25,0.2,1.1,3.55,2.6,1,-0.0499999999999999,-0.2,-0.5,-0.454545454545455,0.102925243770314
"704",3,4,0.55,0.35,0.7,1.95,2.45,1,-0.2,-0.363636363636364,0,0,-0.274725274725275
"704",3,3,0.4,0.45,1.1,2.6,2.65,0,0.0499999999999999,0.125,0,0,0.0478955007256893
"704",4,3,0.55,0.45,0.9,3.25,2.65,-1,-0.1,-0.181818181818182,0.2,0.222222222222222,-0.167489114658926
"704",5,5,0.55,0.4,0.825,3.85,3.4,0,-0.15,-0.272727272727273,-0.0750000000000001,-0.090909090909091,-0.126050420168067
"704",3,3,0.55,0.5,2.2,4.95,3.3,0,-0.05,-0.090909090909091,-0.8,-0.363636363636364,0.121212121212121
"704",4,4,0.25,0.25,0.7,2.35,3.55,0,5.55111512312578e-17,2.22044604925031e-16,0.4,0.571428571428572,-0.143841774048547
"704",3,3,0.4,0.35,2.2,4.8,3.35,0,-0.05,-0.125,-0.7,-0.318181818181818,0.0634328358208954
"704",3,3,0.25,0.3,0.9,2.05,3.3,0,0.05,0.2,0.6,0.666666666666667,-0.0931263858093127
"704",5,5,0.25,0.35,0.675,2.95,3.75,0,0.1,0.4,0.175,0.259259259259259,0.0429378531073447
"704",5,5,0.4,0.35,0.9,4,3.55,0,-0.05,-0.125,-0.1,-0.111111111111111,-0.00704225352112675
"704",4,5,0.4,0.5,0.466666666666667,1.8,2.9,1,0.1,0.25,0.133333333333333,0.285714285714286,-0.0268199233716475
"704",5,5,0.25,0.25,0.525,2.35,3.05,0,5.55111512312578e-17,2.22044604925031e-16,0.175,0.333333333333333,-0.122078828043251
"704",3,3,0.25,0.2,0.7,1.65,2,0,-0.0499999999999999,-0.2,0.2,0.285714285714286,-0.154545454545454
"704",3,3,0.55,0.3,1.8,4.15,2.9,0,-0.25,-0.454545454545455,-0.5,-0.277777777777778,-0.0872455338595763
"704",5,4,0.25,0.2,0.8625,3.7,3.5,-1,-0.05,-0.2,0.2375,0.27536231884058,-0.109266409266409
"704",4,4,0.55,0.55,0.7,2.65,2.95,0,0,0,0.1,0.142857142857143,-0.0844259673808764
"704",3,3,0.4,0.45,0.9,2.2,2.55,0,0.0499999999999999,0.125,0.15,0.166666666666667,-0.0160427807486632
"704",5,4,0.4,0.45,0.7,3.2,2.85,-1,0.0499999999999999,0.125,0.1,0.142857142857143,0.00657894736842091
"704",3,3,0.25,0.25,2.2,4.65,3.35,0,0,0,-0.65,-0.295454545454545,0.0625902744342802
"704",5,4,0.25,0.25,0.825,3.55,3.85,-1,5.55111512312578e-17,2.22044604925031e-16,0.375,0.454545454545455,-0.0923724163160782
"704",5,5,0.4,0.45,0.675,3.1,3.65,0,0.05,0.125,0.125,0.185185185185185,-0.0287229341581972
"704",3,3,0.55,0.45,1.4,3.35,2.65,0,-0.1,-0.181818181818182,-0.3,-0.214285714285714,0.016896648831315
"704",4,4,0.55,0.45,0.733333333333333,2.75,2.85,0,-0.1,-0.181818181818182,0.0666666666666668,0.0909090909090911,-0.168421052631579
"704",5,5,0.55,0.5,1.1,4.95,4.3,0,-0.0500000000000001,-0.0909090909090911,-0.15,-0.136363636363636,0.0258397932816536
"704",4,4,0.4,0.35,0.7,2.5,2.75,0,-0.05,-0.125,0.1,0.142857142857143,-0.130909090909091
"704",4,4,0.4,0.3,0.9,3.1,3.3,0,-0.1,-0.25,0.1,0.111111111111111,-0.152492668621701
"704",5,5,0.55,0.4,0.9,4.15,3.6,0,-0.15,-0.272727272727273,-0.1,-0.111111111111111,-0.107095046854083
"704",3,3,0.4,0.45,1.8,4,4.15,0,0.05,0.125,0.0500000000000003,0.0277777777777779,0.0253012048192771
"704",5,5,0.25,0.25,0.7,3.05,4.05,0,0,0,0.25,0.357142857142857,-0.101194090265128
"704",3,4,0.25,0.25,1.1,2.45,2.65,1,0,0,-0.3,-0.272727272727273,0.0712360415864459
"704",4,4,0.55,0.35,1.1,3.85,3.05,0,-0.2,-0.363636363636364,-0.2,-0.181818181818182,-0.112412177985948
"704",4,4,0.25,0.2,0.6,2.05,2.3,0,-0.0499999999999999,-0.2,0.1,0.166666666666667,-0.139978791092259
"704",5,4,0.25,0.15,0.525,2.35,2.25,-1,-0.0999999999999999,-0.4,0.175,0.333333333333333,-0.265248226950354
"704",4,4,0.55,0.35,0.7,2.65,2.45,0,-0.2,-0.363636363636364,0,0,-0.258760107816712
"704",5,4,0.25,0.2,0.675,2.95,2.6,-1,-0.0499999999999999,-0.2,0.125,0.185185185185185,-0.116036505867014
"704",3,4,0.25,0.15,2.2,4.65,5.55,1,-0.0999999999999999,-0.4,-0.4,-0.181818181818182,-0.053182214472537
"704",4,4,0.4,0.3,0.466666666666667,1.8,1.8,0,-0.1,-0.25,0.0333333333333333,0.0714285714285714,-0.222222222222222
"704",5,4,0.4,0.35,0.9,4,3.65,-1,-0.05,-0.125,0.2,0.222222222222222,-0.116438356164384
"704",5,5,0.25,0.2,0.7,3.05,3.4,0,-0.05,-0.2,0.1,0.142857142857143,-0.115718418514947
"704",4,5,0.4,0.3,0.6,2.2,2.7,1,-0.1,-0.25,-1.11022302462516e-16,-1.85037170770859e-16,-0.171717171717172
"704",3,3,0.55,0.4,2.2,4.95,5.2,0,-0.15,-0.272727272727273,0.2,0.0909090909090908,-0.102564102564103
"704",4,4,0.4,0.35,1.1,3.7,3.95,0,-0.05,-0.125,0.0999999999999999,0.0909090909090908,-0.078002052685597
"704",3,4,0.55,0.4,1.1,2.75,3.4,1,-0.15,-0.272727272727273,-0.1,-0.090909090909091,-0.129411764705882
"704",4,4,0.55,0.4,0.6,2.35,2.2,0,-0.15,-0.272727272727273,0,0,-0.20889748549323
"704",4,4,0.25,0.25,0.7,2.35,2.65,0,0,0,0.1,0.142857142857143,-0.0481734243275794
"704",5,5,0.25,0.2,0.825,3.55,4.6,0,-0.05,-0.2,0.275,0.333333333333334,-0.134721371708512
"704",4,5,0.4,0.25,0.9,3.1,2.65,1,-0.15,-0.375,-0.3,-0.333333333333333,-0.0444309190505173
"704",4,5,0.55,0.25,0.9,3.25,2.65,1,-0.3,-0.545454545454545,-0.3,-0.333333333333333,-0.20522496371553
"704",5,5,0.55,0.4,0.7,3.35,3.6,0,-0.15,-0.272727272727273,0.1,0.142857142857143,-0.265339966832504
"704",5,5,0.25,0.2,0.8625,3.7,3.6,0,-0.0499999999999999,-0.2,-0.0125000000000001,-0.0144927536231885,-0.0600600600600599
"704",4,5,0.25,0.2,1.1,3.55,3.8,1,-0.05,-0.2,-0.2,-0.181818181818182,-0.0185322461082283
"704",3,4,0.25,0.2,0.9,2.05,3.2,1,-0.0499999999999999,-0.2,0.1,0.111111111111111,-0.115853658536585
"704",4,5,0.25,0.2,0.466666666666667,1.65,2.6,1,-0.0499999999999999,-0.2,0.133333333333333,0.285714285714286,-0.221445221445221
"704",3,3,0.4,0.25,1.8,4,3.85,0,-0.15,-0.375,2.22044604925031e-16,1.2335811384724e-16,-0.105194805194805
"704",5,5,0.55,0.4,0.675,3.25,3.6,0,-0.15,-0.272727272727273,0.125,0.185185185185185,-0.290598290598291
"704",5,5,0.4,0.35,0.675,3.1,3.15,0,-0.05,-0.125,0.0249999999999999,0.0370370370370369,-0.089605734767025
"704",5,6,0.55,0.35,1.1,4.95,4.35,1,-0.2,-0.363636363636364,-0.3,-0.272727272727273,-0.0727969348659004
"704",5,6,0.55,0.35,0.9,4.15,4.35,1,-0.2,-0.363636363636364,-0.1,-0.111111111111111,-0.179891981719983
"704",4,4,0.55,0.45,0.733333333333333,2.75,2.85,0,-0.1,-0.181818181818182,0.0666666666666668,0.0909090909090911,-0.168421052631579
"704",5,5,0.4,0.45,0.525,2.5,2.85,0,0.05,0.125,0.075,0.142857142857143,-0.0105263157894737
"704",3,3,0.25,0.2,1.1,2.45,3.7,0,-0.0499999999999999,-0.2,0.65,0.590909090909091,-0.14396028681743
"704",3,3,0.55,0.4,1.8,4.15,3.6,0,-0.15,-0.272727272727273,-0.2,-0.111111111111111,-0.0642570281124498
"704",3,3,0.25,0.2,1.8,3.85,3.8,0,-0.05,-0.2,0,0,-0.0369104579630895
"704",4,3,0.25,0.2,0.733333333333333,2.45,3.6,-1,-0.05,-0.2,0.966666666666667,1.31818181818182,-0.241496598639456
"704",3,3,0.25,0.2,1.4,3.05,3.8,0,-0.05,-0.2,0.4,0.285714285714286,-0.088006902502157
"704",3,3,0.25,0.25,1.475,3.2,4.05,0,5.55111512312578e-17,2.22044604925031e-16,0.425,0.288135593220339,-0.0491898148148147
"704",5,6,0.25,0.2,0.9,3.85,5.7,1,-0.05,-0.2,0.2,0.222222222222222,-0.114149008885851
"704",4,5,0.4,0.35,0.7,2.5,3.55,1,-0.05,-0.125,0.1,0.142857142857143,-0.147042253521127
"704",3,4,0.4,0.35,0.9,2.2,2.45,1,-0.05,-0.125,-0.2,-0.222222222222222,0.025974025974026
"704",4,4,0.25,0.25,0.783333333333333,2.6,2.35,0,0,0,-0.0833333333333334,-0.106382978723404,0.0409165302782325
"704",5,5,0.4,0.35,1.1,4.8,3.35,0,-0.05,-0.125,-0.35,-0.318181818181818,0.105721393034826
"704",4,5,0.25,0.2,0.9,2.95,4,1,-0.05,-0.2,0.0499999999999999,0.0555555555555555,-0.0889830508474576
"704",3,3,0.4,0.3,2.2,4.8,4.2,0,-0.1,-0.25,-0.25,-0.113636363636364,-0.0357142857142858
"704",5,5,0.55,0.4,0.825,3.85,3.8,0,-0.15,-0.272727272727273,0.0249999999999999,0.0303030303030302,-0.18796992481203
"704",3,4,0.55,0.5,0.9,2.35,3.5,1,-0.05,-0.090909090909091,0.1,0.111111111111111,-0.130699088145897
"704",3,4,0.55,0.55,1.4,3.35,3.55,1,0,0,-0.4,-0.285714285714286,0.127180996426319
"704",3,3,0.4,0.45,0.7,1.8,2.15,0,0.0499999999999999,0.125,0.15,0.214285714285714,-0.0387596899224807
"704",4,4,0.55,0.45,1.1,3.85,2.85,0,-0.1,-0.181818181818182,-0.3,-0.272727272727273,0.0601503759398495
"704",3,4,0.25,0.25,0.7,1.65,2.35,1,5.55111512312578e-17,2.22044604925031e-16,0,0,-0.0290135396518374
"704",3,3,0.55,0.45,0.7,1.95,2.45,0,-0.1,-0.181818181818182,0.3,0.428571428571429,-0.295133437990581
"704",5,5,0.25,0.2,1.1,4.65,4.2,0,-0.05,-0.2,-0.1,-0.090909090909091,-0.0307219662058372
"704",5,5,0.4,0.25,0.7,3.2,3.25,0,-0.15,-0.375,0.05,0.0714285714285715,-0.240384615384615
"704",3,3,0.4,0.25,1.1,2.6,2.25,0,-0.15,-0.375,-0.1,-0.090909090909091,-0.128205128205128
"704",4,4,0.4,0.5,0.6,2.2,2.6,0,0.1,0.25,0.0999999999999999,0.166666666666666,0.0419580419580421
"704",5,5,0.4,0.35,0.525,2.5,2.55,0,-0.05,-0.125,0.025,0.0476190476190477,-0.113725490196079
"704",4,5,0.4,0.4,0.9,3.1,3.4,1,-5.55111512312578e-17,-1.38777878078145e-16,-0.15,-0.166666666666667,0.0721062618595825
"704",5,6,0.4,0.4,0.9,4,4.4,1,-5.55111512312578e-17,-1.38777878078145e-16,-0.1,-0.111111111111111,0.0454545454545454
"704",5,6,0.55,0.4,1.1,4.95,4.4,1,-0.15,-0.272727272727273,-0.3,-0.272727272727273,-0.0101010101010102
"704",4,6,0.4,0.35,0.7,2.5,3.85,2,-0.05,-0.125,0,0,-0.0945454545454547
"704",3,3,0.55,0.4,1.8,4.15,3,0,-0.15,-0.272727272727273,-0.5,-0.277777777777778,0.00240963855421683
"704",3,3,0.55,0.4,2.2,4.95,4.1,0,-0.15,-0.272727272727273,-0.35,-0.159090909090909,-0.0406504065040652
"704",4,3,0.55,0.5,0.7,2.65,2.2,-1,-0.0500000000000001,-0.0909090909090911,0.15,0.214285714285714,-0.148370497427101
"704",3,3,0.55,0.45,1.4,3.35,3.75,0,-0.1,-0.181818181818182,0.25,0.178571428571429,-0.132537313432836
"704",3,3,0.4,0.45,0.7,1.8,1.75,0,0.0499999999999999,0.125,-0.0499999999999999,-0.0714285714285713,0.104761904761905
"704",4,4,0.25,0.25,0.6,2.05,2.65,0,5.55111512312578e-17,2.22044604925031e-16,0.2,0.333333333333334,-0.110446387482743
"704",3,4,0.55,0.35,0.9,2.35,2.45,1,-0.2,-0.363636363636364,-0.2,-0.222222222222222,-0.130699088145897
"704",3,4,0.25,0.25,0.7,1.65,2.05,1,5.55111512312578e-17,2.22044604925031e-16,-0.1,-0.142857142857143,0.0332594235033261
"704",3,4,0.4,0.3,2.2,4.8,3,1,-0.1,-0.25,-1.3,-0.590909090909091,0.15
"704",5,5,0.25,0.25,1.1,4.65,4.05,0,0,0,-0.15,-0.136363636363636,0.0398247710075668
"704",4,5,0.4,0.3,0.466666666666667,1.8,2.3,1,-0.1,-0.25,0.0333333333333333,0.0714285714285714,-0.236714975845411
"704",5,6,0.25,0.2,0.9,3.85,4.2,1,-0.05,-0.2,-0.1,-0.111111111111111,-0.0389610389610389
"704",3,3,0.4,0.3,1.8,4,3.5,0,-0.1,-0.25,-0.2,-0.111111111111111,-0.0428571428571429
"704",3,4,0.4,0.25,1.1,2.6,3.55,1,-0.15,-0.375,0,0,-0.179848320693391
"704",4,4,0.55,0.45,0.9,3.25,3.75,0,-0.1,-0.181818181818182,0.2,0.222222222222222,-0.196923076923077
"704",3,3,0.55,0.25,1.1,2.75,2.65,0,-0.3,-0.545454545454545,0.0999999999999999,0.0909090909090908,-0.316981132075472
"704",4,4,0.4,0.25,1.1,3.7,3.25,0,-0.15,-0.375,-0.1,-0.090909090909091,-0.124740124740125
"704",5,5,0.4,0.35,0.7,3.2,3.35,0,-0.05,-0.125,0.05,0.0714285714285715,-0.102611940298507
"704",4,5,0.55,0.4,0.733333333333333,2.75,3.2,1,-0.15,-0.272727272727273,-0.0333333333333333,-0.0454545454545454,-0.175
"704",4,5,0.25,0.15,0.7,2.35,3.35,1,-0.0999999999999999,-0.4,0.1,0.142857142857143,-0.201651317878692
"704",3,5,0.25,0.15,1.475,3.2,3.95,2,-0.1,-0.4,-0.525,-0.355932203389831,-0.044501582278481
"704",3,4,0.25,0.15,0.9,2.05,3.15,1,-0.1,-0.4,0.1,0.111111111111111,-0.175377468060395
"704",3,4,0.25,0.15,1.8,3.85,3.75,1,-0.1,-0.4,-0.6,-0.333333333333333,-0.0348051948051948
"704",3,5,0.25,0.15,2.2,4.65,4.95,2,-0.1,-0.4,-1,-0.454545454545455,-0.00977517106549364
"704",5,5,0.55,0.3,0.675,3.25,3.3,0,-0.25,-0.454545454545455,0.075,0.111111111111111,-0.391608391608392
"704",3,3,0.55,0.45,0.7,1.95,2.05,0,-0.1,-0.181818181818182,0.1,0.142857142857143,-0.187617260787993
"704",3,3,0.25,0.25,1.4,3.05,3.05,0,0,0,0,0,0
"704",4,4,0.25,0.3,0.466666666666667,1.65,2.1,0,0.05,0.2,0.133333333333333,0.285714285714286,-0.0346320346320345
"704",5,5,0.25,0.3,0.8625,3.7,3.1,0,0.05,0.2,-0.1625,-0.188405797101449,0.146033129904098
"704",3,5,0.25,0.25,1.1,2.45,3.25,2,0,0,-0.35,-0.318181818181818,0.0784929356357928
"704",4,5,0.25,0.25,0.783333333333333,2.6,3.05,1,5.55111512312578e-17,2.22044604925031e-16,-0.0833333333333334,-0.106382978723404,0.025220680958386
"704",4,5,0.55,0.35,1.1,3.85,3.55,1,-0.2,-0.363636363636364,-0.3,-0.272727272727273,-0.0784708249496982
"704",4,4,0.55,0.45,0.6,2.35,2.25,0,-0.1,-0.181818181818182,0,0,-0.136170212765958
"704",5,5,0.55,0.45,0.7,3.35,3.05,0,-0.1,-0.181818181818182,-0.0499999999999999,-0.0714285714285713,-0.0831906043552728
"704",5,5,0.25,0.15,0.675,2.95,3.75,0,-0.0999999999999999,-0.4,0.225,0.333333333333333,-0.223728813559322
"704",5,5,0.25,0.2,0.825,3.55,3.8,0,-0.05,-0.2,0.0750000000000001,0.090909090909091,-0.088954781319496
"704",3,4,0.4,0.25,0.9,2.2,3.25,1,-0.15,-0.375,0.1,0.111111111111111,-0.237762237762238
"704",5,5,0.25,0.2,0.525,2.35,3.6,0,-0.05,-0.2,0.325,0.619047619047619,-0.254137115839243
"704",5,5,0.4,0.3,0.675,3.1,2.9,0,-0.1,-0.25,-0.025,-0.0370370370370371,-0.127919911012236
"704",5,5,0.25,0.25,0.7,3.05,3.65,0,5.55111512312578e-17,2.22044604925031e-16,0.15,0.214285714285714,-0.0673703121491129
"704",4,6,0.25,0.2,1.1,3.55,3.7,2,-0.05,-0.2,-0.4,-0.363636363636364,0.042634183479254
"704",4,4,0.25,0.15,0.9,2.95,2.85,0,-0.1,-0.4,0,0,-0.128456735057984
"704",5,6,0.55,0.35,0.9,4.15,3.35,1,-0.2,-0.363636363636364,-0.3,-0.333333333333333,-0.0357849307678475
"704",5,5,0.55,0.45,0.825,3.85,3.25,0,-0.1,-0.181818181818182,-0.125,-0.151515151515152,-0.021978021978022
"704",5,5,0.4,0.45,1.1,4.8,4.85,0,0.0499999999999999,0.125,0,0,0.0472508591065292
"704",4,4,0.25,0.25,0.733333333333333,2.45,2.95,0,0,0,0.166666666666667,0.227272727272727,-0.0691802144586648
"704",3,3,0.25,0.3,0.9,2.05,2,0,0.05,0.2,-0.05,-0.0555555555555556,0.0841463414634147
"704",3,3,0.4,0.45,0.7,1.8,2.15,0,0.0499999999999999,0.125,0.15,0.214285714285714,-0.0387596899224807
"704",4,4,0.4,0.3,1.1,3.7,3.6,0,-0.1,-0.25,0,0,-0.0990990990990991
"704",5,4,0.25,0.35,0.7,3.05,4.25,-1,0.1,0.4,0.6,0.857142857142857,-0.0804243008678882
"704",3,3,0.4,0.3,1.8,4,4.1,0,-0.1,-0.25,0.1,0.0555555555555556,-0.0804878048780488
"704",3,3,0.25,0.25,1.8,3.85,4.45,0,0,0,0.3,0.166666666666667,-0.0262658689624982
"704",3,3,0.55,0.25,1.8,4.15,4.65,0,-0.3,-0.545454545454545,0.4,0.222222222222222,-0.236300038865138
"704",5,5,0.4,0.3,0.675,3.1,3.5,0,-0.1,-0.25,0.125,0.185185185185185,-0.216589861751152
"704",3,4,0.25,0.3,1.1,2.45,3,1,0.05,0.2,-0.2,-0.181818181818182,0.0938775510204083
"704",4,4,0.55,0.45,0.7,2.65,2.85,0,-0.1,-0.181818181818182,0.1,0.142857142857143,-0.198609731876862
"704",4,5,0.25,0.3,0.466666666666667,1.65,3.1,1,0.05,0.2,0.233333333333333,0.5,-0.122189638318671
"704",4,4,0.25,0.3,0.783333333333333,2.6,2.7,0,0.05,0.2,0.0166666666666667,0.0212765957446809,0.0598290598290599
"704",3,4,0.25,0.2,0.7,1.65,2.6,1,-0.05,-0.2,0.1,0.142857142857143,-0.146853146853147
"704",3,4,0.25,0.2,1.4,3.05,3.8,1,-0.05,-0.2,-0.2,-0.142857142857143,-0.0353753235547886
"704",3,3,0.4,0.35,1.1,2.6,2.45,0,-0.05,-0.125,-0.05,-0.0454545454545455,-0.032967032967033
"704",5,5,0.25,0.25,1.1,4.65,4.65,0,0,0,0,0,0
"704",3,3,0.55,0.35,1.4,3.35,2.95,0,-0.2,-0.363636363636364,-0.0999999999999999,-0.0714285714285713,-0.136605110043005
"704",5,5,0.55,0.45,0.825,3.85,4.25,0,-0.1,-0.181818181818182,0.125,0.151515151515151,-0.184873949579832
"704",4,6,0.25,0.4,0.9,2.95,4.4,2,0.15,0.6,-0.1,-0.111111111111111,0.206471494607088
"704",4,5,0.55,0.55,0.9,3.25,4.35,1,0,0,0.0499999999999999,0.0555555555555555,-0.0447391688770999
"704",3,4,0.55,0.5,2.2,4.95,4.4,1,-0.0500000000000001,-0.0909090909090911,-0.9,-0.409090909090909,0.121212121212121
"704",5,5,0.4,0.5,0.7,3.2,3.1,0,0.1,0.25,-0.0499999999999999,-0.0714285714285713,0.181451612903226
"704",3,4,0.4,0.4,0.9,2.2,3.4,1,0,0,0.1,0.111111111111111,-0.0748663101604278
"704",3,3,0.55,0.4,0.9,2.35,2.3,0,-0.15,-0.272727272727273,0.0499999999999999,0.0555555555555555,-0.180388529139686
"704",5,4,0.25,0.25,0.675,2.95,2.95,-1,0,0,0.225,0.333333333333333,-0.0847457627118644
"704",5,4,0.55,0.55,0.9,4.15,3.25,-1,-1.11022302462516e-16,-2.01858731750028e-16,0,0,0.0142724745134384
"704",3,4,0.25,0.3,2.2,4.65,5.1,1,0.05,0.2,-0.6,-0.272727272727273,0.0740037950664136
"704",5,5,0.4,0.3,0.9,4,4.3,0,-0.1,-0.25,0.1,0.111111111111111,-0.151162790697674
"704",5,5,0.55,0.55,0.7,3.35,3.95,0,0,0,0.15,0.214285714285714,-0.12469299074249
"704",4,5,0.55,0.45,1.1,3.85,3.85,1,-0.1,-0.181818181818182,-0.25,-0.227272727272727,0.0129870129870131
"704",3,4,0.25,0.25,1.475,3.2,3.55,1,0,0,-0.375,-0.254237288135593,0.0473151408450704
"704",5,4,0.4,0.25,1.1,4.8,3.25,-1,-0.15,-0.375,-0.1,-0.090909090909091,-0.108974358974359
"704",5,5,0.25,0.2,0.9,3.85,3.8,0,-0.05,-0.2,0,0,-0.0615174299384826
"704",3,3,0.55,0.3,0.7,1.95,1.9,0,-0.25,-0.454545454545455,0.1,0.142857142857143,-0.372469635627531
"704",4,4,0.55,0.4,0.733333333333333,2.75,2.5,0,-0.15,-0.272727272727273,-0.0333333333333333,-0.0454545454545454,-0.16
"704",4,4,0.4,0.4,0.466666666666667,1.8,2.2,0,0,0,0.133333333333333,0.285714285714286,-0.161616161616162
"704",5,5,0.25,0.25,0.525,2.35,2.85,0,0,0,0.125,0.238095238095238,-0.0933184023889511
"704",3,4,0.4,0.4,2.2,4.8,4,1,0,0,-1,-0.454545454545454,0.15
"704",4,5,0.55,0.5,0.6,2.35,2.9,1,-0.05,-0.090909090909091,0,0,-0.074101247248716
"704",4,5,0.25,0.2,1.1,3.55,4,1,-0.0499999999999999,-0.2,-0.15,-0.136363636363636,-0.0316901408450703
"704",4,5,0.4,0.25,0.9,3.1,3.65,1,-0.15,-0.375,-0.05,-0.0555555555555556,-0.173663278833407
"704",5,5,0.4,0.5,0.525,2.5,3.3,0,0.1,0.25,0.175,0.333333333333333,-0.0424242424242425
"704",4,5,0.25,0.3,0.733333333333333,2.45,3.7,1,0.05,0.2,0.116666666666667,0.159090909090909,-0.00275785990071697
"704",4,5,0.4,0.4,0.6,2.2,3,1,0,0,0.0499999999999999,0.0833333333333332,-0.0606060606060607
"704",5,5,0.55,0.6,0.675,3.25,3.6,0,0.0499999999999999,0.0909090909090908,0.075,0.111111111111111,-0.0128205128205129
"704",4,4,0.4,0.3,0.7,2.5,2.4,0,-0.1,-0.25,0,0,-0.14
"704",5,5,0.55,0.5,1.1,4.95,4.3,0,-0.0500000000000001,-0.0909090909090911,-0.15,-0.136363636363636,0.0258397932816536
"704",5,5,0.25,0.25,0.8625,3.7,4.85,0,0,0,0.2875,0.333333333333333,-0.0801058790749512
"704",5,6,0.25,0.2,0.825,3.55,3.7,1,-0.0499999999999999,-0.2,-0.125,-0.151515151515152,-0.0277883517320137
"704",3,3,0.55,0.45,1.1,2.75,3.45,0,-0.1,-0.181818181818182,0.4,0.363636363636364,-0.208695652173913
"704",4,4,0.25,0.25,0.7,2.35,2.95,0,5.55111512312578e-17,2.22044604925031e-16,0.2,0.285714285714286,-0.0865488640461594
"704",4,4,0.25,0.3,0.6,2.05,3,0,0.05,0.2,0.3,0.5,-0.0878048780487805
"704",5,5,0.55,0.35,0.7,3.35,3.35,0,-0.2,-0.363636363636364,0.05,0.0714285714285715,-0.298507462686567
"704",5,5,0.4,0.3,0.7,3.2,3.7,0,-0.1,-0.25,0.15,0.214285714285714,-0.219594594594595
"704",3,4,0.55,0.4,0.9,2.35,2.5,1,-0.15,-0.272727272727273,-0.2,-0.222222222222222,-0.062127659574468
"704",3,4,0.25,0.25,2.2,4.65,3.85,1,5.55111512312578e-17,2.22044604925031e-16,-1,-0.454545454545455,0.0984499371596147
"704",4,4,0.4,0.35,0.7,2.5,2.75,0,-0.05,-0.125,0.1,0.142857142857143,-0.130909090909091
"704",5,5,0.55,0.35,1.1,4.95,3.95,0,-0.2,-0.363636363636364,-0.2,-0.181818181818182,-0.112517580872011
"704",5,5,0.55,0.35,0.9,4.15,4.15,0,-0.2,-0.363636363636364,0.0499999999999999,0.0555555555555555,-0.240963855421687
"704",3,4,0.55,0.4,2.2,4.95,4.3,1,-0.15,-0.272727272727273,-0.9,-0.409090909090909,0.0387596899224805
"704",3,3,0.4,0.3,0.7,1.8,1.8,0,-0.1,-0.25,0.05,0.0714285714285715,-0.166666666666667
"704",5,5,0.25,0.25,0.8625,3.7,3.05,0,5.55111512312578e-17,2.22044604925031e-16,-0.1625,-0.188405797101449,0.0719982277359328
"704",3,4,0.25,0.3,0.9,2.05,2.4,1,0.05,0.2,-0.2,-0.222222222222222,0.134146341463415
"704",4,5,0.25,0.25,0.733333333333333,2.45,3.25,1,5.55111512312578e-17,2.22044604925031e-16,0.0166666666666666,0.0227272727272726,-0.0235478806907377
"704",3,4,0.25,0.2,1.475,3.2,4.4,1,-0.05,-0.2,-0.0750000000000002,-0.0508474576271188,-0.0525568181818181
"704",3,4,0.55,0.4,1.1,2.75,2.8,1,-0.15,-0.272727272727273,-0.3,-0.272727272727273,-0.0285714285714287
"704",4,4,0.25,0.25,0.6,2.05,2.65,0,5.55111512312578e-17,2.22044604925031e-16,0.2,0.333333333333334,-0.110446387482743
"704",4,4,0.25,0.2,0.783333333333333,2.6,2.6,0,-0.0499999999999999,-0.2,0.0166666666666667,0.0212765957446809,-0.0769230769230769
"704",4,4,0.25,0.2,0.466666666666667,1.65,2,0,-0.05,-0.2,0.133333333333333,0.285714285714286,-0.206060606060606
"704",3,4,0.4,0.25,2.2,4.8,5.65,1,-0.15,-0.375,-0.4,-0.181818181818182,-0.0730088495575222
"704",5,5,0.4,0.45,0.675,3.1,4.25,0,0.05,0.125,0.275,0.407407407407407,-0.115749525616698
"704",5,6,0.25,0.3,0.525,2.35,3.3,1,0.05,0.2,0.075,0.142857142857143,0.0135396518375241
"704",4,4,0.4,0.3,0.6,2.2,2.4,0,-0.1,-0.25,0.0999999999999999,0.166666666666666,-0.227272727272727
"704",3,5,0.25,0.2,1.4,3.05,3,2,-0.0499999999999999,-0.2,-0.7,-0.5,0.0874316939890712
"704",5,5,0.55,0.4,0.825,3.85,4.2,0,-0.15,-0.272727272727273,0.125,0.151515151515151,-0.238095238095238
"704",5,6,0.25,0.25,1.1,4.65,6.25,1,0,0,0.0999999999999999,0.0909090909090908,-0.0288172043010753
"704",4,5,0.25,0.25,1.1,3.55,4.05,1,5.55111512312578e-17,2.22044604925031e-16,-0.15,-0.136363636363636,0.0269518344635717
"704",4,4,0.25,0.2,0.7,2.35,2.9,0,-0.05,-0.2,0.2,0.285714285714286,-0.1496698459281
"704",5,5,0.25,0.25,0.7,3.05,3.85,0,0,0,0.2,0.285714285714286,-0.0851607408984458
"704",3,3,0.55,0.4,1.4,3.35,2.8,0,-0.15,-0.272727272727273,-0.2,-0.142857142857143,-0.0639658848614073
"704",4,4,0.55,0.5,0.7,2.65,2.9,0,-0.0500000000000001,-0.0909090909090911,0.1,0.142857142857143,-0.14053350683149
"704",3,3,0.4,0.4,1.8,4,3.6,0,0,0,-0.2,-0.111111111111111,0.0333333333333333
"704",5,5,0.25,0.25,0.9,3.85,4.25,0,0,0,0.1,0.111111111111111,-0.0305576776165011
"704",4,5,0.55,0.4,0.6,2.35,2.6,1,-0.15,-0.272727272727273,-0.0499999999999999,-0.0833333333333332,-0.166939443535188
"704",3,4,0.25,0.25,0.7,1.65,2.35,1,5.55111512312578e-17,2.22044604925031e-16,0,0,-0.0290135396518374
"704",5,5,0.25,0.2,0.825,3.55,4,0,-0.0499999999999999,-0.2,0.125,0.151515151515152,-0.102112676056338
"704",3,3,0.55,0.3,1.8,4.15,3.5,0,-0.25,-0.454545454545455,-0.2,-0.111111111111111,-0.140447504302926
"704",5,5,0.4,0.4,0.525,2.5,3.8,0,-5.55111512312578e-17,-1.38777878078145e-16,0.325,0.619047619047619,-0.273684210526316
"704",4,5,0.55,0.5,0.733333333333333,2.75,3.3,1,-0.05,-0.090909090909091,-0.0333333333333333,-0.0454545454545454,-0.0424242424242425
"704",3,4,0.4,0.45,0.9,2.2,3.45,1,0.0499999999999999,0.125,0.1,0.111111111111111,-0.023715415019763
"704",3,4,0.25,0.25,1.1,2.45,2.65,1,0,0,-0.3,-0.272727272727273,0.0712360415864459
"704",3,4,0.25,0.2,1.8,3.85,4.1,1,-0.05,-0.2,-0.5,-0.277777777777778,0.00031675641431736
"704",4,5,0.55,0.45,0.9,3.25,4.25,1,-0.1,-0.181818181818182,0.0499999999999999,0.0555555555555555,-0.147511312217195
"704",3,3,0.55,0.45,0.7,1.95,2.55,0,-0.1,-0.181818181818182,0.35,0.5,-0.316742081447964
"704",5,4,0.55,0.45,0.675,3.25,2.85,-1,-0.1,-0.181818181818182,0.125,0.185185185185185,-0.214574898785425
"704",4,4,0.55,0.45,1.1,3.85,3.75,0,-0.1,-0.181818181818182,0,0,-0.0914285714285714
"704",5,5,0.4,0.45,0.9,4,3.65,0,0.0499999999999999,0.125,-0.1,-0.111111111111111,0.116438356164383
"704",4,5,0.4,0.45,0.9,3.1,3.85,1,0.05,0.125,-0.05,-0.0555555555555556,0.0682865521575199
"704",4,5,0.4,0.4,1.1,3.7,5,1,0,0,0.0499999999999998,0.0454545454545453,-0.0324324324324324
"704",5,5,0.25,0.3,0.675,2.95,3.9,0,0.05,0.2,0.225,0.333333333333333,-0.0391134289439374
"704",4,5,0.4,0.35,0.466666666666667,1.8,2.55,1,-0.05,-0.125,0.0833333333333334,0.178571428571429,-0.202614379084967
"704",3,4,0.4,0.3,1.1,2.6,2.1,1,-0.1,-0.25,-0.5,-0.454545454545455,0.10989010989011
"704",4,5,0.25,0.15,0.9,2.95,2.75,1,-0.0999999999999999,-0.4,-0.25,-0.277777777777778,-0.0662557781201847
"704",5,6,0.4,0.3,1.1,4.8,5.3,1,-0.1,-0.25,-0.1,-0.090909090909091,-0.0770440251572326
"704",5,5,0.25,0.3,0.675,2.95,3.5,0,0.05,0.2,0.125,0.185185185185185,0.00484261501210664
"704",5,4,0.55,0.5,0.7,3.35,2.9,-1,-0.05,-0.090909090909091,0.1,0.142857142857143,-0.131240349974267
"704",5,5,0.25,0.2,1.1,4.65,4,0,-0.05,-0.2,-0.15,-0.136363636363636,-0.0188172043010753
"704",4,4,0.25,0.25,0.466666666666667,1.65,2.35,0,0,0,0.233333333333333,0.5,-0.180528691166989
"704",5,5,0.55,0.4,0.825,3.85,4,0,-0.15,-0.272727272727273,0.075,0.0909090909090908,-0.214285714285714
"704",3,3,0.55,0.5,0.9,2.35,2.7,0,-0.0500000000000001,-0.0909090909090911,0.2,0.222222222222222,-0.146572104018913
"704",5,4,0.4,0.45,0.7,3.2,3.45,-1,0.05,0.125,0.3,0.428571428571429,-0.103260869565217
"704",3,3,0.55,0.5,1.1,2.75,2.9,0,-0.05,-0.090909090909091,0.0999999999999999,0.0909090909090908,-0.0827586206896552
"704",4,3,0.55,0.55,0.7,2.65,2.55,-1,-1.11022302462516e-16,-2.01858731750028e-16,0.3,0.428571428571429,-0.183129855715871
"704",4,4,0.25,0.15,0.783333333333333,2.6,2.55,0,-0.1,-0.4,0.0166666666666667,0.0212765957446809,-0.149321266968326
"704",4,4,0.4,0.35,0.7,2.5,3.05,0,-0.05,-0.125,0.2,0.285714285714286,-0.180983606557377
"704",5,4,0.55,0.4,1.1,4.95,4,-1,-0.15,-0.272727272727273,0.0999999999999999,0.0909090909090908,-0.155555555555556
"704",5,5,0.55,0.4,0.9,4.15,4.2,0,-0.15,-0.272727272727273,0.0499999999999999,0.0555555555555555,-0.186460126219162
"704",3,4,0.25,0.3,2.2,4.65,4.5,1,0.05,0.2,-0.8,-0.363636363636364,0.105376344086022
"704",3,4,0.25,0.2,0.9,2.05,2.9,1,-0.0499999999999999,-0.2,0,0,-0.0899915895710681
"704",4,5,0.55,0.35,0.9,3.25,3.75,1,-0.2,-0.363636363636364,-0.05,-0.0555555555555556,-0.21025641025641
"704",4,5,0.4,0.3,0.9,3.1,3.9,1,-0.1,-0.25,0,0,-0.13151364764268
"704",4,5,0.25,0.3,0.6,2.05,2.9,1,0.05,0.2,0.0500000000000002,0.0833333333333336,0.0294365012615643
"704",5,6,0.4,0.25,0.525,2.5,2.75,1,-0.15,-0.375,-0.025,-0.0476190476190477,-0.254545454545454
"704",3,3,0.25,0.2,1.4,3.05,3.9,0,-0.05,-0.2,0.45,0.321428571428572,-0.0920554854981085
"704",4,3,0.55,0.35,0.6,2.35,1.25,-1,-0.2,-0.363636363636364,-0.15,-0.25,-0.0961702127659576
"704",3,3,0.25,0.15,1.475,3.2,3.75,0,-0.1,-0.4,0.325,0.220338983050847,-0.114375
"704",4,4,0.4,0.2,1.1,3.7,3.8,0,-0.2,-0.5,0.0999999999999999,0.0909090909090908,-0.221906116642959
"704",5,5,0.4,0.3,1.1,4.8,4.1,0,-0.1,-0.25,-0.15,-0.136363636363636,-0.0508130081300812
"704",3,4,0.55,0.4,2.2,4.95,4,1,-0.15,-0.272727272727273,-1,-0.454545454545455,0.0666666666666667
"704",5,5,0.4,0.4,0.9,4,4.4,0,0,0,0.1,0.111111111111111,-0.0454545454545455
"704",3,3,0.4,0.3,1.1,2.6,2.4,0,-0.1,-0.25,-0.05,-0.0454545454545455,-0.0865384615384615
"704",5,5,0.25,0.25,0.7,3.05,3.65,0,0,0,0.15,0.214285714285714,-0.067370312149113
"704",3,3,0.55,0.35,1.4,3.35,2.75,0,-0.2,-0.363636363636364,-0.2,-0.142857142857143,-0.110719131614654
"704",5,5,0.4,0.35,0.675,3.1,3.75,0,-0.05,-0.125,0.175,0.259259259259259,-0.178494623655914
"704",4,4,0.4,0.4,0.6,2.2,2.2,0,0,0,-1.11022302462516e-16,-1.85037170770859e-16,1.11022302462516e-16
"704",5,5,0.25,0.25,0.8625,3.7,3.65,0,0,0,-0.0125000000000001,-0.0144927536231885,0.00462791558681969
"704",4,4,0.25,0.2,0.9,2.95,2.6,0,-0.05,-0.2,-0.1,-0.111111111111111,-0.03129074315515
"704",4,4,0.4,0.4,0.466666666666667,1.8,2.2,0,0,0,0.133333333333333,0.285714285714286,-0.161616161616162
"704",5,6,0.25,0.25,0.9,3.85,4.25,1,5.55111512312578e-17,2.22044604925031e-16,-0.1,-0.111111111111111,0.0282658517952636
"704",3,3,0.55,0.4,0.7,1.95,1.7,0,-0.15,-0.272727272727273,-0.0499999999999999,-0.0714285714285713,-0.14027149321267
"704",4,4,0.25,0.3,0.7,2.35,2.1,0,0.05,0.2,-0.1,-0.142857142857143,0.145896656534955
"704",3,3,0.55,0.45,1.8,4.15,4.05,0,-0.1,-0.181818181818182,0,0,-0.0642570281124498
"704",4,4,0.55,0.5,0.733333333333333,2.75,3.2,0,-0.0500000000000001,-0.0909090909090911,0.166666666666667,0.227272727272727,-0.175
"704",4,5,0.25,0.25,1.1,3.55,4.25,1,5.55111512312578e-17,2.22044604925031e-16,-0.1,-0.090909090909091,0.0124275062137532
"704",4,4,0.25,0.25,0.733333333333333,2.45,2.95,0,5.55111512312578e-17,2.22044604925031e-16,0.166666666666667,0.227272727272727,-0.0691802144586647
"704",5,5,0.55,0.4,0.675,3.25,3.2,0,-0.15,-0.272727272727273,0.0249999999999999,0.0370370370370369,-0.221153846153846
"704",5,6,0.25,0.2,0.825,3.55,3.2,1,-0.05,-0.2,-0.225,-0.272727272727273,0.022887323943662
"704",3,4,0.25,0.2,1.8,3.85,3.2,1,-0.0499999999999999,-0.2,-0.8,-0.444444444444444,0.0551948051948052
"704",3,4,0.25,0.2,1.1,2.45,3.5,1,-0.05,-0.2,0,0,-0.0775510204081632
"704",5,5,0.25,0.2,0.525,2.35,2.8,0,-0.05,-0.2,0.125,0.238095238095238,-0.174772036474164
"704",3,3,0.4,0.3,2.2,4.8,4,0,-0.1,-0.25,-0.35,-0.159090909090909,-0.025
"704",3,3,0.4,0.25,1.8,4,4.15,0,-0.15,-0.375,0.15,0.0833333333333334,-0.119277108433735
"704",3,3,0.4,0.35,0.7,1.8,2.15,0,-0.05,-0.125,0.2,0.285714285714286,-0.178294573643411
"704",4,4,0.55,0.45,1.1,3.85,2.55,0,-0.1,-0.181818181818182,-0.4,-0.363636363636364,0.134453781512605
"704",3,3,0.4,0.45,0.9,2.2,2.15,0,0.0499999999999999,0.125,-0.05,-0.0555555555555556,0.0824524312896405
"704",3,3,0.25,0.25,0.7,1.65,1.85,0,0,0,0.1,0.142857142857143,-0.0491400491400492
"705",4,4,0.4,0.35,1.1,3.7,2.15,0,-0.05,-0.125,-0.5,-0.454545454545455,0.218730358265242
"705",4,4,0.25,0.25,0.783333333333333,2.6,2.35,0,0,0,-0.0833333333333334,-0.106382978723404,0.0409165302782325
"705",5,5,0.4,0.3,0.525,2.5,2.5,0,-0.1,-0.25,0.025,0.0476190476190477,-0.2
"705",3,3,0.4,0.5,1.1,2.6,2.4,0,0.0999999999999999,0.25,-0.15,-0.136363636363636,0.163461538461538
"705",3,3,0.25,0.15,1.4,3.05,1.55,0,-0.0999999999999999,-0.4,-0.7,-0.5,0.0444209413008991
"705",4,4,0.4,0.35,0.6,2.2,2.15,0,-0.05,-0.125,-1.11022302462516e-16,-1.85037170770859e-16,-0.0761099365750528
"705",5,5,0.55,0.4,0.675,3.25,2.8,0,-0.15,-0.272727272727273,-0.0750000000000001,-0.111111111111111,-0.131868131868132
"705",4,4,0.55,0.45,0.9,3.25,2.55,0,-0.1,-0.181818181818182,-0.2,-0.222222222222222,0.0289592760180994
"705",4,4,0.25,0.25,0.466666666666667,1.65,2.05,0,0,0,0.133333333333333,0.285714285714286,-0.118255728011826
"705",3,3,0.55,0.45,1.8,4.15,2.55,0,-0.1,-0.181818181818182,-0.75,-0.416666666666667,0.131821403260099
"705",3,4,0.55,0.35,1.1,2.75,2.75,1,-0.2,-0.363636363636364,-0.3,-0.272727272727273,-0.0909090909090912
"705",5,6,0.55,0.4,0.9,4.15,3.4,1,-0.15,-0.272727272727273,-0.3,-0.333333333333333,0.043231750531538
"705",5,6,0.4,0.35,1.1,4.8,3.85,1,-0.05,-0.125,-0.4,-0.363636363636364,0.128787878787879
"705",5,5,0.4,0.4,0.7,3.2,3.2,0,0,0,0,0,0
"705",3,3,0.25,0.3,0.7,1.65,1.7,0,0.05,0.2,0,0,0.0748663101604278
"705",5,5,0.25,0.25,0.7,3.05,3.05,0,0,0,0,0,0
"705",3,3,0.4,0.4,1.8,4,3.8,0,-5.55111512312578e-17,-1.38777878078145e-16,-0.0999999999999999,-0.0555555555555555,0.0157894736842105
"705",3,3,0.25,0.2,2.2,4.65,3.5,0,-0.0499999999999999,-0.2,-0.55,-0.25,0.0101382488479263
"705",4,4,0.25,0.2,0.733333333333333,2.45,2.9,0,-0.05,-0.2,0.166666666666667,0.227272727272727,-0.132301196340605
"705",5,5,0.55,0.45,0.825,3.85,3.05,0,-0.1,-0.181818181818182,-0.175,-0.212121212121212,0.0234192037470726
"705",3,3,0.4,0.35,0.7,1.8,1.55,0,-0.05,-0.125,-0.1,-0.142857142857143,0.0107526881720429
"705",3,3,0.55,0.5,0.9,2.35,1.8,0,-0.0500000000000001,-0.0909090909090911,-0.25,-0.277777777777778,0.131205673758865
"705",5,5,0.25,0.3,0.825,3.55,3.1,0,0.05,0.2,-0.125,-0.151515151515152,0.131758291685598
"705",5,5,0.55,0.5,1.1,4.95,3.9,0,-0.05,-0.090909090909091,-0.25,-0.227272727272727,0.0854700854700855
"705",4,4,0.25,0.2,0.6,2.05,1.7,0,-0.0499999999999999,-0.2,-0.0999999999999999,-0.166666666666666,-0.0172166427546628
"705",5,5,0.55,0.5,0.7,3.35,3.3,0,-0.05,-0.090909090909091,0,0,-0.0633197648123022
"705",3,3,0.25,0.2,1.8,3.85,3.1,0,-0.0499999999999999,-0.2,-0.35,-0.194444444444444,-0.00125680770842057
"705",3,3,0.25,0.25,0.9,2.05,2.35,0,5.55111512312578e-17,2.22044604925031e-16,0.15,0.166666666666667,-0.0467047223663726
"705",5,5,0.25,0.25,0.9,3.85,3.85,0,5.55111512312578e-17,2.22044604925031e-16,0,0,5.55111512312578e-17
"705",4,4,0.4,0.4,0.9,3.1,3.4,0,0,0,0.1,0.111111111111111,-0.0455407969639468
"705",5,5,0.25,0.15,0.8625,3.7,1.95,0,-0.1,-0.4,-0.4125,-0.478260869565217,0.0467775467775468
"705",5,5,0.4,0.45,0.9,4,2.85,0,0.0499999999999999,0.125,-0.3,-0.333333333333333,0.289473684210526
"705",5,5,0.25,0.45,0.525,2.35,3.05,0,0.2,0.8,0.125,0.238095238095238,0.205790024415766
"705",4,4,0.55,0.4,0.6,2.35,1.9,0,-0.15,-0.272727272727273,-0.1,-0.166666666666667,-0.0940649496080628
"705",4,4,0.25,0.25,1.1,3.55,3.55,0,0,0,0,0,0
"705",3,3,0.25,0.2,1.1,2.45,1.9,0,-0.05,-0.2,-0.25,-0.227272727272727,0.00966702470461878
"705",3,3,0.25,0.2,1.475,3.2,2.2,0,-0.0499999999999999,-0.2,-0.475,-0.322033898305085,0.0383522727272728
"705",3,3,0.55,0.5,1.4,3.35,2.5,0,-0.0500000000000001,-0.0909090909090911,-0.4,-0.285714285714286,0.107462686567164
"705",3,3,0.4,0.45,0.9,2.2,1.95,0,0.0499999999999999,0.125,-0.15,-0.166666666666667,0.146853146853147
"705",4,5,0.55,0.5,1.1,3.85,3.9,1,-0.0500000000000001,-0.0909090909090911,-0.25,-0.227272727272727,0.0695970695970696
"705",5,6,0.4,0.25,0.675,3.1,2.75,1,-0.15,-0.375,-0.175,-0.259259259259259,-0.0997067448680352
"705",4,4,0.25,0.3,0.7,2.35,2.1,0,0.05,0.2,-0.1,-0.142857142857143,0.145896656534954
"705",5,6,0.25,0.15,1.1,4.65,3.65,1,-0.1,-0.4,-0.4,-0.363636363636364,-0.0222418618353218
"705",4,5,0.4,0.4,0.7,2.5,3,1,-5.55111512312578e-17,-1.38777878078145e-16,-0.0499999999999999,-0.0714285714285713,0.0266666666666666
"705",3,2,0.55,0.5,0.7,1.95,1.2,-1,-0.0500000000000001,-0.0909090909090911,0,0,-0.012820512820513
"705",4,3,0.55,0.5,0.733333333333333,2.75,2.1,-1,-0.05,-0.090909090909091,0.0666666666666668,0.0909090909090911,-0.0857142857142857
"705",4,4,0.4,0.4,0.466666666666667,1.8,1.9,0,0,0,0.0333333333333333,0.0714285714285714,-0.0467836257309941
"705",4,5,0.55,0.45,0.7,2.65,2.85,1,-0.1,-0.181818181818182,-0.1,-0.142857142857143,-0.0407149950347568
"705",5,6,0.25,0.3,0.675,2.95,2.8,1,0.05,0.2,-0.175,-0.259259259259259,0.219128329297821
"705",4,4,0.25,0.25,0.9,2.95,2.35,0,0,0,-0.2,-0.222222222222222,0.0865488640461595
"705",3,3,0.55,0.45,2.2,4.95,4.85,0,-0.1,-0.181818181818182,0,0,-0.0549828178694158
"705",3,3,0.25,0.15,1.475,3.2,1.95,0,-0.1,-0.4,-0.575,-0.389830508474576,-0.00360576923076922
"705",4,4,0.55,0.55,0.9,3.25,3.25,0,0,0,0,0,0
"705",3,3,0.55,0.6,0.9,2.35,2.1,0,0.05,0.090909090909091,-0.15,-0.166666666666667,0.155015197568389
"705",5,4,0.4,0.6,0.9,4,3.3,-1,0.2,0.5,0,0,0.227272727272727
"705",3,3,0.55,0.65,1.8,4.15,3.35,0,0.1,0.181818181818182,-0.45,-0.25,0.184499190793023
"705",4,4,0.55,0.6,0.733333333333333,2.75,3,0,0.05,0.090909090909091,0.0666666666666668,0.0909090909090911,0
"705",4,4,0.4,0.5,0.7,2.5,2.6,0,0.0999999999999999,0.25,0,0,0.129230769230769
"705",5,6,0.4,0.3,0.675,3.1,2.8,1,-0.1,-0.25,-0.175,-0.259259259259259,-0.00230414746543783
"705",4,4,0.4,0.5,1.1,3.7,4.1,0,0.1,0.25,0.0999999999999999,0.0909090909090908,0.0553724456163481
"705",4,4,0.4,0.45,0.466666666666667,1.8,2.25,0,0.05,0.125,0.133333333333333,0.285714285714286,-0.0888888888888889
"705",5,6,0.25,0.25,0.825,3.55,3.25,1,5.55111512312578e-17,2.22044604925031e-16,-0.225,-0.272727272727273,0.109425785482124
"705",5,6,0.25,0.2,0.9,3.85,3.2,1,-0.05,-0.2,-0.3,-0.333333333333333,0.0503246753246754
"705",4,4,0.25,0.15,0.9,2.95,2.55,0,-0.1,-0.4,-0.1,-0.111111111111111,-0.103688933200399
"705",4,4,0.55,0.5,1.1,3.85,3.8,0,-0.05,-0.090909090909091,0,0,-0.0451127819548872
"705",4,4,0.25,0.2,0.7,2.35,2,0,-0.0499999999999999,-0.2,-0.1,-0.142857142857143,-0.0255319148936169
"705",5,6,0.4,0.35,0.7,3.2,3.35,1,-0.05,-0.125,-0.1,-0.142857142857143,0.00186567164179097
"705",5,5,0.4,0.35,0.525,2.5,2.55,0,-0.05,-0.125,0.025,0.0476190476190477,-0.113725490196079
"705",5,5,0.55,0.45,1.1,4.95,3.05,0,-0.1,-0.181818181818182,-0.45,-0.409090909090909,0.182149362477231
"705",4,3,0.25,0.25,0.783333333333333,2.6,1.85,-1,0,0,0.0166666666666667,0.0212765957446809,0.0207900207900208
"705",3,3,0.55,0.55,1.1,2.75,2.65,0,0,0,-0.05,-0.0454545454545455,0.0226415094339621
"705",5,4,0.55,0.55,0.825,3.85,2.95,-1,-1.11022302462516e-16,-2.01858731750028e-16,-0.025,-0.0303030303030303,0.0314769975786924
"705",5,6,0.25,0.25,1.1,4.65,4.75,1,0,0,-0.2,-0.181818181818182,0.0469722693831353
"705",3,3,0.25,0.3,1.1,2.45,2.3,0,0.05,0.2,-0.1,-0.090909090909091,0.0851818988464952
"705",5,5,0.25,0.25,0.7,3.05,3.05,0,5.55111512312578e-17,2.22044604925031e-16,0,0,1.11022302462516e-16
"705",5,6,0.25,0.3,0.675,2.95,3.3,1,0.05,0.2,-0.0750000000000001,-0.111111111111111,0.121725731895224
"705",4,5,0.4,0.45,0.9,3.1,3.05,1,0.05,0.125,-0.25,-0.277777777777778,0.221575885774722
"705",3,3,0.4,0.45,2.2,4.8,3.15,0,0.05,0.125,-0.85,-0.386363636363636,0.178571428571428
"705",4,3,0.4,0.4,0.6,2.2,1.5,-1,-5.55111512312578e-17,-1.38777878078145e-16,-0.05,-0.0833333333333334,0.0727272727272726
"705",4,3,0.25,0.3,0.733333333333333,2.45,2.2,-1,0.05,0.2,0.216666666666667,0.295454545454545,0.000927643784786714
"705",5,5,0.55,0.45,0.675,3.25,2.65,0,-0.1,-0.181818181818182,-0.125,-0.185185185185185,0.00290275761973868
"705",5,6,0.25,0.2,0.8625,3.7,3.2,1,-0.05,-0.2,-0.2625,-0.304347826086957,0.0371621621621622
"705",3,3,0.25,0.25,2.2,4.65,4.25,0,0,0,-0.2,-0.090909090909091,0.015180265654649
"705",4,4,0.55,0.5,0.6,2.35,2.3,0,-0.05,-0.090909090909091,0,0,-0.066604995374653
"705",4,4,0.55,0.5,0.7,2.65,2.3,0,-0.05,-0.090909090909091,-0.1,-0.142857142857143,0.0393765381460213
"705",4,4,0.25,0.4,0.466666666666667,1.65,1.9,0,0.15,0.6,0.0333333333333333,0.0714285714285714,0.236044657097289
"705",5,5,0.55,0.55,0.7,3.35,3.35,0,0,0,0,0,0
"705",3,3,0.25,0.25,0.9,2.05,2.65,0,5.55111512312578e-17,2.22044604925031e-16,0.3,0.333333333333333,-0.082834790612057
"705",3,3,0.55,0.6,1.4,3.35,2.2,0,0.0499999999999999,0.0909090909090908,-0.6,-0.428571428571428,0.325644504748982
"705",5,5,0.25,0.3,0.525,2.35,2.5,0,0.05,0.2,0.025,0.0476190476190477,0.0680851063829788
"705",5,6,0.4,0.35,1.1,4.8,3.85,1,-0.05,-0.125,-0.4,-0.363636363636364,0.128787878787879
"705",3,3,0.4,0.35,0.7,1.8,1.65,0,-0.05,-0.125,-0.0499999999999999,-0.0714285714285713,-0.0303030303030305
"705",3,3,0.25,0.25,1.8,3.85,3.65,0,0,0,-0.1,-0.0555555555555556,0.0106742572495997
"705",4,4,0.25,0.3,1.1,3.55,3.9,0,0.05,0.2,0.0999999999999999,0.0909090909090908,0.0260021668472374
"705",5,4,0.55,0.6,0.9,4.15,3.6,-1,0.0499999999999999,0.0909090909090908,0.1,0.111111111111111,0.00401606425702816
"705",3,3,0.25,0.3,0.7,1.65,1.6,0,0.05,0.2,-0.0499999999999999,-0.0714285714285713,0.107954545454545
"705",4,4,0.25,0.3,0.6,2.05,2.1,0,0.05,0.2,1.11022302462516e-16,1.85037170770859e-16,0.083623693379791
"705",3,3,0.4,0.45,1.1,2.6,2.05,0,0.05,0.125,-0.3,-0.272727272727273,0.196998123827392
"705",3,3,0.55,0.6,2.2,4.95,3.7,0,0.0499999999999999,0.0909090909090908,-0.65,-0.295454545454545,0.153153153153153
"705",3,3,0.25,0.2,1.4,3.05,2.8,0,-0.05,-0.2,-0.0999999999999999,-0.0714285714285713,-0.031615925058548
"705",3,3,0.4,0.45,0.9,2.2,2.85,0,0.05,0.125,0.3,0.333333333333333,-0.0717703349282297
"705",3,3,0.4,0.45,1.8,4,3.85,0,0.05,0.125,-0.0999999999999999,-0.0555555555555555,0.0506493506493506
"705",3,3,0.55,0.6,0.7,1.95,2,0,0.0499999999999999,0.0909090909090908,0,0,0.0538461538461537
"705",5,4,0.4,0.35,0.675,3.1,2.75,-1,-0.05,-0.125,0.125,0.185185185185185,-0.136070381231672
"705",4,4,0.4,0.35,0.6,2.2,2.15,0,-0.05,-0.125,-1.11022302462516e-16,-1.85037170770859e-16,-0.0761099365750529
"705",3,2,0.55,0.7,0.9,2.35,1.7,-1,0.15,0.272727272727273,0.1,0.111111111111111,0.121401752190238
"705",3,2,0.55,0.7,0.7,1.95,1.6,-1,0.15,0.272727272727273,0.2,0.285714285714286,0.0288461538461537
"705",5,6,0.25,0.2,0.9,3.85,3.7,1,-0.0499999999999999,-0.2,-0.2,-0.222222222222222,-0.000351000351000275
"705",4,4,0.55,0.7,0.7,2.65,3.7,0,0.15,0.272727272727273,0.3,0.428571428571429,-0.0734319224885264
"705",3,3,0.55,0.8,2.2,4.95,2.8,0,0.25,0.454545454545455,-1.2,-0.545454545454546,0.523809523809524
"705",3,3,0.4,0.45,0.7,1.8,1.85,0,0.0499999999999999,0.125,0,0,0.063063063063063
"705",5,5,0.55,0.55,0.825,3.85,3.55,0,0,0,-0.0750000000000001,-0.090909090909091,0.0603621730382294
"705",5,6,0.25,0.2,0.525,2.35,2.7,1,-0.05,-0.2,-0.025,-0.0476190476190477,-0.0874704491725768
"705",4,4,0.4,0.45,0.7,2.5,2.55,0,0.0499999999999999,0.125,0,0,0.0658823529411764
"705",3,3,0.4,0.55,1.1,2.6,2.85,0,0.15,0.375,0.0499999999999998,0.0454545454545453,0.117408906882591
"705",5,6,0.25,0.25,1.1,4.65,3.75,1,5.55111512312578e-17,2.22044604925031e-16,-0.4,-0.363636363636364,0.131182795698925
"705",3,3,0.25,0.25,1.1,2.45,2.45,0,0,0,0,0,0
"705",4,4,0.25,0.25,1.1,3.55,2.65,0,5.55111512312578e-17,2.22044604925031e-16,-0.3,-0.272727272727273,0.0956683497209674
"705",4,4,0.4,0.55,1.1,3.7,3.85,0,0.15,0.375,0,0,0.138996138996139
"705",3,3,0.4,0.5,1.8,4,2.7,0,0.0999999999999999,0.25,-0.7,-0.388888888888889,0.255555555555555
"705",5,5,0.55,0.55,0.675,3.25,3.35,0,-1.11022302462516e-16,-2.01858731750028e-16,0.0249999999999999,0.0370370370370369,-0.0252583237657865
"705",5,6,0.4,0.4,0.7,3.2,3.4,1,0,0,-0.1,-0.142857142857143,0.0808823529411766
"705",5,5,0.55,0.55,0.9,4.15,3.75,0,0,0,-0.1,-0.111111111111111,0.0706827309236948
"705",3,3,0.25,0.25,1.4,3.05,2.85,0,5.55111512312578e-17,2.22044604925031e-16,-0.0999999999999999,-0.0714285714285713,0.0172562553925799
"705",5,5,0.25,0.25,0.675,2.95,3.25,0,5.55111512312578e-17,2.22044604925031e-16,0.075,0.111111111111111,-0.0391134289439373
"705",4,5,0.25,0.25,0.466666666666667,1.65,1.85,1,0,0,-0.0666666666666667,-0.142857142857143,0.0696150696150696
"705",3,3,0.25,0.25,2.2,4.65,2.45,0,0,0,-1.1,-0.5,0.144832126398947
"705",3,3,0.55,0.6,1.1,2.75,2.8,0,0.05,0.090909090909091,0,0,0.0428571428571428
"705",3,3,0.55,0.6,1.8,4.15,4.2,0,0.05,0.090909090909091,0,0,0.0309810671256455
"705",5,6,0.55,0.7,1.1,4.95,5.2,1,0.15,0.272727272727273,-0.2,-0.181818181818182,0.252136752136752
"705",5,5,0.55,0.65,0.7,3.35,4.05,0,0.1,0.181818181818182,0.15,0.214285714285714,-0.0184263865855906
"705",4,5,0.4,0.3,0.466666666666667,1.8,1.9,1,-0.1,-0.25,-0.0666666666666667,-0.142857142857143,-0.0994152046783627
"705",5,5,0.4,0.4,0.525,2.5,2.6,0,-5.55111512312578e-17,-1.38777878078145e-16,0.025,0.0476190476190477,-0.0307692307692309
"705",5,6,0.25,0.25,0.825,3.55,5.25,1,0,0,0.175,0.212121212121212,-0.0663983903420524
"705",3,3,0.4,0.45,0.9,2.2,2.05,0,0.0499999999999999,0.125,-0.1,-0.111111111111111,0.113082039911308
"705",5,6,0.4,0.4,0.9,4,3.9,1,0,0,-0.2,-0.222222222222222,0.115384615384616
"705",4,4,0.55,0.55,0.6,2.35,2.35,0,-1.11022302462516e-16,-2.01858731750028e-16,0,0,0
"705",4,4,0.25,0.25,0.9,2.95,3.25,0,5.55111512312578e-17,2.22044604925031e-16,0.1,0.111111111111111,-0.0312907431551498
"705",4,4,0.25,0.2,0.783333333333333,2.6,2.3,0,-0.05,-0.2,-0.0833333333333334,-0.106382978723404,-0.0367892976588628
"705",5,5,0.25,0.25,0.8625,3.7,3.25,0,5.55111512312578e-17,2.22044604925031e-16,-0.1125,-0.130434782608696,0.0467775467775469
"705",3,3,0.25,0.2,1.475,3.2,2.3,0,-0.0499999999999999,-0.2,-0.425,-0.288135593220339,0.0264945652173914
"705",4,4,0.25,0.2,0.733333333333333,2.45,2,0,-0.05,-0.2,-0.133333333333333,-0.181818181818182,-0.00816326530612232
"705",4,4,0.55,0.6,0.9,3.25,2.7,0,0.0499999999999999,0.0909090909090908,-0.2,-0.222222222222222,0.211965811965812
"705",4,4,0.55,0.6,1.1,3.85,3.6,0,0.0499999999999999,0.0909090909090908,-0.1,-0.090909090909091,0.0952380952380952
"705",3,3,0.4,0.5,2.2,4.8,3.7,0,0.0999999999999999,0.25,-0.6,-0.272727272727273,0.155405405405405
"705",5,4,0.4,0.4,1.1,4.8,3.7,-1,0,0,0,0,0.0157657657657658
"705",3,3,0.25,0.3,0.9,2.05,2.1,0,0.05,0.2,0,0,0.0627177700348432
"705",4,4,0.55,0.6,0.733333333333333,2.75,3,0,0.05,0.090909090909091,0.0666666666666668,0.0909090909090911,0
"705",4,4,0.4,0.55,0.9,3.1,2.95,0,0.15,0.375,-0.1,-0.111111111111111,0.229633679606342
"705",4,4,0.25,0.3,0.7,2.35,2.4,0,0.05,0.2,0,0,0.074468085106383
"705",5,6,0.25,0.3,0.7,3.05,3.3,1,0.05,0.2,-0.1,-0.142857142857143,0.135618479880775
"705",3,3,0.25,0.25,0.7,1.65,1.55,0,5.55111512312578e-17,2.22044604925031e-16,-0.0499999999999999,-0.0714285714285713,0.029325513196481
"705",4,4,0.25,0.25,0.6,2.05,1.45,0,5.55111512312578e-17,2.22044604925031e-16,-0.2,-0.333333333333333,0.201850294365013
"705",3,3,0.55,0.65,1.4,3.35,2.35,0,0.1,0.181818181818182,-0.55,-0.392857142857143,0.337249920609717
"705",3,3,0.25,0.3,1.8,3.85,1.9,0,0.05,0.2,-1,-0.555555555555556,0.278879015721121
"705",3,3,0.4,0.55,1.8,4,3.05,0,0.15,0.375,-0.55,-0.305555555555555,0.240983606557377
"705",5,4,0.55,0.55,0.825,3.85,2.95,-1,0,0,-0.025,-0.0303030303030303,0.0314769975786925
"705",5,5,0.55,0.6,0.7,3.35,3.6,0,0.05,0.090909090909091,0.05,0.0714285714285715,0.0124378109452737
"705",5,5,0.55,0.5,0.9,4.15,3.5,0,-0.0500000000000001,-0.0909090909090911,-0.15,-0.166666666666667,0.0516351118760757
"705",3,3,0.25,0.2,1.8,3.85,2.3,0,-0.05,-0.2,-0.75,-0.416666666666667,0.0660643704121965
"705",5,4,0.25,0.2,0.825,3.55,3.2,-1,-0.05,-0.2,0.175,0.212121212121212,-0.102112676056338
"705",3,3,0.55,0.45,1.1,2.75,2.65,0,-0.1,-0.181818181818182,0,0,-0.0905660377358493
"705",4,4,0.25,0.3,0.783333333333333,2.6,2.1,0,0.05,0.2,-0.183333333333333,-0.234042553191489,0.186813186813187
"705",3,2,0.55,0.45,0.7,1.95,1.05,-1,-0.1,-0.181818181818182,-0.1,-0.142857142857143,0.0109890109890108
"705",3,3,0.55,0.5,1.8,4.15,3.5,0,-0.05,-0.090909090909091,-0.3,-0.166666666666667,0.0309810671256454
"705",3,3,0.4,0.45,0.9,2.2,2.15,0,0.0499999999999999,0.125,-0.05,-0.0555555555555556,0.0824524312896405
"705",3,3,0.4,0.4,2.2,4.8,3,0,0,0,-0.9,-0.409090909090909,0.15
"705",3,3,0.55,0.55,2.2,4.95,3.35,0,0,0,-0.8,-0.363636363636364,0.159203980099503
"705",4,4,0.25,0.25,0.733333333333333,2.45,3.25,0,0,0,0.266666666666667,0.363636363636364,-0.100470957613815
"705",5,6,0.25,0.2,0.9,3.85,4.7,1,-0.0499999999999999,-0.2,0,0,-0.0693561757391544
"705",5,5,0.4,0.35,0.525,2.5,2.75,0,-0.05,-0.125,0.075,0.142857142857143,-0.163636363636364
"705",4,4,0.25,0.25,0.9,2.95,2.05,0,5.55111512312578e-17,2.22044604925031e-16,-0.3,-0.333333333333333,0.148821827201323
"705",3,3,0.25,0.15,0.9,2.05,1.65,0,-0.1,-0.4,-0.15,-0.166666666666667,-0.0931263858093127
"705",4,4,0.55,0.45,1.1,3.85,3.15,0,-0.1,-0.181818181818182,-0.2,-0.181818181818182,0
"705",4,4,0.4,0.5,0.7,2.5,2.9,0,0.1,0.25,0.1,0.142857142857143,0.049655172413793
"705",5,5,0.25,0.25,0.675,2.95,3.45,0,5.55111512312578e-17,2.22044604925031e-16,0.125,0.185185185185185,-0.0614099729796118
"705",5,6,0.25,0.2,0.525,2.35,3.2,1,-0.05,-0.2,0.075,0.142857142857143,-0.156914893617021
"705",3,2,0.4,0.45,0.7,1.8,1.25,-1,0.05,0.125,0.1,0.142857142857143,0.0533333333333332
"705",4,4,0.25,0.25,0.466666666666667,1.65,1.75,0,5.55111512312578e-17,2.22044604925031e-16,0.0333333333333333,0.0714285714285714,-0.0346320346320346
"705",5,6,0.25,0.3,0.8625,3.7,3.8,1,0.05,0.2,-0.1625,-0.188405797101449,0.135846372688478
"705",4,4,0.25,0.25,1.1,3.55,3.55,0,5.55111512312578e-17,2.22044604925031e-16,0,0,1.11022302462516e-16
"705",5,6,0.4,0.4,1.1,4.8,5.4,1,0,0,-0.1,-0.090909090909091,0.0277777777777778
"705",5,5,0.55,0.6,0.675,3.25,3.8,0,0.05,0.090909090909091,0.125,0.185185185185185,-0.0566801619433198
"705",3,3,0.25,0.25,1.4,3.05,2.85,0,0,0,-0.0999999999999999,-0.0714285714285713,0.0172562553925798
"705",3,2,0.55,0.65,0.9,2.35,1.55,-1,0.1,0.181818181818182,0,0,0.136582017844887
"705",5,5,0.4,0.4,0.7,3.2,4,0,-5.55111512312578e-17,-1.38777878078145e-16,0.2,0.285714285714286,-0.125
"705",5,5,0.25,0.15,0.7,3.05,3.35,0,-0.1,-0.4,0.1,0.142857142857143,-0.185955468558845
"705",4,4,0.4,0.35,0.9,3.1,2.75,0,-0.05,-0.125,-0.1,-0.111111111111111,-0.00703812316715546
"705",4,3,0.55,0.65,0.9,3.25,3.15,-1,0.1,0.181818181818182,0.35,0.388888888888889,-0.0578754578754579
"705",4,4,0.25,0.2,0.7,2.35,2.6,0,-0.05,-0.2,0.1,0.142857142857143,-0.117839607201309
"705",3,2,0.25,0.35,0.7,1.65,1.55,-1,0.1,0.4,0.5,0.714285714285714,-0.00293255131964809
"705",4,4,0.25,0.3,0.6,2.05,2.7,0,0.05,0.2,0.2,0.333333333333334,-0.0433604336043361
"705",4,4,0.4,0.4,0.466666666666667,1.8,1.9,0,-5.55111512312578e-17,-1.38777878078145e-16,0.0333333333333333,0.0714285714285714,-0.0467836257309943
"705",3,2,0.4,0.55,1.1,2.6,2.25,-1,0.15,0.375,0.6,0.545454545454545,0.0273504273504273
"705",4,4,0.55,0.55,0.733333333333333,2.75,2.65,0,0,0,-0.0333333333333333,-0.0454545454545454,0.0301886792452832
"705",4,4,0.55,0.65,0.6,2.35,2.75,0,0.1,0.181818181818182,0.1,0.166666666666667,0.00928433268858819
"705",4,5,0.4,0.3,0.6,2.2,2.3,1,-0.1,-0.25,-0.1,-0.166666666666667,-0.0750988142292489
"705",4,4,0.55,0.55,0.7,2.65,2.65,0,-1.11022302462516e-16,-2.01858731750028e-16,0,0,-1.11022302462516e-16
"705",4,4,0.4,0.4,1.1,3.7,3.1,0,0,0,-0.2,-0.181818181818182,0.083696599825632
"705",3,3,0.25,0.2,2.2,4.65,2,0,-0.05,-0.2,-1.3,-0.590909090909091,0.138709677419355
"705",5,5,0.4,0.4,0.9,4,3.6,0,-5.55111512312578e-17,-1.38777878078145e-16,-0.1,-0.111111111111111,0.0555555555555555
"705",3,2,0.55,0.65,1.4,3.35,2.25,-1,0.1,0.181818181818182,0.2,0.142857142857143,0.085240464344942
"705",5,5,0.4,0.45,0.675,3.1,3.45,0,0.05,0.125,0.075,0.111111111111111,0.00701262272089764
"705",5,4,0.55,0.5,1.1,4.95,3.5,-1,-0.0500000000000001,-0.0909090909090911,-0.1,-0.090909090909091,0.0158730158730158
"705",3,3,0.25,0.3,1.1,2.45,2.7,0,0.05,0.2,0.0999999999999999,0.0909090909090908,0.0272108843537415
"705",5,4,0.25,0.2,1.1,4.65,3.8,-1,-0.05,-0.2,0.0999999999999999,0.0909090909090908,-0.0582908885116016
"705",3,3,0.25,0.25,1.475,3.2,2.55,0,5.55111512312578e-17,2.22044604925031e-16,-0.325,-0.220338983050848,0.0597426470588237
"705",3,3,0.25,0.25,2.2,4.65,2.75,0,0,0,-0.95,-0.431818181818182,0.111436950146628
"705",4,4,0.25,0.25,0.6,2.05,1.75,0,0,0,-0.0999999999999999,-0.166666666666666,0.0836236933797909
"705",3,3,0.25,0.3,1.8,3.85,2.1,0,0.05,0.2,-0.9,-0.5,0.233766233766234
"705",3,2,0.55,0.55,0.7,1.95,1.35,-1,-1.11022302462516e-16,-2.01858731750028e-16,0.1,0.142857142857143,-0.0313390313390316
"705",4,3,0.55,0.45,1.1,3.85,1.75,-1,-0.1,-0.181818181818182,-0.45,-0.409090909090909,0.2
"705",3,3,0.4,0.5,1.1,2.6,2.1,0,0.1,0.25,-0.3,-0.272727272727273,0.252747252747253
"705",5,4,0.25,0.2,0.9,3.85,2.3,-1,-0.05,-0.2,-0.2,-0.222222222222222,0.0231507622811971
"705",4,4,0.55,0.45,0.7,2.65,2.55,0,-0.1,-0.181818181818182,0,0,-0.124306326304107
"705",5,5,0.55,0.55,0.825,3.85,3.35,0,0,0,-0.125,-0.151515151515152,0.106609808102345
"705",3,2,0.25,0.25,0.9,2.05,1.05,-1,0,0,-0.1,-0.111111111111111,0.110336817653891
"705",4,4,0.55,0.5,0.6,2.35,2.3,0,-0.0500000000000001,-0.0909090909090911,0,0,-0.0666049953746531
"705",5,5,0.55,0.55,0.9,4.15,3.75,0,0,0,-0.1,-0.111111111111111,0.0706827309236948
"705",3,3,0.25,0.25,1.1,2.45,2.25,0,5.55111512312578e-17,2.22044604925031e-16,-0.1,-0.090909090909091,0.0272108843537416
"705",5,5,0.25,0.25,0.825,3.55,3.85,0,0,0,0.0750000000000001,0.090909090909091,-0.0274373513810134
"705",5,5,0.55,0.5,0.675,3.25,3.7,0,-0.05,-0.090909090909091,0.125,0.185185185185185,-0.17047817047817
"705",3,3,0.55,0.55,1.8,4.15,2.05,0,-1.11022302462516e-16,-2.01858731750028e-16,-1.05,-0.583333333333333,0.407287687334705
"705",3,3,0.4,0.5,1.8,4,3.1,0,0.0999999999999999,0.25,-0.5,-0.277777777777778,0.183870967741935
"705",4,4,0.4,0.4,0.7,2.5,2.5,0,0,0,0,0,1.11022302462516e-16
"705",4,4,0.4,0.45,0.6,2.2,2.55,0,0.05,0.125,0.0999999999999999,0.166666666666666,-0.0213903743315508
"705",3,3,0.4,0.4,0.9,2.2,1.8,0,-5.55111512312578e-17,-1.38777878078145e-16,-0.2,-0.222222222222222,0.121212121212121
"705",4,4,0.25,0.25,1.1,3.55,2.65,0,5.55111512312578e-17,2.22044604925031e-16,-0.3,-0.272727272727273,0.0956683497209674
"705",3,2,0.55,0.75,0.9,2.35,1.85,-1,0.2,0.363636363636364,0.2,0.222222222222222,0.108683151236343
"705",5,6,0.4,0.35,0.7,3.2,3.85,1,-0.05,-0.125,0,0,-0.0795454545454546
"705",4,4,0.4,0.4,1.1,3.7,3.1,0,-5.55111512312578e-17,-1.38777878078145e-16,-0.2,-0.181818181818182,0.083696599825632
"705",5,5,0.25,0.25,0.8625,3.7,2.85,0,5.55111512312578e-17,2.22044604925031e-16,-0.2125,-0.246376811594203,0.100758653390232
"705",4,4,0.25,0.2,0.9,2.95,2.3,0,-0.05,-0.2,-0.2,-0.222222222222222,0.00884303610906417
"705",5,4,0.25,0.2,0.675,2.95,2.3,-1,-0.0499999999999999,-0.2,0.0249999999999999,0.0370370370370369,-0.0759027266028001
"705",4,4,0.55,0.55,0.733333333333333,2.75,2.65,0,-1.11022302462516e-16,-2.01858731750028e-16,-0.0333333333333333,-0.0454545454545454,0.030188679245283
"705",4,4,0.25,0.2,0.733333333333333,2.45,2.3,0,-0.05,-0.2,-0.0333333333333334,-0.0454545454545456,-0.0603371783496006
"705",5,6,0.4,0.45,1.1,4.8,4.95,1,0.05,0.125,-0.2,-0.181818181818182,0.128787878787879
"705",4,4,0.25,0.25,0.466666666666667,1.65,1.45,0,0,0,-0.0666666666666667,-0.142857142857143,0.083594566353187
"705",5,5,0.25,0.2,0.7,3.05,3.2,0,-0.05,-0.2,0.05,0.0714285714285715,-0.0973360655737705
"705",4,4,0.25,0.2,0.783333333333333,2.6,2.3,0,-0.0499999999999999,-0.2,-0.0833333333333334,-0.106382978723404,-0.0367892976588627
"705",5,5,0.55,0.5,0.7,3.35,3.5,0,-0.0500000000000001,-0.0909090909090911,0.05,0.0714285714285715,-0.106609808102346
"705",5,6,0.4,0.4,0.675,3.1,3.4,1,0,0,-0.0750000000000001,-0.111111111111111,0.060721062618596
"705",3,2,0.55,0.75,1.4,3.35,2.15,-1,0.2,0.363636363636364,0,0,0.205137105171815
"705",4,3,0.4,0.45,0.466666666666667,1.8,1.65,-1,0.05,0.125,0.133333333333333,0.285714285714286,-0.0707070707070707
"705",3,3,0.25,0.25,0.7,1.65,1.55,0,0,0,-0.0499999999999999,-0.0714285714285713,0.0293255131964809
"705",4,4,0.4,0.4,0.9,3.1,2.8,0,0,0,-0.1,-0.111111111111111,0.0552995391705069
"705",3,2,0.55,0.6,1.1,2.75,1.8,-1,0.05,0.090909090909091,0.0999999999999999,0.0909090909090908,0.0666666666666667
"705",3,2,0.25,0.25,1.475,3.2,1.65,-1,5.55111512312578e-17,2.22044604925031e-16,-0.0750000000000002,-0.0508474576271188,0.0686553030303031
"705",4,3,0.55,0.45,0.9,3.25,2.05,-1,-0.1,-0.181818181818182,-0.1,-0.111111111111111,-0.0183864915572233
"705",3,3,0.55,0.5,2.2,4.95,4.1,0,-0.0500000000000001,-0.0909090909090911,-0.4,-0.181818181818182,0.032520325203252
"705",5,5,0.4,0.5,0.525,2.5,3.1,0,0.0999999999999999,0.25,0.125,0.238095238095238,0.0064516129032256
"705",3,2,0.4,0.35,0.7,1.8,0.95,-1,-0.05,-0.125,-0.1,-0.142857142857143,0.0701754385964911
"705",3,3,0.4,0.35,2.2,4.8,3.15,0,-0.05,-0.125,-0.8,-0.363636363636364,0.0833333333333332
"705",5,5,0.25,0.2,1.1,4.65,3.4,0,-0.05,-0.2,-0.3,-0.272727272727273,0.0253004427577482
"705",4,4,0.25,0.25,0.7,2.35,2.65,0,0,0,0.1,0.142857142857143,-0.0481734243275794
"705",5,5,0.4,0.35,0.9,4,3.55,0,-0.05,-0.125,-0.1,-0.111111111111111,-0.00704225352112681
"705",3,2,0.25,0.2,1.4,3.05,1,-1,-0.05,-0.2,-0.6,-0.428571428571428,0.154098360655738
"705",5,5,0.25,0.2,0.525,2.35,2.6,0,-0.05,-0.2,0.075,0.142857142857143,-0.147299509001637
"705",5,5,0.55,0.6,1.1,4.95,4.2,0,0.0499999999999999,0.0909090909090908,-0.2,-0.181818181818182,0.158730158730159
"705",3,2,0.55,0.55,0.9,2.35,1.35,-1,-1.11022302462516e-16,-2.01858731750028e-16,-0.1,-0.111111111111111,0.112687155240347
"705",5,5,0.25,0.2,1.1,4.65,3.4,0,-0.05,-0.2,-0.3,-0.272727272727273,0.0253004427577482
"705",4,4,0.25,0.25,0.733333333333333,2.45,2.95,0,0,0,0.166666666666667,0.227272727272727,-0.0691802144586648
"705",4,4,0.4,0.35,0.6,2.2,2.15,0,-0.05,-0.125,-1.11022302462516e-16,-1.85037170770859e-16,-0.0761099365750529
"705",3,2,0.55,0.6,1.4,3.35,2.2,-1,0.05,0.090909090909091,0.2,0.142857142857143,0.0529172320217097
"705",4,2,0.55,0.6,0.9,3.25,1.7,-2,0.05,0.090909090909091,0.2,0.222222222222222,0.0289592760180996
"705",3,2,0.25,0.3,0.9,2.05,1.3,-1,0.05,0.2,0.1,0.111111111111111,0.0956848030018762
"705",3,3,0.55,0.55,2.2,4.95,3.85,0,0,0,-0.55,-0.25,0.0952380952380953
"705",4,3,0.55,0.55,0.733333333333333,2.75,2.05,-1,-1.11022302462516e-16,-2.01858731750028e-16,0.0166666666666667,0.0227272727272728,0.00487804878048781
"705",4,4,0.25,0.25,1.1,3.55,2.95,0,0,0,-0.2,-0.181818181818182,0.0572929100023872
"705",3,3,0.4,0.4,0.9,2.2,2.5,0,-5.55111512312578e-17,-1.38777878078145e-16,0.15,0.166666666666667,-0.0654545454545455
"705",3,3,0.4,0.45,1.1,2.6,2.75,0,0.05,0.125,0.0499999999999998,0.0454545454545453,0.0293706293706295
"705",3,3,0.25,0.2,1.1,2.45,2.2,0,-0.05,-0.2,-0.1,-0.090909090909091,-0.033395176252319
"705",3,3,0.4,0.5,2.2,4.8,2.6,0,0.0999999999999999,0.25,-1.15,-0.522727272727273,0.326923076923077
"705",4,4,0.4,0.4,1.1,3.7,3.7,0,0,0,0,0,0
"705",4,3,0.55,0.55,0.6,2.35,1.85,-1,0,0,0.05,0.0833333333333334,-0.0442783208740656
"705",4,4,0.55,0.55,1.1,3.85,2.95,0,-1.11022302462516e-16,-2.01858731750028e-16,-0.3,-0.272727272727273,0.174334140435835
"705",3,3,0.25,0.3,0.7,1.65,1.5,0,0.05,0.2,-0.1,-0.142857142857143,0.145454545454546
"705",4,4,0.25,0.25,0.466666666666667,1.65,1.45,0,0,0,-0.0666666666666667,-0.142857142857143,0.083594566353187
"705",3,3,0.55,0.65,1.8,4.15,2.95,0,0.1,0.181818181818182,-0.65,-0.361111111111111,0.263426587706759
"705",3,2,0.4,0.55,0.7,1.8,1.35,-1,0.15,0.375,0.1,0.142857142857143,0.148148148148148
"705",5,5,0.4,0.5,1.1,4.8,4.9,0,0.1,0.25,0,0,0.0935374149659864
"705",5,6,0.55,0.55,0.825,3.85,4.55,1,0,0,-0.025,-0.0303030303030303,0.0109890109890111
"705",4,4,0.25,0.3,0.9,2.95,2.7,0,0.05,0.2,-0.1,-0.111111111111111,0.105461393596987
"705",5,4,0.55,0.5,0.7,3.35,2.6,-1,-0.0500000000000001,-0.0909090909090911,0,0,-0.0516647531572905
"705",4,4,0.25,0.25,0.7,2.35,2.05,0,0,0,-0.1,-0.142857142857143,0.0622729631551635
"705",4,4,0.25,0.25,0.6,2.05,2.05,0,5.55111512312578e-17,2.22044604925031e-16,1.11022302462516e-16,1.85037170770859e-16,1.11022302462516e-16
"705",5,6,0.25,0.25,0.9,3.85,3.75,1,0,0,-0.2,-0.222222222222222,0.0753246753246753
"705",5,5,0.55,0.55,1.1,4.95,3.95,0,-1.11022302462516e-16,-2.01858731750028e-16,-0.25,-0.227272727272727,0.140646976090014
"705",3,2,0.55,0.6,0.7,1.95,1.5,-1,0.0499999999999999,0.0909090909090908,0.2,0.285714285714286,-0.0461538461538463
"705",4,5,0.4,0.45,0.9,3.1,3.45,1,0.05,0.125,-0.15,-0.166666666666667,0.136044880785414
"705",4,4,0.4,0.45,0.7,2.5,2.55,0,0.0499999999999999,0.125,0,0,0.0658823529411764
"705",5,5,0.4,0.45,0.7,3.2,3.05,0,0.0499999999999999,0.125,-0.0499999999999999,-0.0714285714285713,0.112704918032787
"705",5,6,0.4,0.45,0.9,4,3.95,1,0.05,0.125,-0.2,-0.222222222222222,0.183544303797468
"705",3,3,0.4,0.45,1.8,4,3.05,0,0.0499999999999999,0.125,-0.5,-0.277777777777778,0.142622950819672
"705",3,3,0.25,0.2,2.2,4.65,3.1,0,-0.05,-0.2,-0.75,-0.340909090909091,0.0322580645161291
"705",5,5,0.25,0.25,0.825,3.55,3.45,0,0,0,-0.0249999999999999,-0.0303030303030302,0.0102061645233721
"705",5,5,0.4,0.45,0.675,3.1,3.25,0,0.0499999999999999,0.125,0.0249999999999999,0.0370370370370369,0.0471464019851117
"705",5,5,0.55,0.65,0.9,4.15,4.25,0,0.1,0.181818181818182,0,0,0.102055279943303
"705",5,6,0.25,0.25,0.8625,3.7,2.75,1,5.55111512312578e-17,2.22044604925031e-16,-0.3625,-0.420289855072464,0.207616707616708
"705",3,2,0.55,0.65,1.1,2.75,1.85,-1,0.1,0.181818181818182,0.0999999999999999,0.0909090909090908,0.102702702702703
"705",5,4,0.55,0.55,0.675,3.25,2.65,-1,-1.11022302462516e-16,-2.01858731750028e-16,0.0249999999999999,0.0370370370370369,-0.0159651669085631
"705",5,5,0.25,0.35,0.7,3.05,2.95,0,0.1,0.4,-0.0499999999999999,-0.0714285714285713,0.18338427340928
"705",3,3,0.25,0.25,1.8,3.85,2.15,0,0,0,-0.85,-0.472222222222222,0.154032014497131
"705",5,5,0.4,0.35,0.525,2.5,2.55,0,-0.05,-0.125,0.025,0.0476190476190477,-0.113725490196078
"705",5,5,0.25,0.25,0.675,2.95,2.25,0,0,0,-0.175,-0.259259259259259,0.131826741996234
"705",5,6,0.25,0.25,0.525,2.35,2.75,1,0,0,-0.025,-0.0476190476190477,0.0135396518375241
"705",4,3,0.55,0.6,0.7,2.65,2,-1,0.0499999999999999,0.0909090909090908,0,0,0.0698113207547167
"705",4,4,0.4,0.5,0.466666666666667,1.8,2.3,0,0.0999999999999999,0.25,0.133333333333333,0.285714285714286,-0.0193236714975846
"705",4,3,0.25,0.3,0.783333333333333,2.6,1.9,-1,0.05,0.2,0.0166666666666667,0.0212765957446809,0.0890688259109311
"705",3,3,0.25,0.2,1.4,3.05,2.8,0,-0.05,-0.2,-0.0999999999999999,-0.0714285714285713,-0.031615925058548
"705",3,3,0.25,0.25,1.475,3.2,2.15,0,5.55111512312578e-17,2.22044604925031e-16,-0.525,-0.355932203389831,0.114462209302326
"706",4,4,0.4,0.25,0.7,2.5,2.05,0,-0.15,-0.375,-0.1,-0.142857142857143,-0.152195121951219
"706",5,5,0.55,0.55,0.825,3.85,3.75,0,0,0,-0.025,-0.0303030303030303,0.019047619047619
"706",3,2,0.25,0.2,2.2,4.65,3.1,-1,-0.05,-0.2,0.7,0.318181818181818,-0.032258064516129
"706",4,4,0.55,0.6,0.6,2.35,2.7,0,0.0499999999999999,0.0909090909090908,0.1,0.166666666666667,-0.0472813238770685
"706",4,4,0.25,0.25,0.466666666666667,1.65,1.75,0,0,0,0.0333333333333333,0.0714285714285714,-0.0346320346320347
"706",3,3,0.25,0.2,0.7,1.65,1.3,0,-0.05,-0.2,-0.15,-0.214285714285714,0.00699300699300698
"706",4,4,0.25,0.1,0.733333333333333,2.45,2.2,0,-0.15,-0.6,-0.0333333333333334,-0.0454545454545456,-0.22634508348794
"706",4,5,0.25,0.15,0.783333333333333,2.6,3.15,1,-0.0999999999999999,-0.4,-0.0333333333333333,-0.0425531914893617,-0.146520146520146
"706",4,5,0.55,0.35,1.1,3.85,4.55,1,-0.2,-0.363636363636364,-0.05,-0.0454545454545455,-0.186813186813187
"706",4,4,0.55,0.6,0.7,2.65,3,0,0.0499999999999999,0.0909090909090908,0.1,0.142857142857143,-0.0301886792452833
"706",3,3,0.25,0.25,1.8,3.85,2.75,0,5.55111512312578e-17,2.22044604925031e-16,-0.55,-0.305555555555556,0.077922077922078
"706",5,5,0.4,0.6,0.675,3.1,4.2,0,0.2,0.5,0.225,0.333333333333333,0.0691244239631338
"706",4,4,0.25,0.25,0.7,2.35,3.25,0,0,0,0.3,0.428571428571429,-0.117839607201309
"706",5,5,0.25,0.2,0.675,2.95,3.8,0,-0.05,-0.2,0.225,0.333333333333333,-0.16057091882248
"706",4,4,0.25,0.2,0.9,2.95,2.6,0,-0.05,-0.2,-0.1,-0.111111111111111,-0.03129074315515
"706",5,5,0.4,0.35,0.9,4,3.55,0,-0.05,-0.125,-0.1,-0.111111111111111,-0.00704225352112675
"706",5,5,0.55,0.45,1.1,4.95,5.45,0,-0.1,-0.181818181818182,0.15,0.136363636363636,-0.142711518858308
"706",4,4,0.55,0.5,0.733333333333333,2.75,2.3,0,-0.0500000000000001,-0.0909090909090911,-0.133333333333333,-0.181818181818182,0.0695652173913043
"706",3,4,0.55,0.45,1.4,3.35,4.05,1,-0.1,-0.181818181818182,-0.2,-0.142857142857143,-0.0480928689883914
"706",5,5,0.25,0.25,0.8625,3.7,3.85,0,5.55111512312578e-17,2.22044604925031e-16,0.0375,0.0434782608695652,-0.0131625131625131
"706",3,3,0.4,0.25,1.8,4,2.65,0,-0.15,-0.375,-0.6,-0.333333333333333,-0.0169811320754716
"706",5,5,0.4,0.2,1.1,4.8,3.6,0,-0.2,-0.5,-0.25,-0.227272727272727,-0.138888888888889
"706",3,3,0.25,0.15,1.1,2.45,1.35,0,-0.1,-0.4,-0.5,-0.454545454545455,0.0272108843537416
"706",3,3,0.55,0.45,0.9,2.35,1.85,0,-0.1,-0.181818181818182,-0.2,-0.222222222222222,0.0276020701552616
"706",3,3,0.25,0.25,1.475,3.2,2.85,0,0,0,-0.175,-0.11864406779661,0.0287828947368421
"706",5,5,0.55,0.55,0.9,4.15,4.15,0,-1.11022302462516e-16,-2.01858731750028e-16,0,0,-1.11022302462516e-16
"706",4,4,0.4,0.2,1.1,3.7,3.5,0,-0.2,-0.5,0,0,-0.203861003861004
"706",5,5,0.25,0.1,0.525,2.35,1.9,0,-0.15,-0.6,-0.075,-0.142857142857143,-0.268756998880179
"706",5,5,0.25,0.25,0.825,3.55,3.05,0,0,0,-0.125,-0.151515151515152,0.0577233895174324
"706",5,5,0.25,0.2,0.7,3.05,2.4,0,-0.0499999999999999,-0.2,-0.15,-0.214285714285714,0.00683060109289629
"706",3,3,0.4,0.5,0.9,2.2,2.9,0,0.1,0.25,0.3,0.333333333333333,-0.0282131661442007
"706",5,5,0.4,0.4,0.525,2.5,2.6,0,0,0,0.025,0.0476190476190477,-0.0307692307692309
"706",3,3,0.25,0.2,0.9,2.05,2.2,0,-0.0499999999999999,-0.2,0.1,0.111111111111111,-0.0931263858093126
"706",4,3,0.4,0.5,0.466666666666667,1.8,1.9,-1,0.0999999999999999,0.25,0.233333333333333,0.5,-0.0994152046783627
"706",4,5,0.4,0.3,0.9,3.1,3.5,1,-0.1,-0.25,-0.1,-0.111111111111111,-0.0875576036866358
"706",3,3,0.55,0.35,2.2,4.95,5.25,0,-0.2,-0.363636363636364,0.25,0.113636363636364,-0.133333333333333
"706",3,3,0.55,0.55,1.8,4.15,4.95,0,0,0,0.4,0.222222222222222,-0.0642570281124498
"706",3,3,0.55,0.4,1.1,2.75,2.3,0,-0.15,-0.272727272727273,-0.15,-0.136363636363636,-0.0782608695652175
"706",4,3,0.55,0.5,0.9,3.25,2.4,-1,-0.05,-0.090909090909091,0.0499999999999999,0.0555555555555555,-0.051923076923077
"706",4,4,0.25,0.2,0.6,2.05,2,0,-0.0499999999999999,-0.2,1.11022302462516e-16,1.85037170770859e-16,-0.0878048780487804
"706",3,3,0.4,0.4,0.7,1.8,1.8,0,-5.55111512312578e-17,-1.38777878078145e-16,0,0,0
"706",3,3,0.4,0.4,1.1,2.6,2.3,0,-5.55111512312578e-17,-1.38777878078145e-16,-0.15,-0.136363636363636,0.0602006688963211
"706",5,5,0.25,0.25,0.9,3.85,4.25,0,0,0,0.1,0.111111111111111,-0.0305576776165011
"706",5,5,0.4,0.25,0.7,3.2,4.25,0,-0.15,-0.375,0.3,0.428571428571429,-0.330882352941176
"706",4,4,0.4,0.35,0.6,2.2,2.45,0,-0.05,-0.125,0.0999999999999999,0.166666666666666,-0.155844155844156
"706",3,2,0.25,0.2,1.4,3.05,4.3,-1,-0.0499999999999999,-0.2,2.7,1.92857142857143,-0.152878383530309
"706",5,4,0.55,0.65,0.7,3.35,3.05,-1,0.1,0.181818181818182,0.1,0.142857142857143,0.0315634940053828
"706",3,2,0.4,0.2,2.2,4.8,3.6,-1,-0.2,-0.5,1.2,0.545454545454546,-0.138888888888889
"706",5,5,0.25,0.2,1.1,4.65,4.6,0,-0.0499999999999999,-0.2,0,0,-0.0514258999532491
"706",4,4,0.25,0.2,1.1,3.55,2.9,0,-0.05,-0.2,-0.2,-0.181818181818182,-0.00582807187955314
"706",5,4,0.55,0.55,0.675,3.25,2.65,-1,0,0,0.0249999999999999,0.0370370370370369,-0.0159651669085629
"706",3,3,0.55,0.6,0.7,1.95,2.2,0,0.05,0.090909090909091,0.1,0.142857142857143,-0.027972027972028
"706",5,5,0.25,0.2,0.675,2.95,3.8,0,-0.0499999999999999,-0.2,0.225,0.333333333333333,-0.16057091882248
"706",5,4,0.55,0.7,0.7,3.35,3.7,-1,0.15,0.272727272727273,0.3,0.428571428571429,-0.0641387656313028
"706",3,2,0.55,0.55,1.4,3.35,1.75,-1,0,0,-0.2,-0.142857142857143,0.136034115138593
"706",4,3,0.4,0.45,0.466666666666667,1.8,1.55,-1,0.05,0.125,0.0833333333333334,0.178571428571429,-0.0179211469534051
"706",3,2,0.4,0.45,0.9,2.2,1.75,-1,0.05,0.125,0.4,0.444444444444444,-0.0311688311688312
"706",3,2,0.4,0.3,1.8,4,3.2,-1,-0.1,-0.25,1.1,0.611111111111111,-0.1125
"706",5,5,0.25,0.25,0.9,3.85,3.05,0,0,0,-0.2,-0.222222222222222,0.0851607408984458
"706",4,4,0.55,0.4,1.1,3.85,3.4,0,-0.15,-0.272727272727273,-0.1,-0.090909090909091,-0.100840336134454
"706",4,3,0.55,0.75,0.6,2.35,2.45,-1,0.2,0.363636363636364,0.25,0.416666666666667,-0.0178028658271818
"706",3,3,0.25,0.2,0.7,1.65,1.4,0,-0.05,-0.2,-0.1,-0.142857142857143,-0.0259740259740259
"706",4,4,0.25,0.2,0.466666666666667,1.65,2,0,-0.0499999999999999,-0.2,0.133333333333333,0.285714285714286,-0.206060606060606
"706",4,3,0.55,0.75,0.733333333333333,2.75,2.55,-1,0.2,0.363636363636364,0.166666666666667,0.227272727272727,0.0823529411764706
"706",3,3,0.55,0.4,1.1,2.75,2.2,0,-0.15,-0.272727272727273,-0.2,-0.181818181818182,-0.0545454545454546
"706",3,3,0.25,0.15,1.4,3.05,2.15,0,-0.0999999999999999,-0.4,-0.4,-0.285714285714286,-0.0365993137628668
"706",5,5,0.4,0.3,0.525,2.5,2.1,0,-0.1,-0.25,-0.075,-0.142857142857143,-0.0857142857142856
"706",3,3,0.4,0.3,0.7,1.8,1.4,0,-0.1,-0.25,-0.15,-0.214285714285714,-0.0238095238095238
"706",3,3,0.4,0.25,1.1,2.6,1.85,0,-0.15,-0.375,-0.3,-0.272727272727273,-0.056133056133056
"706",5,5,0.4,0.25,0.9,4,4.45,0,-0.15,-0.375,0.15,0.166666666666667,-0.219101123595506
"706",5,5,0.25,0.2,0.7,3.05,3.4,0,-0.05,-0.2,0.1,0.142857142857143,-0.115718418514947
"706",3,3,0.4,0.3,2.2,4.8,4.8,0,-0.1,-0.25,0.0500000000000003,0.0227272727272729,-0.0625000000000001
"706",3,3,0.55,0.65,1.8,4.15,5.05,0,0.1,0.181818181818182,0.4,0.222222222222222,-0.011451747584397
"706",4,4,0.4,0.4,0.9,3.1,3.4,0,-5.55111512312578e-17,-1.38777878078145e-16,0.1,0.111111111111111,-0.0455407969639469
"706",5,5,0.25,0.2,0.8625,3.7,4,0,-0.05,-0.2,0.0874999999999999,0.101449275362319,-0.0878378378378378
"706",3,3,0.25,0.25,0.9,2.05,2.45,0,0,0,0.2,0.222222222222222,-0.0597312095569936
"706",5,4,0.25,0.2,1.1,4.65,4.1,-1,-0.05,-0.2,0.2,0.181818181818182,-0.0736952530815631
"706",3,3,0.55,0.6,0.7,1.95,2,0,0.0499999999999999,0.0909090909090908,0,0,0.0538461538461537
"706",3,3,0.25,0.2,1.475,3.2,2.2,0,-0.0499999999999999,-0.2,-0.475,-0.322033898305085,0.0383522727272728
"706",3,3,0.25,0.15,2.2,4.65,3.05,0,-0.0999999999999999,-0.4,-0.75,-0.340909090909091,-0.0137493389740877
"706",4,4,0.25,0.2,0.733333333333333,2.45,2.3,0,-0.0499999999999999,-0.2,-0.0333333333333334,-0.0454545454545456,-0.0603371783496005
"706",5,4,0.25,0.1,0.525,2.35,1.3,-1,-0.15,-0.6,-0.125,-0.238095238095238,-0.224222585924714
"706",5,4,0.4,0.55,1.1,4.8,3.85,-1,0.15,0.375,0,0,0.154761904761905
"706",5,4,0.55,0.5,0.9,4.15,4.1,-1,-0.0500000000000001,-0.0909090909090911,0.3,0.333333333333333,-0.174845724360858
"706",3,4,0.25,0.15,1.1,2.45,2.25,1,-0.1,-0.4,-0.4,-0.363636363636364,-0.039455782312925
"706",3,3,0.55,0.35,0.9,2.35,2.35,0,-0.2,-0.363636363636364,0.1,0.111111111111111,-0.25531914893617
"706",5,4,0.55,0.65,0.675,3.25,3.05,-1,0.1,0.181818181818182,0.125,0.185185185185185,0.00630517023959642
"706",4,5,0.4,0.25,0.7,2.5,2.65,1,-0.15,-0.375,-0.1,-0.142857142857143,-0.168301886792453
"706",4,4,0.4,0.4,1.1,3.7,4,0,0,0,0.0999999999999999,0.0909090909090908,-0.0324324324324324
"706",5,4,0.4,0.3,0.7,3.2,3.3,-1,-0.1,-0.25,0.3,0.428571428571429,-0.261363636363636
"706",4,4,0.55,0.35,0.9,3.25,2.45,0,-0.2,-0.363636363636364,-0.2,-0.222222222222222,-0.105494505494505
"706",4,4,0.25,0.2,0.7,2.35,2.3,0,-0.05,-0.2,0,0,-0.0777058279370953
"706",5,5,0.55,0.55,0.825,3.85,3.75,0,-1.11022302462516e-16,-2.01858731750028e-16,-0.025,-0.0303030303030303,0.0190476190476189
"706",4,4,0.25,0.25,0.9,2.95,3.55,0,0,0,0.2,0.222222222222222,-0.0572929100023872
"706",3,3,0.25,0.2,1.8,3.85,2.9,0,-0.0499999999999999,-0.2,-0.45,-0.25,0.0120913569189432
"706",4,3,0.55,0.7,0.7,2.65,2.5,-1,0.15,0.272727272727273,0.2,0.285714285714286,0.00981132075471691
"706",5,5,0.4,0.5,0.675,3.1,2.9,0,0.1,0.25,-0.0750000000000001,-0.111111111111111,0.216907675194661
"706",4,4,0.25,0.15,1.1,3.55,2.85,0,-0.1,-0.4,-0.2,-0.181818181818182,-0.0711638250555967
"706",4,4,0.4,0.5,0.6,2.2,2.6,0,0.0999999999999999,0.25,0.0999999999999999,0.166666666666666,0.041958041958042
"706",4,4,0.25,0.15,0.783333333333333,2.6,2.55,0,-0.0999999999999999,-0.4,0.0166666666666667,0.0212765957446809,-0.149321266968326
"706",5,5,0.25,0.1,0.825,3.55,4.1,0,-0.15,-0.6,0.175,0.212121212121212,-0.230161456544143
"706",3,3,0.55,0.45,2.2,4.95,3.65,0,-0.1,-0.181818181818182,-0.6,-0.272727272727273,0.0365296803652967
"706",4,4,0.25,0.3,0.6,2.05,2.7,0,0.05,0.2,0.2,0.333333333333334,-0.0433604336043361
"706",5,5,0.55,0.55,1.1,4.95,4.55,0,-1.11022302462516e-16,-2.01858731750028e-16,-0.1,-0.090909090909091,0.0488400488400488
"706",5,5,0.55,0.5,0.9,4.15,3.5,0,-0.0500000000000001,-0.0909090909090911,-0.15,-0.166666666666667,0.0516351118760757
"706",5,4,0.55,0.45,0.7,3.35,2.25,-1,-0.1,-0.181818181818182,-0.1,-0.142857142857143,-0.0208955223880598
"706",3,2,0.25,0.2,1.8,3.85,3,-1,-0.05,-0.2,1,0.555555555555555,-0.0614718614718615
"706",4,4,0.55,0.65,0.9,3.25,3.35,0,0.1,0.181818181818182,0,0,0.0991963260619977
"706",4,4,0.25,0.2,0.7,2.35,2.9,0,-0.0499999999999999,-0.2,0.2,0.285714285714286,-0.1496698459281
"706",5,5,0.25,0.15,0.8625,3.7,2.95,0,-0.1,-0.4,-0.1625,-0.188405797101449,-0.0836005497022446
"706",4,4,0.25,0.15,0.6,2.05,1.65,0,-0.1,-0.4,-0.0999999999999999,-0.166666666666666,-0.124168514412417
"706",3,2,0.55,1.15,2.2,4.95,4.35,-1,0.6,1.09090909090909,1,0.454545454545455,0.195402298850575
"706",4,4,0.4,0.35,0.9,3.1,3.05,0,-0.05,-0.125,0,0,-0.0571126388154416
"706",4,4,0.25,0.2,1.1,3.55,4.7,0,-0.05,-0.2,0.4,0.363636363636364,-0.111477374887624
"706",4,4,0.55,0.7,1.1,3.85,4.3,0,0.15,0.272727272727273,0.0999999999999999,0.0909090909090908,0.0797342192691032
"706",5,5,0.4,0.2,0.525,2.5,2.2,0,-0.2,-0.5,-0.025,-0.0476190476190477,-0.345454545454546
"706",3,2,0.55,0.4,1.8,4.15,3.4,-1,-0.15,-0.272727272727273,1.2,0.666666666666667,-0.162296243798724
"706",4,4,0.25,0.2,0.783333333333333,2.6,2.9,0,-0.05,-0.2,0.116666666666667,0.148936170212766,-0.108753315649867
"706",5,5,0.25,0.15,0.9,3.85,3.35,0,-0.1,-0.4,-0.1,-0.111111111111111,-0.100794727660399
"706",5,4,0.4,0.4,1.1,4.8,4.6,-1,0,0,0.3,0.272727272727273,-0.0688405797101448
"706",4,3,0.25,0.3,0.466666666666667,1.65,1.3,-1,0.05,0.2,0.0333333333333333,0.0714285714285714,0.0862470862470861
"706",5,4,0.25,0.25,0.525,2.35,1.45,-1,0,0,-0.125,-0.238095238095238,0.157740278796772
"706",5,4,0.4,0.25,0.675,3.1,1.75,-1,-0.15,-0.375,-0.175,-0.259259259259259,-0.0737327188940092
"706",3,2,0.25,0.2,1.475,3.2,2.1,-1,-0.0499999999999999,-0.2,0.425,0.288135593220339,-0.0438988095238095
"706",3,3,0.55,0.6,0.7,1.95,2.2,0,0.0499999999999999,0.0909090909090908,0.1,0.142857142857143,-0.0279720279720282
"706",3,2,0.4,0.25,2.2,4.8,2.55,-1,-0.15,-0.375,0.1,0.0454545454545455,-0.053921568627451
"706",5,4,0.55,0.6,0.675,3.25,2.7,-1,0.0499999999999999,0.0909090909090908,0.0249999999999999,0.0370370370370369,0.0427350427350428
"706",4,3,0.55,0.55,0.733333333333333,2.75,2.05,-1,0,0,0.0166666666666667,0.0227272727272728,0.00487804878048792
"706",4,4,0.25,0.15,0.733333333333333,2.45,1.65,0,-0.0999999999999999,-0.4,-0.233333333333333,-0.318181818181818,-0.0445269016697586
"706",4,3,0.4,0.25,0.7,2.5,2.05,-1,-0.15,-0.375,0.2,0.285714285714286,-0.274146341463415
"706",3,3,0.25,0.2,1.1,2.45,2.8,0,-0.05,-0.2,0.2,0.181818181818182,-0.0918367346938775
"706",4,4,0.4,0.35,1.1,3.7,4.25,0,-0.05,-0.125,0.2,0.181818181818182,-0.10302066772655
"706",5,4,0.25,0.2,0.675,2.95,2.6,-1,-0.0499999999999999,-0.2,0.125,0.185185185185185,-0.116036505867014
"706",3,3,0.4,0.25,1.8,4,3.45,0,-0.15,-0.375,-0.2,-0.111111111111111,-0.082608695652174
"706",3,2,0.55,0.7,1.1,2.75,1.7,-1,0.15,0.272727272727273,-0.1,-0.090909090909091,0.223529411764706
"706",3,2,0.55,0.6,0.9,2.35,1.4,-1,0.0499999999999999,0.0909090909090908,-0.1,-0.111111111111111,0.155015197568389
"706",4,2,0.4,0.65,0.466666666666667,1.8,1.45,-2,0.25,0.625,0.333333333333333,0.714285714285714,0.00766283524904221
"706",3,2,0.4,0.5,0.9,2.2,1.3,-1,0.0999999999999999,0.25,-0.1,-0.111111111111111,0.223776223776224
"706",3,3,0.25,0.15,1.4,3.05,2.55,0,-0.0999999999999999,-0.4,-0.2,-0.142857142857143,-0.0694310511089681
"706",5,5,0.25,0.15,0.825,3.55,5.35,0,-0.0999999999999999,-0.4,0.475,0.575757575757576,-0.211925760168488
"706",4,3,0.55,0.7,0.7,2.65,2.7,-1,0.15,0.272727272727273,0.3,0.428571428571429,-0.0524109014675054
"706",4,3,0.55,0.45,0.6,2.35,1.45,-1,-0.1,-0.181818181818182,-0.1,-0.166666666666667,-0.00513573000733669
"706",5,5,0.4,0.35,0.7,3.2,4.15,0,-0.05,-0.125,0.25,0.357142857142857,-0.203313253012048
"706",3,3,0.4,0.2,0.7,1.8,1.2,0,-0.2,-0.5,-0.2,-0.285714285714286,-0.166666666666667
"706",4,4,0.25,0.2,0.9,2.95,3.2,0,-0.0499999999999999,-0.2,0.1,0.111111111111111,-0.0889830508474576
"706",3,2,0.25,0.25,0.7,1.65,1.25,-1,5.55111512312578e-17,2.22044604925031e-16,0.3,0.428571428571429,-0.0545454545454545
"706",5,5,0.4,0.25,0.9,4,3.05,0,-0.15,-0.375,-0.2,-0.222222222222222,-0.0901639344262294
"706",5,5,0.25,0.15,0.7,3.05,2.55,0,-0.1,-0.4,-0.1,-0.142857142857143,-0.115718418514947
"706",5,4,0.55,0.5,1.1,4.95,4.4,-1,-0.0500000000000001,-0.0909090909090911,0.2,0.181818181818182,-0.101010101010101
"706",3,2,0.25,0.15,2.2,4.65,3.15,-1,-0.0999999999999999,-0.4,0.8,0.363636363636364,-0.0660522273425499
"706",4,3,0.4,0.15,0.6,2.2,1.55,-1,-0.25,-0.625,0.0999999999999999,0.166666666666666,-0.436950146627566
"706",5,4,0.55,0.4,0.825,3.85,3.4,-1,-0.15,-0.272727272727273,0.175,0.212121212121212,-0.243697478991597
"706",3,3,0.25,0.2,0.9,2.05,2.1,0,-0.0499999999999999,-0.2,0.0499999999999999,0.0555555555555555,-0.0801393728222996
"706",5,5,0.25,0.25,1.1,4.65,5.05,0,0,0,0.0999999999999999,0.0909090909090908,-0.0212924518258277
"706",3,3,0.55,0.6,1.4,3.35,3.2,0,0.0499999999999999,0.0909090909090908,-0.0999999999999999,-0.0714285714285713,0.069962686567164
"706",3,3,0.4,0.35,1.1,2.6,2.45,0,-0.05,-0.125,-0.05,-0.0454545454545455,-0.032967032967033
"706",4,4,0.25,0.15,0.733333333333333,2.45,2.25,0,-0.0999999999999999,-0.4,-0.0333333333333334,-0.0454545454545456,-0.141496598639456
"706",3,3,0.25,0.2,0.9,2.05,2.8,0,-0.05,-0.2,0.4,0.444444444444444,-0.151567944250871
"706",5,5,0.4,0.2,1.1,4.8,3.4,0,-0.2,-0.5,-0.3,-0.272727272727273,-0.122549019607843
"706",5,4,0.25,0.25,0.675,2.95,2.95,-1,0,0,0.225,0.333333333333333,-0.0847457627118644
"706",3,3,0.55,0.7,1.4,3.35,3.3,0,0.15,0.272727272727273,-0.0999999999999999,-0.0714285714285713,0.1438263229308
"706",4,4,0.4,0.25,0.7,2.5,2.05,0,-0.15,-0.375,-0.1,-0.142857142857143,-0.152195121951219
"706",4,4,0.25,0.25,0.7,2.35,2.05,0,5.55111512312578e-17,2.22044604925031e-16,-0.1,-0.142857142857143,0.0622729631551636
"706",5,4,0.55,0.6,0.675,3.25,2.7,-1,0.05,0.090909090909091,0.0249999999999999,0.0370370370370369,0.0427350427350429
"706",4,4,0.55,0.75,1.1,3.85,4.35,0,0.2,0.363636363636364,0.0999999999999999,0.0909090909090908,0.118226600985222
"706",3,2,0.4,0.4,1.1,2.6,1.8,-1,-5.55111512312578e-17,-1.38777878078145e-16,0.3,0.272727272727273,-0.017094017094017
"706",4,3,0.55,0.45,0.6,2.35,1.55,-1,-0.1,-0.181818181818182,-0.0499999999999999,-0.0833333333333332,-0.0652024708304737
"706",3,2,0.4,0.45,1.8,4,2.55,-1,0.05,0.125,0.3,0.166666666666667,0.0529411764705882
"706",4,3,0.4,0.45,0.6,2.2,1.65,-1,0.0499999999999999,0.125,-1.11022302462516e-16,-1.85037170770859e-16,0.0909090909090908
"706",3,2,0.4,0.5,0.7,1.8,1.2,-1,0.1,0.25,0,0,0.166666666666667
"706",3,3,0.55,0.5,1.8,4.15,4.1,0,-0.05,-0.090909090909091,0,0,-0.0317367029091977
"706",5,4,0.55,0.45,0.9,4.15,3.75,-1,-0.1,-0.181818181818182,0.2,0.222222222222222,-0.182650602409638
"706",5,5,0.25,0.2,0.7,3.05,3.4,0,-0.05,-0.2,0.1,0.142857142857143,-0.115718418514947
"706",5,5,0.4,0.5,0.9,4,5.3,0,0.1,0.25,0.3,0.333333333333333,-0.0283018867924528
"706",5,5,0.4,0.35,0.525,2.5,2.95,0,-0.05,-0.125,0.125,0.238095238095238,-0.206779661016949
"706",5,5,0.4,0.3,0.675,3.1,2.9,0,-0.1,-0.25,-0.025,-0.0370370370370371,-0.127919911012236
"706",3,2,0.25,0.2,1.475,3.2,1.9,-1,-0.0499999999999999,-0.2,0.225,0.152542372881356,-0.0238486842105262
"706",4,3,0.25,0.2,0.6,2.05,1.8,-1,-0.05,-0.2,0.2,0.333333333333334,-0.154471544715447
"706",3,2,0.25,0.15,1.1,2.45,1.55,-1,-0.1,-0.4,0.3,0.272727272727273,-0.112574061882818
"706",5,4,0.4,0.45,0.7,3.2,2.85,-1,0.0499999999999999,0.125,0.1,0.142857142857143,0.00657894736842091
"706",5,5,0.55,0.35,1.1,4.95,3.35,0,-0.2,-0.363636363636364,-0.35,-0.318181818181818,-0.0331674958540631
"706",5,5,0.25,0.2,0.825,3.55,3.4,0,-0.0499999999999999,-0.2,-0.0249999999999999,-0.0303030303030302,-0.0579950289975144
"706",5,5,0.55,0.5,0.825,3.85,3.7,0,-0.0500000000000001,-0.0909090909090911,-0.025,-0.0303030303030303,-0.0386100386100388
"706",3,3,0.25,0.2,2.2,4.65,3,0,-0.05,-0.2,-0.8,-0.363636363636364,0.0387096774193549
"706",4,3,0.55,0.8,0.7,2.65,3,-1,0.25,0.454545454545455,0.4,0.571428571428572,-0.0301886792452831
"706",3,3,0.25,0.65,0.7,1.65,2.55,0,0.4,1.6,0.25,0.357142857142857,0.310160427807487
"706",4,4,0.25,0.15,1.1,3.55,2.85,0,-0.0999999999999999,-0.4,-0.2,-0.181818181818182,-0.0711638250555966
"706",3,3,0.55,0.5,0.7,1.95,1.7,0,-0.0500000000000001,-0.0909090909090911,-0.1,-0.142857142857143,0.0361990950226242
"706",5,4,0.55,0.55,0.7,3.35,2.65,-1,-1.11022302462516e-16,-2.01858731750028e-16,0,0,0.00929315685722332
"706",5,4,0.25,0.2,0.8625,3.7,2.9,-1,-0.05,-0.2,0.0375,0.0434782608695652,-0.0619757688723206
"706",5,4,0.25,0.3,0.525,2.35,2.1,-1,0.05,0.2,0.075,0.142857142857143,0.0395136778115502
"706",3,2,0.25,0.2,1.4,3.05,2.3,-1,-0.05,-0.2,0.7,0.5,-0.0719885958660015
"706",4,3,0.25,0.2,0.466666666666667,1.65,1.8,-1,-0.0499999999999999,-0.2,0.333333333333333,0.714285714285714,-0.272727272727273
"706",5,5,0.25,0.2,1.1,4.65,4.2,0,-0.05,-0.2,-0.1,-0.090909090909091,-0.0307219662058372
"706",4,4,0.55,0.4,0.9,3.25,3.4,0,-0.15,-0.272727272727273,0.1,0.111111111111111,-0.206334841628959
"706",4,4,0.4,0.25,1.1,3.7,2.35,0,-0.15,-0.375,-0.4,-0.363636363636364,-0.00690051753881527
"706",4,4,0.25,0.15,0.783333333333333,2.6,1.95,0,-0.0999999999999999,-0.4,-0.183333333333333,-0.234042553191489,-0.0769230769230767
"706",3,3,0.55,0.55,2.2,4.95,3.65,0,-1.11022302462516e-16,-2.01858731750028e-16,-0.65,-0.295454545454545,0.118721461187215
"706",4,4,0.25,0.2,0.9,2.95,3.5,0,-0.05,-0.2,0.2,0.222222222222222,-0.110411622276029
"706",3,3,0.4,0.4,0.9,2.2,2.2,0,0,0,0,0,0
"706",3,2,0.4,0.35,2.2,4.8,3.15,-1,-0.05,-0.125,0.6,0.272727272727273,-0.0277777777777778
"706",5,5,0.25,0.25,0.9,3.85,3.85,0,5.55111512312578e-17,2.22044604925031e-16,0,0,5.55111512312578e-17
"706",4,4,0.4,0.35,0.466666666666667,1.8,1.55,0,-0.05,-0.125,-0.0666666666666667,-0.142857142857143,0.0143369175627237
"706",3,2,0.55,0.6,1.1,2.75,1.9,-1,0.0499999999999999,0.0909090909090908,0.2,0.181818181818182,0.0315789473684209
"706",3,2,0.25,0.15,1.8,3.85,2.65,-1,-0.1,-0.4,0.7,0.388888888888889,-0.0815976476353835
"706",4,3,0.55,0.8,0.733333333333333,2.75,3,-1,0.25,0.454545454545455,0.366666666666667,0.5,0
"706",4,4,0.4,0.35,0.9,3.1,3.35,0,-0.05,-0.125,0.1,0.111111111111111,-0.0982185844968705
"706",3,3,0.55,0.35,0.9,2.35,1.95,0,-0.2,-0.363636363636364,-0.1,-0.111111111111111,-0.16366612111293
"706",3,2,0.25,0.25,2.2,4.65,2.65,-1,5.55111512312578e-17,2.22044604925031e-16,0.2,0.0909090909090908,0.0273889227023738
"706",4,4,0.25,0.15,0.9,2.95,3.75,0,-0.0999999999999999,-0.4,0.3,0.333333333333333,-0.178983050847457
"706",4,4,0.55,0.5,0.9,3.25,3.5,0,-0.05,-0.090909090909091,0.1,0.111111111111111,-0.105494505494506
"706",5,5,0.55,0.45,0.9,4.15,3.25,0,-0.1,-0.181818181818182,-0.2,-0.222222222222222,0.0296570898980538
"706",5,5,0.4,0.25,0.675,3.1,2.85,0,-0.15,-0.375,-0.025,-0.0370370370370371,-0.20656479909451
"706",5,5,0.25,0.2,0.9,3.85,3.8,0,-0.05,-0.2,0,0,-0.0615174299384826
"706",4,4,0.25,0.15,1.1,3.55,3.45,0,-0.0999999999999999,-0.4,0,0,-0.107777097366809
"706",4,4,0.25,0.2,0.783333333333333,2.6,3.2,0,-0.05,-0.2,0.216666666666667,0.276595744680851,-0.134615384615385
"706",4,4,0.25,0.15,0.733333333333333,2.45,2.55,0,-0.0999999999999999,-0.4,0.0666666666666667,0.0909090909090909,-0.172869147659063
"706",5,4,0.55,0.3,1.1,4.95,3.9,-1,-0.25,-0.454545454545455,0.0999999999999999,0.0909090909090908,-0.247863247863248
"706",3,3,0.25,0.25,1.1,2.45,2.45,0,0,0,0,0,0
"706",3,3,0.55,0.45,2.2,4.95,4.25,0,-0.1,-0.181818181818182,-0.3,-0.136363636363636,-0.015686274509804
"706",4,4,0.4,0.25,0.7,2.5,2.05,0,-0.15,-0.375,-0.1,-0.142857142857143,-0.152195121951219
"706",3,3,0.4,0.25,0.7,1.8,1.45,0,-0.15,-0.375,-0.1,-0.142857142857143,-0.149425287356322
"706",4,4,0.25,0.25,0.6,2.05,2.05,0,0,0,1.11022302462516e-16,1.85037170770859e-16,0
"706",3,2,0.55,0.6,1.4,3.35,2,-1,0.0499999999999999,0.0909090909090908,0,0,0.107462686567164
"706",4,3,0.4,0.4,0.466666666666667,1.8,1.6,-1,0,0,0.133333333333333,0.285714285714286,-0.138888888888889
"706",3,3,0.4,0.4,0.9,2.2,1.6,0,-5.55111512312578e-17,-1.38777878078145e-16,-0.3,-0.333333333333333,0.204545454545454
"706",5,5,0.4,0.4,1.1,4.8,3.8,0,-5.55111512312578e-17,-1.38777878078145e-16,-0.25,-0.227272727272727,0.109649122807018
"706",5,5,0.55,0.65,0.7,3.35,3.85,0,0.1,0.181818181818182,0.1,0.142857142857143,0.0232603217677845
"706",5,5,0.25,0.15,1.1,4.65,3.35,0,-0.0999999999999999,-0.4,-0.3,-0.272727272727273,-0.0449366072861498
"706",4,4,0.4,0.4,1.1,3.7,3.7,0,0,0,0,0,0
"706",5,4,0.4,0.45,0.525,2.5,1.95,-1,0.05,0.125,-0.025,-0.0476190476190477,0.123076923076923
"706",3,3,0.25,0.2,1.8,3.85,2.5,0,-0.05,-0.2,-0.65,-0.361111111111111,0.0451948051948052
"706",3,3,0.4,0.35,1.8,4,3.55,0,-0.05,-0.125,-0.2,-0.111111111111111,-0.00422535211267616
"706",4,3,0.55,0.6,0.733333333333333,2.75,2.4,-1,0.05,0.090909090909091,0.166666666666667,0.227272727272727,-0.05
"706",3,3,0.55,0.65,0.9,2.35,2.35,0,0.1,0.181818181818182,-0.05,-0.0555555555555556,0.127659574468085
"706",3,3,0.4,0.35,1.1,2.6,2.15,0,-0.05,-0.125,-0.2,-0.181818181818182,0.0268336314847942
"706",3,3,0.55,0.45,1.8,4.15,3.25,0,-0.1,-0.181818181818182,-0.4,-0.222222222222222,0.0177942539388323
"706",5,4,0.25,0.15,0.8625,3.7,2.85,-1,-0.0999999999999999,-0.4,0.0375,0.0434782608695652,-0.127311522048364
"706",3,3,0.25,0.2,0.7,1.65,2.1,0,-0.05,-0.2,0.25,0.357142857142857,-0.168831168831169
"706",3,3,0.25,0.15,1.475,3.2,1.85,0,-0.1,-0.4,-0.625,-0.423728813559322,0.00886824324324326
"706",5,5,0.25,0.15,0.675,2.95,2.55,0,-0.1,-0.4,-0.0750000000000001,-0.111111111111111,-0.129611166500498
"706",5,5,0.25,0.2,0.525,2.35,3.4,0,-0.0499999999999999,-0.2,0.275,0.523809523809524,-0.237797246558198
"706",5,5,0.4,0.4,0.9,4,3.6,0,-5.55111512312578e-17,-1.38777878078145e-16,-0.1,-0.111111111111111,0.0555555555555555
"706",4,4,0.55,0.45,0.6,2.35,2.55,0,-0.1,-0.181818181818182,0.1,0.166666666666667,-0.230287859824781
"706",4,4,0.55,0.45,0.7,2.65,2.55,0,-0.1,-0.181818181818182,0,0,-0.124306326304107
"706",3,3,0.55,0.5,1.1,2.75,2.9,0,-0.05,-0.090909090909091,0.0999999999999999,0.0909090909090908,-0.0827586206896552
"706",5,5,0.25,0.15,0.825,3.55,3.15,0,-0.0999999999999999,-0.4,-0.075,-0.0909090909090909,-0.1140174379611
"706",3,3,0.25,0.15,0.9,2.05,1.85,0,-0.0999999999999999,-0.4,-0.05,-0.0555555555555556,-0.122610415293342
"706",3,3,0.4,0.5,2.2,4.8,4.2,0,0.0999999999999999,0.25,-0.35,-0.159090909090909,0.107142857142857
"706",4,4,0.55,0.55,1.1,3.85,4.45,0,-1.11022302462516e-16,-2.01858731750028e-16,0.2,0.181818181818182,-0.0770465489566614
"706",5,5,0.25,0.15,0.7,3.05,3.15,0,-0.0999999999999999,-0.4,0.05,0.0714285714285715,-0.171740827478532
"706",5,5,0.55,0.6,0.825,3.85,3.8,0,0.0499999999999999,0.0909090909090908,-0.025,-0.0303030303030303,0.0751879699248119
"706",3,3,0.55,0.5,0.7,1.95,1.8,0,-0.0500000000000001,-0.0909090909090911,-0.0499999999999999,-0.0714285714285713,-0.0128205128205131
"706",3,2,0.25,0.25,1.4,3.05,2.55,-1,0,0,0.9,0.642857142857143,-0.0498232079717133
"706",4,3,0.25,0.2,0.7,2.35,2.2,-1,-0.0499999999999999,-0.2,0.3,0.428571428571429,-0.152804642166344
"706",4,4,0.4,0.15,0.6,2.2,1.05,0,-0.25,-0.625,-0.3,-0.5,-0.155844155844156
"706",4,4,0.25,0.2,0.466666666666667,1.65,1.1,0,-0.05,-0.2,-0.166666666666667,-0.357142857142857,0.121212121212121
"706",4,4,0.4,0.2,0.9,3.1,2.9,0,-0.2,-0.5,0,0,-0.240266963292547
"706",5,5,0.4,0.2,0.7,3.2,2.8,0,-0.2,-0.5,-0.0499999999999999,-0.0714285714285713,-0.267857142857143
"706",5,4,0.55,0.4,0.675,3.25,2.8,-1,-0.15,-0.272727272727273,0.125,0.185185185185185,-0.274725274725275
"706",3,3,0.4,0.35,0.7,1.8,1.35,0,-0.05,-0.125,-0.2,-0.285714285714286,0.111111111111111
"706",3,3,0.4,0.45,0.9,2.2,2.25,0,0.0499999999999999,0.125,0,0,0.0545454545454545
"706",4,4,0.25,0.15,0.733333333333333,2.45,2.55,0,-0.1,-0.4,0.0666666666666667,0.0909090909090909,-0.172869147659064
"706",3,2,0.25,0.2,0.7,1.65,1.2,-1,-0.05,-0.2,0.3,0.428571428571429,-0.121212121212121
"706",3,2,0.25,0.15,1.4,3.05,1.75,-1,-0.1,-0.4,0.2,0.142857142857143,-0.0744730679156909
"706",4,4,0.55,0.6,1.1,3.85,3.3,0,0.0499999999999999,0.0909090909090908,-0.2,-0.181818181818182,0.155844155844156
"706",3,2,0.25,0.25,1.1,2.45,2.25,-1,5.55111512312578e-17,2.22044604925031e-16,0.9,0.818181818181818,-0.0839002267573695
"706",3,2,0.25,0.15,1.8,3.85,2.75,-1,-0.1,-0.4,0.8,0.444444444444444,-0.0857142857142857
"706",5,4,0.55,0.7,0.675,3.25,3.1,-1,0.15,0.272727272727273,0.125,0.185185185185185,0.0570719602977668
"706",4,4,0.55,0.6,0.6,2.35,2.7,0,0.05,0.090909090909091,0.1,0.166666666666667,-0.0472813238770684
"706",5,5,0.55,0.55,0.9,4.15,3.35,0,0,0,-0.2,-0.222222222222222,0.158244919978421
"706",5,5,0.4,0.25,0.7,3.2,2.65,0,-0.15,-0.375,-0.1,-0.142857142857143,-0.153301886792453
"706",4,5,0.4,0.25,0.7,2.5,2.85,1,-0.15,-0.375,-0.0499999999999999,-0.0714285714285713,-0.20140350877193
"706",5,5,0.25,0.15,0.825,3.55,4.95,0,-0.1,-0.4,0.375,0.454545454545455,-0.200597524541187
"706",5,5,0.4,0.4,0.675,3.1,4,0,0,0,0.225,0.333333333333333,-0.145161290322581
"706",4,4,0.25,0.2,0.7,2.35,3.5,0,-0.05,-0.2,0.4,0.571428571428572,-0.196960486322189
"706",4,3,0.25,0.2,0.466666666666667,1.65,1.5,-1,-0.0499999999999999,-0.2,0.183333333333333,0.392857142857143,-0.206060606060606
"706",3,3,0.55,0.55,0.7,1.95,2.05,0,-1.11022302462516e-16,-2.01858731750028e-16,0.05,0.0714285714285715,-0.0412757973733584
"706",5,4,0.4,0.5,0.525,2.5,2.3,-1,0.1,0.25,0.075,0.142857142857143,0.0695652173913044
"706",4,4,0.25,0.15,1.1,3.55,2.85,0,-0.1,-0.4,-0.2,-0.181818181818182,-0.0711638250555967
"706",3,2,0.25,0.2,2.2,4.65,2.8,-1,-0.0499999999999999,-0.2,0.4,0.181818181818182,-0.0184331797235023
"706",5,4,0.55,0.5,1.1,4.95,3.8,-1,-0.05,-0.090909090909091,0,0,-0.0292397660818714
"706",5,5,0.55,0.45,0.825,3.85,5.05,0,-0.1,-0.181818181818182,0.325,0.393939393939394,-0.268741159830269
"706",4,4,0.55,0.45,0.9,3.25,3.75,0,-0.1,-0.181818181818182,0.2,0.222222222222222,-0.196923076923077
"706",5,5,0.25,0.25,0.525,2.35,3.25,0,5.55111512312578e-17,2.22044604925031e-16,0.225,0.428571428571428,-0.147299509001637
"706",3,3,0.25,0.2,1.475,3.2,2.9,0,-0.05,-0.2,-0.125,-0.0847457627118644,-0.0274784482758621
"706",4,3,0.4,0.6,0.6,2.2,2.5,-1,0.2,0.5,0.35,0.583333333333333,-0.00727272727272721
"706",4,4,0.25,0.15,0.783333333333333,2.6,2.25,0,-0.1,-0.4,-0.0833333333333334,-0.106382978723404,-0.117948717948718
"706",5,4,0.55,0.45,0.7,3.35,2.55,-1,-0.1,-0.181818181818182,0,0,-0.115013169446883
"706",4,4,0.55,0.45,0.733333333333333,2.75,2.55,0,-0.1,-0.181818181818182,-0.0333333333333333,-0.0454545454545454,-0.0941176470588236
"706",3,2,0.55,0.55,0.9,2.35,1.55,-1,0,0,0.1,0.111111111111111,0.00754975978037065
"706",3,2,0.4,0.55,1.1,2.6,1.85,-1,0.15,0.375,0.2,0.181818181818182,0.133056133056133
"706",5,4,0.25,0.2,0.9,3.85,4.4,-1,-0.05,-0.2,0.5,0.555555555555555,-0.142857142857143
"706",3,2,0.4,0.35,2.2,4.8,3.35,-1,-0.05,-0.125,0.8,0.363636363636364,-0.041044776119403
"706",4,3,0.4,0.55,0.466666666666667,1.8,1.85,-1,0.15,0.375,0.183333333333333,0.392857142857143,0.00300300300300294
"706",4,4,0.25,0.1,0.9,2.95,1.6,0,-0.15,-0.6,-0.4,-0.444444444444444,-0.0889830508474576
"706",5,5,0.4,0.45,0.9,4,4.45,0,0.0499999999999999,0.125,0.1,0.111111111111111,0.0056179775280899
"706",4,4,0.25,0.3,0.6,2.05,2.7,0,0.05,0.2,0.2,0.333333333333334,-0.0433604336043361
"706",5,5,0.25,0.25,0.8625,3.7,3.85,0,5.55111512312578e-17,2.22044604925031e-16,0.0375,0.0434782608695652,-0.0131625131625131
"706",3,2,0.55,0.55,1.1,2.75,1.55,-1,0,0,-0.1,-0.090909090909091,0.109677419354839
"706",3,3,0.55,0.6,2.2,4.95,3.9,0,0.05,0.090909090909091,-0.55,-0.25,0.128205128205128
"706",5,5,0.25,0.2,0.7,3.05,3.8,0,-0.0499999999999999,-0.2,0.2,0.285714285714286,-0.146678170836928
"706",4,4,0.55,0.55,0.7,2.65,2.65,0,-1.11022302462516e-16,-2.01858731750028e-16,0,0,-1.11022302462516e-16
"706",5,5,0.25,0.3,1.1,4.65,3.9,0,0.05,0.2,-0.2,-0.181818181818182,0.115798180314309
"706",4,4,0.4,0.25,0.9,3.1,3.85,0,-0.15,-0.375,0.3,0.333333333333333,-0.256388772517805
"706",3,3,0.55,0.45,1.4,3.35,3.25,0,-0.1,-0.181818181818182,0,0,-0.0771526980482204
"706",4,4,0.4,0.45,1.1,3.7,4.65,0,0.05,0.125,0.3,0.272727272727273,-0.045335658238884
"706",3,3,0.55,0.45,1.8,4.15,4.65,0,-0.1,-0.181818181818182,0.3,0.166666666666667,-0.107267780800622
"706",3,2,0.25,0.2,0.9,2.05,1.7,-1,-0.0499999999999999,-0.2,0.6,0.666666666666667,-0.130559540889527
"706",5,5,0.4,0.35,1.1,4.8,3.75,0,-0.05,-0.125,-0.25,-0.227272727272727,0.05
"706",5,5,0.25,0.2,0.675,2.95,3,0,-0.0499999999999999,-0.2,0.0249999999999999,0.0370370370370369,-0.0903954802259885
"706",3,2,0.4,0.35,1.8,4,2.35,-1,-0.05,-0.125,0.2,0.111111111111111,-0.00212765957446814
"707",3,2,0.55,0.55,0.9,2.35,1.65,-1,0,0,0.2,0.222222222222222,-0.0354609929078015
"707",3,2,0.55,0.5,2.2,4.95,2.9,-1,-0.05,-0.090909090909091,0.2,0.0909090909090908,0.0114942528735632
"707",3,2,0.25,0.2,2.2,4.65,2.5,-1,-0.05,-0.2,0.0999999999999996,0.0454545454545453,-0.00129032258064515
"707",3,2,0.25,0.25,0.7,1.65,1.65,-1,0,0,0.7,1,-0.151515151515152
"707",4,3,0.4,0.4,0.6,2.2,2.3,-1,-5.55111512312578e-17,-1.38777878078145e-16,0.35,0.583333333333333,-0.205533596837945
"707",3,3,0.25,0.25,1.8,3.85,3.55,0,5.55111512312578e-17,2.22044604925031e-16,-0.15,-0.0833333333333334,0.0164624108286081
"707",4,3,0.25,0.3,0.9,2.95,3,-1,0.05,0.2,0.45,0.5,-0.0389830508474576
"707",5,5,0.25,0.2,0.825,3.55,4.2,0,-0.0499999999999999,-0.2,0.175,0.212121212121212,-0.1140174379611
"707",3,3,0.25,0.15,1.1,2.45,2.35,0,-0.1,-0.4,0,0,-0.114633087277464
"707",5,5,0.4,0.45,0.7,3.2,3.65,0,0.05,0.125,0.1,0.142857142857143,-0.00856164383561653
"707",3,3,0.55,0.4,1.4,3.35,2.3,0,-0.15,-0.272727272727273,-0.45,-0.321428571428571,0.0292018170019467
"707",5,5,0.25,0.3,0.525,2.35,3.7,0,0.05,0.2,0.325,0.619047619047619,-0.126509488211616
"707",3,3,0.25,0.25,1.475,3.2,2.15,0,5.55111512312578e-17,2.22044604925031e-16,-0.525,-0.355932203389831,0.114462209302326
"707",3,3,0.4,0.4,1.8,4,3.3,0,-5.55111512312578e-17,-1.38777878078145e-16,-0.35,-0.194444444444444,0.0636363636363636
"707",5,5,0.25,0.25,0.8625,3.7,4.65,0,5.55111512312578e-17,2.22044604925031e-16,0.2375,0.27536231884058,-0.0690206335367625
"707",4,4,0.25,0.4,0.7,2.35,2.5,0,0.15,0.6,0,0,0.214468085106383
"707",5,5,0.55,0.45,1.1,4.95,4.05,0,-0.1,-0.181818181818182,-0.2,-0.181818181818182,0
"707",5,6,0.55,0.3,0.9,4.15,3.8,1,-0.25,-0.454545454545455,-0.2,-0.222222222222222,-0.188966391883323
"707",3,3,0.4,0.35,2.2,4.8,3.95,0,-0.05,-0.125,-0.4,-0.181818181818182,0.0158227848101265
"707",4,4,0.25,0.25,0.783333333333333,2.6,3.85,0,0,0,0.416666666666667,0.531914893617021,-0.124875124875125
"707",4,4,0.4,0.35,0.7,2.5,2.45,0,-0.05,-0.125,0,0,-0.0685714285714285
"707",4,4,0.55,0.3,0.6,2.35,1.8,0,-0.25,-0.454545454545455,-0.1,-0.166666666666667,-0.269503546099291
"707",4,5,0.4,0.25,0.9,3.1,4.05,1,-0.15,-0.375,0.0499999999999999,0.0555555555555555,-0.207487056949422
"707",4,4,0.55,0.35,0.733333333333333,2.75,2.75,0,-0.2,-0.363636363636364,0.0666666666666668,0.0909090909090911,-0.290909090909091
"707",5,5,0.4,0.4,0.9,4,3.4,0,0,0,-0.15,-0.166666666666667,0.0882352941176471
"707",5,6,0.25,0.15,0.9,3.85,4.65,1,-0.0999999999999999,-0.4,0,0,-0.13112693757855
"707",5,6,0.25,0.15,0.7,3.05,3.65,1,-0.0999999999999999,-0.4,0,0,-0.163260723108017
"707",5,5,0.4,0.25,1.1,4.8,4.25,0,-0.15,-0.375,-0.1,-0.090909090909091,-0.122549019607843
"707",4,4,0.55,0.4,1.1,3.85,2.8,0,-0.15,-0.272727272727273,-0.3,-0.272727272727273,0
"707",3,3,0.55,0.45,1.8,4.15,2.85,0,-0.1,-0.181818181818182,-0.6,-0.333333333333333,0.0760938490805327
"707",5,4,0.25,0.25,1.1,4.65,4.15,-1,0,0,0.2,0.181818181818182,-0.0278533488793885
"707",4,4,0.4,0.3,1.1,3.7,3.6,0,-0.1,-0.25,0,0,-0.0990990990990991
"707",4,4,0.25,0.2,0.733333333333333,2.45,2,0,-0.05,-0.2,-0.133333333333333,-0.181818181818182,-0.00816326530612232
"707",5,4,0.4,0.35,0.675,3.1,2.45,-1,-0.05,-0.125,0.0249999999999999,0.0370370370370369,-0.0737327188940091
"707",4,5,0.55,0.3,0.7,2.65,2.1,1,-0.25,-0.454545454545455,-0.25,-0.357142857142857,-0.115902964959569
"707",5,4,0.55,0.5,0.7,3.35,2.6,-1,-0.05,-0.090909090909091,0,0,-0.0516647531572904
"707",3,3,0.55,0.55,0.7,1.95,1.95,0,0,0,0,0,0
"707",5,4,0.55,0.5,0.675,3.25,2.6,-1,-0.05,-0.090909090909091,0.0249999999999999,0.0370370370370369,-0.0769230769230768
"707",5,6,0.55,0.45,0.825,3.85,3.45,1,-0.1,-0.181818181818182,-0.225,-0.272727272727273,0.0683229813664595
"707",5,5,0.4,0.45,0.525,2.5,2.65,0,0.05,0.125,0.025,0.0476190476190477,0.0490566037735848
"707",5,5,0.25,0.25,0.675,2.95,2.85,0,0,0,-0.025,-0.0370370370370371,0.0148676776687481
"707",4,3,0.55,0.35,0.9,3.25,1.75,-1,-0.2,-0.363636363636364,-0.2,-0.222222222222222,-0.0769230769230771
"707",4,4,0.25,0.2,0.6,2.05,2.6,0,-0.05,-0.2,0.2,0.333333333333334,-0.180112570356473
"707",3,3,0.4,0.25,1.1,2.6,2.15,0,-0.15,-0.375,-0.15,-0.136363636363636,-0.112701252236136
"707",3,3,0.4,0.4,0.7,1.8,1.5,0,-5.55111512312578e-17,-1.38777878078145e-16,-0.15,-0.214285714285714,0.133333333333333
"707",4,4,0.25,0.25,1.1,3.55,3.25,0,0,0,-0.1,-0.090909090909091,0.0260021668472373
"707",3,3,0.4,0.25,0.9,2.2,1.55,0,-0.15,-0.375,-0.25,-0.277777777777778,-0.0615835777126101
"707",4,4,0.4,0.5,0.466666666666667,1.8,2.6,0,0.0999999999999999,0.25,0.233333333333333,0.5,-0.11965811965812
"707",3,3,0.25,0.15,1.4,3.05,2.75,0,-0.1,-0.4,-0.0999999999999999,-0.0714285714285713,-0.0822652757078987
"707",3,3,0.55,0.5,1.1,2.75,2.5,0,-0.0500000000000001,-0.0909090909090911,-0.1,-0.090909090909091,-2.22044604925031e-16
"707",3,3,0.25,0.2,0.9,2.05,2.4,0,-0.0499999999999999,-0.2,0.2,0.222222222222222,-0.115853658536585
"707",4,3,0.25,0.2,0.466666666666667,1.65,2,-1,-0.0499999999999999,-0.2,0.433333333333333,0.928571428571429,-0.306060606060606
"707",4,4,0.25,0.15,0.7,2.35,1.65,0,-0.1,-0.4,-0.2,-0.285714285714286,-0.0618955512572534
"707",4,4,0.4,0.2,0.7,2.5,2,0,-0.2,-0.5,-0.1,-0.142857142857143,-0.24
"707",3,3,0.25,0.3,0.9,2.05,2.5,0,0.05,0.2,0.2,0.222222222222222,-0.00585365853658543
"707",5,5,0.4,0.4,0.7,3.2,3.4,0,0,0,0.05,0.0714285714285715,-0.0367647058823529
"707",4,5,0.55,0.45,0.733333333333333,2.75,3.25,1,-0.1,-0.181818181818182,-0.0333333333333333,-0.0454545454545454,-0.107692307692308
"707",4,4,0.25,0.25,0.9,2.95,2.95,0,0,0,0,0,0
"707",3,3,0.55,0.25,0.7,1.95,1.05,0,-0.3,-0.545454545454546,-0.3,-0.428571428571428,-0.131868131868132
"707",5,5,0.25,0.25,1.1,4.65,3.25,0,5.55111512312578e-17,2.22044604925031e-16,-0.35,-0.318181818181818,0.115798180314309
"707",5,4,0.4,0.5,0.525,2.5,2.9,-1,0.0999999999999999,0.25,0.275,0.523809523809524,-0.110344827586207
"707",4,3,0.25,0.55,0.466666666666667,1.65,2.15,-1,0.3,1.2,0.333333333333333,0.714285714285714,0.16138125440451
"707",5,5,0.4,0.55,1.1,4.8,3.75,0,0.15,0.375,-0.3,-0.272727272727273,0.316666666666667
"707",3,3,0.4,0.5,2.2,4.8,3.3,0,0.1,0.25,-0.8,-0.363636363636364,0.204545454545455
"707",5,5,0.55,0.35,1.1,4.95,3.75,0,-0.2,-0.363636363636364,-0.25,-0.227272727272727,-0.0888888888888889
"707",5,5,0.55,0.5,0.675,3.25,3.1,0,-0.05,-0.090909090909091,-0.025,-0.0370370370370371,-0.0397022332506204
"707",3,2,0.55,0.45,1.1,2.75,1.45,-1,-0.1,-0.181818181818182,-0.1,-0.090909090909091,0.0206896551724137
"707",3,2,0.4,0.4,1.8,4,2.2,-1,0,0,2.22044604925031e-16,1.2335811384724e-16,0.0636363636363636
"707",4,3,0.25,0.2,1.1,3.55,2.6,-1,-0.0499999999999999,-0.2,0.0999999999999999,0.0909090909090908,-0.0509209100758395
"707",3,2,0.25,0.2,1.8,3.85,2.1,-1,-0.05,-0.2,0.0999999999999999,0.0555555555555555,-0.00432900432900435
"707",5,4,0.25,0.35,0.825,3.55,3.05,-1,0.1,0.4,0.0750000000000001,0.090909090909091,0.106903717386285
"707",5,5,0.55,0.35,0.7,3.35,2.75,0,-0.2,-0.363636363636364,-0.1,-0.142857142857143,-0.184531886024423
"707",4,4,0.55,0.45,0.6,2.35,1.95,0,-0.1,-0.181818181818182,-0.1,-0.166666666666667,-0.0130932896890343
"707",4,4,0.4,0.3,1.1,3.7,1.8,0,-0.1,-0.25,-0.6,-0.545454545454546,0.234234234234234
"707",5,5,0.4,0.35,0.9,4,2.95,0,-0.05,-0.125,-0.25,-0.277777777777778,0.0932203389830508
"707",4,3,0.4,0.35,0.6,2.2,1.55,-1,-0.05,-0.125,-1.11022302462516e-16,-1.85037170770859e-16,-0.0498533724340177
"707",5,4,0.25,0.2,0.525,2.35,1.7,-1,-0.05,-0.2,-0.025,-0.0476190476190477,-0.0613266583229036
"707",5,5,0.55,0.45,0.825,3.85,2.85,0,-0.1,-0.181818181818182,-0.225,-0.272727272727273,0.075187969924812
"707",3,2,0.55,0.45,2.2,4.95,2.15,-1,-0.1,-0.181818181818182,-0.5,-0.227272727272727,0.0852713178294573
"707",3,2,0.4,0.35,1.1,2.6,1.75,-1,-0.05,-0.125,0.3,0.272727272727273,-0.0615384615384615
"707",3,2,0.25,0.2,0.7,1.65,1.6,-1,-0.0499999999999999,-0.2,0.7,1,-0.204545454545455
"707",4,2,0.25,0.3,0.733333333333333,2.45,1.7,-2,0.05,0.2,0.666666666666667,0.909090909090909,-0.0552220888355341
"707",5,4,0.25,0.3,0.675,2.95,3.6,-1,0.05,0.2,0.425,0.62962962962963,-0.0903954802259887
"707",4,2,0.4,0.4,0.9,3.1,2.1,-2,0,0,0.8,0.888888888888889,-0.135176651305684
"707",4,3,0.25,0.3,0.783333333333333,2.6,2.7,-1,0.05,0.2,0.416666666666667,0.531914893617021,-0.0512820512820513
"707",3,2,0.25,0.4,1.475,3.2,2.2,-1,0.15,0.6,0.325,0.220338983050847,0.129261363636364
"707",3,2,0.25,0.3,1.4,3.05,2.7,-1,0.05,0.2,1,0.714285714285714,-0.0236794171220401
"707",5,4,0.25,0.2,0.7,3.05,3.8,-1,-0.05,-0.2,0.5,0.714285714285714,-0.199309749784297
"707",3,2,0.55,0.45,0.9,2.35,1.75,-1,-0.1,-0.181818181818182,0.4,0.444444444444444,-0.187841945288754
"707",3,2,0.55,0.45,1.4,3.35,1.95,-1,-0.1,-0.181818181818182,0.1,0.0714285714285715,-0.0309988518943743
"707",3,2,0.55,0.55,1.8,4.15,3.05,-1,0,0,0.7,0.388888888888889,-0.036934623740865
"707",5,4,0.25,0.35,0.9,3.85,3.95,-1,0.1,0.4,0.3,0.333333333333333,0.0297550550715108
"707",5,5,0.4,0.45,0.675,3.1,3.25,0,0.05,0.125,0.0249999999999999,0.0370370370370369,0.0471464019851117
"707",4,4,0.25,0.2,0.6,2.05,2,0,-0.05,-0.2,1.11022302462516e-16,1.85037170770859e-16,-0.0878048780487805
"707",4,3,0.55,0.5,0.9,3.25,2.2,-1,-0.05,-0.090909090909091,-0.05,-0.0555555555555556,0.00489510489510481
"707",3,2,0.4,0.45,0.9,2.2,1.45,-1,0.0499999999999999,0.125,0.1,0.111111111111111,0.0752351097178682
"707",5,5,0.25,0.2,0.8625,3.7,3,0,-0.05,-0.2,-0.1625,-0.188405797101449,-0.00450450450450451
"707",4,4,0.4,0.45,0.466666666666667,1.8,2.25,0,0.05,0.125,0.133333333333333,0.285714285714286,-0.0888888888888889
"707",3,3,0.25,0.35,2.2,4.65,2.95,0,0.1,0.4,-0.9,-0.409090909090909,0.194641880809185
"707",5,4,0.55,0.5,0.9,4.15,3.5,-1,-0.05,-0.090909090909091,0.1,0.111111111111111,-0.0912220309810671
"707",3,2,0.4,0.4,0.7,1.8,1,-1,-5.55111512312578e-17,-1.38777878078145e-16,-0.1,-0.142857142857143,0.133333333333333
"707",3,2,0.25,0.2,1.1,2.45,1.4,-1,-0.0499999999999999,-0.2,0.0999999999999999,0.0909090909090908,-0.020408163265306
"707",4,2,0.55,0.45,1.1,3.85,2.15,-2,-0.1,-0.181818181818182,0.6,0.545454545454545,-0.152823920265781
"707",3,2,0.4,0.45,2.2,4.8,1.85,-1,0.0499999999999999,0.125,-0.8,-0.363636363636364,0.236486486486486
"707",3,2,0.4,0.4,0.9,2.2,1.6,-1,-5.55111512312578e-17,-1.38777878078145e-16,0.3,0.333333333333333,-0.0454545454545455
"707",4,3,0.4,0.5,0.7,2.5,2.4,-1,0.1,0.25,0.25,0.357142857142857,-0.015
"707",3,2,0.55,0.45,1.4,3.35,1.45,-1,-0.1,-0.181818181818182,-0.4,-0.285714285714286,0.128152341739578
"707",5,4,0.55,0.55,0.675,3.25,2.65,-1,0,0,0.0249999999999999,0.0370370370370369,-0.0159651669085629
"707",3,2,0.25,0.2,0.7,1.65,1,-1,-0.05,-0.2,0.1,0.142857142857143,-0.0545454545454546
"707",5,4,0.25,0.3,0.675,2.95,3,-1,0.05,0.2,0.225,0.333333333333333,-0.0237288135593219
"707",3,2,0.25,0.2,1.1,2.45,1.7,-1,-0.0499999999999999,-0.2,0.4,0.363636363636364,-0.0708283313325329
"707",5,4,0.4,0.35,0.7,3.2,2.75,-1,-0.05,-0.125,0.1,0.142857142857143,-0.115909090909091
"707",3,2,0.25,0.2,1.475,3.2,2.6,-1,-0.0499999999999999,-0.2,0.925,0.627118644067796,-0.0805288461538461
"707",3,2,0.25,0.25,1.8,3.85,2.25,-1,5.55111512312578e-17,2.22044604925031e-16,0.2,0.111111111111111,0.0274170274170275
"707",4,3,0.25,0.2,0.9,2.95,2.5,-1,-0.05,-0.2,0.25,0.277777777777778,-0.0989830508474576
"707",5,5,0.4,0.4,1.1,4.8,4.2,0,0,0,-0.15,-0.136363636363636,0.0595238095238095
"707",5,5,0.4,0.4,0.525,2.5,2.8,0,0,0,0.075,0.142857142857143,-0.0857142857142857
"707",4,6,0.55,0.35,0.6,2.35,2.85,2,-0.2,-0.363636363636364,-0.1,-0.166666666666667,-0.1993281075028
"707",5,5,0.55,0.45,1.1,4.95,4.25,0,-0.1,-0.181818181818182,-0.15,-0.136363636363636,-0.0261437908496732
"707",5,4,0.55,0.25,0.9,4.15,2.05,-1,-0.3,-0.545454545454546,-0.3,-0.333333333333333,-0.174845724360858
"707",3,2,0.55,0.4,0.7,1.95,1,-1,-0.15,-0.272727272727273,-0.1,-0.142857142857143,-0.0461538461538462
"707",5,4,0.25,0.2,0.8625,3.7,2.6,-1,-0.05,-0.2,-0.0625,-0.072463768115942,-0.0301455301455302
"707",3,2,0.55,0.45,1.1,2.75,1.45,-1,-0.1,-0.181818181818182,-0.1,-0.090909090909091,0.0206896551724137
"707",3,2,0.4,0.4,1.8,4,2.7,-1,0,0,0.5,0.277777777777778,-0.00370370370370371
"707",3,2,0.4,0.3,0.7,1.8,0.8,-1,-0.1,-0.25,-0.2,-0.285714285714286,0.0833333333333331
"707",4,3,0.25,0.25,0.466666666666667,1.65,1.05,-1,0,0,-0.0666666666666667,-0.142857142857143,0.108225108225108
"707",5,5,0.4,0.35,0.9,4,3.15,0,-0.05,-0.125,-0.2,-0.222222222222222,0.0555555555555556
"707",4,3,0.4,0.35,0.9,3.1,1.85,-1,-0.05,-0.125,-0.15,-0.166666666666667,0.0514385353095029
"707",5,5,0.25,0.35,0.825,3.55,3.75,0,0.1,0.4,0.025,0.0303030303030303,0.114553990610329
"707",4,4,0.25,0.3,0.7,2.35,2.4,0,0.05,0.2,0,0,0.0744680851063831
"707",3,2,0.55,0.5,0.9,2.35,1.4,-1,-0.05,-0.090909090909091,0,0,0.0121580547112462
"707",5,4,0.55,0.5,0.7,3.35,2.6,-1,-0.0500000000000001,-0.0909090909090911,0,0,-0.0516647531572905
"707",4,5,0.55,0.5,1.1,3.85,3.7,1,-0.05,-0.090909090909091,-0.3,-0.272727272727273,0.104247104247104
"707",3,2,0.4,0.3,1.1,2.6,1.2,-1,-0.1,-0.25,-0.2,-0.181818181818182,0.0384615384615385
"707",4,3,0.25,0.2,0.6,2.05,1.7,-1,-0.05,-0.2,0.15,0.25,-0.134863701578192
"707",4,3,0.55,0.55,0.7,2.65,1.95,-1,0,0,0,0,0.0159651669085631
"707",4,3,0.55,0.4,0.733333333333333,2.75,1.5,-1,-0.15,-0.272727272727273,-0.183333333333333,-0.25,1.11022302462516e-16
"707",4,3,0.55,0.5,0.9,3.25,2.1,-1,-0.0500000000000001,-0.0909090909090911,-0.1,-0.111111111111111,0.0373626373626372
"707",4,3,0.25,0.2,0.783333333333333,2.6,2,-1,-0.05,-0.2,0.116666666666667,0.148936170212766,-0.0846153846153845
"707",4,4,0.4,0.3,0.6,2.2,2.1,0,-0.1,-0.25,-1.11022302462516e-16,-1.85037170770859e-16,-0.155844155844156
"707",4,3,0.25,0.2,1.1,3.55,2.4,-1,-0.05,-0.2,0,0,-0.0316901408450704
"707",5,5,0.25,0.2,0.7,3.05,3.2,0,-0.05,-0.2,0.05,0.0714285714285715,-0.0973360655737705
"707",3,3,0.25,0.25,0.9,2.05,2.35,0,0,0,0.15,0.166666666666667,-0.0467047223663727
"707",3,2,0.55,0.3,1.8,4.15,2.4,-1,-0.25,-0.454545454545455,0.3,0.166666666666667,-0.147590361445783
"707",5,4,0.25,0.25,0.9,3.85,3.25,-1,0,0,0.1,0.111111111111111,-0.016983016983017
"707",4,4,0.4,0.35,0.466666666666667,1.8,1.85,0,-0.05,-0.125,0.0333333333333333,0.0714285714285714,-0.132132132132132
"707",3,2,0.25,0.25,2.2,4.65,3.15,-1,0,0,0.7,0.318181818181818,-0.00256016385048644
"707",3,2,0.55,0.3,2.2,4.95,2.5,-1,-0.25,-0.454545454545455,0,0,-0.0933333333333334
"707",3,2,0.25,0.2,1.4,3.05,2.2,-1,-0.05,-0.2,0.6,0.428571428571429,-0.0640834575260805
"707",5,4,0.25,0.3,0.525,2.35,2.7,-1,0.05,0.2,0.275,0.523809523809524,-0.0874704491725768
"707",4,3,0.4,0.35,1.1,3.7,2.45,-1,-0.05,-0.125,-0.05,-0.0454545454545455,-0.00386100386100396
"707",5,5,0.55,0.3,0.825,3.85,3.3,0,-0.25,-0.454545454545455,-0.0750000000000001,-0.090909090909091,-0.25974025974026
"707",5,5,0.25,0.3,1.1,4.65,2.9,0,0.05,0.2,-0.45,-0.409090909090909,0.24842417500927
"707",5,5,0.4,0.4,0.675,3.1,3.6,0,0,0,0.125,0.185185185185185,-0.089605734767025
"707",4,3,0.25,0.2,0.733333333333333,2.45,2,-1,-0.05,-0.2,0.166666666666667,0.227272727272727,-0.108163265306122
"707",4,4,0.55,0.4,0.9,3.25,2.8,0,-0.15,-0.272727272727273,-0.1,-0.111111111111111,-0.105494505494506
"707",4,4,0.4,0.45,0.466666666666667,1.8,2.55,0,0.0499999999999999,0.125,0.233333333333333,0.5,-0.183006535947713
"707",4,5,0.55,0.5,0.6,2.35,2.9,1,-0.05,-0.090909090909091,0,0,-0.074101247248716
"707",5,5,0.4,0.3,0.9,4,3.1,0,-0.1,-0.25,-0.2,-0.222222222222222,-0.0161290322580644
"707",5,5,0.4,0.25,1.1,4.8,3.05,0,-0.15,-0.375,-0.4,-0.363636363636364,-0.00683060109289613
"707",3,3,0.55,0.45,0.9,2.35,2.35,0,-0.1,-0.181818181818182,0.0499999999999999,0.0555555555555555,-0.127659574468085
"707",4,3,0.4,0.45,0.6,2.2,1.75,-1,0.05,0.125,0.0499999999999999,0.0833333333333332,0.0441558441558442
"707",5,5,0.4,0.35,0.675,3.1,2.75,0,-0.05,-0.125,-0.0750000000000001,-0.111111111111111,-0.00879765395894427
"707",5,4,0.55,0.35,0.7,3.35,2.15,-1,-0.2,-0.363636363636364,-0.1,-0.142857142857143,-0.169732731690385
"707",5,5,0.55,0.5,0.825,3.85,3.5,0,-0.05,-0.090909090909091,-0.0750000000000001,-0.090909090909091,0
"707",4,3,0.25,0.25,0.733333333333333,2.45,1.65,-1,0,0,-0.0333333333333334,-0.0454545454545456,0.0463821892393322
"707",5,4,0.25,0.25,0.525,2.35,1.75,-1,0,0,-0.025,-0.0476190476190477,0.0395136778115501
"707",5,5,0.4,0.35,0.525,2.5,2.35,0,-0.05,-0.125,-0.025,-0.0476190476190477,-0.0553191489361703
"707",5,5,0.25,0.25,0.9,3.85,3.25,0,0,0,-0.15,-0.166666666666667,0.05994005994006
"707",3,2,0.55,0.3,2.2,4.95,2.3,-1,-0.25,-0.454545454545455,-0.2,-0.090909090909091,-0.0724637681159421
"707",4,2,0.25,0.4,0.7,2.35,2.2,-2,0.15,0.6,1.1,1.57142857142857,-0.0618955512572534
"707",5,4,0.25,0.35,1.1,4.65,4.25,-1,0.1,0.4,0.2,0.181818181818182,0.0605945604048072
"707",3,2,0.4,0.4,0.9,2.2,1.8,-1,0,0,0.5,0.555555555555555,-0.101010101010101
"707",3,2,0.25,0.25,1.475,3.2,2.05,-1,5.55111512312578e-17,2.22044604925031e-16,0.325,0.220338983050847,0.00952743902439027
"707",4,2,0.25,0.15,1.1,3.55,1.85,-2,-0.1,-0.4,0.6,0.545454545454545,-0.119527978682908
"707",4,3,0.55,0.55,0.7,2.65,1.95,-1,0,0,0,0,0.0159651669085631
"707",4,3,0.55,0.45,0.733333333333333,2.75,2.05,-1,-0.1,-0.181818181818182,0.0666666666666668,0.0909090909090911,-0.141463414634146
"707",3,2,0.4,0.5,2.2,4.8,3.4,-1,0.1,0.25,0.7,0.318181818181818,0.0441176470588235
"707",4,2,0.4,0.55,1.1,3.7,1.95,-2,0.15,0.375,0.3,0.272727272727273,0.131670131670132
"707",5,3,0.25,0.4,0.675,2.95,2.4,-2,0.15,0.6,0.325,0.481481481481481,0.0762711864406781
"707",3,2,0.25,0.25,0.9,2.05,1.95,-1,0,0,0.8,0.888888888888889,-0.109443402126329
"707",4,3,0.25,0.45,0.783333333333333,2.6,3.15,-1,0.2,0.8,0.566666666666667,0.723404255319149,0.043956043956044
"707",3,2,0.25,0.25,1.4,3.05,2.35,-1,0,0,0.7,0.5,-0.0331356818974538
"707",3,2,0.4,0.55,0.7,1.8,1.35,-1,0.15,0.375,0.1,0.142857142857143,0.148148148148148
"707",3,2,0.55,0.55,1.1,2.75,1.65,-1,0,0,0,0,0.0666666666666665
"707",3,2,0.25,0.35,2.2,4.65,3.05,-1,0.1,0.4,0.5,0.227272727272727,0.0682178741406663
"707",5,3,0.25,0.25,0.825,3.55,2.45,-2,0,0,0.275,0.333333333333334,-0.0459902270767463
"707",3,2,0.25,0.45,1.8,3.85,2.75,-1,0.2,0.8,0.5,0.277777777777778,0.132467532467532
"707",4,3,0.25,0.25,0.6,2.05,1.55,-1,0,0,0.0500000000000002,0.0833333333333336,-0.00393391030684509
"707",5,5,0.25,0.35,0.7,3.05,3.15,0,0.1,0.4,0,0,0.145719489981785
"707",3,2,0.55,0.5,1.4,3.35,2.3,-1,-0.05,-0.090909090909091,0.4,0.285714285714286,-0.0577547047371836
"707",3,2,0.25,0.15,1.1,2.45,1.05,-1,-0.1,-0.4,-0.2,-0.181818181818182,-0.020408163265306
"707",3,2,0.25,0.45,0.7,1.65,1.65,-1,0.2,0.8,0.5,0.714285714285714,0.0909090909090909
"707",4,3,0.4,0.4,0.9,3.1,2.3,-1,0,0,0.0499999999999999,0.0555555555555555,0.0056100981767182
"707",5,5,0.55,0.5,1.1,4.95,5.1,0,-0.05,-0.090909090909091,0.0499999999999998,0.0454545454545453,-0.065359477124183
"707",5,5,0.25,0.35,0.8625,3.7,3.75,0,0.1,0.4,-0.0125000000000001,-0.0144927536231885,0.128828828828829
"707",3,2,0.4,0.35,1.1,2.6,1.55,-1,-0.05,-0.125,0.0999999999999999,0.0909090909090908,-0.00992555831265501
"707",3,2,0.55,0.4,0.7,1.95,1.2,-1,-0.15,-0.272727272727273,0.1,0.142857142857143,-0.17948717948718
"707",4,5,0.55,0.25,1.1,3.85,3.45,1,-0.3,-0.545454545454546,-0.3,-0.272727272727273,-0.209109730848861
"707",3,2,0.4,0.4,1.8,4,2.2,-1,0,0,2.22044604925031e-16,1.2335811384724e-16,0.0636363636363636
"707",5,5,0.55,0.3,0.675,3.25,2.7,0,-0.25,-0.454545454545455,-0.0750000000000001,-0.111111111111111,-0.290598290598291
"707",4,3,0.4,0.4,0.7,2.5,1.6,-1,0,0,-0.1,-0.142857142857143,0.11
"707",3,2,0.55,0.55,1.8,4.15,2.65,-1,0,0,0.3,0.166666666666667,0.0175039781768583
"707",4,3,0.25,0.3,0.9,2.95,2.6,-1,0.05,0.2,0.25,0.277777777777778,0.00717079530638853
"707",5,4,0.4,0.45,0.7,3.2,2.85,-1,0.05,0.125,0.1,0.142857142857143,0.00657894736842091
"707",4,3,0.25,0.35,0.466666666666667,1.65,1.35,-1,0.1,0.4,0.0333333333333333,0.0714285714285714,0.171717171717171
"707",5,5,0.55,0.4,0.9,4.15,5.2,0,-0.15,-0.272727272727273,0.3,0.333333333333333,-0.278035217794254
"707",5,5,0.55,0.45,0.825,3.85,5.25,0,-0.1,-0.181818181818182,0.375,0.454545454545454,-0.285714285714286
"707",4,3,0.4,0.45,0.7,2.5,1.85,-1,0.05,0.125,0,0,0.0897297297297298
"707",4,4,0.55,0.45,0.6,2.35,2.25,0,-0.1,-0.181818181818182,0,0,-0.136170212765957
"707",5,5,0.25,0.4,1.1,4.65,3.6,0,0.15,0.6,-0.3,-0.272727272727273,0.28673835125448
"707",4,4,0.55,0.45,0.7,2.65,2.25,0,-0.1,-0.181818181818182,-0.1,-0.142857142857143,-0.0301886792452831
"707",5,5,0.25,0.35,0.675,2.95,3.15,0,0.1,0.4,0.0249999999999999,0.0370370370370369,0.131826741996234
"707",3,2,0.4,0.35,0.9,2.2,1.55,-1,-0.05,-0.125,0.3,0.333333333333333,-0.093841642228739
"707",3,2,0.55,0.4,1.4,3.35,1.6,-1,-0.15,-0.272727272727273,-0.2,-0.142857142857143,0.00746268656716415
"707",3,2,0.4,0.5,2.2,4.8,2.3,-1,0.1,0.25,-0.4,-0.181818181818182,0.184782608695652
"707",3,2,0.55,0.5,2.2,4.95,3.3,-1,-0.05,-0.090909090909091,0.6,0.272727272727273,-0.0303030303030303
"707",4,3,0.4,0.4,0.6,2.2,3,-1,0,0,0.7,1.16666666666667,-0.327272727272727
"707",5,4,0.4,0.45,0.525,2.5,2.85,-1,0.0499999999999999,0.125,0.275,0.523809523809524,-0.168421052631579
"707",3,2,0.25,0.5,2.2,4.65,2.6,-1,0.25,1,-0.1,-0.0454545454545455,0.223325062034739
"707",4,3,0.25,0.35,0.733333333333333,2.45,2.45,-1,0.1,0.4,0.316666666666667,0.431818181818182,0.0204081632653061
"707",4,3,0.4,0.45,0.466666666666667,1.8,1.85,-1,0.05,0.125,0.233333333333333,0.5,-0.159159159159159
"707",5,4,0.55,0.35,0.675,3.25,1.85,-1,-0.2,-0.363636363636364,-0.175,-0.259259259259259,-0.0893970893970895
"707",4,3,0.25,0.2,1.1,3.55,1.7,-1,-0.05,-0.2,-0.35,-0.318181818181818,0.0712510356255179
"707",5,4,0.4,0.35,0.675,3.1,2.15,-1,-0.05,-0.125,-0.0750000000000001,-0.111111111111111,0.00600150037509373
"707",5,5,0.25,0.4,0.7,3.05,3.2,0,0.15,0.6,0,0,0.215163934426229
"707",4,3,0.55,0.45,1.1,3.85,2.25,-1,-0.1,-0.181818181818182,-0.2,-0.181818181818182,0.0285714285714287
"707",4,3,0.55,0.55,0.733333333333333,2.75,1.85,-1,0,0,-0.0833333333333333,-0.113636363636364,0.0918918918918918
"707",5,4,0.25,0.5,0.525,2.35,2.6,-1,0.25,1,0.175,0.333333333333333,0.237315875613748
"707",5,5,0.25,0.4,0.825,3.55,3.4,0,0.15,0.6,-0.075,-0.0909090909090909,0.236122618061309
"707",4,3,0.25,0.55,0.783333333333333,2.6,2.85,-1,0.3,1.2,0.366666666666667,0.468085106382979,0.194331983805668
"707",3,2,0.4,0.45,0.7,1.8,1.45,-1,0.05,0.125,0.3,0.428571428571429,-0.0459770114942529
"707",5,4,0.55,0.5,0.7,3.35,2.6,-1,-0.05,-0.090909090909091,0,0,-0.0516647531572904
"707",5,5,0.55,0.45,1.1,4.95,4.05,0,-0.1,-0.181818181818182,-0.2,-0.181818181818182,0
"707",4,3,0.4,0.45,0.9,3.1,2.45,-1,0.05,0.125,0.1,0.111111111111111,0.0348913759052007
"707",3,2,0.25,0.3,0.9,2.05,2.2,-1,0.05,0.2,1,1.11111111111111,-0.0931263858093127
"707",5,5,0.4,0.45,1.1,4.8,5.45,0,0.05,0.125,0.15,0.136363636363636,-0.00382262996941896
"707",4,2,0.25,0.3,0.9,2.95,2.2,-2,0.05,0.2,1,1.11111111111111,-0.0662557781201848
"707",3,2,0.25,0.25,1.8,3.85,2.95,-1,5.55111512312578e-17,2.22044604925031e-16,0.9,0.5,-0.025313669381466
"707",3,2,0.55,0.5,0.7,1.95,1.2,-1,-0.05,-0.090909090909091,0,0,-0.0128205128205129
"707",5,5,0.4,0.45,0.7,3.2,2.85,0,0.05,0.125,-0.1,-0.142857142857143,0.164473684210526
"707",3,2,0.25,0.3,0.7,1.65,1.6,-1,0.05,0.2,0.6,0.857142857142857,-0.0795454545454545
"707",3,2,0.55,0.5,1.8,4.15,2,-1,-0.0500000000000001,-0.0909090909090911,-0.3,-0.166666666666667,0.102409638554217
"707",5,3,0.25,0.25,0.8625,3.7,2.25,-2,5.55111512312578e-17,2.22044604925031e-16,0.1375,0.159420289855072,-0.0045045045045044
"707",3,2,0.25,0.4,1.1,2.45,1.5,-1,0.15,0.6,0,0,0.227210884353742
"707",4,3,0.25,0.3,0.466666666666667,1.65,1.3,-1,0.05,0.2,0.0333333333333333,0.0714285714285714,0.0862470862470861
"707",3,2,0.55,0.45,0.9,2.35,1.15,-1,-0.1,-0.181818181818182,-0.2,-0.222222222222222,0.0804810360777058
"707",5,5,0.55,0.4,0.9,4.15,3.8,0,-0.15,-0.272727272727273,-0.05,-0.0555555555555556,-0.136334812935954
"707",3,2,0.4,0.35,1.8,4,1.35,-1,-0.05,-0.125,-0.8,-0.444444444444444,0.218518518518518
"707",5,4,0.25,0.3,0.9,3.85,3.6,-1,0.05,0.2,0.2,0.222222222222222,0.00865800865800864
"707",3,2,0.25,0.25,1.4,3.05,1.75,-1,0,0,0.1,0.0714285714285715,0.0398126463700234
"707",3,2,0.4,0.5,1.1,2.6,2,-1,0.1,0.25,0.4,0.363636363636364,0.0384615384615385
"707",3,2,0.25,0.3,1.475,3.2,2,-1,0.05,0.2,0.225,0.152542372881356,0.065625
"707",3,2,0.55,0.45,1.1,2.75,1.85,-1,-0.1,-0.181818181818182,0.3,0.272727272727273,-0.113513513513514
"707",4,3,0.25,0.3,0.7,2.35,2.3,-1,0.05,0.2,0.3,0.428571428571429,-0.0342275670675301
"707",4,3,0.25,0.3,0.6,2.05,2,-1,0.05,0.2,0.25,0.416666666666667,-0.0378048780487805
"707",4,4,0.55,0.5,0.9,3.25,2.9,0,-0.0500000000000001,-0.0909090909090911,-0.1,-0.111111111111111,0.012732095490716
"707",5,5,0.4,0.45,0.9,4,4.05,0,0.05,0.125,0,0,0.0555555555555556
"707",4,3,0.4,0.5,1.1,3.7,2.5,-1,0.1,0.25,-0.1,-0.090909090909091,0.167567567567568
"707",5,4,0.25,0.35,0.8625,3.7,3.65,-1,0.1,0.4,0.2375,0.27536231884058,0.0457238059977786
"707",4,3,0.25,0.2,1.1,3.55,2.2,-1,-0.05,-0.2,-0.1,-0.090909090909091,-0.00896286811779762
"707",4,3,0.4,0.35,0.9,3.1,2.15,-1,-0.05,-0.125,0,0,-0.0277569392348088
"707",3,2,0.55,0.45,0.9,2.35,2.25,-1,-0.1,-0.181818181818182,0.9,1,-0.302127659574468
"707",3,2,0.4,0.5,1.1,2.6,2.5,-1,0.1,0.25,0.9,0.818181818181818,-0.0615384615384615
"707",5,5,0.25,0.2,1.1,4.65,5.2,0,-0.05,-0.2,0.15,0.136363636363636,-0.076509511993383
"707",3,2,0.25,0.25,2.2,4.65,2.15,-1,5.55111512312578e-17,2.22044604925031e-16,-0.3,-0.136363636363636,0.0712678169542386
"707",3,2,0.55,0.45,1.8,4.15,3.45,-1,-0.1,-0.181818181818182,1.2,0.666666666666667,-0.136720796228392
"707",4,2,0.25,0.25,0.9,2.95,2.25,-2,0,0,1.1,1.22222222222222,-0.116760828625235
"707",4,3,0.55,0.45,0.733333333333333,2.75,2.15,-1,-0.1,-0.181818181818182,0.116666666666667,0.159090909090909,-0.172093023255814
"707",5,4,0.4,0.45,0.9,4,3.45,-1,0.05,0.125,0.1,0.111111111111111,0.0217391304347826
"707",5,5,0.25,0.3,0.675,2.95,3.5,0,0.05,0.2,0.125,0.185185185185185,0.00484261501210653
"707",3,2,0.4,0.55,0.9,2.2,1.95,-1,0.15,0.375,0.5,0.555555555555555,0.0186480186480187
"707",5,5,0.55,0.5,1.1,4.95,3.7,0,-0.0500000000000001,-0.0909090909090911,-0.3,-0.272727272727273,0.12012012012012
"707",4,5,0.4,0.4,0.7,2.5,2.6,1,-5.55111512312578e-17,-1.38777878078145e-16,-0.15,-0.214285714285714,0.129230769230769
"707",4,5,0.25,0.35,0.7,2.35,2.35,1,0.1,0.4,-0.2,-0.285714285714286,0.319148936170213
"707",4,4,0.25,0.2,0.783333333333333,2.6,2,0,-0.0499999999999999,-0.2,-0.183333333333333,-0.234042553191489,0.0153846153846156
"707",4,4,0.4,0.35,1.1,3.7,3.05,0,-0.05,-0.125,-0.2,-0.181818181818182,0.0265839610101904
"707",4,4,0.55,0.45,0.7,2.65,2.25,0,-0.1,-0.181818181818182,-0.1,-0.142857142857143,-0.0301886792452831
"707",5,5,0.25,0.3,0.825,3.55,4.7,0,0.05,0.2,0.275,0.333333333333334,-0.0329637398861253
"707",3,2,0.25,0.25,1.4,3.05,1.85,-1,5.55111512312578e-17,2.22044604925031e-16,0.2,0.142857142857143,0.024368630926008
"707",5,5,0.55,0.4,0.675,3.25,2.6,0,-0.15,-0.272727272727273,-0.125,-0.185185185185185,-0.076923076923077
"707",4,4,0.4,0.35,0.466666666666667,1.8,1.85,0,-0.05,-0.125,0.0333333333333333,0.0714285714285714,-0.132132132132132
"707",5,5,0.55,0.55,0.825,3.85,3.75,0,-1.11022302462516e-16,-2.01858731750028e-16,-0.025,-0.0303030303030303,0.0190476190476189
"707",4,5,0.55,0.5,0.9,3.25,3.3,1,-0.0500000000000001,-0.0909090909090911,-0.2,-0.222222222222222,0.0806526806526805
"707",4,4,0.25,0.4,0.466666666666667,1.65,2.2,0,0.15,0.6,0.133333333333333,0.285714285714286,0.121212121212121
"707",3,3,0.25,0.3,0.7,1.65,1.7,0,0.05,0.2,0,0,0.0748663101604279
"707",4,4,0.25,0.35,0.733333333333333,2.45,2.75,0,0.1,0.4,0.0666666666666667,0.0909090909090909,0.100927643784787
"707",5,4,0.25,0.2,0.9,3.85,2.6,-1,-0.05,-0.2,-0.1,-0.111111111111111,-0.016983016983017
"707",3,2,0.55,0.45,2.2,4.95,2.75,-1,-0.1,-0.181818181818182,0.0999999999999996,0.0454545454545453,-0.00606060606060616
"707",3,2,0.25,0.35,1.8,3.85,2.65,-1,0.1,0.4,0.5,0.277777777777778,0.0693457485910317
"707",5,5,0.4,0.4,0.675,3.1,3.6,0,0,0,0.125,0.185185185185185,-0.089605734767025
"707",5,4,0.4,0.5,0.525,2.5,2.3,-1,0.1,0.25,0.075,0.142857142857143,0.0695652173913044
"707",3,2,0.55,0.45,0.7,1.95,1.05,-1,-0.1,-0.181818181818182,-0.1,-0.142857142857143,0.0109890109890109
"707",3,2,0.25,0.2,0.9,2.05,1.9,-1,-0.05,-0.2,0.8,0.888888888888889,-0.155327342747112
"707",5,4,0.55,0.6,0.7,3.35,3,-1,0.0499999999999999,0.0909090909090908,0.1,0.142857142857143,-0.0208955223880599
"707",5,5,0.25,0.25,0.7,3.05,3.65,0,0,0,0.15,0.214285714285714,-0.067370312149113
"707",3,2,0.55,0.55,1.1,2.75,2.05,-1,0,0,0.4,0.363636363636364,-0.0634146341463414
"707",3,2,0.4,0.4,1.8,4,2.5,-1,0,0,0.3,0.166666666666667,0.02
"707",4,4,0.4,0.45,0.6,2.2,2.55,0,0.05,0.125,0.0999999999999999,0.166666666666666,-0.0213903743315508
"707",5,5,0.4,0.25,0.7,3.2,2.65,0,-0.15,-0.375,-0.1,-0.142857142857143,-0.153301886792453
"707",3,2,0.4,0.35,0.7,1.8,0.95,-1,-0.05,-0.125,-0.1,-0.142857142857143,0.0701754385964911
"707",4,2,0.25,0.35,0.6,2.05,1.05,-2,0.1,0.4,0.1,0.166666666666667,0.178861788617886
"707",3,2,0.25,0.3,1.1,2.45,2,-1,0.05,0.2,0.6,0.545454545454545,-0.00612244897959174
"707",5,5,0.55,0.4,0.9,4.15,3.6,0,-0.15,-0.272727272727273,-0.1,-0.111111111111111,-0.107095046854083
"707",4,4,0.55,0.45,1.1,3.85,3.15,0,-0.1,-0.181818181818182,-0.2,-0.181818181818182,-1.11022302462516e-16
"707",5,5,0.4,0.55,1.1,4.8,5.15,0,0.15,0.375,0.0499999999999998,0.0454545454545453,0.117313915857605
"707",4,5,0.55,0.4,0.6,2.35,2.4,1,-0.15,-0.272727272727273,-0.1,-0.166666666666667,-0.102836879432624
"707",3,2,0.55,0.5,1.4,3.35,1.9,-1,-0.0500000000000001,-0.0909090909090911,0,0,0.0337784760408483
"707",5,5,0.25,0.5,0.525,2.35,3.1,0,0.25,1,0.125,0.238095238095238,0.274536719286204
"707",3,2,0.25,0.25,1.475,3.2,2.25,-1,5.55111512312578e-17,2.22044604925031e-16,0.525,0.35593220338983,-0.0121527777777777
"707",3,2,0.4,0.25,2.2,4.8,2.75,-1,-0.15,-0.375,0.3,0.136363636363636,-0.0681818181818182
"708",3,3,0.55,0.35,0.7,1.95,1.25,0,-0.2,-0.363636363636364,-0.25,-0.357142857142857,-0.0061538461538464
"708",5,5,0.55,0.25,1.1,4.95,2.85,0,-0.3,-0.545454545454546,-0.45,-0.409090909090909,-0.116959064327485
"708",5,4,0.25,0.2,1.1,4.65,3.2,-1,-0.05,-0.2,-0.1,-0.090909090909091,-0.0188172043010753
"708",5,5,0.4,0.5,0.675,3.1,4.5,0,0.1,0.25,0.325,0.481481481481481,-0.089605734767025
"708",3,3,0.25,0.25,1.1,2.45,2.45,0,0,0,0,0,0
"708",4,2,0.55,0.6,0.6,2.35,2,-2,0.0499999999999999,0.0909090909090908,0.8,1.33333333333333,-0.336170212765957
"708",3,3,0.4,0.5,2.2,4.8,3.2,0,0.1,0.25,-0.85,-0.386363636363636,0.21875
"708",3,3,0.55,0.4,0.9,2.35,2.6,0,-0.15,-0.272727272727273,0.2,0.222222222222222,-0.240589198036007
"708",4,4,0.55,0.4,0.7,2.65,3.1,0,-0.15,-0.272727272727273,0.2,0.285714285714286,-0.314059646987219
"708",4,4,0.25,0.55,0.783333333333333,2.6,3.25,0,0.3,1.2,0.116666666666667,0.148936170212766,0.292307692307692
"708",5,6,0.55,0.55,0.825,3.85,7.05,1,0,0,0.475,0.575757575757576,-0.246200607902736
"708",3,3,0.25,0.25,1.8,3.85,1.65,0,0,0,-1.1,-0.611111111111111,0.25974025974026
"708",4,4,0.55,0.55,1.1,3.85,3.55,0,0,0,-0.1,-0.090909090909091,0.0482897384305836
"708",4,4,0.4,0.55,0.466666666666667,1.8,2.35,0,0.15,0.375,0.133333333333333,0.285714285714286,0.0472813238770687
"708",4,4,0.4,0.55,0.6,2.2,2.95,0,0.15,0.375,0.2,0.333333333333333,0.0184899845916795
"708",5,4,0.4,0.4,0.9,4,3.7,-1,0,0,0.2,0.222222222222222,-0.0675675675675675
"708",3,2,0.25,0.3,1.4,3.05,1.2,-1,0.05,0.2,-0.5,-0.357142857142857,0.254098360655738
"708",3,3,0.4,0.3,1.8,4,2.7,0,-0.1,-0.25,-0.6,-0.333333333333333,0.0333333333333333
"708",4,4,0.4,0.35,0.7,2.5,3.05,0,-0.05,-0.125,0.2,0.285714285714286,-0.180983606557377
"708",4,4,0.25,0.2,0.7,2.35,2.3,0,-0.05,-0.2,0,0,-0.0777058279370953
"708",5,6,0.55,0.3,0.675,3.25,2.8,1,-0.25,-0.454545454545455,-0.175,-0.259259259259259,-0.203296703296703
"708",4,4,0.25,0.25,1.1,3.55,3.25,0,5.55111512312578e-17,2.22044604925031e-16,-0.1,-0.090909090909091,0.0260021668472374
"708",5,5,0.4,0.5,0.525,2.5,2.9,0,0.1,0.25,0.075,0.142857142857143,0.0620689655172414
"708",4,4,0.25,0.4,0.6,2.05,3.7,0,0.15,0.6,0.5,0.833333333333334,-0.0553724456163481
"708",4,4,0.4,0.45,1.1,3.7,4.35,0,0.05,0.125,0.2,0.181818181818182,-0.0186393289841567
"708",3,3,0.55,0.4,1.8,4.15,2.8,0,-0.15,-0.272727272727273,-0.6,-0.333333333333333,0.0309810671256455
"708",3,3,0.4,0.3,1.1,2.6,1.5,0,-0.1,-0.25,-0.5,-0.454545454545455,0.138461538461538
"708",5,5,0.25,0.2,0.825,3.55,5.4,0,-0.05,-0.2,0.475,0.575757575757576,-0.166927490871153
"708",5,4,0.55,0.45,0.7,3.35,2.55,-1,-0.1,-0.181818181818182,0,0,-0.115013169446883
"708",5,4,0.4,0.2,0.7,3.2,1.4,-1,-0.2,-0.5,-0.3,-0.428571428571428,-0.0535714285714286
"708",3,2,0.4,0.45,0.7,1.8,1.25,-1,0.05,0.125,0.1,0.142857142857143,0.0533333333333332
"708",4,3,0.25,0.4,0.733333333333333,2.45,1.6,-1,0.15,0.6,-0.133333333333333,-0.181818181818182,0.341836734693878
"708",3,3,0.25,0.45,2.2,4.65,2.05,0,0.2,0.8,-1.4,-0.636363636363636,0.497246262785208
"708",3,3,0.25,0.3,0.9,2.05,2.7,0,0.05,0.2,0.3,0.333333333333333,-0.0325203252032521
"708",3,3,0.25,0.5,1.475,3.2,2.1,0,0.25,1,-0.675,-0.457627118644068,0.479910714285714
"708",5,4,0.25,0.2,0.7,3.05,1.1,-1,-0.05,-0.2,-0.4,-0.571428571428571,0.317436661698957
"708",3,3,0.25,0.5,0.7,1.65,1.9,0,0.25,1,0,0,0.334928229665072
"708",5,5,0.4,0.2,1.1,4.8,4.2,0,-0.2,-0.5,-0.1,-0.090909090909091,-0.178571428571429
"708",5,6,0.25,0.5,0.675,2.95,3.5,1,0.25,1,-0.0750000000000001,-0.111111111111111,0.433414043583535
"708",4,5,0.55,0.5,0.733333333333333,2.75,4.1,1,-0.05,-0.090909090909091,0.166666666666667,0.227272727272727,-0.190243902439024
"708",3,5,0.55,0.5,1.1,2.75,4.5,2,-0.05,-0.090909090909091,-0.1,-0.090909090909091,-0.0444444444444445
"708",5,4,0.55,0.55,0.9,4.15,3.25,-1,0,0,0,0,0.0142724745134385
"708",4,4,0.25,0.45,0.9,2.95,1.95,0,0.2,0.8,-0.4,-0.444444444444444,0.584093872229466
"708",5,5,0.25,0.35,0.8625,3.7,4.35,0,0.1,0.4,0.1375,0.159420289855072,0.0644610127368748
"708",4,5,0.55,0.25,0.9,3.25,3.45,1,-0.3,-0.545454545454546,-0.1,-0.111111111111111,-0.314604236343367
"708",3,3,0.55,0.35,2.2,4.95,1.35,0,-0.2,-0.363636363636364,-1.7,-0.772727272727273,0.444444444444444
"708",3,3,0.4,0.55,0.9,2.2,2.75,0,0.15,0.375,0.2,0.222222222222222,0.0545454545454546
"708",4,4,0.25,0.35,0.466666666666667,1.65,1.55,0,0.1,0.4,-0.0666666666666667,-0.142857142857143,0.297165200391007
"708",4,4,0.4,0.3,0.9,3.1,2.1,0,-0.1,-0.25,-0.3,-0.333333333333333,0.055299539170507
"708",5,5,0.25,0.25,0.525,2.35,2.25,0,0,0,-0.025,-0.0476190476190477,0.0236406619385343
"708",5,4,0.25,0.55,0.9,3.85,3.85,-1,0.3,1.2,0.2,0.222222222222222,0.246753246753247
"708",5,5,0.55,0.2,0.825,3.85,3.8,0,-0.35,-0.636363636363636,0.075,0.0909090909090908,-0.451127819548872
"708",3,2,0.55,0.3,1.8,4.15,2,-1,-0.25,-0.454545454545455,-0.1,-0.0555555555555556,-0.0975903614457831
"708",5,5,0.4,0.5,1.1,4.8,5.7,0,0.1,0.25,0.2,0.181818181818182,0.0219298245614035
"708",4,4,0.4,0.25,0.7,2.5,3.25,0,-0.15,-0.375,0.3,0.428571428571429,-0.332307692307692
"708",3,3,0.4,0.3,1.8,4,2.1,0,-0.1,-0.25,-0.9,-0.5,0.128571428571428
"708",4,4,0.25,0.35,0.7,2.35,2.15,0,0.1,0.4,-0.1,-0.142857142857143,0.225630875804057
"708",3,3,0.4,0.55,0.9,2.2,2.35,0,0.15,0.375,0,0,0.156673114119923
"708",4,4,0.25,0.25,0.466666666666667,1.65,2.95,0,0,0,0.433333333333333,0.928571428571429,-0.267077555213148
"708",5,4,0.55,0.35,1.1,4.95,1.85,-1,-0.2,-0.363636363636364,-0.6,-0.545454545454546,0.201201201201201
"708",3,3,0.55,0.2,0.9,2.35,2,0,-0.35,-0.636363636363636,0,0,-0.402127659574468
"708",4,4,0.25,0.15,0.9,2.95,3.45,0,-0.0999999999999999,-0.4,0.2,0.222222222222222,-0.165070007369197
"708",5,5,0.55,0.45,0.675,3.25,2.85,0,-0.1,-0.181818181818182,-0.0750000000000001,-0.111111111111111,-0.0566801619433197
"708",5,5,0.25,0.25,0.525,2.35,3.05,0,0,0,0.175,0.333333333333333,-0.122078828043251
"708",3,2,0.25,0.45,1.4,3.05,1.05,-1,0.2,0.8,-0.8,-0.571428571428571,0.611241217798595
"708",4,4,0.4,0.4,0.9,3.1,4.3,0,0,0,0.4,0.444444444444444,-0.144036009002251
"708",3,3,0.25,0.4,0.9,2.05,2.4,0,0.15,0.6,0.1,0.111111111111111,0.134146341463415
"708",5,5,0.25,0.25,1.1,4.65,3.85,0,0,0,-0.2,-0.181818181818182,0.0558581203742494
"708",4,4,0.25,0.35,0.733333333333333,2.45,2.15,0,0.1,0.4,-0.133333333333333,-0.181818181818182,0.242999525391552
"708",4,4,0.55,0.45,0.7,2.65,2.25,0,-0.1,-0.181818181818182,-0.1,-0.142857142857143,-0.0301886792452831
"708",5,5,0.55,0.5,0.7,3.35,3.3,0,-0.05,-0.090909090909091,0,0,-0.0633197648123022
"708",3,2,0.25,0.45,2.2,4.65,1.15,-1,0.2,0.8,-1.5,-0.681818181818182,0.621318373071529
"708",4,4,0.25,0.2,0.783333333333333,2.6,1.7,0,-0.05,-0.2,-0.283333333333333,-0.361702127659574,0.0859728506787331
"708",5,5,0.55,0.35,0.9,4.15,1.95,0,-0.2,-0.363636363636364,-0.5,-0.555555555555556,0.234785295026259
"708",5,5,0.4,0.1,0.675,3.1,1.5,0,-0.3,-0.75,-0.325,-0.481481481481482,-0.311827956989247
"708",3,2,0.25,0.2,1.8,3.85,1.6,-1,-0.05,-0.2,-0.4,-0.222222222222222,0.0551948051948052
"708",5,5,0.25,0.55,0.7,3.05,5.35,0,0.3,1.2,0.5,0.714285714285714,0.104182626015015
"708",3,3,0.25,0.2,1.1,2.45,0.8,0,-0.05,-0.2,-0.8,-0.727272727272727,0.443877551020408
"708",5,4,0.25,0.45,0.9,3.85,4.05,-1,0.2,0.8,0.3,0.333333333333333,0.11976911976912
"708",3,3,0.55,0.5,1.1,2.75,1.7,0,-0.05,-0.090909090909091,-0.5,-0.454545454545455,0.28235294117647
"708",4,4,0.55,0.3,0.6,2.35,2.4,0,-0.25,-0.454545454545455,0.1,0.166666666666667,-0.436170212765957
"708",5,4,0.25,0.35,0.675,2.95,4.25,-1,0.1,0.4,0.625,0.925925925925926,-0.0943170488534397
"708",4,3,0.25,0.25,0.6,2.05,2.65,-1,0,0,0.6,1,-0.204786010124252
"708",4,5,0.4,0.35,0.6,2.2,4.75,1,-0.05,-0.125,0.5,0.833333333333333,-0.358851674641148
"708",5,5,0.4,0.55,0.525,2.5,2.95,0,0.15,0.375,0.075,0.142857142857143,0.132203389830508
"708",3,3,0.55,0.4,1.4,3.35,3,0,-0.15,-0.272727272727273,-0.0999999999999999,-0.0714285714285713,-0.0925373134328358
"708",4,3,0.4,0.4,0.466666666666667,1.8,1.8,-1,0,0,0.233333333333333,0.5,-0.222222222222222
"708",4,4,0.55,0.5,1.1,3.85,4.1,0,-0.05,-0.090909090909091,0.0999999999999999,0.0909090909090908,-0.0836236933797909
"708",4,4,0.55,0.45,0.9,3.25,3.75,0,-0.1,-0.181818181818182,0.2,0.222222222222222,-0.196923076923077
"708",3,3,0.4,0.2,1.1,2.6,0.8,0,-0.2,-0.5,-0.8,-0.727272727272727,0.288461538461539
"708",5,5,0.4,0.4,0.9,4,5.2,0,0,0,0.3,0.333333333333333,-0.115384615384615
"708",5,5,0.25,0.4,0.825,3.55,3.2,0,0.15,0.6,-0.125,-0.151515151515152,0.272887323943662
"708",3,3,0.25,0.35,0.7,1.65,1.45,0,0.1,0.4,-0.15,-0.214285714285714,0.269592476489028
"708",3,3,0.25,0.2,1.475,3.2,2.8,0,-0.05,-0.2,-0.175,-0.11864406779661,-0.0200892857142857
"708",4,4,0.55,0.5,0.733333333333333,2.75,3.2,0,-0.05,-0.090909090909091,0.166666666666667,0.227272727272727,-0.175
"708",4,2,0.4,0.4,1.1,3.7,1.8,-2,0,0,0.3,0.272727272727273,0.0120120120120121
"708",4,4,0.25,0.25,1.1,3.55,1.75,0,0,0,-0.6,-0.545454545454546,0.289738430583501
"708",3,3,0.55,0.25,0.7,1.95,1.85,0,-0.3,-0.545454545454546,0.1,0.142857142857143,-0.440748440748441
"708",3,3,0.4,0.4,2.2,4.8,2,0,0,0,-1.4,-0.636363636363636,0.35
"708",5,5,0.4,0.2,0.7,3.2,1.8,0,-0.2,-0.5,-0.3,-0.428571428571428,-0.0694444444444444
"708",5,5,0.25,0.25,0.8625,3.7,3.85,0,5.55111512312578e-17,2.22044604925031e-16,0.0375,0.0434782608695652,-0.0131625131625131
"708",3,3,0.55,0.3,2.2,4.95,1.9,0,-0.25,-0.454545454545455,-1.4,-0.636363636363636,0.140350877192982
"708",3,3,0.4,0.35,0.7,1.8,1.75,0,-0.05,-0.125,0,0,-0.0666666666666669
"708",4,4,0.25,0.35,0.783333333333333,2.6,3.95,0,0.1,0.4,0.416666666666667,0.531914893617021,-0.0301850048685491
"708",3,3,0.4,0.45,2.2,4.8,1.85,0,0.05,0.125,-1.5,-0.681818181818182,0.47972972972973
"708",4,4,0.55,0.5,0.733333333333333,2.75,3.2,0,-0.05,-0.090909090909091,0.166666666666667,0.227272727272727,-0.175
"708",3,3,0.55,0.2,2.2,4.95,2.6,0,-0.35,-0.636363636363636,-1,-0.454545454545455,-0.102564102564103
"708",5,5,0.4,0.45,0.9,4,4.85,0,0.05,0.125,0.2,0.222222222222222,-0.0360824742268042
"708",5,5,0.55,0.4,0.675,3.25,2.4,0,-0.15,-0.272727272727273,-0.175,-0.259259259259259,-0.0128205128205128
"708",5,5,0.25,0.2,0.525,2.35,5.4,0,-0.05,-0.2,0.775,1.47619047619048,-0.346729708431836
"708",5,5,0.25,0.2,1.1,4.65,3.8,0,-0.05,-0.2,-0.2,-0.181818181818182,-0.00565930956423316
"708",5,5,0.25,0.3,0.7,3.05,3.1,0,0.05,0.2,0,0,0.0740349021681651
"708",4,4,0.4,0.25,0.6,2.2,1.45,0,-0.15,-0.375,-0.2,-0.333333333333333,-0.0376175548589343
"708",5,5,0.4,0.25,1.1,4.8,5.45,0,-0.15,-0.375,0.2,0.181818181818182,-0.187308868501529
"708",3,3,0.4,0.4,0.9,2.2,1.5,0,0,0,-0.35,-0.388888888888889,0.254545454545455
"708",3,3,0.55,0.55,0.7,1.95,2.05,0,0,0,0.05,0.0714285714285715,-0.0412757973733583
"708",4,3,0.4,0.35,0.466666666666667,1.8,1.15,-1,-0.05,-0.125,-0.0666666666666667,-0.142857142857143,0.0241545893719806
"708",3,3,0.25,0.3,1.4,3.05,1.9,0,0.05,0.2,-0.6,-0.428571428571428,0.227782571182053
"708",3,3,0.25,0.2,1.1,2.45,2.2,0,-0.0499999999999999,-0.2,-0.1,-0.090909090909091,-0.033395176252319
"708",3,3,0.4,0.3,1.8,4,1.9,0,-0.1,-0.25,-1,-0.555555555555555,0.173684210526316
"708",3,3,0.55,0.45,1.8,4.15,2.25,0,-0.1,-0.181818181818182,-0.9,-0.5,0.202409638554217
"708",3,3,0.4,0.2,1.1,2.6,1.4,0,-0.2,-0.5,-0.5,-0.454545454545455,-0.0329670329670328
"708",3,3,0.25,0.45,2.2,4.65,2.85,0,0.2,0.8,-1,-0.454545454545455,0.312393887945671
"708",5,3,0.55,0.35,0.9,4.15,1.15,-2,-0.2,-0.363636363636364,-0.5,-0.555555555555556,0.250392875851231
"708",3,3,0.4,0.2,0.7,1.8,1.3,0,-0.2,-0.5,-0.15,-0.214285714285714,-0.205128205128205
"708",4,4,0.55,0.25,0.7,2.65,3.25,0,-0.3,-0.545454545454546,0.3,0.428571428571429,-0.522496371552975
"708",4,4,0.55,0.3,0.6,2.35,3.3,0,-0.25,-0.454545454545455,0.4,0.666666666666667,-0.572533849129594
"708",3,3,0.55,0.4,1.1,2.75,2.4,0,-0.15,-0.272727272727273,-0.1,-0.090909090909091,-0.1
"708",4,4,0.55,0.55,1.1,3.85,3.85,0,0,0,0,0,0
"708",4,3,0.25,0.3,0.733333333333333,2.45,2.1,-1,0.05,0.2,0.166666666666667,0.227272727272727,0.0204081632653061
"708",4,4,0.55,0.55,0.9,3.25,3.55,0,0,0,0.1,0.111111111111111,-0.057204767063922
"708",5,4,0.55,0.35,1.1,4.95,2.15,-1,-0.2,-0.363636363636364,-0.5,-0.454545454545455,0.0956072351421188
"708",4,4,0.25,0.4,0.7,2.35,2.5,0,0.15,0.6,0,0,0.214468085106383
"708",5,4,0.25,0.3,0.675,2.95,4.2,-1,0.05,0.2,0.625,0.925925925925926,-0.138014527845036
"708",5,5,0.4,0.35,0.7,3.2,3.55,0,-0.05,-0.125,0.1,0.142857142857143,-0.132042253521127
"708",3,3,0.25,0.5,1.8,3.85,3.1,0,0.25,1,-0.5,-0.277777777777778,0.289065772936741
"708",4,3,0.25,0.2,0.466666666666667,1.65,1,-1,-0.05,-0.2,-0.0666666666666667,-0.142857142857143,-0.00606060606060599
"708",4,3,0.4,0.5,1.1,3.7,2.9,-1,0.1,0.25,0.0999999999999999,0.0909090909090908,0.0848089468779124
"708",4,4,0.25,0.25,1.1,3.55,3.85,0,0,0,0.0999999999999999,0.0909090909090908,-0.0219498811048106
"708",5,4,0.25,0.45,0.825,3.55,4.05,-1,0.2,0.8,0.375,0.454545454545455,0.0923317683881064
"708",4,3,0.4,0.25,0.7,2.5,2.45,-1,-0.15,-0.375,0.4,0.571428571428572,-0.333877551020408
"708",4,4,0.25,0.45,0.6,2.05,2.55,0,0.2,0.8,0.1,0.166666666666667,0.218077474892396
"708",3,4,0.55,0.5,1.4,3.35,4.1,1,-0.05,-0.090909090909091,-0.2,-0.142857142857143,-0.00473243538405532
"708",5,3,0.4,0.25,0.525,2.5,2.05,-2,-0.15,-0.375,0.375,0.714285714285714,-0.434146341463415
"708",5,5,0.55,0.35,0.7,3.35,4.75,0,-0.2,-0.363636363636364,0.4,0.571428571428572,-0.452474469756481
"708",3,3,0.55,0.2,0.9,2.35,0.8,0,-0.35,-0.636363636363636,-0.6,-0.666666666666667,0.047872340425532
"708",3,3,0.25,0.4,1.475,3.2,1.4,0,0.15,0.6,-0.975,-0.661016949152542,0.622767857142857
"708",4,4,0.4,0.45,0.9,3.1,4.35,0,0.05,0.125,0.4,0.444444444444444,-0.102335928809789
"708",5,5,0.25,6.93889390390723e-17,0.8625,3.7,2.2,0,-0.25,-1,-0.3125,-0.36231884057971,-0.337837837837838
"708",4,4,0.25,0.4,0.9,2.95,3.4,0,0.15,0.6,0.1,0.111111111111111,0.13160518444666
"708",5,4,0.4,0.4,0.675,3.1,1.9,-1,0,0,-0.175,-0.259259259259259,0.196943972835314
"708",5,4,0.25,0.25,0.9,3.85,2.65,-1,0,0,-0.1,-0.111111111111111,0.052683165890713
"708",5,4,0.55,0.4,0.825,3.85,3.4,-1,-0.15,-0.272727272727273,0.175,0.212121212121212,-0.243697478991597
"708",3,4,0.25,0.25,0.9,2.05,2.05,1,0,0,-0.3,-0.333333333333333,0.121951219512195
"708",3,4,0.25,0.35,0.7,1.65,2.45,1,0.1,0.4,0,0,0.116883116883117
"708",4,4,0.4,0.25,0.6,2.2,2.05,0,-0.15,-0.375,-1.11022302462516e-16,-1.85037170770859e-16,-0.239467849223947
"708",5,5,0.25,0.35,0.675,2.95,3.55,0,0.1,0.4,0.125,0.185185185185185,0.0692289329195512
"708",5,5,0.25,0.3,0.825,3.55,3.5,0,0.05,0.2,-0.0249999999999999,-0.0303030303030302,0.0764587525150905
"708",4,4,0.55,0.55,0.6,2.35,2.65,0,-1.11022302462516e-16,-2.01858731750028e-16,0.1,0.166666666666667,-0.105981533520674
"708",3,3,0.25,0.15,1.4,3.05,2.65,0,-0.0999999999999999,-0.4,-0.15,-0.107142857142857,-0.0760903185895452
"708",4,4,0.55,0.65,0.7,2.65,3.05,0,0.1,0.181818181818182,0.1,0.142857142857143,0.0222703371481594
"708",4,4,0.25,0.3,0.783333333333333,2.6,3,0,0.05,0.2,0.116666666666667,0.148936170212766,0.0153846153846154
"708",5,5,0.55,0.6,0.9,4.15,5,0,0.0499999999999999,0.0909090909090908,0.2,0.222222222222222,-0.0626506024096385
"708",4,4,0.25,0.25,1.1,3.55,1.45,0,0,0,-0.7,-0.636363636363636,0.407965031568723
"708",3,3,0.55,0.3,0.9,2.35,2.1,0,-0.25,-0.454545454545455,0,0,-0.27355623100304
"708",3,3,0.25,0.3,1.475,3.2,2.1,0,0.05,0.2,-0.575,-0.389830508474576,0.194196428571428
"708",4,4,0.25,0.3,0.466666666666667,1.65,3,0,0.05,0.2,0.433333333333333,0.928571428571429,-0.206060606060606
"708",3,3,0.55,0.45,2.2,4.95,2.35,0,-0.1,-0.181818181818182,-1.25,-0.568181818181818,0.24113475177305
"708",5,5,0.25,0.2,1.1,4.65,2.8,0,-0.05,-0.2,-0.45,-0.409090909090909,0.0883256528417818
"708",4,4,0.55,0.35,1.1,3.85,2.15,0,-0.2,-0.363636363636364,-0.5,-0.454545454545455,0.079734219269103
"708",5,4,0.55,0.3,0.7,3.35,3.3,-1,-0.25,-0.454545454545455,0.3,0.428571428571429,-0.457259158751696
"708",4,4,0.25,0.4,0.733333333333333,2.45,2.8,0,0.15,0.6,0.0666666666666667,0.0909090909090909,0.163265306122449
"708",4,4,0.25,0.25,0.7,2.35,2.65,0,0,0,0.1,0.142857142857143,-0.0481734243275794
"708",4,4,0.25,0.3,0.9,2.95,3.3,0,0.05,0.2,0.1,0.111111111111111,0.024653312788906
"708",5,4,0.55,0.3,0.825,3.85,2.4,-1,-0.25,-0.454545454545455,-0.125,-0.151515151515152,-0.214285714285714
"708",5,5,0.25,0.35,0.8625,3.7,5.15,0,0.1,0.4,0.3375,0.391304347826087,0.00196798740488063
"708",4,5,0.4,0.5,1.1,3.7,3.7,1,0.1,0.25,-0.3,-0.272727272727273,0.243243243243243
"708",4,4,0.55,0.45,0.733333333333333,2.75,4.05,0,-0.1,-0.181818181818182,0.466666666666667,0.636363636363636,-0.355555555555556
"708",5,5,0.55,0.2,0.675,3.25,2.6,0,-0.35,-0.636363636363636,-0.0750000000000001,-0.111111111111111,-0.461538461538462
"708",5,5,0.55,0.45,1.1,4.95,2.45,0,-0.1,-0.181818181818182,-0.6,-0.545454545454546,0.36281179138322
"708",5,4,0.4,0.5,0.525,2.5,4.4,-1,0.1,0.25,0.775,1.47619047619048,-0.345454545454546
"708",3,3,0.25,0.2,0.9,2.05,1.8,0,-0.05,-0.2,-0.1,-0.111111111111111,-0.032520325203252
"708",3,3,0.4,0.4,0.9,2.2,3,0,0,0,0.4,0.444444444444444,-0.145454545454545
"708",3,3,0.4,0.25,1.8,4,2.85,0,-0.15,-0.375,-0.5,-0.277777777777778,-0.036842105263158
"708",5,5,0.25,0.3,0.525,2.35,1.9,0,0.05,0.2,-0.125,-0.238095238095238,0.257558790593505
"708",3,4,0.4,0.2,1.1,2.6,3.2,1,-0.2,-0.5,-0.1,-0.090909090909091,-0.211538461538462
"708",4,4,0.4,0.3,0.9,3.1,2.1,0,-0.1,-0.25,-0.3,-0.333333333333333,0.055299539170507
"708",3,3,0.55,0.45,1.1,2.75,1.45,0,-0.1,-0.181818181818182,-0.6,-0.545454545454546,0.331034482758621
"708",3,3,0.4,0.55,0.7,1.8,3.15,0,0.15,0.375,0.6,0.857142857142857,-0.142857142857143
"708",3,3,0.4,0.45,2.2,4.8,1.65,0,0.05,0.125,-1.6,-0.727272727272727,0.568181818181818
"708",5,4,0.25,0.4,0.9,3.85,4.3,-1,0.15,0.599999999999999,0.4,0.444444444444444,0.0474176985804892
"708",5,4,0.4,0.5,0.9,4,3.5,-1,0.1,0.25,0.1,0.111111111111111,0.0714285714285714
"708",4,4,0.55,0.55,0.9,3.25,2.95,0,0,0,-0.1,-0.111111111111111,0.0688396349413298
"708",4,4,0.25,0.2,0.6,2.05,2.6,0,-0.05,-0.2,0.2,0.333333333333334,-0.180112570356473
"708",5,5,0.25,0.25,0.7,3.05,4.65,0,0,0,0.4,0.571428571428572,-0.141018861272695
"708",3,3,0.55,0.45,1.4,3.35,2.15,0,-0.1,-0.181818181818182,-0.55,-0.392857142857143,0.13536966331135
"708",5,5,0.4,0.45,0.675,3.1,4.45,0,0.05,0.125,0.325,0.481481481481481,-0.139543312794491
"708",3,3,0.55,0.2,0.7,1.95,0.8,0,-0.35,-0.636363636363636,-0.4,-0.571428571428571,-0.0961538461538461
"708",5,4,0.4,0.35,1.1,4.8,1.85,-1,-0.05,-0.125,-0.6,-0.545454545454546,0.34009009009009
"708",4,4,0.4,0.5,0.7,2.5,2.6,0,0.1,0.25,0,0,0.129230769230769
"708",3,3,0.25,0.4,0.7,1.65,1.6,0,0.15,0.6,-0.1,-0.142857142857143,0.295454545454546
"708",3,3,0.25,0.25,1.8,3.85,2.85,0,0,0,-0.5,-0.277777777777778,0.0683526999316473
"708",4,4,0.4,0.25,0.466666666666667,1.8,4.15,0,-0.15,-0.375,0.833333333333333,1.78571428571429,-0.647925033467202
"708",3,3,0.25,0.15,2.2,4.65,2.85,0,-0.0999999999999999,-0.4,-0.85,-0.386363636363636,-0.00339558573853982
"708",5,5,0.4,0.25,0.7,3.2,5.85,0,-0.15,-0.375,0.7,1,-0.411324786324786
"708",3,3,0.25,0.55,1.1,2.45,2.75,0,0.3,1.2,0,0,0.293877551020408
"708",3,3,0.55,0.35,1.8,4.15,1.95,0,-0.2,-0.363636363636364,-1,-0.555555555555556,0.140871177015755
"708",4,4,0.4,0.5,1.1,3.7,3.8,0,0.1,0.25,0,0,0.0938833570412517
"708",3,3,0.25,0.25,1.1,2.45,1.25,0,0,0,-0.6,-0.545454545454546,0.293877551020408
"708",4,4,0.55,0.35,1.1,3.85,2.75,0,-0.2,-0.363636363636364,-0.3,-0.272727272727273,-0.0623376623376625
"708",3,3,0.25,0.35,1.475,3.2,1.75,0,0.1,0.4,-0.775,-0.525423728813559,0.365625
"708",5,5,0.25,0.55,0.8625,3.7,5.75,0,0.3,1.2,0.4375,0.507246376811594,0.14042303172738
"708",3,3,0.55,0.55,1.1,2.75,2.15,0,0,0,-0.3,-0.272727272727273,0.167441860465116
"708",5,5,0.25,0.25,1.1,4.65,1.85,0,0,0,-0.7,-0.636363636363636,0.4068584713746
"708",5,5,0.25,0.3,0.825,3.55,5.1,0,0.05,0.2,0.375,0.454545454545455,-0.0579950289975145
"708",4,4,0.55,0.5,0.7,2.65,2.9,0,-0.05,-0.090909090909091,0.1,0.142857142857143,-0.14053350683149
"708",4,4,0.25,0.25,0.7,2.35,1.15,0,0,0,-0.4,-0.571428571428571,0.444033302497687
"708",4,5,0.25,0.25,1.1,3.55,5.05,1,0,0,0.0999999999999999,0.0909090909090908,-0.0341653883698229
"708",4,4,0.55,0.5,0.733333333333333,2.75,3.8,0,-0.05,-0.090909090909091,0.366666666666667,0.5,-0.273684210526316
"708",5,4,0.25,0.0999999999999999,0.9,3.85,3.7,-1,-0.15,-0.6,0.3,0.333333333333333,-0.216567216567217
"708",4,4,0.25,0.25,0.9,2.95,1.45,0,0,0,-0.5,-0.555555555555556,0.350672121566335
"708",5,4,0.4,0.4,0.525,2.5,3.7,-1,0,0,0.575,1.0952380952381,-0.367567567567568
"708",5,5,0.4,0.25,0.9,4,3.05,0,-0.15,-0.375,-0.2,-0.222222222222222,-0.0901639344262295
"708",3,3,0.4,0.3,1.1,2.6,2.9,0,-0.1,-0.25,0.2,0.181818181818182,-0.151193633952255
"708",5,5,0.55,0.55,0.825,3.85,5.35,0,0,0,0.375,0.454545454545454,-0.200267022696929
"708",3,3,0.25,0.5,0.7,1.65,1.7,0,0.25,1,-0.1,-0.142857142857143,0.427807486631016
"708",3,3,0.55,0.55,1.4,3.35,1.95,0,0,0,-0.7,-0.5,0.35361653272101
"708",5,5,0.4,0.35,1.1,4.8,2.75,0,-0.05,-0.125,-0.5,-0.454545454545455,0.21969696969697
"708",3,3,0.55,0.35,0.7,1.95,2.55,0,-0.2,-0.363636363636364,0.4,0.571428571428572,-0.434389140271493
"708",5,5,0.25,0.25,0.7,3.05,5.45,0,0,0,0.6,0.857142857142857,-0.180478267408633
"708",5,5,0.4,0.45,0.7,3.2,3.25,0,0.05,0.125,0,0,0.0673076923076923
"708",4,4,0.4,0.3,0.466666666666667,1.8,4.2,0,-0.1,-0.25,0.833333333333333,1.78571428571429,-0.603174603174603
"708",3,3,0.4,0.5,0.9,2.2,2.1,0,0.1,0.25,-0.1,-0.111111111111111,0.168831168831169
"708",4,4,0.4,0.55,0.7,2.5,3.55,0,0.15,0.375,0.3,0.428571428571429,-0.020281690140845
"708",4,4,0.55,0.2,0.6,2.35,2,0,-0.35,-0.636363636363636,0,0,-0.536170212765957
"708",3,3,0.25,0.2,1.8,3.85,1,0,-0.05,-0.2,-1.4,-0.777777777777778,0.405194805194805
"708",5,5,0.55,0.4,1.1,4.95,5.2,0,-0.15,-0.272727272727273,0.0999999999999999,0.0909090909090908,-0.170940170940171
"708",5,5,0.55,0.5,0.675,3.25,2.9,0,-0.05,-0.090909090909091,-0.0750000000000001,-0.111111111111111,0.0159151193633953
"708",5,5,0.25,0.5,0.525,2.35,4.1,0,0.25,1,0.375,0.714285714285714,0.0778412039439544
"708",4,4,0.25,0.55,0.733333333333333,2.45,2.65,0,0.3,1.2,-0.0333333333333334,-0.0454545454545456,0.422025413939161
"708",3,4,0.55,0.45,1.8,4.15,4.05,1,-0.1,-0.181818181818182,-0.6,-0.333333333333333,0.0468540829986613
"708",5,4,0.4,0.2,0.675,3.1,1.7,-1,-0.2,-0.5,-0.175,-0.259259259259259,-0.174573055028463
"708",4,4,0.55,0.45,0.9,3.25,3.15,0,-0.1,-0.181818181818182,0,0,-0.105494505494506
"708",5,5,0.25,0.2,0.675,2.95,4.4,0,-0.0499999999999999,-0.2,0.375,0.555555555555555,-0.196456086286595
"708",4,4,0.25,0.2,0.783333333333333,2.6,1.4,0,-0.05,-0.2,-0.383333333333333,-0.48936170212766,0.186813186813187
"708",3,2,0.4,0.55,2.2,4.8,1.15,-1,0.15,0.375,-1.6,-0.727272727272727,0.706521739130435
"708",4,4,0.25,0.25,0.6,2.05,1.75,0,0,0,-0.0999999999999999,-0.166666666666666,0.0836236933797909
"708",3,3,0.55,0.25,2.2,4.95,1.45,0,-0.3,-0.545454545454546,-1.6,-0.727272727272727,0.183908045977011
"708",5,9,0.55,0.25,0.7,3.35,7.45,4,-0.3,-0.545454545454546,0.2,0.285714285714286,-0.518882099569268
"708",3,3,0.4,0.5,0.7,1.8,2.1,0,0.1,0.25,0.1,0.142857142857143,0.0476190476190476
"708",5,5,0.55,0.55,0.9,4.15,3.75,0,0,0,-0.1,-0.111111111111111,0.0706827309236948
"708",4,4,0.4,0.5,0.6,2.2,4.4,0,0.1,0.25,0.7,1.16666666666667,-0.272727272727273
"708",3,3,0.25,0.05,2.2,4.65,2.35,0,-0.2,-0.8,-1.05,-0.477272727272727,-0.0974605353466026
"708",4,4,0.4,0.3,0.9,3.1,1.8,0,-0.1,-0.25,-0.4,-0.444444444444444,0.150537634408602
"708",3,3,0.55,0.4,0.9,2.35,3,0,-0.15,-0.272727272727273,0.4,0.444444444444444,-0.302127659574468
"708",3,3,0.25,0.25,0.9,2.05,2.65,0,0,0,0.3,0.333333333333333,-0.0828347906120571
"708",3,3,0.4,0.55,1.8,4,1.75,0,0.15,0.375,-1.2,-0.666666666666667,0.642857142857143
"708",3,3,0.25,0.1,1.4,3.05,2.2,0,-0.15,-0.6,-0.35,-0.25,-0.109538002980626
"708",4,4,0.25,0.45,0.466666666666667,1.65,4.35,0,0.2,0.8,0.833333333333333,1.78571428571429,-0.19226750261233
"708",5,4,0.25,0.25,0.7,3.05,3.25,-1,0,0,0.3,0.428571428571429,-0.102143757881463
"708",3,4,0.25,0.3,1.1,2.45,2.7,1,0.05,0.2,-0.3,-0.272727272727273,0.138321995464853
"708",5,5,0.55,0.25,1.1,4.95,4.25,0,-0.3,-0.545454545454546,-0.1,-0.090909090909091,-0.261437908496732
"708",3,3,0.55,0.25,2.2,4.95,0.85,0,-0.3,-0.545454545454546,-1.9,-0.863636363636364,0.549019607843137
"708",3,3,0.4,0.4,0.7,1.8,1.6,0,0,0,-0.1,-0.142857142857143,0.0833333333333334
"708",4,4,0.25,0.45,0.7,2.35,2.85,0,0.2,0.8,0.1,0.142857142857143,0.206047032474804
"708",3,3,0.25,0.0500000000000001,1.8,3.85,1.65,0,-0.2,-0.8,-1,-0.555555555555556,-0.103896103896104
"708",5,5,0.55,0.25,0.7,3.35,5.45,0,-0.3,-0.545454545454546,0.6,0.857142857142857,-0.591537724222922
"708",4,4,0.55,0.4,0.9,3.25,2.8,0,-0.15,-0.272727272727273,-0.1,-0.111111111111111,-0.105494505494506
"708",4,4,0.55,0.2,0.7,2.65,1.1,0,-0.35,-0.636363636363636,-0.4,-0.571428571428571,-0.102915951972556
"708",5,4,0.55,0.7,0.825,3.85,4,-1,0.15,0.272727272727273,0.275,0.333333333333333,-0.0142857142857142
"708",5,5,0.25,0.45,0.9,3.85,3.25,0,0.2,0.8,-0.2,-0.222222222222222,0.367632367632368
"708",3,3,0.4,0.5,1.8,4,1.7,0,0.1,0.25,-1.2,-0.666666666666667,0.582352941176471
"708",5,4,0.25,0.35,0.825,3.55,4.25,-1,0.1,0.4,0.475,0.575757575757576,-0.0227009113504557
"708",3,3,0.55,0.3,0.9,2.35,2.5,0,-0.25,-0.454545454545455,0.2,0.222222222222222,-0.342127659574468
"708",3,3,0.4,0.3,0.9,2.2,1.7,0,-0.1,-0.25,-0.2,-0.222222222222222,-0.0160427807486632
"708",5,5,0.4,0.3,0.675,3.1,1.9,0,-0.1,-0.25,-0.275,-0.407407407407407,0.144312393887946
"708",4,4,0.25,0.55,0.733333333333333,2.45,2.95,0,0.3,1.2,0.0666666666666667,0.0909090909090909,0.337599446558284
"708",4,4,0.4,0.35,0.9,3.1,3.05,0,-0.05,-0.125,0,0,-0.0571126388154416
"708",3,3,0.55,0.55,1.4,3.35,2.15,0,0,0,-0.6,-0.428571428571428,0.27490454703228
"708",4,4,0.4,0.5,0.7,2.5,3.2,0,0.1,0.25,0.2,0.285714285714286,-0.015
"708",5,5,0.4,0.35,0.7,3.2,4.35,0,-0.05,-0.125,0.3,0.428571428571429,-0.222701149425287
"708",4,4,0.4,0.45,0.466666666666667,1.8,4.35,0,0.05,0.125,0.833333333333333,1.78571428571429,-0.475095785440613
"708",5,5,0.4,0.25,0.9,4,1.85,0,-0.15,-0.375,-0.5,-0.555555555555556,0.175675675675676
"708",3,3,0.25,0.25,0.7,1.65,2.05,0,0,0,0.2,0.285714285714286,-0.0886917960088692
"708",4,4,0.25,0.4,0.9,2.95,2.2,0,0.15,0.6,-0.3,-0.333333333333333,0.38828967642527
"708",3,4,0.25,0.35,0.9,2.05,4.25,1,0.1,0.4,0.4,0.444444444444444,-0.0364418938307031
"708",5,5,0.25,0.55,0.675,2.95,4.95,0,0.3,1.2,0.425,0.62962962962963,0.131826741996234
"708",5,4,0.55,0.2,0.675,3.25,3.8,-1,-0.35,-0.636363636363636,0.525,0.777777777777778,-0.635627530364372
"708",5,5,0.25,0.55,1.1,4.65,4.15,0,0.3,1.2,-0.2,-0.181818181818182,0.393833398108563
"708",4,4,0.55,0.55,0.733333333333333,2.75,2.95,0,-1.11022302462516e-16,-2.01858731750028e-16,0.0666666666666668,0.0909090909090911,-0.0542372881355934
"708",5,5,0.25,0.2,0.525,2.35,2.6,0,-0.05,-0.2,0.075,0.142857142857143,-0.147299509001637
"708",3,3,0.4,0.4,2.2,4.8,3,0,0,0,-0.9,-0.409090909090909,0.15
"708",3,3,0.25,0.35,1.475,3.2,1.75,0,0.1,0.4,-0.775,-0.525423728813559,0.365625
"708",3,3,0.25,0.5,1.4,3.05,2.9,0,0.25,1,-0.2,-0.142857142857143,0.271339739966083
"708",5,5,0.25,0.5,0.8625,3.7,4.5,0,0.25,1,0.1375,0.159420289855072,0.217717717717718
"708",4,4,0.55,0.3,0.6,2.35,3,0,-0.25,-0.454545454545455,0.3,0.5,-0.536170212765958
"708",4,4,0.55,0.2,1.1,3.85,3.5,0,-0.35,-0.636363636363636,0,0,-0.342857142857143
"708",4,4,0.25,0.2,0.783333333333333,2.6,3.8,0,-0.05,-0.2,0.416666666666667,0.531914893617021,-0.174089068825911
"708",5,5,0.55,0.6,0.9,4.15,5,0,0.05,0.090909090909091,0.2,0.222222222222222,-0.0626506024096384
"708",4,4,0.25,0.1,1.1,3.55,2.5,0,-0.15,-0.6,-0.3,-0.272727272727273,-0.12169014084507
"708",5,4,0.4,0.35,0.525,2.5,3.35,-1,-0.05,-0.125,0.475,0.904761904761905,-0.382089552238806
"708",3,3,0.55,0.2,0.7,1.95,1.6,0,-0.35,-0.636363636363636,0,0,-0.471153846153846
"708",3,3,0.25,0.25,2.2,4.65,2.35,0,0,0,-1.15,-0.522727272727273,0.157858613589568
"708",3,3,0.55,0.5,1.8,4.15,3.4,0,-0.05,-0.090909090909091,-0.35,-0.194444444444444,0.0435861091424521
"708",4,4,0.25,0.2,0.6,2.05,2.6,0,-0.05,-0.2,0.2,0.333333333333334,-0.180112570356473
"708",3,3,0.55,0.45,1.1,2.75,2.25,0,-0.1,-0.181818181818182,-0.2,-0.181818181818182,0
"708",5,5,0.4,0.3,1.1,4.8,3.1,0,-0.1,-0.25,-0.4,-0.363636363636364,0.0672043010752689
"708",4,4,0.4,0.25,0.6,2.2,2.65,0,-0.15,-0.375,0.2,0.333333333333333,-0.34991423670669
"708",3,3,0.4,0.4,1.1,2.6,1.6,0,0,0,-0.5,-0.454545454545455,0.288461538461539
"709",4,3,0.25,0.25,0.733333333333333,2.45,1.75,-1,0,0,0.0166666666666666,0.0227272727272726,0.0204081632653061
"709",4,3,0.55,0.45,1.1,3.85,3.55,-1,-0.1,-0.181818181818182,0.45,0.409090909090909,-0.191146881287726
"709",4,3,0.4,0.3,1.1,3.7,2.9,-1,-0.1,-0.25,0.2,0.181818181818182,-0.122087604846226
"709",3,3,0.4,0.2,1.1,2.6,2.6,0,-0.2,-0.5,0.0999999999999999,0.0909090909090908,-0.230769230769231
"709",4,4,0.4,0.2,0.7,2.5,2,0,-0.2,-0.5,-0.1,-0.142857142857143,-0.24
"709",3,3,0.55,0.4,1.1,2.75,2.5,0,-0.15,-0.272727272727273,-0.05,-0.0454545454545455,-0.12
"709",4,4,0.25,0.5,0.9,2.95,4.7,0,0.25,1,0.5,0.555555555555555,0.0865488640461595
"709",4,4,0.25,0.55,0.783333333333333,2.6,4.45,0,0.3,1.2,0.516666666666667,0.659574468085106,0.109766637856526
"709",3,2,0.55,0.5,2.2,4.95,2.3,-1,-0.05,-0.090909090909091,-0.4,-0.181818181818182,0.101449275362319
"709",5,4,0.25,0.25,0.7,3.05,3.55,-1,0,0,0.4,0.571428571428572,-0.1281459247287
"709",4,3,0.4,0.25,0.6,2.2,1.75,-1,-0.15,-0.375,0.15,0.25,-0.298701298701299
"709",3,3,0.25,0.4,1.8,3.85,3.2,0,0.15,0.6,-0.4,-0.222222222222222,0.180194805194805
"709",5,4,0.4,0.5,0.675,3.1,3.5,-1,0.1,0.25,0.325,0.481481481481481,-0.0737327188940092
"709",3,2,0.25,0.2,1.1,2.45,2,-1,-0.05,-0.2,0.7,0.636363636363636,-0.106122448979592
"709",3,3,0.55,0.5,1.8,4.15,4.1,0,-0.05,-0.090909090909091,0,0,-0.0317367029091977
"709",3,2,0.55,0.55,0.7,1.95,1.45,-1,0,0,0.2,0.285714285714286,-0.0875331564986739
"709",4,3,0.25,0.25,1.1,3.55,3.65,-1,0,0,0.6,0.545454545454545,-0.0762106887902758
"709",5,4,0.25,0.4,1.1,4.65,5.2,-1,0.15,0.6,0.5,0.454545454545455,0.0388751033912324
"709",3,2,0.4,0.25,2.2,4.8,2.45,-1,-0.15,-0.375,4.44089209850063e-16,2.01858731750028e-16,-0.0459183673469389
"709",3,2,0.4,0.5,0.7,1.8,2.1,-1,0.1,0.25,0.9,1.28571428571429,-0.190476190476191
"709",5,4,0.4,0.25,0.7,3.2,4.15,-1,-0.15,-0.375,0.6,0.857142857142857,-0.384036144578313
"709",3,2,0.55,0.2,0.9,2.35,1.6,-1,-0.35,-0.636363636363636,0.5,0.555555555555555,-0.452127659574468
"709",3,3,0.55,0.2,1.4,3.35,2.5,0,-0.35,-0.636363636363636,-0.25,-0.178571428571429,-0.252537313432836
"709",5,4,0.55,0.3,0.825,3.85,3.6,-1,-0.25,-0.454545454545455,0.275,0.333333333333333,-0.380952380952381
"709",3,2,0.25,0.35,2.2,4.65,4.15,-1,0.1,0.4,1.6,0.727272727272727,0.00738437621453558
"709",3,2,0.25,0.2,0.9,2.05,1.7,-1,-0.05,-0.2,0.6,0.666666666666667,-0.130559540889527
"709",3,3,0.25,0.25,1.475,3.2,3.65,0,0,0,0.225,0.152542372881356,-0.0288955479452055
"709",5,4,0.25,0.55,0.825,3.55,5.95,-1,0.3,1.2,0.975,1.18181818181818,0.0176352231033258
"709",3,2,0.25,0.3,1.4,3.05,2.3,-1,0.05,0.2,0.6,0.428571428571429,0.014967925873129
"709",5,4,0.55,0.45,0.9,4.15,4.05,-1,-0.1,-0.181818181818182,0.3,0.333333333333333,-0.218206157965194
"709",4,3,0.55,0.5,0.6,2.35,1.6,-1,-0.05,-0.090909090909091,-0.0499999999999999,-0.0833333333333332,0.00132978723404253
"709",4,3,0.25,0.35,0.466666666666667,1.65,2.05,-1,0.1,0.4,0.383333333333333,0.821428571428571,-0.0938654841093866
"709",3,3,0.25,0.25,0.7,1.65,1.45,0,0,0,-0.1,-0.142857142857143,0.0626959247648903
"709",5,4,0.4,0.35,1.1,4.8,5.75,-1,-0.05,-0.125,0.7,0.636363636363636,-0.173188405797101
"709",5,5,0.4,0.35,0.9,4,4.35,0,-0.05,-0.125,0.1,0.111111111111111,-0.0977011494252873
"709",3,3,0.4,0.25,0.9,2.2,1.95,0,-0.15,-0.375,-0.05,-0.0555555555555556,-0.160839160839161
"709",5,5,0.25,0.45,0.8625,3.7,5.25,0,0.2,0.8,0.3375,0.391304347826087,0.0907335907335907
"709",4,4,0.25,0.25,0.7,2.35,3.55,0,0,0,0.4,0.571428571428572,-0.143841774048547
"709",5,4,0.55,0.3,0.675,3.25,1.5,-1,-0.25,-0.454545454545455,-0.275,-0.407407407407407,-0.0461538461538463
"709",4,4,0.55,0.2,0.9,3.25,1.4,0,-0.35,-0.636363636363636,-0.5,-0.555555555555556,-0.105494505494506
"709",5,5,0.25,0.2,0.9,3.85,3.4,0,-0.05,-0.2,-0.1,-0.111111111111111,-0.0305576776165012
"709",5,4,0.55,0.25,0.7,3.35,1.15,-1,-0.3,-0.545454545454546,-0.4,-0.571428571428571,0.0486696950032447
"709",5,4,0.25,0.4,0.525,2.35,2.5,-1,0.15,0.6,0.175,0.333333333333333,0.108085106382979
"709",3,3,0.4,0.55,1.8,4,3.25,0,0.15,0.375,-0.45,-0.25,0.207692307692308
"709",5,6,0.55,0.5,1.1,4.95,6.5,1,-0.05,-0.090909090909091,0.0999999999999999,0.0909090909090908,-0.094017094017094
"709",4,4,0.55,0.25,0.7,2.65,1.45,0,-0.3,-0.545454545454546,-0.3,-0.428571428571428,-0.14053350683149
"709",4,4,0.55,0.45,0.733333333333333,2.75,2.25,0,-0.1,-0.181818181818182,-0.133333333333333,-0.181818181818182,0
"709",4,4,0.25,0.35,0.6,2.05,2.15,0,0.1,0.4,1.11022302462516e-16,1.85037170770859e-16,0.163357912648894
"709",4,4,0.4,0.35,0.466666666666667,1.8,1.55,0,-0.05,-0.125,-0.0666666666666667,-0.142857142857143,0.0143369175627237
"709",5,4,0.25,0.45,0.675,2.95,2.55,-1,0.2,0.8,0.0249999999999999,0.0370370370370369,0.282153539381855
"709",5,5,0.4,0.35,0.525,2.5,2.35,0,-0.05,-0.125,-0.025,-0.0476190476190477,-0.0553191489361703
"709",4,4,0.4,0.3,0.9,3.1,2.1,0,-0.1,-0.25,-0.3,-0.333333333333333,0.055299539170507
"709",4,4,0.55,0.2,0.7,2.65,1.1,0,-0.35,-0.636363636363636,-0.4,-0.571428571428571,-0.102915951972556
"709",3,2,0.25,0.4,1.1,2.45,1.9,-1,0.15,0.6,0.4,0.363636363636364,0.114930182599356
"709",5,3,0.4,0.4,0.9,4,2.5,-2,0,0,0.15,0.166666666666667,-0.0199999999999999
"709",3,3,0.55,0.25,1.4,3.35,2.55,0,-0.3,-0.545454545454546,-0.25,-0.178571428571429,-0.198419666374012
"709",4,4,0.4,0.35,0.6,2.2,2.15,0,-0.05,-0.125,-1.11022302462516e-16,-1.85037170770859e-16,-0.0761099365750529
"709",3,2,0.25,0.25,2.2,4.65,2.95,-1,0,0,0.5,0.227272727272727,0.00820120284308365
"709",3,3,0.25,0.35,1.4,3.05,4.05,0,0.1,0.4,0.45,0.321428571428572,0.0133576199149969
"709",5,3,0.55,0.45,0.7,3.35,1.75,-2,-0.1,-0.181818181818182,-0.0499999999999999,-0.0714285714285713,-0.0494669509594883
"709",3,3,0.55,0.25,1.8,4.15,3.25,0,-0.3,-0.545454545454546,-0.3,-0.166666666666667,-0.166821130676552
"709",5,3,0.55,0.3,0.675,3.25,1.1,-2,-0.25,-0.454545454545455,-0.275,-0.407407407407407,-0.0279720279720281
"709",4,4,0.25,0.2,0.733333333333333,2.45,1.7,0,-0.05,-0.2,-0.233333333333333,-0.318181818181818,0.0624249699879953
"709",3,3,0.4,0.4,0.9,2.2,1.9,0,0,0,-0.15,-0.166666666666667,0.0861244019138756
"709",5,5,0.4,0.5,1.1,4.8,5.9,0,0.1,0.25,0.25,0.227272727272727,0.00706214689265539
"709",3,3,0.4,0.3,1.8,4,4.1,0,-0.1,-0.25,0.1,0.0555555555555556,-0.0804878048780488
"709",4,4,0.25,0.25,0.7,2.35,2.35,0,0,0,0,0,0
"709",5,6,0.25,0.55,0.675,2.95,6.05,1,0.3,1.2,0.425,0.62962962962963,0.121725731895224
"709",3,3,0.4,0.25,1.1,2.6,1.45,0,-0.15,-0.375,-0.5,-0.454545454545455,0.0557029177718834
"709",5,6,0.25,0.5,0.8625,3.7,7,1,0.25,1,0.4375,0.507246376811594,0.0907335907335907
"709",5,6,0.25,0.25,1.1,4.65,4.75,1,0,0,-0.2,-0.181818181818182,0.0469722693831353
"709",4,4,0.55,0.5,0.733333333333333,2.75,2.9,0,-0.05,-0.090909090909091,0.0666666666666668,0.0909090909090911,-0.110344827586207
"709",5,5,0.25,0.4,0.9,3.85,4.2,0,0.15,0.6,0.0499999999999999,0.0555555555555555,0.151515151515151
"709",3,3,0.55,0.35,0.7,1.95,1.35,0,-0.2,-0.363636363636364,-0.2,-0.285714285714286,-0.0683760683760687
"709",5,5,0.25,0.3,0.7,3.05,2.9,0,0.05,0.2,-0.0499999999999999,-0.0714285714285713,0.107405313736574
"709",5,5,0.55,0.2,1.1,4.95,3.4,0,-0.35,-0.636363636363636,-0.3,-0.272727272727273,-0.261437908496732
"709",3,3,0.25,0.55,0.7,1.65,2.75,0,0.3,1.2,0.4,0.571428571428572,0.145454545454546
"709",3,3,0.55,0.4,2.2,4.95,3,0,-0.15,-0.272727272727273,-0.9,-0.409090909090909,0.0666666666666667
"709",3,3,0.4,0.5,0.7,1.8,2.1,0,0.1,0.25,0.1,0.142857142857143,0.0476190476190476
"709",5,5,0.25,0.45,0.525,2.35,3.65,0,0.2,0.8,0.275,0.523809523809524,0.0845234625473622
"709",4,3,0.55,0.2,0.6,2.35,0.8,-1,-0.35,-0.636363636363636,-0.3,-0.5,-0.186170212765957
"709",5,5,0.4,0.55,0.7,3.2,3.55,0,0.15,0.375,0.05,0.0714285714285715,0.149647887323944
"709",3,3,0.4,0.4,2.2,4.8,4.9,0,0,0,0.0500000000000003,0.0227272727272729,-0.00510204081632656
"709",4,3,0.25,0.4,0.466666666666667,1.65,1.6,-1,0.15,0.6,0.133333333333333,0.285714285714286,0.143939393939394
"709",5,5,0.25,0.35,0.825,3.55,3.95,0,0.1,0.4,0.0750000000000001,0.090909090909091,0.0909252986272062
"709",3,3,0.55,0.45,1.1,2.75,2.85,0,-0.1,-0.181818181818182,0.0999999999999999,0.0909090909090908,-0.126315789473684
"709",4,3,0.4,0.5,0.466666666666667,1.8,1.9,-1,0.1,0.25,0.233333333333333,0.5,-0.0994152046783626
"709",3,3,0.25,0.3,0.9,2.05,2.1,0,0.05,0.2,0,0,0.0627177700348431
"709",5,4,0.4,0.25,0.525,2.5,1.45,-1,-0.15,-0.375,-0.125,-0.238095238095238,-0.110344827586207
"709",4,4,0.4,0.3,1.1,3.7,2.4,0,-0.1,-0.25,-0.4,-0.363636363636364,0.0675675675675677
"709",4,3,0.25,0.1,0.783333333333333,2.6,1.3,-1,-0.15,-0.6,-0.183333333333333,-0.234042553191489,-0.153846153846154
"709",5,5,0.55,0.4,0.9,4.15,3.2,0,-0.15,-0.272727272727273,-0.2,-0.222222222222222,-0.0376506024096385
"709",3,3,0.55,0.55,0.9,2.35,2.95,0,0,0,0.3,0.333333333333333,-0.142805625676163
"709",3,3,0.25,0.15,1.8,3.85,3.45,0,-0.0999999999999999,-0.4,-0.15,-0.0833333333333334,-0.0643704121964991
"709",4,4,0.4,0.4,0.9,3.1,4.3,0,-5.55111512312578e-17,-1.38777878078145e-16,0.4,0.444444444444444,-0.144036009002251
"709",5,3,0.4,0.35,0.675,3.1,3.05,-2,-0.05,-0.125,0.675,1,-0.300898995240613
"709",4,4,0.25,0.5,0.9,2.95,4.4,0,0.25,1,0.4,0.444444444444444,0.115562403697997
"709",5,5,0.55,0.2,0.825,3.85,4,0,-0.35,-0.636363636363636,0.125,0.151515151515151,-0.464285714285714
"709",4,4,0.25,0.25,1.1,3.55,4.15,0,5.55111512312578e-17,2.22044604925031e-16,0.2,0.181818181818182,-0.0407262854233836
"709",3,3,0.25,0.1,1.475,3.2,3.3,0,-0.15,-0.6,0.125,0.0847457627118644,-0.143465909090909
"709",4,4,0.25,0.2,0.6,2.05,2.3,0,-0.0499999999999999,-0.2,0.1,0.166666666666667,-0.139978791092259
"709",4,4,0.55,0.45,1.1,3.85,3.15,0,-0.1,-0.181818181818182,-0.2,-0.181818181818182,-1.11022302462516e-16
"709",4,4,0.55,0.55,0.9,3.25,3.55,0,-1.11022302462516e-16,-2.01858731750028e-16,0.1,0.111111111111111,-0.0572047670639221
"709",4,4,0.4,0.55,0.7,2.5,3.25,0,0.15,0.375,0.2,0.285714285714286,0.0369230769230768
"709",5,4,0.25,0.15,0.7,3.05,2.85,-1,-0.1,-0.4,0.2,0.285714285714286,-0.199309749784297
"709",5,4,0.55,0.6,0.675,3.25,3,-1,0.05,0.090909090909091,0.125,0.185185185185185,-0.0461538461538461
"709",4,4,0.4,0.25,1.1,3.7,1.75,0,-0.15,-0.375,-0.6,-0.545454545454546,0.138996138996139
"709",3,3,0.55,0.5,1.4,3.35,2.4,0,-0.05,-0.090909090909091,-0.45,-0.321428571428571,0.132462686567164
"709",5,4,0.4,0.6,0.525,2.5,2.7,-1,0.2,0.5,0.175,0.333333333333333,0.088888888888889
"709",4,4,0.25,0.45,0.6,2.05,2.55,0,0.2,0.8,0.1,0.166666666666667,0.218077474892396
"709",3,3,0.25,0.25,1.4,3.05,3.25,0,5.55111512312578e-17,2.22044604925031e-16,0.1,0.0714285714285715,-0.0151324085750315
"709",3,3,0.25,0.2,1.475,3.2,2.9,0,-0.05,-0.2,-0.125,-0.0847457627118644,-0.0274784482758621
"709",5,5,0.25,0.15,0.525,2.35,3.15,0,-0.1,-0.4,0.225,0.428571428571428,-0.293819655521783
"709",4,3,0.55,0.75,0.6,2.35,2.45,-1,0.2,0.363636363636364,0.25,0.416666666666667,-0.0178028658271817
"709",3,3,0.25,0.15,1.1,2.45,2.85,0,-0.1,-0.4,0.25,0.227272727272727,-0.148227712137487
"709",4,3,0.25,0.1,0.783333333333333,2.6,2.9,-1,-0.15,-0.6,0.616666666666667,0.787234042553191,-0.281167108753316
"709",5,5,0.4,0.35,0.9,4,4.75,0,-0.05,-0.125,0.2,0.222222222222222,-0.131578947368421
"709",5,5,0.55,0.45,0.7,3.35,3.45,0,-0.1,-0.181818181818182,0.05,0.0714285714285715,-0.168721609344581
"709",3,3,0.55,0.45,1.8,4.15,3.15,0,-0.1,-0.181818181818182,-0.45,-0.25,0.0309810671256454
"709",4,4,0.55,0.25,0.9,3.25,2.95,0,-0.3,-0.545454545454546,0,0,-0.337940026075619
"709",4,4,0.4,0.3,0.9,3.1,3.3,0,-0.1,-0.25,0.1,0.111111111111111,-0.152492668621701
"709",5,4,0.55,0.45,0.825,3.85,3.45,-1,-0.1,-0.181818181818182,0.175,0.212121212121212,-0.192546583850932
"709",3,3,0.55,0.15,2.2,4.95,3.05,0,-0.4,-0.727272727272727,-0.75,-0.340909090909091,-0.185792349726776
"709",5,5,0.25,0.2,0.8625,3.7,4,0,-0.05,-0.2,0.0874999999999999,0.101449275362319,-0.0878378378378378
"709",3,3,0.4,0.25,1.8,4,3.05,0,-0.15,-0.375,-0.4,-0.222222222222222,-0.0540983606557377
"709",3,2,0.55,0.4,1.1,2.75,2.1,-1,-0.15,-0.272727272727273,0.6,0.545454545454545,-0.219047619047619
"709",4,4,0.25,0.25,1.1,3.55,4.75,0,5.55111512312578e-17,2.22044604925031e-16,0.4,0.363636363636364,-0.0711638250555967
"709",4,4,0.25,0.15,0.466666666666667,1.65,2.55,0,-0.1,-0.4,0.333333333333333,0.714285714285714,-0.370766488413547
"709",5,5,0.25,0.15,0.675,2.95,2.75,0,-0.1,-0.4,-0.025,-0.0370370370370371,-0.151001540832049
"709",4,4,0.4,0.2,0.7,2.5,2.9,0,-0.2,-0.5,0.2,0.285714285714286,-0.364137931034483
"709",4,2,0.25,0.5,0.9,2.95,1.3,-2,0.25,1,-0.1,-0.111111111111111,0.430247718383312
"709",5,5,0.4,0.4,1.1,4.8,5.4,0,0,0,0.15,0.136363636363636,-0.0462962962962963
"709",5,5,0.4,0.35,0.675,3.1,2.95,0,-0.05,-0.125,-0.025,-0.0370370370370371,-0.0519409513395298
"709",4,3,0.55,0.3,0.7,2.65,1.4,-1,-0.25,-0.454545454545455,-0.15,-0.214285714285714,-0.18733153638814
"709",5,3,0.25,0.35,0.9,3.85,1.95,-2,0.1,0.4,-0.1,-0.111111111111111,0.213786213786214
"709",3,3,0.4,0.45,0.7,1.8,1.95,0,0.05,0.125,0.05,0.0714285714285715,0.0256410256410257
"709",4,3,0.55,0.55,0.733333333333333,2.75,2.35,-1,0,0,0.166666666666667,0.227272727272727,-0.0978723404255319
"709",4,3,0.4,0.4,0.6,2.2,1.7,-1,-5.55111512312578e-17,-1.38777878078145e-16,0.0499999999999999,0.0833333333333332,-0.0213903743315508
"709",5,5,0.4,0.5,0.7,3.2,3.5,0,0.1,0.25,0.05,0.0714285714285715,0.0892857142857143
"709",4,4,0.25,0.05,0.7,2.35,1.85,0,-0.2,-0.8,-0.1,-0.142857142857143,-0.317423806785509
"709",3,3,0.25,1.38777878078145e-17,0.9,2.05,1.6,0,-0.25,-1,-0.1,-0.111111111111111,-0.365853658536585
"709",4,4,0.25,0.2,0.733333333333333,2.45,3.2,0,-0.0499999999999999,-0.2,0.266666666666667,0.363636363636364,-0.158163265306122
"709",5,4,0.25,0.05,0.825,3.55,2.15,-1,-0.2,-0.8,-0.125,-0.151515151515152,-0.259089420242385
"709",3,3,0.4,0.35,1.1,2.6,2.05,0,-0.05,-0.125,-0.25,-0.227272727272727,0.050656660412758
"709",3,3,0.4,0.35,2.2,4.8,2.45,0,-0.05,-0.125,-1.15,-0.522727272727273,0.178571428571428
"709",3,3,0.55,0.75,0.7,1.95,2.55,0,0.2,0.363636363636364,0.2,0.285714285714286,0.0361990950226246
"709",5,5,0.55,0.65,0.9,4.15,5.45,0,0.1,0.181818181818182,0.3,0.333333333333333,-0.0663203271802807
"709",3,3,0.4,0.65,0.9,2.2,3.25,0,0.25,0.625,0.4,0.444444444444444,0.0545454545454546
"709",5,5,0.25,0.1,1.1,4.65,3.3,0,-0.15,-0.6,-0.3,-0.272727272727273,-0.117302052785924
"709",5,4,0.55,0.35,1.1,4.95,2.45,-1,-0.2,-0.363636363636364,-0.4,-0.363636363636364,0.0158730158730159
"709",4,4,0.55,0.6,1.1,3.85,4.2,0,0.0499999999999999,0.0909090909090908,0.0999999999999999,0.0909090909090908,1.11022302462516e-16
"709",3,3,0.25,0.15,2.2,4.65,1.85,0,-0.1,-0.4,-1.35,-0.613636363636364,0.0819529206625981
"709",3,3,0.25,0.1,1.8,3.85,2.2,0,-0.15,-0.6,-0.75,-0.416666666666667,-0.0584415584415584
"709",3,2,0.25,0.1,0.7,1.65,1.4,-1,-0.15,-0.6,0.6,0.857142857142857,-0.311688311688312
"709",4,3,0.4,0.6,0.466666666666667,1.8,2.3,-1,0.2,0.5,0.383333333333333,0.821428571428571,-0.106280193236715
"709",3,3,0.55,0.6,0.9,2.35,2.2,0,0.0499999999999999,0.0909090909090908,-0.1,-0.111111111111111,0.11605415860735
"709",3,3,0.25,0.1,2.2,4.65,1.7,0,-0.15,-0.6,-1.4,-0.636363636363636,0.015180265654649
"709",5,5,0.4,0.15,1.1,4.8,3.95,0,-0.25,-0.625,-0.15,-0.136363636363636,-0.226793248945148
"709",5,5,0.25,0.15,0.675,2.95,3.55,0,-0.0999999999999999,-0.4,0.175,0.259259259259259,-0.212461207925519
"709",5,5,0.4,0.2,0.9,4,3.8,0,-0.2,-0.5,0,0,-0.236842105263158
"709",3,3,0.55,0.35,1.4,3.35,3.35,0,-0.2,-0.363636363636364,0.1,0.0714285714285715,-0.17910447761194
"709",4,3,0.4,0.65,0.466666666666667,1.8,2.35,-1,0.25,0.625,0.383333333333333,0.821428571428571,-0.0591016548463357
"709",3,3,0.55,0.3,2.2,4.95,3.5,0,-0.25,-0.454545454545455,-0.6,-0.272727272727273,-0.0761904761904762
"709",4,3,0.55,0.7,0.6,2.35,2.4,-1,0.15,0.272727272727273,0.25,0.416666666666667,-0.0611702127659574
"709",3,2,0.25,0.25,0.7,1.65,1.45,-1,0,0,0.5,0.714285714285714,-0.109717868338558
"709",4,3,0.4,0.45,0.6,2.2,1.75,-1,0.0499999999999999,0.125,0.0499999999999999,0.0833333333333332,0.0441558441558441
"709",5,4,0.55,0.6,0.825,3.85,3,-1,0.05,0.090909090909091,-0.025,-0.0303030303030303,0.0857142857142857
"709",5,5,0.25,0.2,0.9,3.85,4.2,0,-0.05,-0.2,0.1,0.111111111111111,-0.0865800865800866
"709",5,5,0.25,0.1,0.825,3.55,2.5,0,-0.15,-0.6,-0.225,-0.272727272727273,-0.152112676056338
"709",5,5,0.4,0.35,0.675,3.1,3.35,0,-0.05,-0.125,0.075,0.111111111111111,-0.122773230621088
"709",5,5,0.25,0.4,0.525,2.35,3,0,0.15,0.6,0.125,0.238095238095238,0.134751773049645
"709",4,4,0.4,0.5,1.1,3.7,3.2,0,0.0999999999999999,0.25,-0.2,-0.181818181818182,0.192567567567567
"709",4,4,0.25,0.35,0.7,2.35,2.45,0,0.1,0.4,0,0,0.145896656534954
"709",5,5,0.55,0.4,0.7,3.35,3,0,-0.15,-0.272727272727273,-0.0499999999999999,-0.0714285714285713,-0.154228855721393
"709",4,4,0.55,0.55,0.733333333333333,2.75,2.65,0,-1.11022302462516e-16,-2.01858731750028e-16,-0.0333333333333333,-0.0454545454545454,0.030188679245283
"709",4,4,0.55,0.7,0.9,3.25,3.4,0,0.15,0.272727272727273,0,0,0.146606334841629
"709",5,5,0.25,0.2,0.7,3.05,2.6,0,-0.0499999999999999,-0.2,-0.1,-0.142857142857143,-0.0252206809583858
"709",3,2,0.25,0.2,1.475,3.2,1.8,-1,-0.05,-0.2,0.125,0.0847457627118644,-0.0121527777777778
"709",3,3,0.4,0.5,0.7,1.8,2.1,0,0.0999999999999999,0.25,0.1,0.142857142857143,0.0476190476190474
"709",3,3,0.25,0.15,1.4,3.05,3.95,0,-0.0999999999999999,-0.4,0.5,0.357142857142857,-0.131977588711351
"709",4,3,0.25,0.15,0.466666666666667,1.65,1.45,-1,-0.1,-0.4,0.183333333333333,0.392857142857143,-0.295715778474399
"709",3,3,0.25,0.25,0.9,2.05,2.25,0,5.55111512312578e-17,2.22044604925031e-16,0.1,0.111111111111111,-0.032520325203252
"709",5,4,0.55,0.65,0.9,4.15,5.15,-1,0.1,0.181818181818182,0.6,0.666666666666667,-0.1577962334776
"709",4,4,0.25,0.15,1.1,3.55,4.05,0,-0.1,-0.4,0.2,0.181818181818182,-0.133541992696922
"709",3,3,0.4,0.4,0.9,2.2,2.1,0,-5.55111512312578e-17,-1.38777878078145e-16,-0.05,-0.0555555555555556,0.0259740259740259
"709",3,3,0.4,0.45,1.8,4,2.85,0,0.05,0.125,-0.6,-0.333333333333333,0.173684210526316
"709",4,4,0.25,0.1,0.783333333333333,2.6,2.2,0,-0.15,-0.6,-0.0833333333333334,-0.106382978723404,-0.202797202797203
"709",4,5,0.25,0.15,0.6,2.05,2.95,1,-0.1,-0.4,0.1,0.166666666666667,-0.233567589913187
"709",3,3,0.25,0.2,1.8,3.85,1.9,0,-0.0499999999999999,-0.2,-0.95,-0.527777777777778,0.120984278879016
"709",4,4,0.4,0.6,0.7,2.5,4.5,0,0.2,0.5,0.6,0.857142857142857,-0.106666666666667
"709",3,3,0.55,0.6,0.9,2.35,2.7,0,0.05,0.090909090909091,0.15,0.166666666666667,-0.0354609929078014
"709",4,4,0.25,0.25,0.9,2.95,3.55,0,5.55111512312578e-17,2.22044604925031e-16,0.2,0.222222222222222,-0.0572929100023871
"709",3,3,0.4,0.4,1.1,2.6,2.8,0,-5.55111512312578e-17,-1.38777878078145e-16,0.0999999999999999,0.0909090909090908,-0.0329670329670329
"709",4,4,0.4,0.35,0.9,3.1,3.65,0,-0.05,-0.125,0.2,0.222222222222222,-0.132567388422448
"709",5,5,0.4,0.55,0.7,3.2,5.55,0,0.15,0.375,0.55,0.785714285714286,-0.129504504504505
"709",5,5,0.55,0.45,1.1,4.95,4.05,0,-0.1,-0.181818181818182,-0.2,-0.181818181818182,0
"709",3,2,0.55,0.6,1.1,2.75,2.3,-1,0.05,0.090909090909091,0.6,0.545454545454545,-0.0782608695652174
"709",4,5,0.55,0.5,1.1,3.85,4.5,1,-0.0500000000000001,-0.0909090909090911,-0.1,-0.090909090909091,-0.0158730158730159
"709",3,3,0.25,0.05,1.1,2.45,1.15,0,-0.2,-0.8,-0.55,-0.5,-0.175687666370896
"709",3,3,0.55,0.5,1.8,4.15,3.1,0,-0.05,-0.090909090909091,-0.5,-0.277777777777778,0.0862806062961523
"709",4,4,0.25,0.15,0.733333333333333,2.45,2.25,0,-0.1,-0.4,-0.0333333333333334,-0.0454545454545456,-0.141496598639456
"709",3,2,0.4,0.15,2.2,4.8,2.25,-1,-0.25,-0.625,-0.0999999999999996,-0.0454545454545453,-0.116666666666667
"709",5,5,0.25,0.15,1.1,4.65,5.55,0,-0.1,-0.4,0.25,0.227272727272727,-0.13368206916594
"709",5,3,0.55,0.6,0.675,3.25,3.1,-2,0.05,0.090909090909091,0.575,0.851851851851852,-0.265508684863524
"709",5,5,0.25,0.25,0.8625,3.7,5.05,0,5.55111512312578e-17,2.22044604925031e-16,0.3375,0.391304347826087,-0.0903130853625903
"709",5,4,0.4,0.15,0.525,2.5,1.65,-1,-0.25,-0.625,-0.025,-0.0476190476190477,-0.436363636363636
"709",4,4,0.55,0.55,0.7,2.65,2.65,0,-1.11022302462516e-16,-2.01858731750028e-16,0,0,-1.11022302462516e-16
"709",3,3,0.55,0.65,0.7,1.95,2.05,0,0.1,0.181818181818182,0,0,0.105065666041276
"709",4,3,0.4,0.4,0.9,3.1,2.2,-1,-5.55111512312578e-17,-1.38777878078145e-16,0,0,0.0293255131964809
"709",3,3,0.55,0.35,0.7,1.95,1.35,0,-0.2,-0.363636363636364,-0.2,-0.285714285714286,-0.0683760683760687
"709",5,5,0.4,0.65,0.9,4,4.85,0,0.25,0.625,0.15,0.166666666666667,0.170103092783505
"709",5,5,0.25,0.35,0.8625,3.7,5.15,0,0.1,0.4,0.3375,0.391304347826087,0.00196798740488063
"709",4,5,0.4,0.35,0.6,2.2,3.15,1,-0.05,-0.125,0.0999999999999999,0.166666666666666,-0.171717171717172
"709",3,3,0.4,0.55,1.1,2.6,2.45,0,0.15,0.375,-0.15,-0.136363636363636,0.211930926216641
"709",3,3,0.55,0.55,1.1,2.75,2.15,0,0,0,-0.3,-0.272727272727273,0.167441860465116
"709",3,2,0.55,0.6,1.4,3.35,2.5,-1,0.05,0.090909090909091,0.5,0.357142857142857,-0.0125373134328358
"709",4,4,0.4,0.15,0.7,2.5,2.85,0,-0.25,-0.625,0.2,0.285714285714286,-0.429473684210526
"709",3,3,0.25,0.25,1.4,3.05,2.15,0,5.55111512312578e-17,2.22044604925031e-16,-0.45,-0.321428571428571,0.102935569958063
"709",3,3,0.4,0.15,1.8,4,1.85,0,-0.25,-0.625,-0.95,-0.527777777777778,-0.0567567567567568
"709",3,3,0.55,0.2,1.8,4.15,3.2,0,-0.35,-0.636363636363636,-0.3,-0.166666666666667,-0.210090361445783
"709",4,3,0.55,0.65,0.7,2.65,2.65,-1,0.1,0.181818181818182,0.3,0.428571428571429,-0.0943396226415095
"709",4,3,0.25,0.2,0.466666666666667,1.65,1.5,-1,-0.0499999999999999,-0.2,0.183333333333333,0.392857142857143,-0.206060606060606
"709",4,4,0.55,0.3,1.1,3.85,2.7,0,-0.25,-0.454545454545455,-0.3,-0.272727272727273,-0.126984126984127
"709",5,5,0.25,0.5,0.675,2.95,4.9,0,0.25,1,0.425,0.62962962962963,0.0864752680733311
"709",5,5,0.4,0.4,0.675,3.1,3.2,0,-5.55111512312578e-17,-1.38777878078145e-16,0.0249999999999999,0.0370370370370369,-0.0201612903225806
"709",4,3,0.4,0.5,0.466666666666667,1.8,2.1,-1,0.0999999999999999,0.25,0.333333333333333,0.714285714285714,-0.174603174603175
"709",3,3,0.55,0.35,0.9,2.35,1.15,0,-0.2,-0.363636363636364,-0.5,-0.555555555555556,0.210915818686401
"709",3,3,0.25,0.15,1.475,3.2,3.15,0,-0.0999999999999999,-0.4,0.0249999999999999,0.0169491525423728,-0.0915178571428571
"709",5,4,0.55,0.45,0.7,3.35,2.55,-1,-0.1,-0.181818181818182,0,0,-0.115013169446883
"709",4,4,0.25,0.0500000000000001,0.9,2.95,2.45,0,-0.2,-0.8,-0.1,-0.111111111111111,-0.257350397786233
"709",4,3,0.25,0.1,1.1,3.55,1.8,-1,-0.15,-0.6,-0.25,-0.227272727272727,-0.115023474178404
"709",4,4,0.25,0.15,0.733333333333333,2.45,2.85,0,-0.0999999999999999,-0.4,0.166666666666667,0.227272727272727,-0.197636949516649
"709",4,4,0.25,0.15,0.6,2.05,1.95,0,-0.0999999999999999,-0.4,1.11022302462516e-16,1.85037170770859e-16,-0.180112570356473
"709",3,3,0.4,0.35,0.9,2.2,2.05,0,-0.05,-0.125,-0.05,-0.0555555555555556,-0.033259423503326
"709",5,5,0.25,0.15,1.1,4.65,4.55,0,-0.1,-0.4,0,0,-0.10398203946591
"709",5,5,0.4,0.2,1.1,4.8,5,0,-0.2,-0.5,0.0999999999999999,0.0909090909090908,-0.216666666666667
"709",5,4,0.55,0.4,1.1,4.95,3.7,-1,-0.15,-0.272727272727273,0,0,-0.123123123123123
"709",5,5,0.4,0.5,0.7,3.2,4.5,0,0.0999999999999999,0.25,0.3,0.428571428571429,-0.0694444444444445
"709",5,5,0.55,0.4,0.9,4.15,3.2,0,-0.15,-0.272727272727273,-0.2,-0.222222222222222,-0.0376506024096385
"709",3,3,0.25,0.25,0.9,2.05,2.05,0,0,0,0,0,0
"709",3,3,0.55,0.2,2.2,4.95,2.2,0,-0.35,-0.636363636363636,-1.2,-0.545454545454546,-0.0606060606060606
"709",4,4,0.25,0.15,0.7,2.35,1.95,0,-0.1,-0.4,-0.1,-0.142857142857143,-0.117839607201309
"709",5,5,0.4,0.3,0.525,2.5,2.5,0,-0.1,-0.25,0.025,0.0476190476190477,-0.2
"709",4,5,0.55,0.5,0.6,2.35,2.9,1,-0.05,-0.090909090909091,0,0,-0.074101247248716
"709",4,5,0.4,0.1,1.1,3.7,2.1,1,-0.3,-0.75,-0.6,-0.545454545454546,-0.194337194337194
"709",5,5,0.25,0.15,0.9,3.85,3.35,0,-0.0999999999999999,-0.4,-0.1,-0.111111111111111,-0.100794727660399
"709",4,5,0.25,0.15,0.783333333333333,2.6,3.75,1,-0.1,-0.4,0.116666666666667,0.148936170212766,-0.184615384615385
"709",3,3,0.25,0.15,1.8,3.85,2.75,0,-0.1,-0.4,-0.5,-0.277777777777778,-0.0311688311688312
"709",5,5,0.55,0.1,0.825,3.85,2.5,0,-0.45,-0.818181818181818,-0.225,-0.272727272727273,-0.514285714285714
"709",4,4,0.55,0.6,0.733333333333333,2.75,3,0,0.05,0.090909090909091,0.0666666666666668,0.0909090909090911,0
"709",5,5,0.25,0.15,0.525,2.35,2.15,0,-0.0999999999999999,-0.4,-0.025,-0.0476190476190477,-0.183077684314695
"709",5,4,0.25,0.2,0.7,3.05,2.3,-1,-0.05,-0.2,0,0,-0.0620099786172487
"709",5,5,0.25,0.15,0.825,3.55,2.55,0,-0.1,-0.4,-0.225,-0.272727272727273,-0.0579950289975145
"709",3,3,0.25,0.1,2.2,4.65,2.5,0,-0.15,-0.6,-1,-0.454545454545455,-0.0412903225806451
"709",3,3,0.4,0.5,0.7,1.8,2.3,0,0.1,0.25,0.2,0.285714285714286,-0.0144927536231885
"709",3,3,0.4,0.15,2.2,4.8,3.75,0,-0.25,-0.625,-0.4,-0.181818181818182,-0.13
"709",3,2,0.25,0.2,1.1,2.45,2,-1,-0.05,-0.2,0.7,0.636363636363636,-0.106122448979592
"709",3,3,0.25,0.15,0.7,1.65,2.15,0,-0.1,-0.4,0.3,0.428571428571429,-0.245243128964059
"709",5,4,0.55,0.55,0.675,3.25,2.65,-1,0,0,0.0249999999999999,0.0370370370370369,-0.0159651669085629
"709",4,4,0.55,0.45,0.9,3.25,2.55,0,-0.1,-0.181818181818182,-0.2,-0.222222222222222,0.0289592760180996
"709",3,2,0.25,0.3,1.475,3.2,1.5,-1,0.05,0.2,-0.275,-0.186440677966102,0.165625
"709",4,4,0.4,0.3,1.1,3.7,4.2,0,-0.1,-0.25,0.2,0.181818181818182,-0.146718146718147
"709",4,4,0.4,0.35,0.9,3.1,3.35,0,-0.05,-0.125,0.1,0.111111111111111,-0.0982185844968705
"709",3,3,0.55,0.6,1.8,4.15,3,0,0.05,0.090909090909091,-0.6,-0.333333333333333,0.202409638554217
"709",4,3,0.4,0.45,0.466666666666667,1.8,1.65,-1,0.0499999999999999,0.125,0.133333333333333,0.285714285714286,-0.0707070707070708
"709",5,3,0.25,0.05,1.1,4.65,1.35,-2,-0.2,-0.8,-0.45,-0.409090909090909,-0.157706093189964
"709",4,4,0.55,0.65,1.1,3.85,4.55,0,0.1,0.181818181818182,0.2,0.181818181818182,0
"709",5,5,0.55,0.5,0.825,3.85,3.3,0,-0.0500000000000001,-0.0909090909090911,-0.125,-0.151515151515152,0.0432900432900432
"709",3,3,0.4,0.4,1.1,2.6,1.8,0,-5.55111512312578e-17,-1.38777878078145e-16,-0.4,-0.363636363636364,0.205128205128205
"709",5,5,0.25,0.3,0.9,3.85,3.7,0,0.05,0.2,-0.05,-0.0555555555555556,0.0807300807300808
"709",3,3,0.55,0.55,1.1,2.75,2.95,0,-1.11022302462516e-16,-2.01858731750028e-16,0.0999999999999999,0.0909090909090908,-0.0406779661016949
"709",4,4,0.4,0.45,0.6,2.2,2.55,0,0.0499999999999999,0.125,0.0999999999999999,0.166666666666666,-0.0213903743315509
"709",3,3,0.25,0.15,1.1,2.45,1.35,0,-0.1,-0.4,-0.5,-0.454545454545455,0.0272108843537416
"709",4,4,0.25,0.1,0.9,2.95,2.2,0,-0.15,-0.6,-0.2,-0.222222222222222,-0.157164869029276
"709",4,4,0.55,0.5,0.9,3.25,3.5,0,-0.05,-0.090909090909091,0.1,0.111111111111111,-0.105494505494506
"709",3,3,0.55,0.4,1.4,3.35,2.3,0,-0.15,-0.272727272727273,-0.45,-0.321428571428571,0.0292018170019467
"709",5,4,0.55,0.7,0.7,3.35,4.9,-1,0.15,0.272727272727273,0.7,1,-0.249466950959488
"709",3,3,0.55,0.75,0.9,2.35,3.15,0,0.2,0.363636363636364,0.3,0.333333333333333,0.0121580547112464
"709",4,4,0.55,0.5,0.733333333333333,2.75,3.5,0,-0.05,-0.090909090909091,0.266666666666667,0.363636363636364,-0.228571428571429
"709",5,4,0.55,0.5,0.675,3.25,3.2,-1,-0.05,-0.090909090909091,0.225,0.333333333333333,-0.221153846153846
"709",5,4,0.25,0.2,0.675,2.95,2.6,-1,-0.0499999999999999,-0.2,0.125,0.185185185185185,-0.116036505867014
"709",4,4,0.25,0.1,0.733333333333333,2.45,3.4,0,-0.15,-0.6,0.366666666666667,0.5,-0.290516206482593
"709",5,5,0.25,0.15,0.825,3.55,4.15,0,-0.0999999999999999,-0.4,0.175,0.212121212121212,-0.171389784490073
"709",4,4,0.55,0.55,0.6,2.35,2.65,0,0,0,0.1,0.166666666666667,-0.105981533520674
"709",3,2,0.25,0.25,0.7,1.65,1.05,-1,0,0,0.1,0.142857142857143,0.0216450216450216
"709",4,4,0.25,0.15,0.7,2.35,2.55,0,-0.1,-0.4,0.1,0.142857142857143,-0.190237797246558
"709",5,5,0.4,0.3,0.9,4,4.9,0,-0.1,-0.25,0.25,0.277777777777778,-0.193877551020408
"709",3,2,0.25,0.2,1.8,3.85,1.4,-1,-0.05,-0.2,-0.6,-0.333333333333333,0.0909090909090909
"709",3,3,0.4,0.3,2.2,4.8,2.3,0,-0.1,-0.25,-1.2,-0.545454545454545,0.141304347826087
"709",3,3,0.4,0.1,0.7,1.8,1.2,0,-0.3,-0.75,-0.15,-0.214285714285714,-0.416666666666667
"709",4,4,0.25,0.15,1.1,3.55,3.15,0,-0.0999999999999999,-0.4,-0.1,-0.090909090909091,-0.0912139503688798
"709",5,4,0.4,0.25,0.7,3.2,2.35,-1,-0.15,-0.375,0,0,-0.199468085106383
"709",5,4,0.4,0.3,0.675,3.1,3.9,-1,-0.1,-0.25,0.525,0.777777777777778,-0.337468982630273
"709",4,4,0.25,0.35,0.466666666666667,1.65,2.45,0,0.1,0.4,0.233333333333333,0.5,-0.0346320346320346
"709",5,4,0.25,0.35,0.7,3.05,2.75,-1,0.1,0.4,0.1,0.142857142857143,0.0992548435171385
"709",4,4,0.4,0.5,0.7,2.5,3.2,0,0.1,0.25,0.2,0.285714285714286,-0.015
"709",5,5,0.25,0.25,0.8625,3.7,4.05,0,0,0,0.0874999999999999,0.101449275362319,-0.0291958625291958
"709",4,4,0.55,0.5,0.7,2.65,2.6,0,-0.0500000000000001,-0.0909090909090911,0,0,-0.0609579100145139
"709",3,3,0.55,0.55,0.7,1.95,2.05,0,-1.11022302462516e-16,-2.01858731750028e-16,0.05,0.0714285714285715,-0.0412757973733584
"709",4,3,0.25,0.25,0.783333333333333,2.6,1.75,-1,0,0,-0.0333333333333333,-0.0425531914893617,0.043956043956044
"709",3,3,0.55,0.15,2.2,4.95,2.15,0,-0.4,-0.727272727272727,-1.2,-0.545454545454546,-0.124031007751938
"709",5,5,0.55,0.65,1.1,4.95,4.65,0,0.1,0.181818181818182,-0.1,-0.090909090909091,0.14336917562724
"709",3,3,0.4,0.25,1.8,4,3.75,0,-0.15,-0.375,-0.0499999999999998,-0.0277777777777777,-0.1
"709",5,3,0.25,0.3,0.525,2.35,2.7,-2,0.05,0.2,0.675,1.28571428571429,-0.198581560283688
"709",3,3,0.25,0.05,2.2,4.65,2.85,0,-0.2,-0.8,-0.8,-0.363636363636364,-0.108658743633277
"709",5,3,0.55,0.4,0.9,4.15,2.9,-2,-0.15,-0.272727272727273,0.35,0.388888888888889,-0.248857498961363
"709",4,4,0.25,0.4,0.6,2.05,3.4,0,0.15,0.6,0.4,0.666666666666667,-0.0172166427546629
"709",3,2,0.4,0.6,0.9,2.2,2.1,-1,0.2,0.5,0.6,0.666666666666667,0.025974025974026
"709",5,4,0.4,0.55,1.1,4.8,4.45,-1,0.15,0.375,0.2,0.181818181818182,0.0777153558052434
"709",5,4,0.4,0.6,0.525,2.5,3,-1,0.2,0.5,0.275,0.523809523809524,0
"709",3,3,0.25,0.4,0.9,2.05,2.6,0,0.15,0.6,0.2,0.222222222222222,0.0956848030018761
"710",3,3,0.55,0.3,1.8,4.15,3.7,0,-0.25,-0.454545454545455,-0.1,-0.0555555555555556,-0.15434711820254
"710",5,4,0.55,0.4,1.1,4.95,4,-1,-0.15,-0.272727272727273,0.0999999999999999,0.0909090909090908,-0.155555555555556
"710",5,3,0.4,0.25,1.1,4.8,3.35,-2,-0.15,-0.375,0.45,0.409090909090909,-0.192786069651741
"710",5,4,0.4,0.3,0.675,3.1,4.5,-1,-0.1,-0.25,0.725,1.07407407407407,-0.378494623655914
"710",5,4,0.25,0.25,0.8625,3.7,4.45,-1,5.55111512312578e-17,2.22044604925031e-16,0.5375,0.623188405797101,-0.113118736714242
"710",5,4,0.55,0.8,0.825,3.85,4.1,-1,0.25,0.454545454545455,0.275,0.333333333333333,0.0662020905923345
"710",4,3,0.4,0.8,0.466666666666667,1.8,2.6,-1,0.4,1,0.433333333333333,0.928571428571429,0.0341880341880343
"710",4,3,0.4,0.45,1.1,3.7,3.25,-1,0.0499999999999999,0.125,0.3,0.272727272727273,-0.0170478170478171
"710",5,4,0.4,0.35,0.9,4,3.35,-1,-0.05,-0.125,0.1,0.111111111111111,-0.082089552238806
"710",3,2,0.4,0.5,0.7,1.8,1.4,-1,0.1,0.25,0.2,0.285714285714286,0.0476190476190476
"710",3,3,0.25,0.2,1.1,2.45,2.5,0,-0.05,-0.2,0.0499999999999998,0.0454545454545453,-0.0661224489795917
"710",5,4,0.4,0.4,0.525,2.5,2.5,-1,0,0,0.175,0.333333333333333,-0.16
"710",4,4,0.25,0.15,0.783333333333333,2.6,2.25,0,-0.1,-0.4,-0.0833333333333334,-0.106382978723404,-0.117948717948718
"710",3,3,0.55,0.65,0.9,2.35,2.25,0,0.1,0.181818181818182,-0.1,-0.111111111111111,0.164539007092199
"710",4,4,0.4,0.5,0.7,2.5,2.9,0,0.1,0.25,0.1,0.142857142857143,0.049655172413793
"710",5,5,0.25,0.45,0.675,2.95,4.65,0,0.2,0.8,0.375,0.555555555555555,0.0601421541826134
"710",4,4,0.25,0.25,0.7,2.35,2.95,0,5.55111512312578e-17,2.22044604925031e-16,0.2,0.285714285714286,-0.0865488640461594
"710",4,4,0.25,0.15,1.1,3.55,2.85,0,-0.1,-0.4,-0.2,-0.181818181818182,-0.0711638250555967
"710",5,4,0.25,0.15,0.825,3.55,3.75,-1,-0.0999999999999999,-0.4,0.375,0.454545454545455,-0.192112676056338
"710",4,4,0.25,0.1,0.9,2.95,2.5,0,-0.15,-0.6,-0.1,-0.111111111111111,-0.178983050847458
"710",3,3,0.4,0.35,2.2,4.8,2.75,0,-0.05,-0.125,-1,-0.454545454545454,0.131818181818182
"710",3,3,0.25,0.2,1.475,3.2,3,0,-0.05,-0.2,-0.0750000000000002,-0.0508474576271188,-0.034375
"710",3,3,0.55,0.45,2.2,4.95,3.55,0,-0.1,-0.181818181818182,-0.65,-0.295454545454545,0.0469483568075117
"710",3,3,0.25,0.2,0.9,2.05,3.2,0,-0.05,-0.2,0.6,0.666666666666667,-0.178353658536585
"710",3,3,0.25,0.15,1.4,3.05,3.05,0,-0.1,-0.4,0.05,0.0357142857142857,-0.0983606557377049
"710",5,4,0.25,0.15,0.7,3.05,3.45,-1,-0.1,-0.4,0.4,0.571428571428572,-0.23592302209551
"710",3,3,0.25,0.15,1.8,3.85,3.15,0,-0.1,-0.4,-0.3,-0.166666666666667,-0.0519480519480519
"710",5,4,0.55,0.7,0.7,3.35,3.7,-1,0.15,0.272727272727273,0.3,0.428571428571429,-0.0641387656313029
"710",5,4,0.25,0.15,0.525,2.35,2.25,-1,-0.1,-0.4,0.175,0.333333333333333,-0.265248226950354
"710",3,3,0.4,0.4,1.1,2.6,2.7,0,0,0,0.0499999999999998,0.0454545454545453,-0.017094017094017
"710",5,5,0.25,0.15,0.9,3.85,3.35,0,-0.1,-0.4,-0.1,-0.111111111111111,-0.100794727660399
"710",4,3,0.25,0.15,0.733333333333333,2.45,2.95,-1,-0.1,-0.4,0.666666666666667,0.909090909090909,-0.255620892424766
"710",5,5,0.25,0.15,1.1,4.65,3.55,0,-0.1,-0.4,-0.25,-0.227272727272727,-0.0575495986672724
"710",4,5,0.55,0.55,1.1,3.85,5.15,1,-1.11022302462516e-16,-2.01858731750028e-16,0.0499999999999998,0.0454545454545453,-0.0374479889042996
"710",4,6,0.55,0.3,0.733333333333333,2.75,2.3,2,-0.25,-0.454545454545455,-0.333333333333333,-0.454545454545454,-0.0173913043478261
"710",5,4,0.55,0.6,0.675,3.25,3,-1,0.05,0.090909090909091,0.125,0.185185185185185,-0.0461538461538461
"710",5,4,0.55,0.75,0.9,4.15,3.75,-1,0.2,0.363636363636364,0.1,0.111111111111111,0.137349397590362
"710",3,3,0.4,0.15,1.8,4,4.05,0,-0.25,-0.625,0.15,0.0833333333333334,-0.188888888888889
"710",3,3,0.25,0.2,2.2,4.65,3.9,0,-0.0499999999999999,-0.2,-0.35,-0.159090909090909,-0.00744416873449127
"710",3,2,0.55,0.45,1.4,3.35,2.75,-1,-0.1,-0.181818181818182,0.9,0.642857142857143,-0.165264586160109
"710",3,2,0.25,0.2,0.7,1.65,1.6,-1,-0.05,-0.2,0.7,1,-0.204545454545455
"710",4,4,0.25,0.3,0.466666666666667,1.65,2.1,0,0.05,0.2,0.133333333333333,0.285714285714286,-0.0346320346320346
"710",3,2,0.55,0.8,0.7,1.95,1.8,-1,0.25,0.454545454545455,0.3,0.428571428571429,0.0427350427350428
"710",4,3,0.55,1.1,0.7,2.65,3.7,-1,0.55,1,0.6,0.857142857142857,0.0617032126466088
"710",4,4,0.25,0.5,0.6,2.05,2.6,0,0.25,1,0.1,0.166666666666667,0.281425891181989
"710",4,4,0.4,0.65,0.6,2.2,3.05,0,0.25,0.625,0.2,0.333333333333333,0.125186289120715
"710",5,4,0.4,0.25,0.7,3.2,3.55,-1,-0.15,-0.375,0.4,0.571428571428572,-0.34330985915493
"710",4,2,0.55,1.1,0.6,2.35,2.4,-2,0.55,1,0.7,1.16666666666667,-0.0195035460992905
"710",4,4,0.55,0.7,0.9,3.25,3.4,0,0.15,0.272727272727273,0,0,0.146606334841629
"710",4,4,0.4,0.3,0.9,3.1,2.4,0,-0.1,-0.25,-0.2,-0.222222222222222,-0.0161290322580643
"710",3,2,0.55,1.05,1.1,2.75,2.35,-1,0.5,0.909090909090909,0.2,0.181818181818182,0.293617021276596
"710",4,3,0.25,0.2,1.1,3.55,2.7,-1,-0.05,-0.2,0.15,0.136363636363636,-0.0594679186228481
"710",5,4,0.25,0.15,0.825,3.55,3.15,-1,-0.1,-0.4,0.175,0.212121212121212,-0.161636485580148
"710",4,3,0.55,0.9,0.7,2.65,3.2,-1,0.35,0.636363636363637,0.45,0.642857142857143,0.0135613207547172
"710",3,3,0.55,0.75,1.4,3.35,3.05,0,0.2,0.363636363636364,-0.25,-0.178571428571429,0.245167604599951
"710",5,4,0.25,0.2,0.525,2.35,3.8,-1,-0.05,-0.2,0.675,1.28571428571429,-0.321388577827548
"710",5,4,0.55,0.95,0.9,4.15,5.15,-1,0.4,0.727272727272728,0.5,0.555555555555555,0.0752134752602648
"710",3,3,0.4,0.2,1.1,2.6,2.8,0,-0.2,-0.5,0.2,0.181818181818182,-0.247252747252747
"710",3,3,0.4,0.3,2.2,4.8,3.7,0,-0.1,-0.25,-0.5,-0.227272727272727,-0.0067567567567568
"710",5,5,0.25,0.2,0.8625,3.7,5.4,0,-0.0499999999999999,-0.2,0.4375,0.507246376811594,-0.152652652652653
"710",5,4,0.55,0.35,1.1,4.95,4.55,-1,-0.2,-0.363636363636364,0.3,0.272727272727273,-0.247863247863248
"710",4,4,0.25,0.2,0.783333333333333,2.6,3.8,0,-0.0499999999999999,-0.2,0.416666666666667,0.531914893617021,-0.174089068825911
"710",3,3,0.25,0.2,0.9,2.05,2.9,0,-0.05,-0.2,0.45,0.5,-0.158957106812447
"710",3,2,0.55,0.85,2.2,4.95,2.65,-1,0.3,0.545454545454546,-0.4,-0.181818181818182,0.308176100628931
"710",3,3,0.25,0.2,1.1,2.45,3.3,0,-0.0499999999999999,-0.2,0.45,0.409090909090909,-0.12430426716141
"710",5,4,0.25,0.15,0.7,3.05,4.05,-1,-0.1,-0.4,0.6,0.857142857142857,-0.261687917425622
"710",3,2,0.4,0.55,0.7,1.8,1.65,-1,0.15,0.375,0.4,0.571428571428572,-1.11022302462516e-16
"710",3,2,0.55,0.85,0.9,2.35,2.05,-1,0.3,0.545454545454546,0.3,0.333333333333333,0.127140633108459
"710",4,3,0.25,0.15,0.466666666666667,1.65,2.45,-1,-0.0999999999999999,-0.4,0.683333333333333,1.46428571428571,-0.422387136672851
"710",4,4,0.4,0.5,0.7,2.5,2.9,0,0.0999999999999999,0.25,0.1,0.142857142857143,0.0496551724137929
"710",5,4,0.4,0.4,0.525,2.5,2.2,-1,0,0,0.075,0.142857142857143,-0.0727272727272726
"710",5,4,0.55,0.45,0.7,3.35,2.55,-1,-0.1,-0.181818181818182,0,0,-0.115013169446883
"710",3,3,0.4,0.5,0.9,2.2,2.2,0,0.0999999999999999,0.25,-0.05,-0.0555555555555556,0.136363636363636
"710",4,3,0.55,0.85,0.6,2.35,2.85,-1,0.3,0.545454545454546,0.4,0.666666666666667,-0.0414333706606941
"710",3,3,0.25,0.2,0.7,1.65,2.2,0,-0.0499999999999999,-0.2,0.3,0.428571428571429,-0.181818181818182
"710",3,3,0.55,0.45,1.8,4.15,3.15,0,-0.1,-0.181818181818182,-0.45,-0.25,0.0309810671256454
"710",4,4,0.25,0.2,0.6,2.05,2.6,0,-0.05,-0.2,0.2,0.333333333333334,-0.180112570356473
"710",4,4,0.25,0.25,0.7,2.35,3.55,0,5.55111512312578e-17,2.22044604925031e-16,0.4,0.571428571428572,-0.143841774048547
"710",4,4,0.25,0.2,0.9,2.95,5,0,-0.0499999999999999,-0.2,0.7,0.777777777777778,-0.178983050847458
"710",5,4,0.4,0.3,1.1,4.8,3.6,-1,-0.1,-0.25,0,0,-0.0833333333333333
"710",4,4,0.55,0.85,0.9,3.25,4.15,0,0.3,0.545454545454546,0.2,0.222222222222222,0.142354031510658
"710",4,4,0.4,0.5,1.1,3.7,4.1,0,0.0999999999999999,0.25,0.0999999999999999,0.0909090909090908,0.055372445616348
"710",4,4,0.4,0.4,0.9,3.1,4.3,0,0,0,0.4,0.444444444444444,-0.144036009002251
"710",4,3,0.4,0.9,0.466666666666667,1.8,3.1,-1,0.5,1.25,0.633333333333333,1.35714285714286,-0.0179211469534051
"710",4,3,0.55,0.6,0.733333333333333,2.75,2.2,-1,0.0499999999999999,0.0909090909090908,0.0666666666666668,0.0909090909090911,0.018181818181818
"710",3,3,0.25,0.2,1.4,3.05,3.7,0,-0.05,-0.2,0.35,0.25,-0.0837394771821001
"710",5,4,0.4,0.25,0.7,3.2,4.15,-1,-0.15,-0.375,0.6,0.857142857142857,-0.384036144578313
"710",4,4,0.4,0.8,0.6,2.2,4.4,0,0.4,1,0.6,1,1.11022302462516e-16
"710",5,4,0.55,0.8,0.825,3.85,4.1,-1,0.25,0.454545454545455,0.275,0.333333333333333,0.0662020905923346
"710",5,4,0.25,0.15,1.1,4.65,5.25,-1,-0.0999999999999999,-0.4,0.6,0.545454545454545,-0.154531490015361
"710",3,3,0.55,0.7,1.1,2.75,2.7,0,0.15,0.272727272727273,-0.1,-0.090909090909091,0.177777777777778
"710",4,4,0.25,0.15,0.733333333333333,2.45,4.65,0,-0.1,-0.4,0.766666666666667,1.04545454545455,-0.279131007241606
"710",4,3,0.55,0.5,1.1,3.85,3.1,-1,-0.05,-0.090909090909091,0.2,0.181818181818182,-0.087557603686636
"710",3,2,0.55,1.45,0.7,1.95,3.25,-1,0.900000000000001,1.63636363636364,1.1,1.57142857142857,0.0461538461538463
"710",3,3,0.25,0.15,1.8,3.85,3.05,0,-0.1,-0.4,-0.35,-0.194444444444444,-0.0472642111986374
"710",5,5,0.25,0.15,0.675,2.95,4.95,0,-0.0999999999999999,-0.4,0.525,0.777777777777778,-0.27221366204417
"710",3,3,0.25,0.15,2.2,4.65,3.75,0,-0.1,-0.4,-0.4,-0.181818181818182,-0.0412903225806451
"710",5,5,0.25,0.15,0.9,3.85,4.95,0,-0.0999999999999999,-0.4,0.3,0.333333333333333,-0.173160173160173
"710",5,4,0.4,0.35,0.9,4,5.45,-1,-0.05,-0.125,0.8,0.888888888888889,-0.243119266055046
"710",5,4,0.4,0.45,0.675,3.1,3.45,-1,0.0499999999999999,0.125,0.325,0.481481481481481,-0.123422159887798
"710",3,3,0.25,0.2,1.475,3.2,3.3,0,-0.05,-0.2,0.075,0.0508474576271186,-0.0525568181818182
"710",3,3,0.4,0.2,1.8,4,3.1,0,-0.2,-0.5,-0.35,-0.194444444444444,-0.106451612903226
"710",5,4,0.55,0.75,0.675,3.25,3.75,-1,0.2,0.363636363636364,0.325,0.481481481481481,-0.046153846153846
"710",3,3,0.4,0.55,0.7,1.8,2.65,0,0.15,0.375,0.35,0.5,-0.0440251572327045
"710",5,4,0.25,0.2,0.9,3.85,4.4,-1,-0.0499999999999999,-0.2,0.5,0.555555555555555,-0.142857142857143
"710",3,3,0.55,0.75,0.9,2.35,2.75,0,0.2,0.363636363636364,0.1,0.111111111111111,0.11605415860735
"710",3,3,0.25,0.15,1.4,3.05,2.45,0,-0.0999999999999999,-0.4,-0.25,-0.178571428571429,-0.0622281699565071
"710",3,3,0.55,0.75,1.1,2.75,2.75,0,0.2,0.363636363636364,-0.1,-0.090909090909091,0.218181818181818
"710",5,4,0.25,0.2,0.825,3.55,2.9,-1,-0.05,-0.2,0.0750000000000001,0.090909090909091,-0.0762506070908208
"710",5,4,0.25,0.15,0.8625,3.7,3.45,-1,-0.0999999999999999,-0.4,0.2375,0.27536231884058,-0.163924794359577
"710",3,3,0.55,0.7,2.2,4.95,3.2,0,0.15,0.272727272727273,-0.95,-0.431818181818182,0.322916666666667
"710",3,3,0.4,0.55,0.9,2.2,2.35,0,0.15,0.375,0,0,0.156673114119922
"710",5,5,0.25,0.2,0.7,3.05,3.6,0,-0.05,-0.2,0.15,0.214285714285714,-0.132058287795993
"710",4,3,0.25,0.35,0.466666666666667,1.65,2.35,-1,0.1,0.4,0.533333333333333,1.14285714285714,-0.159252095422308
"710",4,4,0.4,0.4,0.6,2.2,2.5,0,0,0,0.0999999999999999,0.166666666666666,-0.0872727272727272
"710",4,3,0.4,0.5,0.466666666666667,1.8,2,-1,0.0999999999999999,0.25,0.283333333333333,0.607142857142857,-0.138888888888889
"710",5,4,0.25,0.25,0.675,2.95,2.05,-1,0,0,-0.0750000000000001,-0.111111111111111,0.0640760644894585
"710",5,5,0.4,0.45,0.9,4,4.45,0,0.0499999999999999,0.125,0.1,0.111111111111111,0.0056179775280899
"710",4,3,0.4,0.55,1.1,3.7,2.55,-1,0.15,0.375,-0.1,-0.090909090909091,0.214626391096979
"710",4,3,0.4,0.5,0.9,3.1,2.9,-1,0.0999999999999999,0.25,0.3,0.333333333333333,0.00111234705228025
"710",5,4,0.25,0.25,0.525,2.35,2.35,-1,5.55111512312578e-17,2.22044604925031e-16,0.175,0.333333333333333,-0.106382978723404
"710",5,5,0.55,0.5,1.1,4.95,3.9,0,-0.05,-0.090909090909091,-0.25,-0.227272727272727,0.0854700854700855
"710",5,4,0.4,0.6,0.525,2.5,3,-1,0.2,0.5,0.275,0.523809523809524,-2.22044604925031e-16
"710",4,4,0.25,0.4,0.733333333333333,2.45,2.5,0,0.15,0.6,-0.0333333333333334,-0.0454545454545456,0.231836734693878
"710",3,3,0.25,0.2,1.8,3.85,2.8,0,-0.05,-0.2,-0.5,-0.277777777777778,0.0194805194805195
"710",3,3,0.25,0.1,1.1,2.45,2.7,0,-0.15,-0.6,0.2,0.181818181818182,-0.195011337868481
"710",5,4,0.55,0.8,0.825,3.85,3.8,-1,0.25,0.454545454545455,0.175,0.212121212121212,0.12781954887218
"710",3,3,0.25,0.2,2.2,4.65,2.8,0,-0.0499999999999999,-0.2,-0.9,-0.409090909090909,0.0529953917050692
"710",4,3,0.55,0.85,0.733333333333333,2.75,3.05,-1,0.3,0.545454545454546,0.366666666666667,0.5,0.0360655737704919
"710",4,3,0.55,1.1,0.6,2.35,3.7,-1,0.55,1,0.7,1.16666666666667,-0.0442783208740655
"710",5,4,0.4,1,0.675,3.1,4.9,-1,0.6,1.5,0.625,0.925925925925926,0.171165240289664
"710",4,4,0.55,0.8,0.9,3.25,3.8,0,0.25,0.454545454545455,0.1,0.111111111111111,0.165182186234818
"710",3,3,0.4,0.3,2.2,4.8,3.8,0,-0.1,-0.25,-0.45,-0.204545454545454,-0.0131578947368422
"710",5,5,0.55,0.6,0.9,4.15,3.8,0,0.0499999999999999,0.0909090909090908,-0.1,-0.111111111111111,0.126823081800888
"710",5,4,0.25,0.2,1.1,4.65,5,-1,-0.0499999999999999,-0.2,0.5,0.454545454545455,-0.108817204301075
"710",4,3,0.55,0.8,0.7,2.65,2.9,-1,0.25,0.454545454545455,0.35,0.5,-0.00260247234873145
"710",3,2,0.55,0.95,0.7,1.95,2.15,-1,0.4,0.727272727272728,0.5,0.714285714285714,0.0375670840787121
"710",4,3,0.25,0.2,0.783333333333333,2.6,2.5,-1,-0.05,-0.2,0.366666666666667,0.468085106382979,-0.144615384615385
"710",3,3,0.55,0.9,1.8,4.15,3.2,0,0.35,0.636363636363637,-0.65,-0.361111111111111,0.446159638554217
"710",5,4,0.55,0.8,0.675,3.25,3.8,-1,0.25,0.454545454545455,0.325,0.481481481481481,-0.00404858299595134
"710",4,3,0.25,0.25,1.1,3.55,3.15,-1,5.55111512312578e-17,2.22044604925031e-16,0.35,0.318181818181818,-0.0435949027498322
"710",4,4,0.25,0.2,0.7,2.35,3.8,0,-0.0499999999999999,-0.2,0.5,0.714285714285714,-0.215005599104143
"710",4,3,0.55,0.6,1.1,3.85,3.1,-1,0.05,0.090909090909091,0.15,0.136363636363636,0.00921658986175122
"710",5,4,0.4,0.2,0.7,3.2,5.3,-1,-0.2,-0.5,1,1.42857142857143,-0.474056603773585
"710",5,4,0.55,0.75,0.7,3.35,3.75,-1,0.2,0.363636363636364,0.3,0.428571428571429,-0.0208955223880596
"710",3,3,0.4,0.5,1.1,2.6,3.1,0,0.1,0.25,0.2,0.181818181818182,0.0223325062034739
"710",3,2,0.4,0.45,1.8,4,3.75,-1,0.05,0.125,1.5,0.833333333333333,-0.06
"710",3,3,0.55,0.25,1.4,3.35,3.55,0,-0.3,-0.545454545454545,0.25,0.178571428571429,-0.281269707799033
"710",3,3,0.25,0.3,1.475,3.2,3.8,0,0.05,0.2,0.275,0.186440677966102,0.00246710526315794
"710",4,3,0.4,0.3,0.7,2.5,2.7,-1,-0.1,-0.25,0.5,0.714285714285714,-0.306666666666667
"710",4,4,0.25,0.15,0.6,2.05,2.55,0,-0.1,-0.4,0.2,0.333333333333334,-0.252510760401722
"710",3,2,0.25,0.2,0.9,2.05,1.8,-1,-0.0499999999999999,-0.2,0.7,0.777777777777778,-0.143631436314363
"710",3,2,0.25,0.15,0.7,1.65,1.75,-1,-0.0999999999999999,-0.4,0.9,1.28571428571429,-0.283116883116883
"710",5,4,0.4,0.2,1.1,4.8,5.9,-1,-0.2,-0.5,0.8,0.727272727272727,-0.281073446327683
"710",4,3,0.25,0.15,0.9,2.95,2.35,-1,-0.1,-0.4,0.2,0.222222222222222,-0.14749368914533
"710",5,4,0.55,0.8,0.675,3.25,3.8,-1,0.25,0.454545454545455,0.325,0.481481481481481,-0.00404858299595123
"710",3,2,0.4,0.65,1.1,2.6,2.35,-1,0.25,0.625,0.6,0.545454545454545,0.0916530278232408
"710",3,2,0.55,0.85,1.4,3.35,2.85,-1,0.3,0.545454545454546,0.6,0.428571428571429,0.10395391463734
"710",5,4,0.4,0.2,0.675,3.1,4.4,-1,-0.2,-0.5,0.725,1.07407407407407,-0.463343108504399
"710",3,3,0.4,0.15,1.8,4,3.45,0,-0.25,-0.625,-0.15,-0.0833333333333333,-0.169565217391304
"710",5,4,0.25,0.25,0.7,3.05,3.25,-1,0,0,0.3,0.428571428571429,-0.102143757881463
"710",3,2,0.25,0.5,0.7,1.65,2.1,-1,0.25,1,0.9,1.28571428571429,0.0216450216450215
"710",3,2,0.4,0.7,0.9,2.2,2.4,-1,0.3,0.75,0.8,0.888888888888889,0.0378787878787878
"710",4,3,0.25,0.15,0.7,2.35,2.25,-1,-0.1,-0.4,0.35,0.5,-0.225531914893617
"710",5,5,0.55,0.55,0.7,3.35,3.95,0,0,0,0.15,0.214285714285714,-0.12469299074249
"710",5,4,0.4,0.5,0.525,2.5,2.6,-1,0.0999999999999999,0.25,0.175,0.333333333333333,-0.0307692307692308
"710",3,3,0.55,0.6,1.8,4.15,4.1,0,0.05,0.090909090909091,-0.05,-0.0277777777777778,0.0414340287981194
"710",5,5,0.4,0.35,0.9,4,4.75,0,-0.05,-0.125,0.2,0.222222222222222,-0.131578947368421
"710",3,3,0.25,0.15,1.8,3.85,3.45,0,-0.1,-0.4,-0.15,-0.0833333333333334,-0.0643704121964991
"710",5,5,0.25,0.1,0.675,2.95,3.9,0,-0.15,-0.6,0.275,0.407407407407407,-0.295523685354194
"710",4,3,0.55,0.15,1.1,3.85,3.25,-1,-0.4,-0.727272727272727,0.45,0.409090909090909,-0.432967032967033
"710",3,3,0.55,0.55,2.2,4.95,2.65,0,-1.11022302462516e-16,-2.01858731750028e-16,-1.15,-0.522727272727273,0.289308176100629
"710",4,4,0.4,0.3,0.9,3.1,3,0,-0.1,-0.25,0,0,-0.116129032258065
"710",5,4,0.25,0.2,1.1,4.65,4.4,-1,-0.0499999999999999,-0.2,0.3,0.272727272727273,-0.0869990224828933
"710",5,4,0.4,0.35,0.7,3.2,2.75,-1,-0.05,-0.125,0.1,0.142857142857143,-0.115909090909091
"710",3,3,0.25,0.2,1.1,2.45,2.5,0,-0.0499999999999999,-0.2,0.0499999999999998,0.0454545454545453,-0.0661224489795917
"710",5,5,0.25,0.2,0.525,2.35,3.6,0,-0.0499999999999999,-0.2,0.325,0.619047619047619,-0.254137115839243
"710",4,3,0.4,0.75,0.7,2.5,2.65,-1,0.35,0.875,0.25,0.357142857142857,0.209056603773585
"710",5,5,0.4,0.25,1.1,4.8,3.45,0,-0.15,-0.375,-0.3,-0.272727272727273,-0.0543478260869564
"710",3,3,0.25,0.2,2.2,4.65,3,0,-0.05,-0.2,-0.8,-0.363636363636364,0.0387096774193549
"710",5,5,0.25,0.1,0.825,3.55,5.1,0,-0.15,-0.6,0.425,0.515151515151515,-0.254073460370064
"710",3,3,0.25,0.1,1.4,3.05,3.2,0,-0.15,-0.6,0.15,0.107142857142857,-0.152151639344262
"710",5,5,0.55,0.75,0.9,4.15,4.35,0,0.2,0.363636363636364,0,0,0.199418363107603
"710",4,5,0.4,0.6,1.1,3.7,4.2,1,0.2,0.5,-0.2,-0.181818181818182,0.281853281853282
"710",4,3,0.55,0.7,0.9,3.25,2.4,-1,0.15,0.272727272727273,-0.05,-0.0555555555555556,0.198076923076923
"710",4,4,0.25,0.2,0.733333333333333,2.45,3.2,0,-0.05,-0.2,0.266666666666667,0.363636363636364,-0.158163265306122
"710",3,1,0.55,0.45,0.7,1.95,0.45,-2,-0.1,-0.181818181818182,-0.7,-1,0.153846153846154
"710",4,2,0.55,0.8,0.6,2.35,1.7,-2,0.25,0.454545454545455,0.3,0.5,0.00500625782227793
"710",3,3,0.4,0.2,2.2,4.8,4.5,0,-0.2,-0.5,-0.0499999999999998,-0.0227272727272726,-0.116666666666667
"710",5,5,0.55,0.65,0.825,3.85,4.05,0,0.1,0.181818181818182,0.0249999999999999,0.0303030303030302,0.0881834215167548
"710",4,4,0.25,0.15,0.6,2.05,3.15,0,-0.1,-0.4,0.4,0.666666666666667,-0.29732868757259
"710",5,4,0.55,0.6,1.1,4.95,3.3,-1,0.05,0.090909090909091,-0.2,-0.181818181818182,0.171717171717172
"710",3,3,0.25,0.15,1.475,3.2,3.25,0,-0.1,-0.4,0.075,0.0508474576271186,-0.0959134615384615
"710",4,3,0.4,0.65,0.6,2.2,2.75,-1,0.25,0.625,0.45,0.75,-0.0181818181818181
"710",4,5,0.25,0.15,0.783333333333333,2.6,2.75,1,-0.1,-0.4,-0.133333333333333,-0.170212765957447,-0.111888111888112
"710",4,3,0.55,0.9,0.7,2.65,3,-1,0.35,0.636363636363637,0.35,0.5,0.0698113207547169
"710",5,5,0.25,0.15,0.8625,3.7,4.15,0,-0.0999999999999999,-0.4,0.1375,0.159420289855072,-0.157114946271573
"710",4,3,0.25,0.15,0.466666666666667,1.65,2.05,-1,-0.1,-0.4,0.483333333333333,1.03571428571429,-0.386548410938655
"710",4,3,0.4,0.7,0.466666666666667,1.8,2.5,-1,0.3,0.75,0.433333333333333,0.928571428571429,-0.0488888888888888
"710",4,3,0.55,0.6,0.733333333333333,2.75,2,-1,0.05,0.090909090909091,-0.0333333333333333,-0.0454545454545454,0.1
"710",4,5,0.25,0.15,1.1,3.55,4.15,1,-0.1,-0.4,-0.1,-0.090909090909091,-0.100967249278805
"710",4,3,0.25,0.15,0.9,2.95,2.35,-1,-0.0999999999999999,-0.4,0.2,0.222222222222222,-0.14749368914533
"710",3,3,0.4,0.3,0.7,1.8,2.8,0,-0.1,-0.25,0.55,0.785714285714286,-0.345238095238095
"710",3,3,0.55,0.85,0.9,2.35,3.25,0,0.3,0.545454545454546,0.3,0.333333333333333,0.0824877250409167
"710",5,3,0.25,0.2,0.9,3.85,3.8,-2,-0.05,-0.2,0.9,1,-0.166780587833219
"710",3,3,0.55,0.75,1.1,2.75,2.95,0,0.2,0.363636363636364,0,0,0.16271186440678
"710",3,2,0.25,0.15,0.9,2.05,2.05,-1,-0.1,-0.4,1,1.11111111111111,-0.219512195121951
"710",5,3,0.4,0.35,0.9,4,3.55,-2,-0.05,-0.125,0.7,0.777777777777778,-0.204225352112676
"710",4,4,0.25,0.15,0.466666666666667,1.65,2.85,0,-0.1,-0.4,0.433333333333333,0.928571428571429,-0.395534290271132
"710",3,2,0.25,0.2,0.9,2.05,1.4,-1,-0.05,-0.2,0.3,0.333333333333333,-0.0801393728222997
"710",5,4,0.4,0.55,0.525,2.5,2.95,-1,0.15,0.375,0.275,0.523809523809524,-0.0542372881355933
"710",5,4,0.4,0.4,0.675,3.1,2.2,-1,-5.55111512312578e-17,-1.38777878078145e-16,-0.0750000000000001,-0.111111111111111,0.0821114369501467
"710",4,4,0.25,0.2,1.1,3.55,3.2,0,-0.05,-0.2,-0.1,-0.090909090909091,-0.0316901408450704
"710",5,4,0.55,0.4,0.825,3.85,2.2,-1,-0.15,-0.272727272727273,-0.225,-0.272727272727273,0.012987012987013
"710",5,3,0.25,0.15,0.825,3.55,2.55,-2,-0.1,-0.4,0.375,0.454545454545455,-0.175642087821044
"710",5,4,0.55,0.4,1.1,4.95,2.5,-1,-0.15,-0.272727272727273,-0.4,-0.363636363636364,0.0844444444444444
"710",3,3,0.25,0.15,2.2,4.65,3.15,0,-0.0999999999999999,-0.4,-0.7,-0.318181818181818,-0.0184331797235022
"710",3,3,0.55,0.45,2.2,4.95,2.95,0,-0.1,-0.181818181818182,-0.95,-0.431818181818182,0.124293785310734
"710",3,3,0.25,0.2,1.1,2.45,2.9,0,-0.05,-0.2,0.25,0.227272727272727,-0.0992258972554539
"710",3,3,0.4,0.3,1.8,4,3,0,-0.1,-0.25,-0.45,-0.25,0
"710",3,2,0.55,0.75,1.4,3.35,2.95,-1,0.2,0.363636363636364,0.8,0.571428571428572,0.0159372628383507
"710",3,2,0.55,0.6,0.9,2.35,1.9,-1,0.0499999999999999,0.0909090909090908,0.4,0.444444444444444,-0.0705487122060471
"710",4,2,0.4,0.55,0.9,3.1,1.95,-2,0.15,0.375,0.5,0.555555555555555,0.0479735318444996
"710",5,3,0.55,0.7,0.9,4.15,3.9,-2,0.15,0.272727272727273,0.7,0.777777777777778,-0.1241890639481
"710",4,4,0.4,0.55,0.7,2.5,3.25,0,0.15,0.375,0.2,0.285714285714286,0.0369230769230769
"710",4,4,0.25,0.25,0.6,2.05,2.95,0,5.55111512312578e-17,2.22044604925031e-16,0.3,0.5,-0.148821827201323
"710",5,5,0.25,0.1,0.9,3.85,3.7,0,-0.15,-0.6,0,0,-0.18954018954019
"710",4,3,0.4,0.85,0.6,2.2,3.05,-1,0.45,1.125,0.5,0.833333333333333,0.108792846497765
"710",5,5,0.25,0.15,0.525,2.35,3.35,0,-0.0999999999999999,-0.4,0.275,0.523809523809524,-0.308034296602096
"710",4,4,0.55,0.7,0.9,3.25,3.4,0,0.15,0.272727272727273,0,0,0.146606334841629
"710",3,3,0.4,0.2,2.2,4.8,3,0,-0.2,-0.5,-0.8,-0.363636363636364,-0.05
"710",5,5,0.4,0.2,1.1,4.8,4.8,0,-0.2,-0.5,0.0499999999999998,0.0454545454545453,-0.208333333333333
"710",4,3,0.55,1.1,0.6,2.35,3.5,-1,0.55,1,0.6,1,0.00668693009118571
"710",3,3,0.25,0.15,1.8,3.85,2.95,0,-0.1,-0.4,-0.4,-0.222222222222222,-0.0422628219238388
"710",3,3,0.25,0.15,1.475,3.2,3.35,0,-0.1,-0.4,0.125,0.0847457627118644,-0.100046641791045
"710",5,3,0.55,0.95,0.7,3.35,3.25,-2,0.4,0.727272727272728,0.45,0.642857142857143,0.0560275545350176
"710",4,3,0.55,1.25,0.733333333333333,2.75,4.15,-1,0.7,1.27272727272727,0.716666666666667,0.977272727272727,0.103614457831326
"710",4,3,0.4,0.55,0.466666666666667,1.8,2.55,-1,0.15,0.375,0.533333333333333,1.14285714285714,-0.241830065359477
"710",4,4,0.25,0.15,0.783333333333333,2.6,3.45,0,-0.0999999999999999,-0.4,0.316666666666667,0.404255319148936,-0.210702341137124
"710",5,5,0.25,0.2,0.8625,3.7,5.4,0,-0.0499999999999999,-0.2,0.4375,0.507246376811594,-0.152652652652653
"710",3,3,0.55,0.5,1.1,2.75,2.3,0,-0.0500000000000001,-0.0909090909090911,-0.2,-0.181818181818182,0.0521739130434781
"710",3,4,0.25,0.2,0.7,1.65,2.9,1,-0.05,-0.2,0.2,0.285714285714286,-0.178683385579937
"710",4,4,0.25,0.15,0.9,2.95,3.45,0,-0.0999999999999999,-0.4,0.2,0.222222222222222,-0.165070007369197
"710",5,4,0.55,0.65,0.675,3.25,3.05,-1,0.1,0.181818181818182,0.125,0.185185185185185,0.00630517023959642
"710",4,5,0.4,0.6,1.1,3.7,4.4,1,0.2,0.5,-0.15,-0.136363636363636,0.249385749385749
"710",5,5,0.25,0.25,0.7,3.05,3.25,0,5.55111512312578e-17,2.22044604925031e-16,0.05,0.0714285714285715,-0.0252206809583858
"710",5,6,0.4,0.2,0.7,3.2,3.7,1,-0.2,-0.5,0,0,-0.300675675675676
"710",3,3,0.25,0.2,1.4,3.05,3,0,-0.05,-0.2,0,0,-0.0459016393442623
"710",3,3,0.4,0.25,0.7,1.8,2.85,0,-0.15,-0.375,0.6,0.857142857142857,-0.403508771929825
"710",3,2,0.4,0.5,0.9,2.2,2,-1,0.0999999999999999,0.25,0.6,0.666666666666667,-0.0454545454545456
"710",4,3,0.55,0.4,1.1,3.85,3.2,-1,-0.15,-0.272727272727273,0.3,0.272727272727273,-0.196428571428571
"710",3,2,0.55,0.75,0.7,1.95,1.65,-1,0.2,0.363636363636364,0.2,0.285714285714286,0.0629370629370629
"710",4,3,0.55,0.75,0.7,2.65,2.55,-1,0.2,0.363636363636364,0.2,0.285714285714286,0.0521642619311877
"710",3,2,0.55,1,1.8,4.15,2.5,-1,0.45,0.818181818181818,-0.3,-0.166666666666667,0.402409638554217
"710",4,3,0.25,0.1,0.733333333333333,2.45,2.7,-1,-0.15,-0.6,0.566666666666667,0.772727272727273,-0.297052154195011
"710",3,2,0.4,0.4,1.1,2.6,2.4,-1,-5.55111512312578e-17,-1.38777878078145e-16,0.9,0.818181818181818,-0.128205128205128
"710",5,4,0.25,0.1,1.1,4.65,4,-1,-0.15,-0.6,0.2,0.181818181818182,-0.168817204301075
"710",4,3,0.25,0.1,0.733333333333333,2.45,2.7,-1,-0.15,-0.6,0.566666666666667,0.772727272727273,-0.297052154195011
"710",3,3,0.25,0.2,1.4,3.05,2.6,0,-0.0499999999999999,-0.2,-0.2,-0.142857142857143,-0.0151324085750315
"710",4,4,0.25,0.15,0.783333333333333,2.6,3.15,0,-0.1,-0.4,0.216666666666667,0.276595744680851,-0.194139194139194
"710",3,3,0.55,0.9,1.4,3.35,3.4,0,0.35,0.636363636363637,-0.15,-0.107142857142857,0.301580333625988
"710",3,2,0.4,1.05,0.9,2.2,2.55,-1,0.65,1.625,0.6,0.666666666666667,0.278074866310161
"710",5,4,0.4,0.4,0.525,2.5,2.5,-1,0,0,0.175,0.333333333333333,-0.16
"710",3,3,0.4,0.2,1.1,2.6,2.2,0,-0.2,-0.5,-0.1,-0.090909090909091,-0.188811188811189
"710",5,5,0.25,0.15,0.9,3.85,3.75,0,-0.1,-0.4,0,0,-0.124675324675325
"710",5,5,0.25,0.2,1.1,4.65,5.4,0,-0.0499999999999999,-0.2,0.2,0.181818181818182,-0.08363201911589
"710",3,3,0.25,0.15,2.2,4.65,3.25,0,-0.1,-0.4,-0.65,-0.295454545454545,-0.0228287841191067
"710",3,3,0.55,0.45,2.2,4.95,3.65,0,-0.1,-0.181818181818182,-0.6,-0.272727272727273,0.0365296803652967
"710",5,4,0.55,0.75,0.675,3.25,3.45,-1,0.2,0.363636363636364,0.225,0.333333333333333,0.0234113712374584
"710",3,3,0.55,0.9,1.8,4.15,3.1,0,0.35,0.636363636363637,-0.7,-0.388888888888889,0.473377380489701
"710",3,3,0.25,0.8,0.7,1.65,2.7,0,0.55,2.2,0.25,0.357142857142857,0.434343434343434
"710",4,4,0.4,0.5,1.1,3.7,3.5,0,0.1,0.25,-0.1,-0.090909090909091,0.138996138996139
"710",5,5,0.25,0.2,0.825,3.55,5,0,-0.05,-0.2,0.375,0.454545454545455,-0.152112676056338
"710",3,3,0.4,0.25,1.8,4,3.75,0,-0.15,-0.375,-0.0499999999999998,-0.0277777777777777,-0.1
"710",5,4,0.4,0.2,1.1,4.8,4.1,-1,-0.2,-0.5,0.2,0.181818181818182,-0.221544715447154
"710",4,4,0.55,0.6,0.733333333333333,2.75,3,0,0.0499999999999999,0.0909090909090908,0.0666666666666668,0.0909090909090911,-2.22044604925031e-16
"710",4,4,0.25,0.2,0.466666666666667,1.65,1.7,0,-0.05,-0.2,0.0333333333333333,0.0714285714285714,-0.135472370766488
"710",5,4,0.25,0.15,0.675,2.95,1.65,-1,-0.1,-0.4,-0.175,-0.259259259259259,-0.0600924499229583
"710",4,3,0.25,0.2,1.1,3.55,2.8,-1,-0.05,-0.2,0.2,0.181818181818182,-0.0674044265593561
"710",3,3,0.25,0.15,1.1,2.45,2.65,0,-0.1,-0.4,0.15,0.136363636363636,-0.136311128224875
"710",4,3,0.25,0.15,0.7,2.35,2.35,-1,-0.0999999999999999,-0.4,0.4,0.571428571428572,-0.234042553191489
"710",5,4,0.55,0.6,1.1,4.95,3.6,-1,0.0499999999999999,0.0909090909090908,-0.1,-0.090909090909091,0.111111111111111
"710",5,3,0.25,0.25,0.525,2.35,2.65,-2,5.55111512312578e-17,2.22044604925031e-16,0.675,1.28571428571429,-0.248896025692493
"710",4,4,0.55,0.6,0.9,3.25,3.3,0,0.05,0.090909090909091,0,0,0.0503496503496503
"710",4,4,0.4,0.75,0.466666666666667,1.8,3.75,0,0.35,0.875,0.533333333333333,1.14285714285714,-0.0888888888888888
"710",4,3,0.4,0.9,0.7,2.5,3.1,-1,0.5,1.25,0.4,0.571428571428572,0.230967741935484
"710",4,4,0.4,0.55,0.6,2.2,2.95,0,0.15,0.375,0.2,0.333333333333333,0.0184899845916794
"710",5,4,0.55,0.75,0.9,4.15,3.75,-1,0.2,0.363636363636364,0.1,0.111111111111111,0.137349397590362
"710",5,5,0.25,0.45,0.8625,3.7,4.25,0,0.2,0.8,0.0874999999999999,0.101449275362319,0.191573926868045
"710",4,4,0.25,0.25,0.6,2.05,4.15,0,5.55111512312578e-17,2.22044604925031e-16,0.7,1.16666666666667,-0.246841022627094
"710",3,3,0.25,0.2,1.8,3.85,3.1,0,-0.0499999999999999,-0.2,-0.35,-0.194444444444444,-0.00125680770842057
"710",3,2,0.55,0.95,0.9,2.35,2.15,-1,0.4,0.727272727272728,0.3,0.333333333333333,0.18159327065809
"710",3,3,0.4,0.5,0.7,1.8,2.2,0,0.0999999999999999,0.25,0.15,0.214285714285714,0.015151515151515
"710",4,3,0.25,0.2,0.9,2.95,3,-1,-0.0499999999999999,-0.2,0.5,0.555555555555555,-0.138983050847458
"710",4,3,0.55,0.55,0.7,2.65,2.75,-1,-1.11022302462516e-16,-2.01858731750028e-16,0.4,0.571428571428572,-0.230188679245283
"710",5,5,0.55,0.55,0.825,3.85,3.55,0,-1.11022302462516e-16,-2.01858731750028e-16,-0.0750000000000001,-0.090909090909091,0.0603621730382293
"710",3,2,0.55,1,1.1,2.75,2.5,-1,0.45,0.818181818181819,0.4,0.363636363636364,0.2
"710",4,3,0.55,0.6,1.1,3.85,3.2,-1,0.05,0.090909090909091,0.2,0.181818181818182,-0.0089285714285714
"710",4,2,0.55,0.8,0.6,2.35,1.8,-2,0.25,0.454545454545455,0.4,0.666666666666667,-0.0472813238770684
"710",4,4,0.4,0.45,0.9,3.1,2.55,0,0.0499999999999999,0.125,-0.2,-0.222222222222222,0.189753320683112
"710",5,4,0.25,0.4,0.7,3.05,3.1,-1,0.15,0.6,0.2,0.285714285714286,0.106292966684294
"710",3,2,0.25,0.3,0.9,2.05,1.8,-1,0.05,0.2,0.6,0.666666666666667,-0.0325203252032521
"710",3,2,0.25,0.3,1.475,3.2,2.5,-1,0.05,0.2,0.725,0.491525423728814,0.00562499999999999
"710",5,4,0.4,0.4,0.675,3.1,2.8,-1,-5.55111512312578e-17,-1.38777878078145e-16,0.125,0.185185185185185,-0.0737327188940093
"710",3,3,0.4,0.2,2.2,4.8,3.3,0,-0.2,-0.5,-0.65,-0.295454545454545,-0.0681818181818182
"710",5,5,0.4,0.1,0.7,3.2,3.7,0,-0.3,-0.75,0.2,0.285714285714286,-0.489864864864865
"710",3,2,0.55,0.75,0.7,1.95,1.65,-1,0.2,0.363636363636364,0.2,0.285714285714286,0.0629370629370629
"710",5,5,0.4,0.45,0.9,4,4.45,0,0.0499999999999999,0.125,0.1,0.111111111111111,0.0056179775280899
"710",5,5,0.55,0.4,0.7,3.35,4.8,0,-0.15,-0.272727272727273,0.4,0.571428571428572,-0.404228855721393
"711",5,4,0.4,0.35,0.9,4,2.15,-1,-0.05,-0.125,-0.3,-0.333333333333333,0.151162790697674
"711",5,4,0.25,0.3,1.1,4.65,3.6,-1,0.05,0.2,0,0,0.0645161290322581
"711",5,5,0.4,0.35,0.7,3.2,3.15,0,-0.05,-0.125,0,0,-0.0694444444444444
"711",4,5,0.4,0.35,0.6,2.2,4.15,1,-0.05,-0.125,0.35,0.583333333333333,-0.305585980284775
"711",5,5,0.4,0.35,1.1,4.8,3.35,0,-0.05,-0.125,-0.35,-0.318181818181818,0.105721393034826
"711",3,4,0.55,0.4,0.9,2.35,2.5,1,-0.15,-0.272727272727273,-0.2,-0.222222222222222,-0.0621276595744681
"711",3,3,0.55,0.5,2.2,4.95,3.6,0,-0.05,-0.090909090909091,-0.65,-0.295454545454545,0.0833333333333333
"711",3,3,0.25,0.2,1.8,3.85,2.5,0,-0.0499999999999999,-0.2,-0.65,-0.361111111111111,0.0451948051948053
"711",4,4,0.25,0.25,0.783333333333333,2.6,3.55,0,0,0,0.316666666666667,0.404255319148936,-0.102925243770314
"711",3,3,0.4,0.3,0.7,1.8,2.1,0,-0.1,-0.25,0.2,0.285714285714286,-0.238095238095238
"711",3,3,0.25,0.3,0.7,1.65,2.1,0,0.05,0.2,0.2,0.285714285714286,-0.025974025974026
"711",5,4,0.25,0.3,0.8625,3.7,3,-1,0.05,0.2,0.0375,0.0434782608695652,0.0621621621621621
"711",4,4,0.25,0.2,0.733333333333333,2.45,2.6,0,-0.0499999999999999,-0.2,0.0666666666666667,0.0909090909090909,-0.100470957613815
"711",4,4,0.55,0.45,0.7,2.65,2.85,0,-0.1,-0.181818181818182,0.1,0.142857142857143,-0.198609731876862
"711",5,4,0.25,0.2,0.675,2.95,2.3,-1,-0.0499999999999999,-0.2,0.0249999999999999,0.0370370370370369,-0.0759027266028001
"711",4,4,0.25,0.2,1.1,3.55,3.2,0,-0.05,-0.2,-0.1,-0.090909090909091,-0.0316901408450704
"711",5,4,0.55,0.4,0.9,4.15,3.1,-1,-0.15,-0.272727272727273,0,0,-0.146521570151574
"711",5,4,0.25,0.25,0.825,3.55,2.65,-1,0,0,-0.0249999999999999,-0.0303030303030302,0.0252458145096996
"711",4,4,0.25,0.3,0.9,2.95,2.7,0,0.05,0.2,-0.1,-0.111111111111111,0.105461393596987
"711",5,4,0.25,0.25,0.7,3.05,2.95,-1,5.55111512312578e-17,2.22044604925031e-16,0.2,0.285714285714286,-0.0708530147263128
"711",5,5,0.55,0.4,0.675,3.25,2.8,0,-0.15,-0.272727272727273,-0.0750000000000001,-0.111111111111111,-0.131868131868132
"711",3,3,0.25,0.2,1.475,3.2,2.7,0,-0.05,-0.2,-0.225,-0.152542372881356,-0.0121527777777778
"711",3,3,0.25,0.2,0.9,2.05,2.4,0,-0.0499999999999999,-0.2,0.2,0.222222222222222,-0.115853658536585
"711",5,4,0.55,0.5,0.825,3.85,3.8,-1,-0.05,-0.090909090909091,0.275,0.333333333333333,-0.18796992481203
"711",3,3,0.4,0.35,1.8,4,2.95,0,-0.05,-0.125,-0.5,-0.277777777777778,0.0559322033898304
"711",5,4,0.55,0.4,0.7,3.35,3.7,-1,-0.15,-0.272727272727273,0.4,0.571428571428572,-0.388463089955627
"711",5,5,0.4,0.4,0.675,3.1,3.6,0,-5.55111512312578e-17,-1.38777878078145e-16,0.125,0.185185185185185,-0.0896057347670252
"711",4,3,0.25,0.3,0.466666666666667,1.65,1.8,-1,0.05,0.2,0.283333333333333,0.607142857142857,-0.106060606060606
"711",4,3,0.4,0.35,1.1,3.7,3.15,-1,-0.05,-0.125,0.3,0.272727272727273,-0.0990990990990992
"711",3,3,0.55,0.5,1.1,2.75,3,0,-0.0500000000000001,-0.0909090909090911,0.15,0.136363636363636,-0.1
"711",4,4,0.25,0.25,0.6,2.05,3.25,0,0,0,0.4,0.666666666666667,-0.180112570356473
"711",3,3,0.4,0.35,2.2,4.8,3.15,0,-0.05,-0.125,-0.8,-0.363636363636364,0.0833333333333332
"711",3,3,0.55,0.4,1.4,3.35,2.6,0,-0.15,-0.272727272727273,-0.3,-0.214285714285714,-0.0309988518943743
"711",5,5,0.25,0.25,0.9,3.85,4.85,0,5.55111512312578e-17,2.22044604925031e-16,0.25,0.277777777777778,-0.066943365912438
"711",4,3,0.4,0.45,0.466666666666667,1.8,1.85,-1,0.05,0.125,0.233333333333333,0.5,-0.159159159159159
"711",5,4,0.4,0.35,0.525,2.5,2.75,-1,-0.05,-0.125,0.275,0.523809523809524,-0.290909090909091
"711",3,3,0.4,0.35,1.1,2.6,1.65,0,-0.05,-0.125,-0.45,-0.409090909090909,0.174825174825175
"711",4,4,0.55,0.45,0.733333333333333,2.75,2.55,0,-0.1,-0.181818181818182,-0.0333333333333333,-0.0454545454545454,-0.0941176470588235
"711",4,4,0.25,0.2,0.7,2.35,2.3,0,-0.05,-0.2,0,0,-0.0777058279370953
"711",5,5,0.25,0.2,0.525,2.35,3.4,0,-0.0499999999999999,-0.2,0.275,0.523809523809524,-0.237797246558198
"711",3,3,0.55,0.6,1.8,4.15,3.2,0,0.05,0.090909090909091,-0.5,-0.277777777777778,0.164909638554217
"711",3,3,0.55,0.5,0.7,1.95,2.7,0,-0.05,-0.090909090909091,0.4,0.571428571428572,-0.290598290598291
"711",3,3,0.25,0.25,1.4,3.05,2.45,0,5.55111512312578e-17,2.22044604925031e-16,-0.3,-0.214285714285714,0.0602208096353296
"711",3,3,0.4,0.35,0.9,2.2,2.95,0,-0.05,-0.125,0.4,0.444444444444444,-0.189522342064715
"711",3,3,0.25,0.1,2.2,4.65,2.6,0,-0.15,-0.6,-0.95,-0.431818181818182,-0.0459057071960297
"711",4,3,0.4,0.35,0.7,2.5,2.65,-1,-0.05,-0.125,0.45,0.642857142857143,-0.24377358490566
"711",3,3,0.25,0.15,1.1,2.45,1.95,0,-0.1,-0.4,-0.2,-0.181818181818182,-0.075353218210361
"711",4,3,0.55,0.5,0.6,2.35,1.9,-1,-0.0500000000000001,-0.0909090909090911,0.1,0.166666666666667,-0.146696528555431
"711",4,4,0.55,0.5,0.9,3.25,2.9,0,-0.05,-0.090909090909091,-0.1,-0.111111111111111,0.0127320954907161
"711",4,4,0.4,0.35,0.9,3.1,2.45,0,-0.05,-0.125,-0.2,-0.222222222222222,0.055299539170507
"711",4,4,0.55,0.4,1.1,3.85,3.1,0,-0.15,-0.272727272727273,-0.2,-0.181818181818182,-0.0552995391705069
"711",5,5,0.55,0.35,1.1,4.95,4.35,0,-0.2,-0.363636363636364,-0.1,-0.090909090909091,-0.153256704980843
"711",3,2,0.25,0.25,2.2,4.65,2.05,-1,0,0,-0.4,-0.181818181818182,0.0826121164437451
"711",3,3,0.4,0.3,1.1,2.6,2.4,0,-0.1,-0.25,-0.05,-0.0454545454545455,-0.0865384615384615
"711",4,3,0.55,0.55,0.6,2.35,2.05,-1,0,0,0.15,0.25,-0.13129216398547
"711",4,3,0.25,0.3,0.466666666666667,1.65,1.5,-1,0.05,0.2,0.133333333333333,0.285714285714286,-0.0060606060606061
"711",4,4,0.55,0.5,1.1,3.85,3.8,0,-0.0500000000000001,-0.0909090909090911,0,0,-0.0451127819548873
"711",5,4,0.55,0.55,0.7,3.35,3.25,-1,-1.11022302462516e-16,-2.01858731750028e-16,0.2,0.285714285714286,-0.143972445464983
"711",3,3,0.4,0.4,1.8,4,2.5,0,-5.55111512312578e-17,-1.38777878078145e-16,-0.75,-0.416666666666667,0.18
"711",3,3,0.55,0.45,0.7,1.95,1.85,0,-0.1,-0.181818181818182,0,0,-0.116424116424117
"711",3,3,0.55,0.5,2.2,4.95,2.2,0,-0.0500000000000001,-0.0909090909090911,-1.35,-0.613636363636364,0.348484848484848
"711",3,3,0.4,0.45,0.7,1.8,3.05,0,0.0499999999999999,0.125,0.6,0.857142857142857,-0.224043715846995
"711",3,3,0.25,0.2,1.4,3.05,2.6,0,-0.0499999999999999,-0.2,-0.2,-0.142857142857143,-0.0151324085750315
"711",3,3,0.4,0.4,2.2,4.8,2.7,0,0,0,-1.05,-0.477272727272727,0.194444444444444
"711",5,4,0.4,0.5,1.1,4.8,4.1,-1,0.1,0.25,0.0999999999999999,0.0909090909090908,0.0711382113821139
"711",5,4,0.4,0.45,0.9,4,3.45,-1,0.0499999999999999,0.125,0.1,0.111111111111111,0.0217391304347825
"711",5,4,0.25,0.25,0.7,3.05,3.55,-1,5.55111512312578e-17,2.22044604925031e-16,0.4,0.571428571428572,-0.1281459247287
"711",5,5,0.55,0.5,0.9,4.15,4.7,0,-0.05,-0.090909090909091,0.15,0.166666666666667,-0.130735708792617
"711",3,3,0.55,0.5,1.1,2.75,3.1,0,-0.0500000000000001,-0.0909090909090911,0.2,0.181818181818182,-0.116129032258065
"711",5,4,0.25,0.4,0.675,2.95,2.8,-1,0.15,0.6,0.125,0.185185185185185,0.147699757869249
"711",3,3,0.55,0.55,1.4,3.35,3.05,0,-1.11022302462516e-16,-2.01858731750028e-16,-0.15,-0.107142857142857,0.0484462931245412
"711",3,3,0.25,0.2,0.9,2.05,2,0,-0.05,-0.2,0,0,-0.0658536585365854
"711",4,4,0.25,0.25,0.783333333333333,2.6,2.35,0,5.55111512312578e-17,2.22044604925031e-16,-0.0833333333333334,-0.106382978723404,0.0409165302782326
"711",5,4,0.55,0.6,0.675,3.25,3.3,-1,0.05,0.090909090909091,0.225,0.333333333333333,-0.118881118881119
"711",4,4,0.25,0.2,0.9,2.95,3.2,0,-0.0499999999999999,-0.2,0.1,0.111111111111111,-0.0889830508474576
"711",4,4,0.4,0.35,0.7,2.5,3.35,0,-0.05,-0.125,0.3,0.428571428571429,-0.222089552238806
"711",5,4,0.25,0.25,1.1,4.65,2.65,-1,5.55111512312578e-17,2.22044604925031e-16,-0.3,-0.272727272727273,0.108541286264963
"711",3,3,0.25,0.2,1.475,3.2,2.5,0,-0.05,-0.2,-0.325,-0.220338983050848,0.00562500000000005
"711",4,4,0.25,0.2,1.1,3.55,3.2,0,-0.0499999999999999,-0.2,-0.1,-0.090909090909091,-0.0316901408450703
"711",4,4,0.55,0.45,0.9,3.25,4.05,0,-0.1,-0.181818181818182,0.3,0.333333333333333,-0.232478632478633
"711",4,4,0.4,0.4,0.9,3.1,2.8,0,0,0,-0.1,-0.111111111111111,0.0552995391705069
"711",3,3,0.25,0.3,1.1,2.45,2.1,0,0.05,0.2,-0.2,-0.181818181818182,0.122448979591837
"711",4,3,0.4,0.45,1.1,3.7,2.55,-1,0.05,0.125,-0.05,-0.0454545454545455,0.0969793322734499
"711",4,4,0.55,0.4,0.7,2.65,3.4,0,-0.15,-0.272727272727273,0.3,0.428571428571429,-0.359600443951166
"711",5,5,0.25,0.2,0.825,3.55,3.2,0,-0.05,-0.2,-0.075,-0.0909090909090909,-0.0396126760563381
"711",5,5,0.25,0.25,0.8625,3.7,3.45,0,5.55111512312578e-17,2.22044604925031e-16,-0.0625,-0.072463768115942,0.0244810027418724
"711",4,3,0.25,0.25,0.733333333333333,2.45,1.55,-1,0,0,-0.0833333333333334,-0.113636363636364,0.075707702435813
"711",4,4,0.4,0.4,0.6,2.2,3.1,0,-5.55111512312578e-17,-1.38777878078145e-16,0.3,0.5,-0.211143695014663
"711",5,5,0.55,0.45,1.1,4.95,4.05,0,-0.1,-0.181818181818182,-0.2,-0.181818181818182,0
"711",5,5,0.4,0.3,0.7,3.2,3.7,0,-0.1,-0.25,0.15,0.214285714285714,-0.219594594594595
"711",5,4,0.25,0.35,0.525,2.35,2.45,-1,0.1,0.4,0.175,0.333333333333333,0.0395136778115502
"711",4,4,0.4,0.25,0.466666666666667,1.8,2.05,0,-0.15,-0.375,0.133333333333333,0.285714285714286,-0.401084010840108
"711",3,3,0.55,0.5,0.9,2.35,2.6,0,-0.0500000000000001,-0.0909090909090911,0.15,0.166666666666667,-0.125204582651391
"711",5,4,0.55,0.45,0.825,3.85,3.45,-1,-0.1,-0.181818181818182,0.175,0.212121212121212,-0.192546583850932
"711",3,3,0.4,0.3,0.9,2.2,2.2,0,-0.1,-0.25,0.0499999999999999,0.0555555555555555,-0.136363636363636
"711",3,3,0.25,0.35,1.8,3.85,2.55,0,0.1,0.4,-0.7,-0.388888888888889,0.216959511077158
"711",5,4,0.4,0.35,0.675,3.1,3.05,-1,-0.05,-0.125,0.225,0.333333333333333,-0.186144896879958
"711",4,3,0.55,0.5,0.733333333333333,2.75,2.9,-1,-0.05,-0.090909090909091,0.466666666666667,0.636363636363636,-0.282758620689655
"711",3,3,0.25,0.25,0.7,1.65,1.45,0,0,0,-0.1,-0.142857142857143,0.0626959247648903
"711",4,4,0.25,0.25,0.6,2.05,2.05,0,0,0,1.11022302462516e-16,1.85037170770859e-16,0
"711",4,4,0.25,0.15,0.7,2.35,2.25,0,-0.1,-0.4,0,0,-0.15886524822695
"711",3,3,0.55,0.55,1.8,4.15,2.75,0,-1.11022302462516e-16,-2.01858731750028e-16,-0.7,-0.388888888888889,0.202409638554217
"711",5,4,0.4,0.4,0.525,2.5,3.1,-1,0,0,0.375,0.714285714285714,-0.283870967741936
"711",5,5,0.25,0.2,0.9,3.85,2.8,0,-0.0499999999999999,-0.2,-0.25,-0.277777777777778,0.0324675324675326
"711",3,3,0.55,0.55,0.9,2.35,2.35,0,0,0,0,0,0
"711",4,3,0.4,0.35,0.7,2.5,2.15,-1,-0.05,-0.125,0.2,0.285714285714286,-0.151627906976744
"711",4,3,0.25,0.25,0.6,2.05,1.65,-1,0,0,0.1,0.166666666666667,-0.0332594235033259
"711",4,4,0.25,0.25,0.733333333333333,2.45,2.65,0,0,0,0.0666666666666667,0.0909090909090909,-0.0308047747400847
"711",5,5,0.4,0.35,0.7,3.2,3.55,0,-0.05,-0.125,0.1,0.142857142857143,-0.132042253521127
"711",3,3,0.25,0.15,1.4,3.05,2.55,0,-0.1,-0.4,-0.2,-0.142857142857143,-0.0694310511089682
"711",3,3,0.4,0.25,1.1,2.6,2.15,0,-0.15,-0.375,-0.15,-0.136363636363636,-0.112701252236136
"711",4,3,0.4,0.4,0.9,3.1,2.2,-1,-5.55111512312578e-17,-1.38777878078145e-16,0,0,0.0293255131964809
"711",3,3,0.25,0.1,1.8,3.85,3.2,0,-0.15,-0.6,-0.25,-0.138888888888889,-0.101055194805195
"711",5,4,0.25,0.25,0.7,3.05,3.55,-1,5.55111512312578e-17,2.22044604925031e-16,0.4,0.571428571428572,-0.1281459247287
"711",4,4,0.25,0.2,0.7,2.35,3.5,0,-0.05,-0.2,0.4,0.571428571428572,-0.196960486322189
"711",5,4,0.55,0.55,0.675,3.25,2.65,-1,-1.11022302462516e-16,-2.01858731750028e-16,0.0249999999999999,0.0370370370370369,-0.0159651669085631
"711",4,4,0.25,0.25,0.783333333333333,2.6,3.25,0,5.55111512312578e-17,2.22044604925031e-16,0.216666666666667,0.276595744680851,-0.0769230769230768
"711",3,3,0.4,0.4,0.9,2.2,2.3,0,0,0,0.0499999999999999,0.0555555555555555,-0.0237154150197628
"711",4,3,0.55,0.55,0.733333333333333,2.75,2.85,-1,-1.11022302462516e-16,-2.01858731750028e-16,0.416666666666667,0.568181818181818,-0.221052631578947
"711",3,3,0.4,0.35,1.8,4,2.95,0,-0.05,-0.125,-0.5,-0.277777777777778,0.0559322033898305
"711",4,4,0.25,0.25,0.9,2.95,3.85,0,5.55111512312578e-17,2.22044604925031e-16,0.3,0.333333333333333,-0.0792427911071978
"711",5,4,0.25,0.2,0.825,3.55,2.3,-1,-0.05,-0.2,-0.125,-0.151515151515152,-0.00428658909981627
"711",5,5,0.4,0.35,0.9,4,4.35,0,-0.05,-0.125,0.1,0.111111111111111,-0.0977011494252873
"711",3,3,0.55,0.4,1.1,2.75,1.8,0,-0.15,-0.272727272727273,-0.4,-0.363636363636364,0.0666666666666667
"711",3,3,0.25,0.2,0.9,2.05,2.1,0,-0.05,-0.2,0.0499999999999999,0.0555555555555555,-0.0801393728222997
"711",5,5,0.4,0.35,1.1,4.8,3.35,0,-0.05,-0.125,-0.35,-0.318181818181818,0.105721393034826
"711",3,3,0.25,0.25,0.7,1.65,1.35,0,0,0,-0.15,-0.214285714285714,0.101010101010101
"711",3,3,0.4,0.25,2.2,4.8,3.55,0,-0.15,-0.375,-0.55,-0.25,-0.0387323943661972
"711",4,4,0.55,0.45,0.6,2.35,2.25,0,-0.1,-0.181818181818182,0,0,-0.136170212765958
"711",5,4,0.25,0.3,0.8625,3.7,3.3,-1,0.05,0.2,0.1375,0.159420289855072,0.0257985257985258
"711",5,5,0.25,0.35,0.525,2.35,3.35,0,0.1,0.4,0.225,0.428571428571428,-0.00952683391552867
"711",4,4,0.25,0.3,0.466666666666667,1.65,2.1,0,0.05,0.2,0.133333333333333,0.285714285714286,-0.0346320346320346
"711",4,3,0.4,0.35,0.466666666666667,1.8,1.65,-1,-0.05,-0.125,0.183333333333333,0.392857142857143,-0.252525252525253
"711",5,4,0.25,0.35,1.1,4.65,3.65,-1,0.1,0.4,0,0,0.114744439534541
"711",3,3,0.55,0.55,2.2,4.95,3.65,0,0,0,-0.65,-0.295454545454545,0.118721461187215
"711",4,3,0.25,0.3,1.1,3.55,3.1,-1,0.05,0.2,0.3,0.272727272727273,0.00863243980009099
"711",5,4,0.55,0.55,0.7,3.35,2.95,-1,-1.11022302462516e-16,-2.01858731750028e-16,0.1,0.142857142857143,-0.0751328105236531
"711",4,4,0.55,0.55,1.1,3.85,4.15,0,0,0,0.0999999999999999,0.0909090909090908,-0.0413080895008604
"711",5,4,0.4,0.4,0.675,3.1,2.8,-1,-5.55111512312578e-17,-1.38777878078145e-16,0.125,0.185185185185185,-0.0737327188940093
"711",4,4,0.4,0.5,1.1,3.7,3.2,0,0.0999999999999999,0.25,-0.2,-0.181818181818182,0.192567567567567
"711",3,3,0.25,0.2,1.1,2.45,1.7,0,-0.05,-0.2,-0.35,-0.318181818181818,0.0468187274909965
"711",4,4,0.55,0.55,0.9,3.25,3.25,0,-1.11022302462516e-16,-2.01858731750028e-16,0,0,-1.11022302462516e-16
"711",5,4,0.55,0.65,0.825,3.85,3.65,-1,0.1,0.181818181818182,0.175,0.212121212121212,-0.00195694716242656
"711",3,3,0.4,0.4,0.7,1.8,2,0,0,0,0.1,0.142857142857143,-0.0666666666666667
"711",3,3,0.25,0.2,1.475,3.2,2.8,0,-0.0499999999999999,-0.2,-0.175,-0.11864406779661,-0.0200892857142857
"711",3,3,0.55,0.5,1.4,3.35,2,0,-0.0500000000000001,-0.0909090909090911,-0.65,-0.464285714285714,0.257462686567164
"711",3,3,0.55,0.5,0.7,1.95,2.8,0,-0.05,-0.090909090909091,0.45,0.642857142857143,-0.310439560439561
"711",5,4,0.4,0.3,0.525,2.5,2.4,-1,-0.1,-0.25,0.175,0.333333333333333,-0.3
"711",5,4,0.25,0.25,0.675,2.95,2.65,-1,5.55111512312578e-17,2.22044604925031e-16,0.125,0.185185185185185,-0.0463703229932843
"711",4,4,0.55,0.5,0.7,2.65,2.6,0,-0.05,-0.090909090909091,0,0,-0.0609579100145138
"711",3,3,0.55,0.45,1.8,4.15,2.95,0,-0.1,-0.181818181818182,-0.55,-0.305555555555556,0.0600367571982846
"711",3,3,0.25,0.2,2.2,4.65,2.7,0,-0.05,-0.2,-0.95,-0.431818181818182,0.0609318996415771
"711",5,4,0.55,0.4,0.9,4.15,3.1,-1,-0.15,-0.272727272727273,0,0,-0.146521570151574
"711",5,4,0.25,0.3,0.9,3.85,2.7,-1,0.05,0.2,-0.1,-0.111111111111111,0.11976911976912
"711",5,4,0.55,0.4,1.1,4.95,4.3,-1,-0.15,-0.272727272727273,0.2,0.181818181818182,-0.183462532299742
"711",4,4,0.4,0.35,0.6,2.2,3.05,0,-0.05,-0.125,0.3,0.5,-0.268256333830104
"711",4,3,0.4,0.35,0.466666666666667,1.8,1.85,-1,-0.05,-0.125,0.283333333333333,0.607142857142857,-0.321321321321322
"711",5,4,0.25,0.3,0.8625,3.7,3,-1,0.05,0.2,0.0375,0.0434782608695652,0.0621621621621622
"711",5,4,0.4,0.35,0.525,2.5,2.45,-1,-0.05,-0.125,0.175,0.333333333333333,-0.228571428571429
"711",5,4,0.25,0.25,0.525,2.35,1.75,-1,0,0,-0.025,-0.0476190476190477,0.0395136778115501
"711",4,4,0.55,0.55,0.6,2.35,2.65,0,-1.11022302462516e-16,-2.01858731750028e-16,0.1,0.166666666666667,-0.105981533520674
"711",3,3,0.4,0.4,1.8,4,2.7,0,0,0,-0.65,-0.361111111111111,0.144444444444444
"711",3,3,0.4,0.3,0.9,2.2,1.5,0,-0.1,-0.25,-0.3,-0.333333333333333,0.0545454545454545
"711",3,3,0.55,0.5,1.1,2.75,2.3,0,-0.0500000000000001,-0.0909090909090911,-0.2,-0.181818181818182,0.0521739130434781
"711",3,3,0.25,0.25,0.7,1.65,3.05,0,0,0,0.7,1,-0.208643815201192
"711",4,3,0.25,0.2,0.733333333333333,2.45,1.9,-1,-0.0499999999999999,-0.2,0.116666666666667,0.159090909090909,-0.0923737916219118
"711",4,3,0.25,0.25,0.9,2.95,2.15,-1,0,0,0.0499999999999999,0.0555555555555555,0.00985415845486798
"711",5,4,0.55,0.55,0.9,4.15,2.95,-1,0,0,-0.1,-0.111111111111111,0.0831121094547683
"711",4,4,0.55,0.55,0.7,2.65,2.95,0,0,0,0.1,0.142857142857143,-0.0844259673808764
"711",5,5,0.4,0.55,0.9,4,3.55,0,0.15,0.375,-0.15,-0.166666666666667,0.274647887323944
"711",3,2,0.4,0.5,1.1,2.6,1.7,-1,0.0999999999999999,0.25,0.0999999999999999,0.0909090909090908,0.126696832579185
"711",4,3,0.4,0.45,0.7,2.5,2.45,-1,0.05,0.125,0.3,0.428571428571429,-0.0889795918367348
"711",4,3,0.25,0.35,0.466666666666667,1.65,1.95,-1,0.1,0.4,0.333333333333333,0.714285714285714,-0.0675990675990678
"711",3,2,0.25,0.2,1.4,3.05,2.1,-1,-0.0499999999999999,-0.2,0.5,0.357142857142857,-0.0554254488680718
"711",4,3,0.55,0.55,1.1,3.85,2.65,-1,-1.11022302462516e-16,-2.01858731750028e-16,-0.05,-0.0454545454545455,0.0512129380053908
"711",3,3,0.25,0.2,1.8,3.85,3.2,0,-0.0499999999999999,-0.2,-0.3,-0.166666666666667,-0.00730519480519476
"711",5,4,0.25,0.2,0.7,3.05,4.1,-1,-0.05,-0.2,0.6,0.857142857142857,-0.214714114354258
"711",4,4,0.25,0.25,0.6,2.05,2.65,0,5.55111512312578e-17,2.22044604925031e-16,0.2,0.333333333333334,-0.110446387482743
"711",4,4,0.4,0.3,0.6,2.2,2.1,0,-0.1,-0.25,-1.11022302462516e-16,-1.85037170770859e-16,-0.155844155844156
"711",5,4,0.4,0.4,1.1,4.8,3.4,-1,-5.55111512312578e-17,-1.38777878078145e-16,-0.1,-0.090909090909091,0.053921568627451
"711",3,3,0.55,0.5,2.2,4.95,2.9,0,-0.05,-0.090909090909091,-1,-0.454545454545455,0.183908045977011
"711",5,5,0.4,0.35,0.675,3.1,3.55,0,-0.05,-0.125,0.125,0.185185185185185,-0.152203543843707
"711",4,3,0.25,0.15,1.1,3.55,2.15,-1,-0.1,-0.4,-0.1,-0.090909090909091,-0.072387815263675
"711",3,3,0.55,0.5,1.8,4.15,2.4,0,-0.0500000000000001,-0.0909090909090911,-0.85,-0.472222222222222,0.227409638554217
"711",4,3,0.25,0.1,0.7,2.35,1.9,-1,-0.15,-0.6,0.2,0.285714285714286,-0.267637178051512
"711",3,3,0.4,0.3,2.2,4.8,3.4,0,-0.1,-0.25,-0.65,-0.295454545454545,0.0147058823529411
"711",3,3,0.25,0.25,0.9,2.05,2.05,0,5.55111512312578e-17,2.22044604925031e-16,0,0,0
"711",4,3,0.55,0.45,0.9,3.25,2.45,-1,-0.1,-0.181818181818182,0.1,0.111111111111111,-0.125902668759812
"711",4,4,0.4,0.45,0.9,3.1,3.45,0,0.0499999999999999,0.125,0.1,0.111111111111111,0.00561009817671798
"711",5,4,0.55,0.6,0.675,3.25,3.3,-1,0.0499999999999999,0.0909090909090908,0.225,0.333333333333333,-0.118881118881119
"711",3,2,0.55,0.55,0.7,1.95,1.45,-1,-1.11022302462516e-16,-2.01858731750028e-16,0.2,0.285714285714286,-0.0875331564986739
"711",4,4,0.25,0.4,0.783333333333333,2.6,3.1,0,0.15,0.6,0.116666666666667,0.148936170212766,0.13151364764268
"711",3,3,0.25,0.15,1.475,3.2,2.65,0,-0.0999999999999999,-0.4,-0.225,-0.152542372881356,-0.0645636792452829
"711",3,3,0.4,0.25,0.7,1.8,2.05,0,-0.15,-0.375,0.2,0.285714285714286,-0.300813008130081
"711",3,3,0.55,0.6,1.4,3.35,3.1,0,0.05,0.090909090909091,-0.15,-0.107142857142857,0.0881078478574868
"711",4,4,0.4,0.45,1.1,3.7,3.15,0,0.05,0.125,-0.2,-0.181818181818182,0.138996138996139
"711",5,5,0.4,0.45,0.7,3.2,4.25,0,0.05,0.125,0.25,0.357142857142857,-0.0955882352941176
"711",3,2,0.55,0.5,0.9,2.35,1.7,-1,-0.05,-0.090909090909091,0.3,0.333333333333333,-0.113892365456821
"711",5,4,0.25,0.35,1.1,4.65,2.75,-1,0.1,0.4,-0.3,-0.272727272727273,0.240273704789834
"711",3,3,0.25,0.2,2.2,4.65,2.4,0,-0.05,-0.2,-1.1,-0.5,0.0887096774193548
"711",5,4,0.55,0.55,0.7,3.35,2.65,-1,-1.11022302462516e-16,-2.01858731750028e-16,0,0,0.00929315685722332
"711",5,4,0.25,0.2,0.675,2.95,2.3,-1,-0.05,-0.2,0.0249999999999999,0.0370370370370369,-0.0759027266028002
"711",4,4,0.55,0.45,0.733333333333333,2.75,2.85,0,-0.1,-0.181818181818182,0.0666666666666668,0.0909090909090911,-0.168421052631579
"711",3,2,0.25,0.25,1.1,2.45,1.45,-1,5.55111512312578e-17,2.22044604925031e-16,0.0999999999999999,0.0909090909090908,0.0387051372273048
"711",5,4,0.55,0.5,1.1,4.95,3.2,-1,-0.0500000000000001,-0.0909090909090911,-0.2,-0.181818181818182,0.0694444444444443
"711",5,4,0.25,0.3,0.825,3.55,2.7,-1,0.05,0.2,-0.0249999999999999,-0.0303030303030302,0.0923317683881064
"711",5,4,0.25,0.35,0.9,3.85,3.95,-1,0.1,0.4,0.3,0.333333333333333,0.0297550550715108
"711",5,4,0.55,0.5,0.825,3.85,2.9,-1,-0.0500000000000001,-0.0909090909090911,-0.025,-0.0303030303030303,-0.0246305418719214
"711",5,4,0.4,0.45,0.525,2.5,2.55,-1,0.05,0.125,0.175,0.333333333333333,-0.0941176470588235
"711",5,4,0.55,0.45,0.9,4.15,2.85,-1,-0.1,-0.181818181818182,-0.1,-0.111111111111111,-0.0310716550412176
"711",3,3,0.4,0.4,2.2,4.8,2.8,0,0,0,-1,-0.454545454545454,0.178571428571429
"711",3,2,0.4,0.4,0.9,2.2,1.9,-1,0,0,0.6,0.666666666666667,-0.124401913875598
"711",3,3,0.55,0.4,1.4,3.35,2.1,0,-0.15,-0.272727272727273,-0.55,-0.392857142857143,0.0788912579957357
"711",3,3,0.4,0.4,1.1,2.6,2.1,0,-5.55111512312578e-17,-1.38777878078145e-16,-0.25,-0.227272727272727,0.10989010989011
"711",4,4,0.55,0.35,1.1,3.85,2.75,0,-0.2,-0.363636363636364,-0.3,-0.272727272727273,-0.0623376623376625
"711",5,5,0.4,0.4,1.1,4.8,3.8,0,0,0,-0.25,-0.227272727272727,0.109649122807018
"711",3,3,0.25,0.3,1.475,3.2,1.7,0,0.05,0.2,-0.775,-0.525423728813559,0.295036764705882
"711",3,3,0.25,0.2,1.1,2.45,1.7,0,-0.05,-0.2,-0.35,-0.318181818181818,0.0468187274909965
"711",5,5,0.25,0.25,0.9,3.85,3.85,0,5.55111512312578e-17,2.22044604925031e-16,0,0,5.55111512312578e-17
"711",3,3,0.25,0.2,1.8,3.85,2.2,0,-0.0499999999999999,-0.2,-0.8,-0.444444444444444,0.077922077922078
"711",5,5,0.55,0.3,1.1,4.95,4.5,0,-0.25,-0.454545454545455,-0.05,-0.0454545454545455,-0.222222222222222
"711",3,3,0.25,0.3,0.9,2.05,1.9,0,0.05,0.2,-0.1,-0.111111111111111,0.10783055198973
"711",4,4,0.55,0.5,0.7,2.65,2.6,0,-0.0500000000000001,-0.0909090909090911,0,0,-0.0609579100145139
"711",4,4,0.4,0.5,0.466666666666667,1.8,2.3,0,0.0999999999999999,0.25,0.133333333333333,0.285714285714286,-0.0193236714975846
"711",4,4,0.25,0.3,0.6,2.05,1.5,0,0.05,0.2,-0.2,-0.333333333333333,0.31219512195122
"711",5,4,0.25,0.3,0.525,2.35,2.4,-1,0.05,0.2,0.175,0.333333333333333,-0.031914893617021
"711",5,4,0.55,0.5,0.825,3.85,2.6,-1,-0.05,-0.090909090909091,-0.125,-0.151515151515152,0.0549450549450551
"711",4,4,0.4,0.35,0.9,3.1,2.75,0,-0.05,-0.125,-0.1,-0.111111111111111,-0.00703812316715557
"711",4,4,0.4,0.45,1.1,3.7,3.15,0,0.05,0.125,-0.2,-0.181818181818182,0.138996138996139
"711",3,3,0.25,0.2,1.4,3.05,2.3,0,-0.0499999999999999,-0.2,-0.35,-0.25,0.014967925873129
"711",3,2,0.55,0.6,0.7,1.95,1.4,-1,0.0499999999999999,0.0909090909090908,0.1,0.142857142857143,0.0109890109890109
"711",3,2,0.4,0.65,1.8,4,2.95,-1,0.25,0.625,0.5,0.277777777777778,0.140677966101695
"711",5,4,0.4,0.45,0.675,3.1,2.85,-1,0.05,0.125,0.125,0.185185185185185,-0.0135823429541597
"711",4,4,0.55,0.5,0.6,2.35,2.3,0,-0.05,-0.090909090909091,0,0,-0.066604995374653
"711",3,2,0.55,0.55,0.9,2.35,1.45,-1,0,0,0,0,0.0564930300807043
"711",3,3,0.4,0.4,0.7,1.8,1.7,0,-5.55111512312578e-17,-1.38777878078145e-16,-0.0499999999999999,-0.0714285714285713,0.0392156862745098
"711",5,4,0.55,0.35,0.7,3.35,2.15,-1,-0.2,-0.363636363636364,-0.1,-0.142857142857143,-0.169732731690385
"711",5,4,0.25,0.25,1.1,4.65,3.85,-1,0,0,0.0999999999999999,0.0909090909090908,-0.00907694456081548
"711",5,4,0.55,0.6,0.675,3.25,3.3,-1,0.05,0.090909090909091,0.225,0.333333333333333,-0.118881118881119
"711",5,5,0.25,0.2,0.825,3.55,3.8,0,-0.05,-0.2,0.0750000000000001,0.090909090909091,-0.088954781319496
"711",4,3,0.55,0.55,0.733333333333333,2.75,2.45,-1,-1.11022302462516e-16,-2.01858731750028e-16,0.216666666666667,0.295454545454545,-0.126530612244898
"711",3,3,0.55,0.55,1.8,4.15,2.65,0,-1.11022302462516e-16,-2.01858731750028e-16,-0.75,-0.416666666666667,0.225051147988179
"711",3,3,0.25,0.3,2.2,4.65,3.1,0,0.05,0.2,-0.8,-0.363636363636364,0.129032258064516
"711",5,4,0.4,0.4,0.9,4,3.1,-1,0,0,0,0,0.0161290322580645
"711",5,5,0.25,0.2,0.675,2.95,2.8,0,-0.05,-0.2,-0.025,-0.0370370370370371,-0.0665859564164649
"711",3,2,0.25,0.3,0.7,1.65,0.8,-1,0.05,0.2,-0.2,-0.285714285714286,0.295454545454546
"711",5,4,0.25,0.25,0.7,3.05,2.05,-1,5.55111512312578e-17,2.22044604925031e-16,-0.1,-0.142857142857143,0.0779688124750101
"711",5,5,0.25,0.25,0.8625,3.7,2.65,0,0,0,-0.2625,-0.304347826086957,0.133860275369709
"711",4,4,0.25,0.25,0.783333333333333,2.6,2.05,0,5.55111512312578e-17,2.22044604925031e-16,-0.183333333333333,-0.234042553191489,0.103189493433396
"711",4,4,0.4,0.35,0.7,2.5,2.15,0,-0.05,-0.125,-0.1,-0.142857142857143,0.0111627906976745
"711",4,3,0.25,0.35,1.1,3.55,2.45,-1,0.1,0.4,-0.05,-0.0454545454545455,0.146881287726358
"711",4,3,0.4,0.5,0.6,2.2,2.6,-1,0.0999999999999999,0.25,0.45,0.75,-0.15034965034965
"711",5,5,0.4,0.35,0.7,3.2,2.95,0,-0.05,-0.125,-0.0499999999999999,-0.0714285714285713,-0.0317796610169492
"711",4,3,0.25,0.15,0.9,2.95,1.85,-1,-0.1,-0.4,-0.05,-0.0555555555555556,-0.0957398076042144
"711",4,4,0.25,0.2,0.733333333333333,2.45,2.9,0,-0.05,-0.2,0.166666666666667,0.227272727272727,-0.132301196340605
"711",4,4,0.25,0.2,0.7,2.35,2.9,0,-0.05,-0.2,0.2,0.285714285714286,-0.1496698459281
"711",4,4,0.55,0.55,0.9,3.25,3.55,0,-1.11022302462516e-16,-2.01858731750028e-16,0.1,0.111111111111111,-0.0572047670639221
"711",3,3,0.55,0.6,2.2,4.95,2.6,0,0.0499999999999999,0.0909090909090908,-1.2,-0.545454545454546,0.358974358974359
"711",4,3,0.25,0.35,0.466666666666667,1.65,1.95,-1,0.1,0.4,0.333333333333333,0.714285714285714,-0.0675990675990676
"711",3,3,0.55,0.35,1.1,2.75,1.35,0,-0.2,-0.363636363636364,-0.6,-0.545454545454546,0.177777777777777
"711",5,3,0.25,0.2,0.825,3.55,2.2,-2,-0.05,-0.2,0.175,0.212121212121212,-0.0793854033290653
"711",5,4,0.4,0.35,0.675,3.1,3.35,-1,-0.05,-0.125,0.325,0.481481481481481,-0.227250842561387
"711",3,3,0.25,0.3,1.475,3.2,2.8,0,0.05,0.2,-0.225,-0.152542372881356,0.0870535714285714
"711",3,2,0.25,0.25,1.1,2.45,1.45,-1,5.55111512312578e-17,2.22044604925031e-16,0.0999999999999999,0.0909090909090908,0.0387051372273048
"711",5,4,0.4,0.35,0.7,3.2,2.75,-1,-0.05,-0.125,0.1,0.142857142857143,-0.115909090909091
"711",5,4,0.4,0.35,0.9,4,2.75,-1,-0.05,-0.125,-0.1,-0.111111111111111,0.00909090909090893
"711",4,4,0.55,0.4,0.9,3.25,2.8,0,-0.15,-0.272727272727273,-0.1,-0.111111111111111,-0.105494505494506
"711",5,4,0.25,0.2,0.7,3.05,1.7,-1,-0.05,-0.2,-0.2,-0.285714285714286,0.0607521697203472
"711",4,4,0.25,0.15,0.466666666666667,1.65,1.35,0,-0.1,-0.4,-0.0666666666666667,-0.142857142857143,-0.161616161616162
"711",4,4,0.25,0.15,1.1,3.55,3.15,0,-0.1,-0.4,-0.1,-0.090909090909091,-0.0912139503688799
"711",4,3,0.4,0.35,0.7,2.5,1.95,-1,-0.05,-0.125,0.1,0.142857142857143,-0.101538461538462
"711",3,2,0.25,0.25,0.9,2.05,1.65,-1,0,0,0.5,0.555555555555555,-0.0628233555062824
"711",5,3,0.4,0.4,0.525,2.5,2,-2,0,0,0.275,0.523809523809524,-0.2
"711",4,3,0.55,0.45,0.6,2.35,1.45,-1,-0.1,-0.181818181818182,-0.1,-0.166666666666667,-0.0051357300073368
"711",5,4,0.25,0.3,0.9,3.85,3.3,-1,0.05,0.2,0.1,0.111111111111111,0.038961038961039
"711",5,4,0.55,0.45,0.825,3.85,3.15,-1,-0.1,-0.181818181818182,0.075,0.0909090909090908,-0.142857142857143
"711",3,3,0.55,0.5,2.2,4.95,4.2,0,-0.0500000000000001,-0.0909090909090911,-0.35,-0.159090909090909,0.0238095238095237
"711",5,4,0.55,0.45,0.9,4.15,4.35,-1,-0.1,-0.181818181818182,0.4,0.444444444444444,-0.248857498961363
"711",4,3,0.55,0.45,0.7,2.65,2.25,-1,-0.1,-0.181818181818182,0.2,0.285714285714286,-0.230188679245283
"711",4,3,0.55,0.45,1.1,3.85,2.85,-1,-0.1,-0.181818181818182,0.0999999999999999,0.0909090909090908,-0.0977443609022556
"711",4,3,0.4,0.35,0.6,2.2,1.75,-1,-0.05,-0.125,0.0999999999999999,0.166666666666666,-0.127272727272727
"711",5,4,0.25,0.25,0.525,2.35,1.75,-1,5.55111512312578e-17,2.22044604925031e-16,-0.025,-0.0476190476190477,0.0395136778115502
"711",3,3,0.4,0.3,2.2,4.8,3.3,0,-0.1,-0.25,-0.7,-0.318181818181818,0.0227272727272727
"711",4,3,0.25,0.3,0.9,2.95,3.2,-1,0.05,0.2,0.55,0.611111111111111,-0.0577330508474576
"711",5,4,0.55,0.4,1.1,4.95,2.5,-1,-0.15,-0.272727272727273,-0.4,-0.363636363636364,0.0844444444444444
"711",3,3,0.4,0.4,1.8,4,2.3,0,0,0,-0.85,-0.472222222222222,0.221739130434783
"711",5,3,0.55,0.65,0.675,3.25,2.45,-2,0.1,0.181818181818182,0.225,0.333333333333333,-0.0502354788069073
"711",3,3,0.25,0.2,1.8,3.85,2.2,0,-0.05,-0.2,-0.8,-0.444444444444444,0.0779220779220779
"711",4,4,0.25,0.25,0.733333333333333,2.45,3.25,0,0,0,0.266666666666667,0.363636363636364,-0.100470957613815
"711",4,4,0.25,0.25,0.783333333333333,2.6,2.35,0,5.55111512312578e-17,2.22044604925031e-16,-0.0833333333333334,-0.106382978723404,0.0409165302782326
"711",4,4,0.55,0.5,0.733333333333333,2.75,2.6,0,-0.0500000000000001,-0.0909090909090911,-0.0333333333333333,-0.0454545454545454,-0.0307692307692308
"711",5,4,0.25,0.2,0.8625,3.7,2.6,-1,-0.05,-0.2,-0.0625,-0.072463768115942,-0.0301455301455302
"711",3,2,0.25,0.3,0.7,1.65,1.1,-1,0.05,0.2,0.1,0.142857142857143,0.0909090909090908
"711",3,2,0.4,0.6,1.1,2.6,2,-1,0.2,0.5,0.3,0.272727272727273,0.138461538461539
"711",4,4,0.4,0.4,1.1,3.7,4,0,0,0,0.0999999999999999,0.0909090909090908,-0.0324324324324324
"711",4,4,0.4,0.35,0.9,3.1,2.75,0,-0.05,-0.125,-0.1,-0.111111111111111,-0.00703812316715546
"711",3,2,0.55,0.5,1.1,2.75,1.4,-1,-0.0500000000000001,-0.0909090909090911,-0.2,-0.181818181818182,0.114285714285714
"711",4,3,0.25,0.35,0.6,2.05,1.45,-1,0.1,0.4,-0.0499999999999998,-0.0833333333333331,0.236333052985702
"711",3,3,0.25,0.15,2.2,4.65,2.75,0,-0.1,-0.4,-0.9,-0.409090909090909,0.00234604105571851
"711",3,3,0.55,0.55,0.9,2.35,2.15,0,-1.11022302462516e-16,-2.01858731750028e-16,-0.1,-0.111111111111111,0.0653142008906482
"711",3,3,0.4,0.45,0.9,2.2,1.95,0,0.0499999999999999,0.125,-0.15,-0.166666666666667,0.146853146853147
"711",3,3,0.55,0.6,1.4,3.35,3.3,0,0.05,0.090909090909091,-0.0499999999999998,-0.0357142857142856,0.0529172320217097
"711",5,4,0.55,0.55,0.7,3.35,3.85,-1,-1.11022302462516e-16,-2.01858731750028e-16,0.4,0.571428571428572,-0.249466950959488
"711",5,4,0.25,0.25,1.1,4.65,4.75,-1,5.55111512312578e-17,2.22044604925031e-16,0.4,0.363636363636364,-0.0582908885116015
"711",3,3,0.4,0.25,0.7,1.8,2.05,0,-0.15,-0.375,0.2,0.285714285714286,-0.300813008130081
"711",5,5,0.4,0.4,1.1,4.8,3.2,0,-5.55111512312578e-17,-1.38777878078145e-16,-0.4,-0.363636363636364,0.208333333333333
"711",5,5,0.25,0.4,0.675,2.95,3.2,0,0.15,0.6,0.0249999999999999,0.0370370370370369,0.201271186440678
"711",4,4,0.4,0.4,0.466666666666667,1.8,2.5,0,-5.55111512312578e-17,-1.38777878078145e-16,0.233333333333333,0.5,-0.248888888888889
"711",3,3,0.25,0.3,1.4,3.05,2.7,0,0.05,0.2,-0.2,-0.142857142857143,0.087431693989071
"711",3,3,0.55,0.6,1.8,4.15,3.4,0,0.0499999999999999,0.0909090909090908,-0.4,-0.222222222222222,0.131821403260099
"711",3,3,0.55,0.55,0.7,1.95,2.65,0,0,0,0.35,0.5,-0.223512336719884
"711",4,3,0.25,0.25,0.7,2.35,2.85,-1,5.55111512312578e-17,2.22044604925031e-16,0.6,0.857142857142857,-0.162374020156775
"712",4,4,0.25,0.15,0.6,2.05,2.55,0,-0.1,-0.4,0.2,0.333333333333334,-0.252510760401722
"712",3,3,0.4,0.4,0.7,1.8,2,0,0,0,0.1,0.142857142857143,-0.0666666666666667
"712",5,5,0.25,0.3,1.1,4.65,4.5,0,0.05,0.2,-0.05,-0.0454545454545455,0.0645161290322581
"712",5,6,0.4,0.3,0.7,3.2,3.8,1,-0.1,-0.25,0,0,-0.151315789473684
"712",4,4,0.4,0.5,0.466666666666667,1.8,2.6,0,0.1,0.25,0.233333333333333,0.5,-0.11965811965812
"712",5,6,0.4,0.4,1.1,4.8,4.4,1,-5.55111512312578e-17,-1.38777878078145e-16,-0.3,-0.272727272727273,0.128787878787879
"712",4,5,0.25,0.3,0.7,2.35,2.9,1,0.05,0.2,-0.0499999999999999,-0.0714285714285713,0.0917094644167278
"712",5,5,0.25,0.3,0.9,3.85,5.3,0,0.05,0.2,0.35,0.388888888888889,-0.0416564567507964
"712",4,4,0.4,0.35,1.1,3.7,3.35,0,-0.05,-0.125,-0.1,-0.090909090909091,-0.0145219846712384
"712",4,4,0.55,0.65,0.7,2.65,3.05,0,0.1,0.181818181818182,0.1,0.142857142857143,0.0222703371481594
"712",4,5,0.4,0.35,0.6,2.2,2.75,1,-0.05,-0.125,-1.11022302462516e-16,-1.85037170770859e-16,-0.0909090909090909
"712",5,5,0.4,0.5,0.525,2.5,2.9,0,0.0999999999999999,0.25,0.075,0.142857142857143,0.0620689655172412
"712",4,4,0.4,0.4,0.9,3.1,2.5,0,-5.55111512312578e-17,-1.38777878078145e-16,-0.2,-0.222222222222222,0.123870967741936
"712",5,6,0.25,0.3,0.675,2.95,3.8,1,0.05,0.2,0.0249999999999999,0.0370370370370369,0.0499553969669937
"712",3,3,0.55,0.65,0.7,1.95,2.35,0,0.1,0.181818181818182,0.15,0.214285714285714,-0.016366612111293
"712",3,3,0.4,0.4,1.1,2.6,3.2,0,0,0,0.3,0.272727272727273,-0.0865384615384614
"712",3,3,0.55,0.55,2.2,4.95,4.65,0,-1.11022302462516e-16,-2.01858731750028e-16,-0.15,-0.0681818181818183,0.021505376344086
"712",3,3,0.4,0.35,0.9,2.2,2.15,0,-0.05,-0.125,0,0,-0.0570824524312898
"712",4,5,0.55,0.5,1.1,3.85,5.7,1,-0.0500000000000001,-0.0909090909090911,0.2,0.181818181818182,-0.132832080200501
"712",3,3,0.55,0.55,1.1,2.75,3.65,0,0,0,0.45,0.409090909090909,-0.147945205479452
"712",4,4,0.55,0.7,0.733333333333333,2.75,3.7,0,0.15,0.272727272727273,0.266666666666667,0.363636363636364,-0.0432432432432432
"712",5,6,0.4,0.4,0.9,4,4.4,1,-5.55111512312578e-17,-1.38777878078145e-16,-0.1,-0.111111111111111,0.0454545454545454
"712",5,5,0.25,0.25,0.7,3.05,3.05,0,0,0,0,0,0
"712",3,3,0.55,0.55,0.9,2.35,2.75,0,0,0,0.2,0.222222222222222,-0.102127659574468
"712",5,6,0.25,0.2,0.525,2.35,2.7,1,-0.0499999999999999,-0.2,-0.025,-0.0476190476190477,-0.0874704491725767
"712",5,6,0.55,0.45,0.7,3.35,4.45,1,-0.1,-0.181818181818182,0.1,0.142857142857143,-0.214153949354352
"712",3,3,0.25,0.25,0.7,1.65,1.95,0,5.55111512312578e-17,2.22044604925031e-16,0.15,0.214285714285714,-0.0699300699300698
"712",3,3,0.25,0.25,1.475,3.2,2.95,0,5.55111512312578e-17,2.22044604925031e-16,-0.125,-0.0847457627118644,0.0198622881355933
"712",3,3,0.4,0.35,2.2,4.8,5.25,0,-0.05,-0.125,0.25,0.113636363636364,-0.0500000000000001
"712",5,6,0.25,0.1,0.825,3.55,4.6,1,-0.15,-0.6,0.0750000000000001,0.090909090909091,-0.221677893447642
"712",3,3,0.55,0.55,1.4,3.35,3.45,0,-1.11022302462516e-16,-2.01858731750028e-16,0.05,0.0357142857142857,-0.0142764438676184
"712",3,3,0.55,0.45,1.8,4.15,3.85,0,-0.1,-0.181818181818182,-0.1,-0.0555555555555556,-0.0469410107964325
"712",4,4,0.25,0.2,0.783333333333333,2.6,3.5,0,-0.0499999999999999,-0.2,0.316666666666667,0.404255319148936,-0.156043956043956
"712",5,5,0.55,0.55,1.1,4.95,4.75,0,-1.11022302462516e-16,-2.01858731750028e-16,-0.05,-0.0454545454545455,0.023391812865497
"712",3,3,0.25,0.3,1.8,3.85,4.2,0,0.05,0.2,0.15,0.0833333333333333,0.0194805194805194
"712",4,4,0.25,0.15,0.9,2.95,4.35,0,-0.1,-0.4,0.5,0.555555555555555,-0.201052016364699
"712",3,3,0.25,0.15,1.1,2.45,2.45,0,-0.0999999999999999,-0.4,0.0499999999999998,0.0454545454545453,-0.122448979591837
"712",5,5,0.55,0.65,0.9,4.15,4.65,0,0.1,0.181818181818182,0.1,0.111111111111111,0.0362741287731572
"712",5,4,0.55,0.8,0.675,3.25,4.1,-1,0.25,0.454545454545455,0.425,0.62962962962963,-0.0656660412757973
"712",3,3,0.4,0.35,1.8,4,3.85,0,-0.05,-0.125,-0.0499999999999998,-0.0277777777777777,-0.0272727272727273
"712",3,3,0.25,0.25,1.4,3.05,3.15,0,0,0,0.05,0.0357142857142857,-0.00780640124902421
"712",5,4,0.55,0.85,0.825,3.85,4.15,-1,0.3,0.545454545454546,0.275,0.333333333333333,0.104991394148021
"712",4,4,0.25,0.25,1.1,3.55,3.85,0,0,0,0.0999999999999999,0.0909090909090908,-0.0219498811048106
"712",4,4,0.55,0.55,0.9,3.25,3.85,0,-1.11022302462516e-16,-2.01858731750028e-16,0.2,0.222222222222222,-0.105494505494506
"712",5,5,0.4,0.4,0.675,3.1,3,0,-5.55111512312578e-17,-1.38777878078145e-16,-0.025,-0.0370370370370371,0.021505376344086
"712",3,3,0.25,0.35,0.9,2.05,2.05,0,0.1,0.4,-0.05,-0.0555555555555556,0.146341463414634
"712",4,3,0.55,0.75,0.6,2.35,2.35,-1,0.2,0.363636363636364,0.2,0.333333333333333,0.021276595744681
"712",4,4,0.25,0.4,0.466666666666667,1.65,2.2,0,0.15,0.6,0.133333333333333,0.285714285714286,0.121212121212121
"712",4,4,0.25,0.3,0.733333333333333,2.45,1.8,0,0.05,0.2,-0.233333333333333,-0.318181818181818,0.258503401360544
"712",3,3,0.25,0.3,2.2,4.65,4.1,0,0.05,0.2,-0.3,-0.136363636363636,0.0582218725413061
"712",4,4,0.4,0.4,0.7,2.5,3.1,0,0,0,0.2,0.285714285714286,-0.123870967741936
"712",5,6,0.25,0.35,0.8625,3.7,5.85,1,0.1,0.4,0.2375,0.27536231884058,0.0211365211365211
"712",4,4,0.25,0.25,0.783333333333333,2.6,2.95,0,0,0,0.116666666666667,0.148936170212766,-0.045632333767927
"712",3,3,0.55,0.45,2.2,4.95,4.15,0,-0.1,-0.181818181818182,-0.35,-0.159090909090909,-0.00803212851405627
"712",3,3,0.25,0.2,1.475,3.2,3.7,0,-0.0499999999999999,-0.2,0.275,0.186440677966102,-0.0722128378378378
"712",3,3,0.4,0.4,2.2,4.8,4.6,0,-5.55111512312578e-17,-1.38777878078145e-16,-0.0999999999999996,-0.0454545454545453,0.0108695652173912
"712",3,3,0.55,0.65,0.7,1.95,2.15,0,0.1,0.181818181818182,0.05,0.0714285714285715,0.0608228980322003
"712",3,3,0.4,0.5,1.1,2.6,2.7,0,0.0999999999999999,0.25,0,0,0.094017094017094
"712",4,4,0.4,0.4,0.7,2.5,2.2,0,-5.55111512312578e-17,-1.38777878078145e-16,-0.1,-0.142857142857143,0.0872727272727273
"712",4,4,0.25,0.3,0.6,2.05,2.4,0,0.05,0.2,0.1,0.166666666666667,0.0121951219512196
"712",3,2,0.4,0.4,1.8,4,3.1,-1,0,0,0.9,0.5,-0.0419354838709678
"712",3,3,0.25,0.35,1.8,3.85,3.75,0,0.1,0.4,-0.1,-0.0555555555555556,0.0851948051948052
"712",5,6,0.4,0.4,0.9,4,4.4,1,-5.55111512312578e-17,-1.38777878078145e-16,-0.1,-0.111111111111111,0.0454545454545454
"712",3,3,0.55,0.6,1.1,2.75,2.8,0,0.05,0.090909090909091,0,0,0.0428571428571428
"712",5,6,0.55,0.5,0.9,4.15,4.5,1,-0.0500000000000001,-0.0909090909090911,-0.1,-0.111111111111111,0.00401606425702805
"712",4,5,0.4,0.4,0.9,3.1,3.2,1,0,0,-0.2,-0.222222222222222,0.108870967741935
"712",3,3,0.25,0.15,1.1,2.45,1.95,0,-0.0999999999999999,-0.4,-0.2,-0.181818181818182,-0.0753532182103609
"712",4,3,0.55,0.7,0.7,2.65,2.6,-1,0.15,0.272727272727273,0.25,0.357142857142857,-0.0224963715529755
"712",5,4,0.4,0.4,0.675,3.1,2.8,-1,0,0,0.125,0.185185185185185,-0.0737327188940092
"712",5,6,0.25,0.1,0.8625,3.7,3.6,1,-0.15,-0.6,-0.1625,-0.188405797101449,-0.171171171171171
"712",4,4,0.25,0.2,0.9,2.95,3.2,0,-0.05,-0.2,0.1,0.111111111111111,-0.0889830508474576
"712",3,2,0.25,0.15,1.4,3.05,2.25,-1,-0.0999999999999999,-0.4,0.7,0.5,-0.112568306010929
"712",3,2,0.55,0.6,0.9,2.35,1.4,-1,0.05,0.090909090909091,-0.1,-0.111111111111111,0.155015197568389
"712",5,6,0.25,0.25,0.675,2.95,3.25,1,0,0,-0.0750000000000001,-0.111111111111111,0.0378096479791395
"712",4,3,0.55,0.6,0.6,2.35,1.9,-1,0.0499999999999999,0.0909090909090908,0.05,0.0833333333333334,0.0111982082866741
"712",5,5,0.25,0.25,0.7,3.05,4.05,0,0,0,0.25,0.357142857142857,-0.101194090265128
"712",4,3,0.4,0.45,0.6,2.2,1.95,-1,0.05,0.125,0.15,0.25,-0.0349650349650349
"712",3,3,0.55,0.45,1.4,3.35,3.25,0,-0.1,-0.181818181818182,0,0,-0.0771526980482204
"712",5,5,0.25,0.25,1.1,4.65,3.85,0,0,0,-0.2,-0.181818181818182,0.0558581203742494
"712",3,3,0.55,0.7,1.8,4.15,4.5,0,0.15,0.272727272727273,0.0999999999999999,0.0555555555555555,0.0690763052208836
"712",5,4,0.55,0.55,0.7,3.35,3.25,-1,-1.11022302462516e-16,-2.01858731750028e-16,0.2,0.285714285714286,-0.143972445464983
"712",4,4,0.25,0.15,1.1,3.55,4.05,0,-0.0999999999999999,-0.4,0.2,0.181818181818182,-0.133541992696922
"712",3,3,0.25,0.2,2.2,4.65,3.3,0,-0.0499999999999999,-0.2,-0.65,-0.295454545454545,0.0205278592375367
"712",5,6,0.25,0.15,0.9,3.85,5.15,1,-0.0999999999999999,-0.4,0.1,0.111111111111111,-0.149918043121927
"712",5,6,0.55,0.65,0.825,3.85,5.15,1,0.1,0.181818181818182,0.075,0.0909090909090908,0.0429958391123441
"712",4,4,0.4,0.5,0.466666666666667,1.8,2.3,0,0.0999999999999999,0.25,0.133333333333333,0.285714285714286,-0.0193236714975846
"712",5,5,0.4,0.5,0.7,3.2,3.7,0,0.1,0.25,0.1,0.142857142857143,0.0506756756756757
"712",4,4,0.55,0.5,0.9,3.25,2.6,0,-0.0500000000000001,-0.0909090909090911,-0.2,-0.222222222222222,0.0923076923076923
"712",4,4,0.55,0.4,1.1,3.85,2.8,0,-0.15,-0.272727272727273,-0.3,-0.272727272727273,-1.11022302462516e-16
"712",4,4,0.25,0.3,0.7,2.35,3.3,0,0.05,0.2,0.3,0.428571428571429,-0.0618955512572534
"712",5,6,0.55,0.5,1.1,4.95,5,1,-0.05,-0.090909090909091,-0.2,-0.181818181818182,0.0444444444444444
"712",4,4,0.55,0.5,0.733333333333333,2.75,2.6,0,-0.05,-0.090909090909091,-0.0333333333333333,-0.0454545454545454,-0.0307692307692307
"712",5,6,0.4,0.3,0.525,2.5,2.3,1,-0.1,-0.25,-0.125,-0.238095238095238,-0.0173913043478261
"712",3,3,0.25,0.1,0.9,2.05,2.5,0,-0.15,-0.6,0.3,0.333333333333333,-0.245853658536585
"712",3,3,0.25,0.2,0.7,1.65,1.9,0,-0.0499999999999999,-0.2,0.15,0.214285714285714,-0.138755980861244
"712",4,5,0.4,0.45,1.1,3.7,4.65,1,0.0499999999999999,0.125,-0.05,-0.0454545454545455,0.051438535309503
"712",4,4,0.25,0.25,0.733333333333333,2.45,2.95,0,0,0,0.166666666666667,0.227272727272727,-0.0691802144586648
"712",3,3,0.4,0.5,0.9,2.2,2.5,0,0.0999999999999999,0.25,0.1,0.111111111111111,0.0545454545454543
"712",3,3,0.4,0.6,0.7,1.8,2.3,0,0.2,0.5,0.15,0.214285714285714,0.115942028985507
"712",5,6,0.4,0.35,1.1,4.8,5.35,1,-0.05,-0.125,-0.1,-0.090909090909091,-0.0241433021806854
"712",5,5,0.25,0.25,0.525,2.35,4.05,0,0,0,0.425,0.809523809523809,-0.223272918308379
"712",5,5,0.55,0.65,0.675,3.25,4.05,0,0.1,0.181818181818182,0.175,0.259259259259259,-0.043684710351377
"712",4,5,0.25,0.25,0.466666666666667,1.65,2.45,1,0,0,0.0833333333333334,0.178571428571429,-0.095856524427953
"712",5,6,0.25,0.25,0.825,3.55,4.75,1,0,0,0.0750000000000001,0.090909090909091,-0.0363232023721275
"712",5,5,0.55,0.6,0.7,3.35,3.8,0,0.05,0.090909090909091,0.1,0.142857142857143,-0.0314218381775334
"712",4,4,0.4,0.4,0.7,2.5,2.8,0,-5.55111512312578e-17,-1.38777878078145e-16,0.1,0.142857142857143,-0.0685714285714287
"712",5,7,0.25,0.35,1.1,4.65,5.15,2,0.1,0.4,-0.3,-0.272727272727273,0.206910951038731
"712",4,4,0.55,0.65,0.6,2.35,2.75,0,0.1,0.181818181818182,0.1,0.166666666666667,0.00928433268858819
"712",4,4,0.25,0.25,1.1,3.55,3.55,0,0,0,0,0,0
"712",3,3,0.4,0.45,1.1,2.6,2.45,0,0.0499999999999999,0.125,-0.1,-0.090909090909091,0.0894819466248037
"712",5,5,0.55,0.5,0.825,3.85,4.3,0,-0.05,-0.090909090909091,0.125,0.151515151515151,-0.132890365448505
"712",5,5,0.25,0.2,0.675,2.95,3,0,-0.05,-0.2,0.0249999999999999,0.0370370370370369,-0.0903954802259887
"712",5,6,0.55,0.5,0.9,4.15,5,1,-0.05,-0.090909090909091,0,0,-0.0626506024096385
"712",3,3,0.25,0.3,0.9,2.05,2.3,0,0.05,0.2,0.1,0.111111111111111,0.0254506892895016
"712",3,3,0.25,0.15,1.1,2.45,2.75,0,-0.1,-0.4,0.2,0.181818181818182,-0.142486085343228
"712",5,6,0.4,0.3,0.7,3.2,3.8,1,-0.1,-0.25,0,0,-0.151315789473684
"712",4,4,0.25,0.25,0.7,2.35,2.65,0,0,0,0.1,0.142857142857143,-0.0481734243275794
"712",4,6,0.55,0.45,1.1,3.85,3.95,2,-0.1,-0.181818181818182,-0.4,-0.363636363636364,0.112115732368897
"712",4,6,0.4,0.3,1.1,3.7,3.3,2,-0.1,-0.25,-0.5,-0.454545454545455,0.113022113022113
"712",5,5,0.25,0.2,0.525,2.35,3.2,0,-0.05,-0.2,0.225,0.428571428571428,-0.219414893617021
"712",3,2,0.25,0.25,1.8,3.85,2.75,-1,5.55111512312578e-17,2.22044604925031e-16,0.7,0.388888888888889,-0.012987012987013
"712",3,2,0.55,0.7,1.1,2.75,2.7,-1,0.15,0.272727272727273,0.9,0.818181818181818,-0.0814814814814816
"712",5,6,0.25,0.35,0.7,3.05,3.85,1,0.1,0.4,0,0,0.135618479880775
"712",4,4,0.25,0.35,0.9,2.95,2.45,0,0.1,0.4,-0.2,-0.222222222222222,0.232445520581114
"712",4,4,0.25,0.4,0.466666666666667,1.65,2.2,0,0.15,0.6,0.133333333333333,0.285714285714286,0.121212121212121
"712",4,4,0.4,0.55,0.466666666666667,1.8,2.35,0,0.15,0.375,0.133333333333333,0.285714285714286,0.0472813238770685
"712",4,5,0.55,0.5,0.9,3.25,3.1,1,-0.0500000000000001,-0.0909090909090911,-0.25,-0.277777777777778,0.129528535980149
"712",5,6,0.25,0.2,0.8625,3.7,4.7,1,-0.05,-0.2,0.0375,0.0434782608695652,-0.0825186889016676
"712",3,3,0.55,0.85,2.2,4.95,5.15,0,0.3,0.545454545454546,-0.0500000000000003,-0.0227272727272728,0.161812297734628
"712",3,4,0.4,0.5,0.7,1.8,2.6,1,0.1,0.25,0,0,0.102564102564103
"712",3,3,0.25,0.35,2.2,4.65,3.75,0,0.1,0.4,-0.5,-0.227272727272727,0.118709677419355
"712",4,4,0.4,0.45,0.6,2.2,2.55,0,0.05,0.125,0.0999999999999999,0.166666666666666,-0.0213903743315508
"712",4,4,0.25,0.3,0.6,2.05,2.4,0,0.05,0.2,0.1,0.166666666666667,0.0121951219512197
"712",5,5,0.4,0.4,0.675,3.1,3.4,0,-5.55111512312578e-17,-1.38777878078145e-16,0.075,0.111111111111111,-0.0569259962049337
"712",4,5,0.4,0.4,0.9,3.1,3,1,-5.55111512312578e-17,-1.38777878078145e-16,-0.25,-0.277777777777778,0.150537634408602
"712",3,2,0.25,0.2,1.4,3.05,3.2,-1,-0.05,-0.2,1.6,1.14285714285714,-0.120901639344262
"712",4,4,0.25,0.3,0.733333333333333,2.45,3.3,0,0.05,0.2,0.266666666666667,0.363636363636364,-0.0445269016697588
"712",3,2,0.25,0.2,1.475,3.2,3.2,-1,-0.05,-0.2,1.525,1.03389830508475,-0.109375
"712",5,6,0.25,0.25,0.825,3.55,3.75,1,0,0,-0.125,-0.151515151515152,0.047887323943662
"712",5,6,0.25,0.25,0.9,3.85,4.75,1,0,0,0,0,-0.00888585099111416
"712",5,5,0.55,0.5,0.675,3.25,2.9,0,-0.0500000000000001,-0.0909090909090911,-0.0750000000000001,-0.111111111111111,0.0159151193633951
"712",5,7,0.4,0.5,0.9,4,5.3,2,0.1,0.25,-0.1,-0.111111111111111,0.160377358490566
"712",5,6,0.4,0.45,1.1,4.8,4.95,1,0.0499999999999999,0.125,-0.2,-0.181818181818182,0.128787878787879
"712",5,7,0.55,0.5,1.1,4.95,5.6,2,-0.05,-0.090909090909091,-0.25,-0.227272727272727,0.0694444444444444
"712",3,2,0.55,0.55,0.9,2.35,1.55,-1,0,0,0.1,0.111111111111111,0.00754975978037065
"712",3,2,0.55,0.65,1.4,3.35,2.85,-1,0.1,0.181818181818182,0.8,0.571428571428572,-0.0363969625556428
"712",3,2,0.4,0.45,1.8,4,2.65,-1,0.0499999999999999,0.125,0.4,0.222222222222222,0.0396226415094338
"712",3,2,0.4,0.4,2.2,4.8,4,-1,0,0,1.4,0.636363636363637,-0.05
"712",4,4,0.25,0.25,0.783333333333333,2.6,3.85,0,0,0,0.416666666666667,0.531914893617021,-0.124875124875125
"712",3,2,0.25,0.2,0.7,1.65,0.8,-1,-0.05,-0.2,-0.1,-0.142857142857143,0.0454545454545454
"712",4,4,0.55,0.65,0.733333333333333,2.75,3.35,0,0.1,0.181818181818182,0.166666666666667,0.227272727272727,-0.0238805970149254
"712",3,2,0.55,0.6,0.7,1.95,1.3,-1,0.0499999999999999,0.0909090909090908,0,0,0.0769230769230769
"712",4,4,0.55,0.6,0.7,2.65,2.7,0,0.0499999999999999,0.0909090909090908,0,0,0.0587002096436058
"712",3,3,0.4,0.6,0.9,2.2,2.4,0,0.2,0.5,0,0,0.204545454545454
"712",3,3,0.55,0.55,1.8,4.15,3.85,0,0,0,-0.15,-0.0833333333333334,0.0309810671256455
"712",5,5,0.4,0.4,0.525,2.5,2.6,0,-5.55111512312578e-17,-1.38777878078145e-16,0.025,0.0476190476190477,-0.0307692307692309
"712",3,2,0.4,0.45,1.8,4,3.65,-1,0.05,0.125,1.4,0.777777777777778,-0.0534246575342466
"712",5,5,0.55,0.55,0.9,4.15,4.15,0,-1.11022302462516e-16,-2.01858731750028e-16,0,0,-1.11022302462516e-16
"712",3,2,0.55,0.6,1.8,4.15,3.5,-1,0.0499999999999999,0.0909090909090908,1.1,0.611111111111111,-0.0547332185886403
"712",4,4,0.25,0.2,0.9,2.95,3.5,0,-0.05,-0.2,0.2,0.222222222222222,-0.110411622276029
"712",3,3,0.4,0.45,1.1,2.6,2.55,0,0.05,0.125,-0.05,-0.0454545454545455,0.0678733031674209
"712",3,3,0.25,0.25,1.475,3.2,2.65,0,5.55111512312578e-17,2.22044604925031e-16,-0.275,-0.186440677966102,0.0486438679245284
"712",5,6,0.25,0.25,0.7,3.05,3.25,1,0,0,-0.1,-0.142857142857143,0.0517023959646911
"712",5,6,0.25,0.2,0.675,2.95,3.2,1,-0.05,-0.2,-0.0750000000000001,-0.111111111111111,-0.048728813559322
"712",5,5,0.55,0.5,0.7,3.35,3.1,0,-0.0500000000000001,-0.0909090909090911,-0.0499999999999999,-0.0714285714285713,-0.0144439094848341
"712",4,4,0.25,0.25,0.783333333333333,2.6,2.05,0,0,0,-0.183333333333333,-0.234042553191489,0.103189493433396
"712",4,5,0.4,0.35,0.466666666666667,1.8,2.55,1,-0.05,-0.125,0.0833333333333334,0.178571428571429,-0.202614379084967
"712",3,2,0.25,0.25,0.7,1.65,0.85,-1,0,0,-0.1,-0.142857142857143,0.133689839572192
"712",3,3,0.4,0.45,0.7,1.8,1.75,0,0.0499999999999999,0.125,-0.0499999999999999,-0.0714285714285713,0.104761904761905
"712",5,6,0.4,0.45,0.7,3.2,3.95,1,0.0499999999999999,0.125,0,0,0.0585443037974682
"712",4,5,0.4,0.35,0.7,2.5,3.15,1,-0.05,-0.125,0,0,-0.0844444444444443
"712",4,4,0.55,0.45,0.7,2.65,2.85,0,-0.1,-0.181818181818182,0.1,0.142857142857143,-0.198609731876862
"712",3,3,0.55,0.45,1.1,2.75,2.45,0,-0.1,-0.181818181818182,-0.1,-0.090909090909091,-0.0489795918367348
"712",3,3,0.55,0.55,0.9,2.35,2.35,0,0,0,0,0,0
"712",3,3,0.25,0.2,2.2,4.65,4.9,0,-0.05,-0.2,0.15,0.0681818181818181,-0.0388413429888084
"712",4,5,0.4,0.45,0.9,3.1,4.65,1,0.05,0.125,0.15,0.166666666666667,-0.0322580645161291
"712",4,4,0.4,0.35,1.1,3.7,3.95,0,-0.05,-0.125,0.0999999999999999,0.0909090909090908,-0.078002052685597
"712",5,7,0.4,0.4,0.675,3.1,4.9,2,0,0,0.075,0.111111111111111,-0.0737327188940092
"712",3,2,0.25,0.2,1.4,3.05,3.2,-1,-0.0499999999999999,-0.2,1.6,1.14285714285714,-0.120901639344262
"712",4,4,0.55,0.55,0.6,2.35,2.35,0,0,0,0,0,2.22044604925031e-16
"712",5,6,0.25,0.25,0.525,2.35,2.75,1,0,0,-0.025,-0.0476190476190477,0.0135396518375241
"712",5,7,0.55,0.45,1.1,4.95,6.15,2,-0.1,-0.181818181818182,-0.15,-0.136363636363636,-0.0433604336043361
"712",5,7,0.55,0.5,0.825,3.85,5,2,-0.0500000000000001,-0.0909090909090911,-0.0750000000000001,-0.090909090909091,-0.0142857142857143
"712",3,3,0.55,0.55,0.7,1.95,1.85,0,0,0,-0.0499999999999999,-0.0714285714285713,0.0457380457380456
"712",3,3,0.55,0.5,1.4,3.35,4.6,0,-0.05,-0.090909090909091,0.65,0.464285714285714,-0.166450356911097
"712",4,3,0.25,0.2,0.733333333333333,2.45,3.3,-1,-0.0499999999999999,-0.2,0.816666666666667,1.11363636363636,-0.226345083487941
"712",4,4,0.25,0.25,0.6,2.05,2.05,0,0,0,1.11022302462516e-16,1.85037170770859e-16,0
"712",4,5,0.55,0.45,0.733333333333333,2.75,3.05,1,-0.1,-0.181818181818182,-0.0833333333333333,-0.113636363636364,-0.0622950819672131
"712",5,6,0.55,0.5,0.675,3.25,3.5,1,-0.05,-0.090909090909091,-0.0750000000000001,-0.111111111111111,0.0109890109890109
"712",3,3,0.4,0.45,0.9,2.2,1.95,0,0.0499999999999999,0.125,-0.15,-0.166666666666667,0.146853146853147
"712",5,7,0.25,0.2,0.825,3.55,4.7,2,-0.0499999999999999,-0.2,-0.075,-0.0909090909090909,-0.0542403356308061
"712",4,4,0.25,0.25,0.7,2.35,2.65,0,0,0,0.1,0.142857142857143,-0.0481734243275794
"712",3,3,0.25,0.25,1.8,3.85,4.55,0,0,0,0.35,0.194444444444444,-0.02997002997003
"712",5,7,0.4,0.3,1.1,4.8,5.4,2,-0.1,-0.25,-0.25,-0.227272727272727,-0.0277777777777777
"712",4,5,0.55,0.55,0.9,3.25,3.75,1,-1.11022302462516e-16,-2.01858731750028e-16,-0.1,-0.111111111111111,0.0564102564102562
"712",4,5,0.55,0.45,1.1,3.85,3.65,1,-0.1,-0.181818181818182,-0.3,-0.272727272727273,0.0450097847358121
"712",3,3,0.25,0.3,0.9,2.05,1.9,0,0.05,0.2,-0.1,-0.111111111111111,0.10783055198973
"712",5,6,0.4,0.3,0.525,2.5,3.3,1,-0.1,-0.25,0.075,0.142857142857143,-0.254545454545455
"712",3,2,0.25,0.3,1.1,2.45,2.8,-1,0.05,0.2,1.4,1.27272727272727,-0.0918367346938775
"712",5,7,0.25,0.25,0.9,3.85,5.05,2,0,0,-0.1,-0.111111111111111,0.0218593287900218
"712",3,2,0.55,0.65,2.2,4.95,4.25,-1,0.1,0.181818181818182,1.4,0.636363636363636,-0.0274509803921568
"712",3,2,0.4,0.55,2.2,4.8,4.35,-1,0.15,0.375,1.6,0.727272727272727,0.00287356321839072
"712",5,7,0.25,0.2,1.1,4.65,7.1,2,-0.05,-0.2,0.0499999999999998,0.0454545454545453,-0.0716341057095259
"712",4,4,0.25,0.25,1.1,3.55,4.45,0,5.55111512312578e-17,2.22044604925031e-16,0.3,0.272727272727273,-0.0569710397214748
"712",5,6,0.25,0.25,0.8625,3.7,5.75,1,5.55111512312578e-17,2.22044604925031e-16,0.2375,0.27536231884058,-0.0769682726204464
"712",4,5,0.4,0.4,0.6,2.2,3.8,1,0,0,0.25,0.416666666666666,-0.200956937799043
"712",5,6,0.4,0.4,0.9,4,3.9,1,-5.55111512312578e-17,-1.38777878078145e-16,-0.2,-0.222222222222222,0.115384615384615
"712",4,4,0.25,0.3,0.466666666666667,1.65,2.1,0,0.05,0.2,0.133333333333333,0.285714285714286,-0.0346320346320346
"712",3,2,0.25,0.25,1.1,2.45,2.45,-1,5.55111512312578e-17,2.22044604925031e-16,1.1,1,-0.102040816326531
"712",4,4,0.4,0.4,0.9,3.1,4,0,0,0,0.3,0.333333333333333,-0.116129032258064
"712",4,4,0.25,0.2,0.733333333333333,2.45,2.9,0,-0.05,-0.2,0.166666666666667,0.227272727272727,-0.132301196340605
"712",4,4,0.25,0.25,0.783333333333333,2.6,2.35,0,5.55111512312578e-17,2.22044604925031e-16,-0.0833333333333334,-0.106382978723404,0.0409165302782326
"712",5,6,0.25,0.2,1.1,4.65,5.2,1,-0.05,-0.2,-0.1,-0.090909090909091,-0.0380479735318445
"712",5,5,0.55,0.5,0.7,3.35,3.7,0,-0.05,-0.090909090909091,0.1,0.142857142857143,-0.145219846712384
"712",4,6,0.25,0.15,1.1,3.55,4.15,2,-0.0999999999999999,-0.4,-0.3,-0.272727272727273,-0.0648226709655522
"712",3,3,0.55,0.65,1.4,3.35,4.15,0,0.1,0.181818181818182,0.35,0.25,-0.0226577953605466
"712",5,6,0.25,0.35,0.675,2.95,4.85,1,0.1,0.4,0.225,0.333333333333333,0.00926087716232743
"712",4,4,0.25,0.25,0.466666666666667,1.65,2.05,0,0,0,0.133333333333333,0.285714285714286,-0.118255728011826
"712",4,4,0.4,0.4,0.6,2.2,2.2,0,-5.55111512312578e-17,-1.38777878078145e-16,-1.11022302462516e-16,-1.85037170770859e-16,0
"712",3,3,0.25,0.2,1.8,3.85,3.1,0,-0.05,-0.2,-0.35,-0.194444444444444,-0.0012568077084206
"712",4,4,0.55,0.6,0.733333333333333,2.75,3.6,0,0.0499999999999999,0.0909090909090908,0.266666666666667,0.363636363636364,-0.133333333333333
"712",3,3,0.55,0.55,1.8,4.15,3.25,0,0,0,-0.45,-0.25,0.110101946246525
"712",3,3,0.4,0.35,1.1,2.6,2.75,0,-0.05,-0.125,0.0999999999999999,0.0909090909090908,-0.0797202797202797
"712",5,6,0.25,0.3,0.8625,3.7,5.3,1,0.05,0.2,0.1375,0.159420289855072,0.00178480367159611
"712",3,3,0.25,0.3,2.2,4.65,4.8,0,0.05,0.2,0.0499999999999998,0.0227272727272726,0.0262096774193548
"712",3,3,0.25,0.2,1.475,3.2,3.2,0,-0.05,-0.2,0.0249999999999999,0.0169491525423728,-0.046875
"712",5,7,0.55,0.5,1.1,4.95,5.3,2,-0.0500000000000001,-0.0909090909090911,-0.3,-0.272727272727273,0.10482180293501
"712",5,5,0.25,0.3,0.825,3.55,3.9,0,0.05,0.2,0.0750000000000001,0.090909090909091,0.0325027085590466
"712",4,5,0.55,0.55,0.9,3.25,3.95,1,-1.11022302462516e-16,-2.01858731750028e-16,-0.05,-0.0555555555555556,0.0192794547224926
"712",3,3,0.4,0.4,2.2,4.8,4.6,0,0,0,-0.0999999999999996,-0.0454545454545453,0.0108695652173912
"712",4,5,0.25,0.35,0.7,2.35,3.95,1,0.1,0.4,0.2,0.285714285714286,0.0175060597899273
"712",3,3,0.25,0.3,0.9,2.05,2.3,0,0.05,0.2,0.1,0.111111111111111,0.0254506892895016
"712",3,2,0.4,0.6,0.9,2.2,2.1,-1,0.2,0.5,0.6,0.666666666666667,0.025974025974026
"712",5,6,0.55,0.45,0.675,3.25,3.45,1,-0.1,-0.181818181818182,-0.0750000000000001,-0.111111111111111,-0.0635451505016722
"712",5,7,0.4,0.4,0.675,3.1,3.4,2,0,0,-0.175,-0.259259259259259,0.178368121442125
"712",5,5,0.25,0.35,0.7,3.05,3.15,0,0.1,0.4,0,0,0.145719489981785
"712",3,2,0.55,0.75,2.2,4.95,4.55,-1,0.2,0.363636363636364,1.6,0.727272727272727,-0.00366300366300365
"712",3,4,0.4,0.45,0.7,1.8,2.25,1,0.05,0.125,-0.1,-0.142857142857143,0.133333333333333
"712",4,4,0.4,0.4,0.466666666666667,1.8,2.2,0,-5.55111512312578e-17,-1.38777878078145e-16,0.133333333333333,0.285714285714286,-0.161616161616162
"712",4,5,0.55,0.5,1.1,3.85,4.1,1,-0.05,-0.090909090909091,-0.2,-0.181818181818182,0.0383275261324043
"712",5,7,0.4,0.4,1.1,4.8,7.6,2,0,0,0.0999999999999999,0.0909090909090908,-0.0482456140350876
"712",5,7,0.25,0.2,0.9,3.85,5.6,2,-0.05,-0.2,0,0,-0.0746753246753247
"712",3,2,0.25,0.3,1.4,3.05,2.4,-1,0.05,0.2,0.7,0.5,0.00409836065573768
"712",3,2,0.55,0.5,0.7,1.95,1.2,-1,-0.0500000000000001,-0.0909090909090911,0,0,-0.012820512820513
"712",4,4,0.25,0.3,0.9,2.95,2.7,0,0.05,0.2,-0.1,-0.111111111111111,0.105461393596987
"712",4,5,0.4,0.3,0.7,2.5,2.5,1,-0.1,-0.25,-0.15,-0.214285714285714,-0.04
"712",5,5,0.4,0.35,0.525,2.5,2.35,0,-0.05,-0.125,-0.025,-0.0476190476190477,-0.0553191489361703
"712",3,3,0.55,0.45,1.1,2.75,2.15,0,-0.1,-0.181818181818182,-0.25,-0.227272727272727,0.027906976744186
"712",5,6,0.55,0.45,0.9,4.15,3.95,1,-0.1,-0.181818181818182,-0.2,-0.222222222222222,0.0208937013878298
"712",5,5,0.25,0.2,0.525,2.35,2.4,0,-0.05,-0.2,0.025,0.0476190476190477,-0.115248226950355
"712",4,6,0.4,0.45,1.1,3.7,3.45,2,0.05,0.125,-0.5,-0.454545454545455,0.350176263219741
"712",3,3,0.4,0.35,1.8,4,3.65,0,-0.05,-0.125,-0.15,-0.0833333333333333,-0.0123287671232877
"712",4,5,0.55,0.55,0.7,2.65,3.15,1,-1.11022302462516e-16,-2.01858731750028e-16,-0.0499999999999999,-0.0714285714285713,0.0428271937705897
"712",4,4,0.25,0.25,0.6,2.05,2.35,0,0,0,0.1,0.166666666666667,-0.0622729631551635
"712",3,3,0.25,0.3,0.7,1.65,1.9,0,0.05,0.2,0.1,0.142857142857143,0.0191387559808612
"712",5,7,0.4,0.35,0.9,4,4.55,2,-0.05,-0.125,-0.2,-0.222222222222222,0.0384615384615385
"712",4,4,0.55,0.6,0.6,2.35,2.7,0,0.0499999999999999,0.0909090909090908,0.1,0.166666666666667,-0.0472813238770685
"712",5,5,0.55,0.55,0.825,3.85,3.35,0,-1.11022302462516e-16,-2.01858731750028e-16,-0.125,-0.151515151515152,0.106609808102345
"712",5,7,0.4,0.45,0.7,3.2,4.95,2,0.05,0.125,0.05,0.0714285714285715,0.0113636363636364
"712",3,3,0.55,0.5,0.9,2.35,1.7,0,-0.0500000000000001,-0.0909090909090911,-0.3,-0.333333333333333,0.180225281602002
"712",5,6,0.25,0.25,0.9,3.85,4.75,1,0,0,0,0,-0.00888585099111416
"712",5,6,0.55,0.55,0.9,4.15,5.05,1,0,0,0,0,-0.00918525587498498
"712",4,4,0.25,0.35,0.7,2.35,3.95,0,0.1,0.4,0.5,0.714285714285714,-0.0711015351467816
"712",4,5,0.55,0.5,0.9,3.25,4.5,1,-0.0500000000000001,-0.0909090909090911,0.1,0.111111111111111,-0.121367521367521
"712",3,3,0.25,0.2,1.475,3.2,3.9,0,-0.0499999999999999,-0.2,0.375,0.254237288135593,-0.0805288461538461
"712",3,4,0.25,0.25,0.7,1.65,2.05,1,5.55111512312578e-17,2.22044604925031e-16,-0.1,-0.142857142857143,0.0332594235033261
"712",5,7,0.55,0.45,1.1,4.95,5.55,2,-0.1,-0.181818181818182,-0.25,-0.227272727272727,0.012012012012012
"712",3,3,0.25,0.3,2.2,4.65,3.8,0,0.05,0.2,-0.45,-0.204545454545455,0.0755517826825127
"712",4,4,0.55,0.6,0.733333333333333,2.75,3,0,0.05,0.090909090909091,0.0666666666666668,0.0909090909090911,0
"712",4,4,0.4,0.3,0.7,2.5,2.7,0,-0.1,-0.25,0.1,0.142857142857143,-0.195555555555556
"712",4,5,0.4,0.45,1.1,3.7,4.05,1,0.05,0.125,-0.2,-0.181818181818182,0.123123123123123
"712",3,3,0.55,0.5,0.7,1.95,1.8,0,-0.0500000000000001,-0.0909090909090911,-0.0499999999999999,-0.0714285714285713,-0.0128205128205131
"712",4,5,0.25,0.35,0.466666666666667,1.65,2.55,1,0.1,0.4,0.0833333333333334,0.178571428571429,0.0802139037433155
"712",4,4,0.55,0.5,0.7,2.65,2.6,0,-0.0500000000000001,-0.0909090909090911,0,0,-0.0609579100145139
"712",4,4,0.25,0.3,0.6,2.05,3,0,0.05,0.2,0.3,0.5,-0.0878048780487805
"712",5,7,0.4,0.35,0.7,3.2,5.15,2,-0.05,-0.125,0.1,0.142857142857143,-0.149271844660194
"712",4,5,0.4,0.25,0.9,3.1,3.05,1,-0.15,-0.375,-0.2,-0.222222222222222,-0.106292966684294
"712",3,3,0.55,0.55,1.8,4.15,4.55,0,-1.11022302462516e-16,-2.01858731750028e-16,0.2,0.111111111111111,-0.0349529988084205
"712",5,7,0.4,0.4,1.1,4.8,5.2,2,-5.55111512312578e-17,-1.38777878078145e-16,-0.3,-0.272727272727273,0.121794871794872
"712",3,3,0.25,0.3,1.8,3.85,3,0,0.05,0.2,-0.45,-0.25,0.105194805194805
"712",3,3,0.4,0.35,2.2,4.8,5.05,0,-0.05,-0.125,0.15,0.0681818181818184,-0.0420792079207922
"712",3,3,0.25,0.2,0.9,2.05,1.5,0,-0.05,-0.2,-0.25,-0.277777777777778,0.0341463414634147
"712",3,2,0.4,0.55,1.8,4,4.35,-1,0.15,0.375,2,1.11111111111111,-0.0471264367816092
"712",5,7,0.25,0.2,0.825,3.55,4.4,2,-0.0499999999999999,-0.2,-0.125,-0.151515151515152,-0.0339308578745198
"712",5,7,0.25,0.2,0.8625,3.7,5,2,-0.0499999999999999,-0.2,-0.0625,-0.072463768115942,-0.0578378378378378
"712",4,5,0.25,0.3,0.9,2.95,3.7,1,0.05,0.2,-0.05,-0.0555555555555556,0.0664223545579478
"712",5,5,0.55,0.55,0.825,3.85,3.55,0,0,0,-0.0750000000000001,-0.090909090909091,0.0603621730382294
"712",4,4,0.25,0.3,0.733333333333333,2.45,2.7,0,0.05,0.2,0.0666666666666667,0.0909090909090909,0.0362811791383221
"712",3,2,0.55,0.65,1.4,3.35,3.65,-1,0.1,0.181818181818182,1.6,1.14285714285714,-0.136372929871192
"712",3,2,0.4,0.6,1.1,2.6,2.4,-1,0.2,0.5,0.7,0.636363636363636,0.0384615384615385
"712",3,3,0.4,0.45,0.9,2.2,2.55,0,0.05,0.125,0.15,0.166666666666667,-0.0160427807486632
"712",4,4,0.55,0.6,1.1,3.85,3.9,0,0.0499999999999999,0.0909090909090908,0,0,0.0439560439560439
"712",3,3,0.55,0.5,1.1,2.75,2.5,0,-0.05,-0.090909090909091,-0.1,-0.090909090909091,-1.11022302462516e-16
"712",4,3,0.25,0.25,1.1,3.55,3.15,-1,5.55111512312578e-17,2.22044604925031e-16,0.35,0.318181818181818,-0.0435949027498322
"712",5,5,0.55,0.7,0.675,3.25,4.1,0,0.15,0.272727272727273,0.175,0.259259259259259,0.00750469043152002
"712",5,5,0.4,0.25,0.525,2.5,2.25,0,-0.15,-0.375,-0.025,-0.0476190476190477,-0.244444444444444
"712",4,5,0.4,0.5,0.466666666666667,1.8,3.1,1,0.1,0.25,0.183333333333333,0.392857142857143,-0.0824372759856632
"712",3,3,0.55,0.5,2.2,4.95,5.2,0,-0.05,-0.090909090909091,0.15,0.0681818181818181,-0.0448717948717949
"712",5,5,0.4,0.5,0.9,4,5.1,0,0.1,0.25,0.25,0.277777777777778,-0.00980392156862742
"712",5,5,0.55,0.45,0.7,3.35,2.85,0,-0.1,-0.181818181818182,-0.1,-0.142857142857143,-0.0314218381775333
"712",3,2,0.4,0.4,0.7,1.8,1.2,-1,-5.55111512312578e-17,-1.38777878078145e-16,0.1,0.142857142857143,-1.11022302462516e-16
"712",3,2,0.25,0.15,1.1,2.45,2.45,-1,-0.0999999999999999,-0.4,1.2,1.09090909090909,-0.183673469387755
"712",5,5,0.25,0.2,0.675,2.95,4.6,0,-0.05,-0.2,0.425,0.62962962962963,-0.206337509211496
"712",4,4,0.25,0.2,0.783333333333333,2.6,3.5,0,-0.0499999999999999,-0.2,0.316666666666667,0.404255319148936,-0.156043956043956
"712",3,2,0.25,0.15,1.4,3.05,3.65,-1,-0.0999999999999999,-0.4,2.1,1.5,-0.163709858522344
"712",5,7,0.25,0.15,1.1,4.65,7.65,2,-0.1,-0.4,0.15,0.136363636363636,-0.131562302340291
"712",5,6,0.25,0.2,0.7,3.05,3.7,1,-0.05,-0.2,0,0,-0.0855117412494462
"712",5,7,0.4,0.35,0.675,3.1,4.85,2,-0.05,-0.125,0.075,0.111111111111111,-0.140006651147323
"712",3,3,0.55,0.45,0.9,2.35,2.05,0,-0.1,-0.181818181818182,-0.1,-0.111111111111111,-0.0435910742086145
"712",4,4,0.55,0.6,0.6,2.35,2.7,0,0.05,0.090909090909091,0.1,0.166666666666667,-0.0472813238770684
"712",5,7,0.25,0.2,0.525,2.35,3.2,2,-0.0499999999999999,-0.2,-0.025,-0.0476190476190477,-0.0944148936170212
"712",4,5,0.4,0.4,0.6,2.2,3.2,1,0,0,0.0999999999999999,0.166666666666666,-0.102272727272727
"713",4,4,0.55,0.9,0.6,2.35,3.9,0,0.35,0.636363636363637,0.4,0.666666666666667,-0.0130932896890341
"713",5,5,0.4,0.4,0.9,4,3,0,0,0,-0.25,-0.277777777777778,0.166666666666667
"713",3,3,0.4,0.6,1.1,2.6,2.7,0,0.2,0.5,-0.05,-0.0454545454545455,0.205128205128205
"713",5,5,0.4,0.35,0.525,2.5,2.95,0,-0.05,-0.125,0.125,0.238095238095238,-0.206779661016949
"713",3,3,0.4,0.35,0.7,1.8,2.15,0,-0.05,-0.125,0.2,0.285714285714286,-0.178294573643411
"713",3,3,0.4,0.55,2.2,4.8,3.75,0,0.15,0.375,-0.6,-0.272727272727273,0.19
"713",4,4,0.4,0.3,0.7,2.5,3,0,-0.1,-0.25,0.2,0.285714285714286,-0.24
"713",5,5,0.25,0.2,0.675,2.95,3.4,0,-0.05,-0.2,0.125,0.185185185185185,-0.129611166500499
"713",4,4,0.4,0.45,0.9,3.1,3.45,0,0.0499999999999999,0.125,0.1,0.111111111111111,0.00561009817671798
"713",5,3,0.4,0.35,0.675,3.1,2.75,-2,-0.05,-0.125,0.525,0.777777777777778,-0.263343108504399
"713",4,4,0.25,0.3,1.1,3.55,3.3,0,0.05,0.2,-0.1,-0.090909090909091,0.0819462227912933
"713",3,3,0.25,0.15,2.2,4.65,3.65,0,-0.1,-0.4,-0.45,-0.204545454545455,-0.0380026513477684
"713",3,3,0.25,0.25,0.7,1.65,1.85,0,5.55111512312578e-17,2.22044604925031e-16,0.1,0.142857142857143,-0.0491400491400491
"713",4,4,0.4,0.35,0.466666666666667,1.8,1.85,0,-0.05,-0.125,0.0333333333333333,0.0714285714285714,-0.132132132132132
"713",5,5,0.55,0.5,0.825,3.85,3.9,0,-0.0500000000000001,-0.0909090909090911,0.0249999999999999,0.0303030303030302,-0.0732600732600733
"713",3,3,0.25,0.25,1.8,3.85,4.05,0,5.55111512312578e-17,2.22044604925031e-16,0.0999999999999999,0.0555555555555555,-0.00962000962000956
"713",5,4,0.4,0.55,0.7,3.2,4.15,-1,0.15,0.375,0.5,0.714285714285714,-0.094879518072289
"713",5,5,0.25,0.25,0.825,3.55,3.65,0,5.55111512312578e-17,2.22044604925031e-16,0.025,0.0303030303030303,-0.00964692263168043
"713",5,5,0.55,0.35,1.1,4.95,3.15,0,-0.2,-0.363636363636364,-0.4,-0.363636363636364,0
"713",4,4,0.25,0.2,0.7,2.35,2.3,0,-0.05,-0.2,0,0,-0.0777058279370953
"713",5,4,0.4,0.3,1.1,4.8,5.4,-1,-0.1,-0.25,0.6,0.545454545454545,-0.194444444444444
"713",3,3,0.55,0.5,1.4,3.35,2.9,0,-0.05,-0.090909090909091,-0.2,-0.142857142857143,0.024704065877509
"713",3,3,0.25,0.25,0.9,2.05,2.65,0,0,0,0.3,0.333333333333333,-0.0828347906120571
"713",5,4,0.25,0.25,0.525,2.35,2.05,-1,0,0,0.075,0.142857142857143,-0.0441100155682407
"713",3,3,0.55,0.75,0.9,2.35,3.15,0,0.2,0.363636363636364,0.3,0.333333333333333,0.0121580547112463
"713",4,4,0.25,0.25,0.6,2.05,2.05,0,5.55111512312578e-17,2.22044604925031e-16,1.11022302462516e-16,1.85037170770859e-16,1.11022302462516e-16
"713",4,4,0.55,0.4,0.733333333333333,2.75,2.5,0,-0.15,-0.272727272727273,-0.0333333333333333,-0.0454545454545454,-0.16
"713",3,3,0.4,0.45,0.9,2.2,2.25,0,0.0499999999999999,0.125,0,0,0.0545454545454545
"713",3,3,0.25,0.2,1.475,3.2,2.5,0,-0.0499999999999999,-0.2,-0.325,-0.220338983050848,0.00562500000000007
"713",3,3,0.25,0.25,1.4,3.05,2.85,0,0,0,-0.0999999999999999,-0.0714285714285713,0.0172562553925798
"713",3,3,0.55,0.6,0.7,1.95,2.2,0,0.05,0.090909090909091,0.1,0.142857142857143,-0.027972027972028
"713",3,3,0.55,0.65,1.1,2.75,2.85,0,0.1,0.181818181818182,0,0,0.0842105263157894
"713",5,6,0.25,0.15,1.1,4.65,5.15,1,-0.1,-0.4,-0.1,-0.090909090909091,-0.0940599227476772
"713",5,5,0.25,0.15,0.8625,3.7,3.15,0,-0.0999999999999999,-0.4,-0.1125,-0.130434782608696,-0.0997425997425996
"713",4,4,0.25,0.2,0.466666666666667,1.65,2.6,0,-0.05,-0.2,0.333333333333333,0.714285714285714,-0.298368298368298
"713",5,4,0.25,0.15,0.7,3.05,3.15,-1,-0.0999999999999999,-0.4,0.3,0.428571428571429,-0.21935987509758
"713",3,3,0.55,0.6,2.2,4.95,4.1,0,0.05,0.090909090909091,-0.45,-0.204545454545455,0.105691056910569
"713",4,4,0.55,0.6,1.1,3.85,4.5,0,0.0499999999999999,0.0909090909090908,0.2,0.181818181818182,-0.0380952380952381
"713",3,3,0.25,0.25,1.1,2.45,3.05,0,0,0,0.3,0.272727272727273,-0.0602208096353295
"713",4,3,0.4,0.35,0.6,2.2,1.65,-1,-0.05,-0.125,0.0499999999999999,0.0833333333333332,-0.0909090909090911
"713",4,4,0.55,0.45,0.9,3.25,3.45,0,-0.1,-0.181818181818182,0.1,0.111111111111111,-0.155183946488294
"713",5,5,0.25,0.2,0.9,3.85,2.6,0,-0.05,-0.2,-0.3,-0.333333333333333,0.0599400599400599
"713",4,4,0.25,0.15,0.9,2.95,2.25,0,-0.0999999999999999,-0.4,-0.2,-0.222222222222222,-0.0723163841807907
"713",5,5,0.55,0.7,0.675,3.25,4.9,0,0.15,0.272727272727273,0.375,0.555555555555555,-0.131868131868132
"713",3,3,0.4,0.5,1.8,4,3.4,0,0.1,0.25,-0.35,-0.194444444444444,0.141176470588235
"713",4,4,0.25,0.25,0.783333333333333,2.6,2.65,0,5.55111512312578e-17,2.22044604925031e-16,0.0166666666666667,0.0212765957446809,-0.00725689404934682
"713",5,5,0.55,0.45,0.9,4.15,4.25,0,-0.1,-0.181818181818182,0.0499999999999999,0.0555555555555555,-0.133238837703756
"713",4,4,0.4,0.35,1.1,3.7,3.05,0,-0.05,-0.125,-0.2,-0.181818181818182,0.0265839610101905
"713",4,4,0.55,0.4,0.7,2.65,3.1,0,-0.15,-0.272727272727273,0.2,0.285714285714286,-0.314059646987219
"713",5,5,0.55,0.6,0.7,3.35,4.2,0,0.0499999999999999,0.0909090909090908,0.2,0.285714285714286,-0.106609808102345
"713",3,3,0.4,0.4,0.9,2.2,2.5,0,0,0,0.15,0.166666666666667,-0.0654545454545454
"713",3,3,0.55,0.6,1.1,2.75,2.6,0,0.0499999999999999,0.0909090909090908,-0.1,-0.090909090909091,0.0923076923076921
"713",4,4,0.55,0.6,1.1,3.85,3.9,0,0.0499999999999999,0.0909090909090908,0,0,0.0439560439560439
"713",4,4,0.25,0.35,0.6,2.05,3.35,0,0.1,0.4,0.4,0.666666666666667,-0.0698944302875865
"713",3,3,0.55,0.6,1.4,3.35,2.9,0,0.0499999999999999,0.0909090909090908,-0.25,-0.178571428571429,0.128152341739578
"713",4,4,0.25,0.2,0.9,2.95,3.2,0,-0.0499999999999999,-0.2,0.1,0.111111111111111,-0.0889830508474576
"713",4,4,0.4,0.5,0.9,3.1,3.2,0,0.0999999999999999,0.25,0,0,0.108870967741935
"713",5,5,0.25,0.2,0.8625,3.7,3.4,0,-0.05,-0.2,-0.0625,-0.072463768115942,-0.0437201907790143
"713",5,5,0.4,0.4,0.7,3.2,3,0,-5.55111512312578e-17,-1.38777878078145e-16,-0.0499999999999999,-0.0714285714285713,0.0416666666666666
"713",3,3,0.4,0.5,1.1,2.6,2.5,0,0.1,0.25,-0.1,-0.090909090909091,0.138461538461538
"713",4,4,0.55,0.6,0.733333333333333,2.75,3.3,0,0.0499999999999999,0.0909090909090908,0.166666666666667,0.227272727272727,-0.0727272727272729
"713",3,3,0.55,0.5,0.7,1.95,2.1,0,-0.0500000000000001,-0.0909090909090911,0.1,0.142857142857143,-0.131868131868132
"713",5,4,0.25,0.3,0.7,3.05,2.7,-1,0.05,0.2,0.1,0.142857142857143,0.0346083788706739
"713",4,4,0.55,0.45,0.9,3.25,2.55,0,-0.1,-0.181818181818182,-0.2,-0.222222222222222,0.0289592760180996
"713",3,3,0.4,0.6,0.7,1.8,2.4,0,0.2,0.5,0.2,0.285714285714286,0.0833333333333333
"713",4,4,0.55,0.55,0.7,2.65,2.95,0,0,0,0.1,0.142857142857143,-0.0844259673808764
"713",3,3,0.25,0.3,1.4,3.05,1.9,0,0.05,0.2,-0.6,-0.428571428571428,0.227782571182054
"713",3,3,0.55,0.5,1.8,4.15,2.6,0,-0.0500000000000001,-0.0909090909090911,-0.75,-0.416666666666667,0.179332715477294
"713",5,4,0.4,0.35,1.1,4.8,3.05,-1,-0.05,-0.125,-0.2,-0.181818181818182,0.0423497267759563
"713",5,4,0.4,0.6,0.525,2.5,3.3,-1,0.2,0.5,0.375,0.714285714285714,-0.0727272727272729
"713",3,3,0.25,0.25,2.2,4.65,3.25,0,5.55111512312578e-17,2.22044604925031e-16,-0.7,-0.318181818181818,0.0694789081885857
"713",3,3,0.25,0.25,1.1,2.45,2.25,0,0,0,-0.1,-0.090909090909091,0.0272108843537415
"713",4,4,0.25,0.2,0.783333333333333,2.6,2.9,0,-0.0499999999999999,-0.2,0.116666666666667,0.148936170212766,-0.108753315649867
"713",4,4,0.55,0.55,0.6,2.35,3.25,0,-1.11022302462516e-16,-2.01858731750028e-16,0.3,0.5,-0.259247135842881
"713",3,3,0.25,0.25,0.9,2.05,2.25,0,5.55111512312578e-17,2.22044604925031e-16,0.1,0.111111111111111,-0.032520325203252
"713",5,5,0.25,0.25,1.1,4.65,4.05,0,0,0,-0.15,-0.136363636363636,0.0398247710075668
"713",5,4,0.55,0.5,0.7,3.35,2.9,-1,-0.0500000000000001,-0.0909090909090911,0.1,0.142857142857143,-0.131240349974267
"713",3,3,0.55,0.5,2.2,4.95,2.7,0,-0.05,-0.090909090909091,-1.1,-0.5,0.222222222222222
"713",4,4,0.4,0.5,1.1,3.7,3.8,0,0.1,0.25,0,0,0.0938833570412517
"713",3,3,0.25,0.3,1.475,3.2,2.3,0,0.05,0.2,-0.475,-0.322033898305085,0.156929347826087
"713",4,4,0.25,0.15,1.1,3.55,3.15,0,-0.0999999999999999,-0.4,-0.1,-0.090909090909091,-0.0912139503688798
"713",5,5,0.55,0.35,0.825,3.85,3.95,0,-0.2,-0.363636363636364,0.075,0.0909090909090908,-0.27124773960217
"713",4,4,0.25,0.25,0.7,2.35,2.95,0,5.55111512312578e-17,2.22044604925031e-16,0.2,0.285714285714286,-0.0865488640461594
"713",4,4,0.25,0.3,0.733333333333333,2.45,3,0,0.05,0.2,0.166666666666667,0.227272727272727,-0.00816326530612244
"713",5,5,0.4,0.35,0.675,3.1,3.15,0,-0.05,-0.125,0.0249999999999999,0.0370370370370369,-0.089605734767025
"713",5,5,0.4,0.3,0.9,4,3.5,0,-0.1,-0.25,-0.1,-0.111111111111111,-0.0714285714285713
"713",4,4,0.4,0.55,0.7,2.5,3.25,0,0.15,0.375,0.2,0.285714285714286,0.0369230769230768
"713",5,5,0.55,0.4,0.675,3.25,3.4,0,-0.15,-0.272727272727273,0.075,0.111111111111111,-0.257918552036199
"713",5,3,0.55,0.4,0.9,4.15,2,-2,-0.15,-0.272727272727273,-0.1,-0.111111111111111,-0.0626506024096384
"713",3,3,0.25,0.25,0.7,1.65,1.75,0,0,0,0.05,0.0714285714285715,-0.025974025974026
"713",4,4,0.25,0.2,0.466666666666667,1.65,1.7,0,-0.0499999999999999,-0.2,0.0333333333333333,0.0714285714285714,-0.135472370766488
"713",3,3,0.55,0.45,0.9,2.35,2.35,0,-0.1,-0.181818181818182,0.0499999999999999,0.0555555555555555,-0.127659574468085
"713",5,5,0.25,0.15,0.675,2.95,2.55,0,-0.1,-0.4,-0.0750000000000001,-0.111111111111111,-0.129611166500498
"713",3,3,0.25,0.1,1.8,3.85,3.1,0,-0.15,-0.6,-0.3,-0.166666666666667,-0.0980310012568077
"713",3,3,0.4,0.4,2.2,4.8,2.8,0,-5.55111512312578e-17,-1.38777878078145e-16,-1,-0.454545454545454,0.178571428571429
"713",4,4,0.4,0.5,0.466666666666667,1.8,3.2,0,0.0999999999999999,0.25,0.433333333333333,0.928571428571429,-0.263888888888889
"713",3,3,0.4,0.4,1.8,4,2.8,0,0,0,-0.6,-0.333333333333333,0.128571428571429
"713",5,5,0.25,0.2,0.825,3.55,2.6,0,-0.05,-0.2,-0.225,-0.272727272727273,0.0325027085590465
"713",5,5,0.25,0.2,0.525,2.35,3.4,0,-0.0499999999999999,-0.2,0.275,0.523809523809524,-0.237797246558198
"713",5,5,0.55,0.45,1.1,4.95,4.85,0,-0.1,-0.181818181818182,0,0,-0.0916380297823597
"713",4,4,0.4,0.4,0.6,2.2,2.2,0,0,0,-1.11022302462516e-16,-1.85037170770859e-16,1.11022302462516e-16
"713",5,5,0.25,0.25,0.9,3.85,3.85,0,5.55111512312578e-17,2.22044604925031e-16,0,0,5.55111512312578e-17
"713",3,3,0.4,0.65,1.1,2.6,3.05,0,0.25,0.625,0.0999999999999999,0.0909090909090908,0.177805800756621
"713",5,5,0.25,0.35,0.675,2.95,3.55,0,0.1,0.4,0.125,0.185185185185185,0.0692289329195512
"713",5,5,0.55,0.65,0.7,3.35,5.05,0,0.1,0.181818181818182,0.4,0.571428571428572,-0.177331165952416
"713",5,5,0.4,0.25,0.675,3.1,2.85,0,-0.15,-0.375,-0.025,-0.0370370370370371,-0.20656479909451
"713",5,5,0.25,0.2,0.8625,3.7,3.6,0,-0.0499999999999999,-0.2,-0.0125000000000001,-0.0144927536231885,-0.0600600600600599
"713",4,4,0.4,0.3,0.7,2.5,2.4,0,-0.1,-0.25,0,0,-0.14
"713",4,4,0.25,0.35,0.783333333333333,2.6,2.45,0,0.1,0.4,-0.0833333333333334,-0.106382978723404,0.186813186813187
"713",3,3,0.4,0.4,0.7,1.8,2.2,0,0,0,0.2,0.285714285714286,-0.121212121212121
"713",5,4,0.55,0.55,0.675,3.25,3.25,-1,-1.11022302462516e-16,-2.01858731750028e-16,0.225,0.333333333333333,-0.169230769230769
"713",4,4,0.55,0.6,0.733333333333333,2.75,3,0,0.0499999999999999,0.0909090909090908,0.0666666666666668,0.0909090909090911,-2.22044604925031e-16
"713",3,3,0.25,0.3,1.1,2.45,2.3,0,0.05,0.2,-0.1,-0.090909090909091,0.0851818988464952
"713",3,3,0.25,0.15,2.2,4.65,3.55,0,-0.0999999999999999,-0.4,-0.5,-0.227272727272727,-0.0345297592003634
"713",4,4,0.4,0.35,1.1,3.7,3.35,0,-0.05,-0.125,-0.1,-0.090909090909091,-0.0145219846712384
"713",4,3,0.25,0.25,0.466666666666667,1.65,2.25,-1,5.55111512312578e-17,2.22044604925031e-16,0.533333333333333,1.14285714285714,-0.272727272727273
"713",4,4,0.25,0.1,0.7,2.35,2.8,0,-0.15,-0.6,0.2,0.285714285714286,-0.282674772036474
"713",4,4,0.25,0.25,0.733333333333333,2.45,2.65,0,0,0,0.0666666666666667,0.0909090909090909,-0.0308047747400847
"713",3,3,0.55,0.45,2.2,4.95,3.35,0,-0.1,-0.181818181818182,-0.75,-0.340909090909091,0.0696517412935323
"713",5,5,0.55,0.45,1.1,4.95,5.25,0,-0.1,-0.181818181818182,0.0999999999999999,0.0909090909090908,-0.126984126984127
"713",5,3,0.25,0.45,0.525,2.35,3.05,-2,0.2,0.8,0.775,1.47619047619048,-0.0892919427973491
"713",4,3,0.4,0.35,0.6,2.2,1.55,-1,-0.05,-0.125,-1.11022302462516e-16,-1.85037170770859e-16,-0.0498533724340177
"713",3,3,0.25,0.1,0.7,1.65,1.1,0,-0.15,-0.6,-0.2,-0.285714285714286,-0.181818181818182
"713",5,5,0.55,0.35,0.825,3.85,3.75,0,-0.2,-0.363636363636364,0.0249999999999999,0.0303030303030302,-0.247619047619048
"713",4,4,0.25,0.3,0.6,2.05,2.1,0,0.05,0.2,1.11022302462516e-16,1.85037170770859e-16,0.0836236933797911
"713",5,5,0.55,0.5,0.9,4.15,4.9,0,-0.05,-0.090909090909091,0.2,0.222222222222222,-0.152446520776985
"713",5,4,0.25,0.3,0.825,3.55,1.5,-1,0.05,0.2,-0.425,-0.515151515151515,0.447887323943662
"713",4,4,0.55,0.3,0.9,3.25,3,0,-0.25,-0.454545454545455,0,0,-0.276923076923077
"713",5,5,0.25,0.2,1.1,4.65,3,0,-0.05,-0.2,-0.4,-0.363636363636364,0.0645161290322581
"713",4,4,0.55,0.55,0.6,2.35,2.35,0,-1.11022302462516e-16,-2.01858731750028e-16,0,0,0
"713",4,4,0.25,0.2,0.9,2.95,3.2,0,-0.05,-0.2,0.1,0.111111111111111,-0.0889830508474576
"713",3,3,0.25,0.15,1.8,3.85,2.55,0,-0.1,-0.4,-0.6,-0.333333333333333,-0.0183346065699007
"713",3,3,0.55,0.55,1.1,2.75,2.35,0,-1.11022302462516e-16,-2.01858731750028e-16,-0.2,-0.181818181818182,0.102127659574468
"713",3,3,0.4,0.5,2.2,4.8,3.8,0,0.1,0.25,-0.55,-0.25,0.144736842105263
"713",5,5,0.25,0.25,0.7,3.05,4.65,0,0,0,0.4,0.571428571428572,-0.141018861272695
"713",3,3,0.55,0.6,1.4,3.35,3.4,0,0.0499999999999999,0.0909090909090908,0,0,0.0368744512730465
"713",4,4,0.4,0.45,0.9,3.1,3.75,0,0.0499999999999999,0.125,0.2,0.222222222222222,-0.0361290322580646
"713",3,3,0.55,0.75,0.7,1.95,3.15,0,0.2,0.363636363636364,0.5,0.714285714285714,-0.131868131868132
"713",3,3,0.25,0.2,1.4,3.05,2.8,0,-0.05,-0.2,-0.0999999999999999,-0.0714285714285713,-0.031615925058548
"713",3,3,0.55,0.55,1.8,4.15,4.25,0,0,0,0.05,0.0277777777777778,-0.00935506732813607
"713",4,4,0.25,0.35,1.1,3.55,4.85,0,0.1,0.4,0.4,0.363636363636364,0.00696965296936264
"713",4,4,0.55,0.5,0.7,2.65,2.9,0,-0.05,-0.090909090909091,0.1,0.142857142857143,-0.14053350683149
"713",3,3,0.4,0.4,0.9,2.2,2.3,0,-5.55111512312578e-17,-1.38777878078145e-16,0.0499999999999999,0.0555555555555555,-0.0237154150197629
"713",3,4,0.4,0.3,1.8,4,3.9,1,-0.1,-0.25,-0.6,-0.333333333333333,0.00769230769230766
"713",4,4,0.4,0.25,0.466666666666667,1.8,1.45,0,-0.15,-0.375,-0.0666666666666667,-0.142857142857143,-0.199233716475096
"713",3,3,0.25,0.15,1.475,3.2,2.75,0,-0.1,-0.4,-0.175,-0.11864406779661,-0.0707386363636363
"713",5,5,0.4,0.2,1.1,4.8,3.4,0,-0.2,-0.5,-0.3,-0.272727272727273,-0.122549019607843
"713",5,5,0.4,0.4,0.525,2.5,3.4,0,0,0,0.225,0.428571428571428,-0.211764705882353
"713",3,2,0.25,0.35,0.9,2.05,1.35,-1,0.1,0.4,0.1,0.111111111111111,0.152664859981933
"713",5,5,0.4,0.3,0.9,4,3.3,0,-0.1,-0.25,-0.15,-0.166666666666667,-0.0454545454545454
"713",4,4,0.55,0.55,1.1,3.85,4.45,0,0,0,0.2,0.181818181818182,-0.0770465489566612
"713",5,5,0.4,0.55,0.7,3.2,4.35,0,0.15,0.375,0.25,0.357142857142857,0.00718390804597702
"713",3,3,0.55,0.5,0.9,2.35,2.4,0,-0.05,-0.090909090909091,0.0499999999999999,0.0555555555555555,-0.0771276595744681
"713",5,5,0.25,0.3,0.9,3.85,4.3,0,0.05,0.2,0.1,0.111111111111111,0.0241618846270009
"713",5,4,0.25,0.25,0.9,3.85,3.85,-1,0,0,0.3,0.333333333333333,-0.0649350649350649
"713",4,4,0.55,0.5,0.9,3.25,3.5,0,-0.05,-0.090909090909091,0.1,0.111111111111111,-0.105494505494506
"713",3,3,0.55,0.55,0.7,1.95,1.95,0,-1.11022302462516e-16,-2.01858731750028e-16,0,0,0
"713",3,3,0.55,0.6,2.2,4.95,3.5,0,0.0499999999999999,0.0909090909090908,-0.75,-0.340909090909091,0.180952380952381
"713",4,4,0.55,0.55,1.1,3.85,3.85,0,-1.11022302462516e-16,-2.01858731750028e-16,0,0,0
"713",4,3,0.4,0.3,0.466666666666667,1.8,1.3,-1,-0.1,-0.25,0.0333333333333333,0.0714285714285714,-0.196581196581197
"713",5,5,0.25,0.25,0.7,3.05,2.85,0,0,0,-0.0499999999999999,-0.0714285714285713,0.0287604256542996
"713",5,4,0.25,0.2,0.675,2.95,2,-1,-0.0499999999999999,-0.2,-0.0750000000000001,-0.111111111111111,-0.0237288135593219
"713",4,4,0.4,0.3,1.1,3.7,4.2,0,-0.1,-0.25,0.2,0.181818181818182,-0.146718146718147
"713",4,4,0.25,0.35,0.733333333333333,2.45,2.15,0,0.1,0.4,-0.133333333333333,-0.181818181818182,0.242999525391552
"713",3,3,0.25,0.35,1.475,3.2,2.55,0,0.1,0.4,-0.375,-0.254237288135593,0.177389705882353
"713",4,4,0.4,0.5,0.6,2.2,3.5,0,0.1,0.25,0.4,0.666666666666666,-0.155844155844156
"713",5,4,0.25,0.3,1.1,4.65,4.2,-1,0.05,0.2,0.2,0.181818181818182,0.0168970814132105
"713",3,3,0.25,0.25,0.9,2.05,2.85,0,5.55111512312578e-17,2.22044604925031e-16,0.4,0.444444444444444,-0.102695763799743
"713",5,4,0.25,0.3,0.525,2.35,2.1,-1,0.05,0.2,0.075,0.142857142857143,0.0395136778115502
"713",5,4,0.4,0.4,0.675,3.1,2.8,-1,-5.55111512312578e-17,-1.38777878078145e-16,0.125,0.185185185185185,-0.0737327188940093
"713",4,3,0.25,0.3,0.6,2.05,1.7,-1,0.05,0.2,0.1,0.166666666666667,0.0416068866571018
"713",3,3,0.4,0.4,1.8,4,3.4,0,0,0,-0.3,-0.166666666666667,0.0529411764705883
"713",4,4,0.25,0.15,0.9,2.95,4.35,0,-0.0999999999999999,-0.4,0.5,0.555555555555555,-0.201052016364699
"713",3,3,0.4,0.3,1.1,2.6,2.4,0,-0.1,-0.25,-0.05,-0.0454545454545455,-0.0865384615384615
"713",4,3,0.55,0.85,0.7,2.65,2.95,-1,0.3,0.545454545454546,0.35,0.5,0.0342181004157339
"713",5,5,0.4,0.35,0.525,2.5,2.35,0,-0.05,-0.125,-0.025,-0.0476190476190477,-0.0553191489361703
"713",5,5,0.55,0.65,0.825,3.85,5.05,0,0.1,0.181818181818182,0.275,0.333333333333333,-0.0707213578500708
"713",3,3,0.55,0.55,0.9,2.35,2.35,0,-1.11022302462516e-16,-2.01858731750028e-16,0,0,-1.11022302462516e-16
"713",4,4,0.55,0.85,0.6,2.35,4.45,0,0.3,0.545454545454546,0.6,1,-0.172125268945733
"713",5,5,0.4,0.55,1.1,4.8,4.55,0,0.15,0.375,-0.1,-0.090909090909091,0.187728937728938
"713",3,3,0.55,0.35,1.1,2.75,1.95,0,-0.2,-0.363636363636364,-0.3,-0.272727272727273,-0.0615384615384618
"713",3,2,0.25,0.2,1.4,3.05,1,-1,-0.05,-0.2,-0.6,-0.428571428571428,0.154098360655738
"713",3,3,0.55,0.6,1.4,3.35,3.1,0,0.0499999999999999,0.0909090909090908,-0.15,-0.107142857142857,0.0881078478574867
"713",4,4,0.25,0.3,1.1,3.55,2.7,0,0.05,0.2,-0.3,-0.272727272727273,0.162754303599374
"713",3,2,0.4,0.3,0.7,1.8,1.1,-1,-0.1,-0.25,0.1,0.142857142857143,-0.121212121212121
"713",5,4,0.55,0.4,0.675,3.25,2.5,-1,-0.15,-0.272727272727273,0.0249999999999999,0.0370370370370369,-0.206153846153846
"713",5,4,0.25,0.25,0.8625,3.7,3.85,-1,0,0,0.3375,0.391304347826087,-0.0780975780975781
"713",3,3,0.55,0.75,1.8,4.15,4.35,0,0.2,0.363636363636364,0,0,0.119651017864562
"713",4,4,0.55,0.5,0.733333333333333,2.75,3.8,0,-0.0500000000000001,-0.0909090909090911,0.366666666666667,0.5,-0.273684210526316
"713",3,3,0.25,0.25,1.1,2.45,2.45,0,5.55111512312578e-17,2.22044604925031e-16,0,0,1.11022302462516e-16
"713",4,4,0.4,0.35,0.7,2.5,2.45,0,-0.05,-0.125,0,0,-0.0685714285714285
"713",3,4,0.25,0.25,2.2,4.65,3.85,1,0,0,-1,-0.454545454545455,0.0984499371596146
"713",4,4,0.25,0.2,0.466666666666667,1.65,1.4,0,-0.0499999999999999,-0.2,-0.0666666666666667,-0.142857142857143,-0.0346320346320346
"713",5,5,0.25,0.3,0.825,3.55,4.5,0,0.05,0.2,0.225,0.272727272727273,-0.0187793427230047
"713",4,4,0.25,0.25,0.7,2.35,2.95,0,5.55111512312578e-17,2.22044604925031e-16,0.2,0.285714285714286,-0.0865488640461594
"713",5,5,0.55,0.45,1.1,4.95,4.25,0,-0.1,-0.181818181818182,-0.15,-0.136363636363636,-0.0261437908496732
"713",5,5,0.55,0.65,0.9,4.15,5.05,0,0.1,0.181818181818182,0.2,0.222222222222222,-0.019086245973995
"713",5,5,0.4,0.4,0.9,4,4,0,0,0,0,0,0
"713",3,3,0.4,0.45,0.9,2.2,2.65,0,0.0499999999999999,0.125,0.2,0.222222222222222,-0.0360205831903947
"713",5,4,0.55,0.55,0.7,3.35,2.95,-1,-1.11022302462516e-16,-2.01858731750028e-16,0.1,0.142857142857143,-0.0751328105236531
"713",4,4,0.4,0.45,0.9,3.1,2.85,0,0.0499999999999999,0.125,-0.1,-0.111111111111111,0.115449915110356
"713",4,4,0.25,0.2,0.783333333333333,2.6,2.3,0,-0.0499999999999999,-0.2,-0.0833333333333334,-0.106382978723404,-0.0367892976588627
"713",3,3,0.25,0.25,1.8,3.85,3.75,0,5.55111512312578e-17,2.22044604925031e-16,-0.05,-0.0277777777777778,0.00519480519480525
"713",3,3,0.25,0.25,0.7,1.65,1.85,0,5.55111512312578e-17,2.22044604925031e-16,0.1,0.142857142857143,-0.0491400491400491
"713",3,3,0.4,0.35,2.2,4.8,4.05,0,-0.05,-0.125,-0.35,-0.159090909090909,0.00925925925925924
"713",5,5,0.4,0.35,0.7,3.2,3.75,0,-0.05,-0.125,0.15,0.214285714285714,-0.158333333333333
"713",5,4,0.55,0.65,0.675,3.25,3.35,-1,0.1,0.181818181818182,0.225,0.333333333333333,-0.0700344431687715
"713",3,3,0.55,0.5,1.4,3.35,3.2,0,-0.05,-0.090909090909091,-0.0499999999999998,-0.0357142857142856,-0.0237873134328359
"713",3,3,0.25,0.2,1.8,3.85,3.1,0,-0.0499999999999999,-0.2,-0.35,-0.194444444444444,-0.00125680770842057
"713",3,3,0.25,0.2,0.9,2.05,2.6,0,-0.0499999999999999,-0.2,0.3,0.333333333333333,-0.135084427767355
"713",4,4,0.4,0.3,0.9,3.1,3.6,0,-0.1,-0.25,0.2,0.222222222222222,-0.182795698924731
"713",4,4,0.25,0.2,0.783333333333333,2.6,3.8,0,-0.0499999999999999,-0.2,0.416666666666667,0.531914893617021,-0.174089068825911
"713",4,4,0.4,0.35,0.6,2.2,2.75,0,-0.05,-0.125,0.2,0.333333333333333,-0.218181818181818
"713",5,4,0.25,0.25,0.675,2.95,2.35,-1,5.55111512312578e-17,2.22044604925031e-16,0.0249999999999999,0.0370370370370369,0.00180310133429518
"713",4,4,0.25,0.25,0.6,2.05,2.35,0,5.55111512312578e-17,2.22044604925031e-16,0.1,0.166666666666667,-0.0622729631551633
"713",4,3,0.4,0.35,0.7,2.5,2.65,-1,-0.05,-0.125,0.45,0.642857142857143,-0.24377358490566
"713",3,3,0.4,0.35,0.9,2.2,1.85,0,-0.05,-0.125,-0.15,-0.166666666666667,0.0221130221130219
"713",3,3,0.4,0.4,1.1,2.6,2.4,0,0,0,-0.1,-0.090909090909091,0.0384615384615386
"713",5,4,0.55,0.4,0.825,3.85,2.8,-1,-0.15,-0.272727272727273,-0.025,-0.0303030303030303,-0.142857142857143
"713",5,5,0.55,0.4,0.7,3.35,3.4,0,-0.15,-0.272727272727273,0.05,0.0714285714285715,-0.232660228270413
"713",3,3,0.55,0.55,1.1,2.75,1.95,0,0,0,-0.4,-0.363636363636364,0.246153846153846
"713",4,4,0.55,0.6,0.7,2.65,3.6,0,0.0499999999999999,0.0909090909090908,0.3,0.428571428571429,-0.163522012578617
"713",3,3,0.25,0.5,2.2,4.65,2.9,0,0.25,1,-1,-0.454545454545455,0.3559510567297
"713",4,4,0.4,0.45,1.1,3.7,3.45,0,0.0499999999999999,0.125,-0.1,-0.090909090909091,0.08930669800235
"713",4,4,0.25,0.3,0.7,2.35,3,0,0.05,0.2,0.2,0.285714285714286,-0.025531914893617
"713",4,4,0.55,0.35,0.733333333333333,2.75,2.15,0,-0.2,-0.363636363636364,-0.133333333333333,-0.181818181818182,-0.148837209302326
"713",3,3,0.55,0.55,0.9,2.35,3.15,0,0,0,0.4,0.444444444444444,-0.178318135764944
"713",5,5,0.4,0.4,0.525,2.5,2.6,0,0,0,0.025,0.0476190476190477,-0.0307692307692309
"713",5,6,0.55,0.45,1.1,4.95,3.95,1,-0.1,-0.181818181818182,-0.4,-0.363636363636364,0.127988748241913
"713",3,3,0.4,0.35,2.2,4.8,4.95,0,-0.05,-0.125,0.1,0.0454545454545455,-0.0378787878787879
"713",5,5,0.4,0.45,0.7,3.2,3.85,0,0.0499999999999999,0.125,0.15,0.214285714285714,-0.0405844155844155
"713",5,5,0.25,0.2,0.8625,3.7,4.2,0,-0.05,-0.2,0.1375,0.159420289855072,-0.0997425997425997
"713",4,4,0.55,0.6,0.6,2.35,2.7,0,0.0499999999999999,0.0909090909090908,0.1,0.166666666666667,-0.0472813238770685
"713",3,3,0.4,0.25,1.8,4,2.45,0,-0.15,-0.375,-0.7,-0.388888888888889,0.00612244897959174
"713",4,4,0.25,0.3,0.466666666666667,1.65,1.8,0,0.05,0.2,0.0333333333333333,0.0714285714285714,0.0606060606060606
"713",5,5,0.4,0.5,0.9,4,4.7,0,0.1,0.25,0.15,0.166666666666667,0.0319148936170213
"713",4,4,0.25,0.25,0.9,2.95,4.15,0,0,0,0.4,0.444444444444444,-0.0980191954257709
"713",5,4,0.4,0.45,0.675,3.1,3.75,-1,0.0499999999999999,0.125,0.425,0.62962962962963,-0.165161290322581
"713",5,5,0.25,0.2,0.525,2.35,3.4,0,-0.0499999999999999,-0.2,0.275,0.523809523809524,-0.237797246558198
"713",3,3,0.4,0.4,0.7,1.8,2.1,0,0,0,0.15,0.214285714285714,-0.0952380952380952
"713",5,4,0.25,0.35,0.825,3.55,3.05,-1,0.1,0.4,0.0750000000000001,0.090909090909091,0.106903717386285
"713",3,3,0.25,0.2,1.4,3.05,2.2,0,-0.05,-0.2,-0.4,-0.285714285714286,0.0268256333830104
"713",4,4,0.25,0.2,0.733333333333333,2.45,3.8,0,-0.0499999999999999,-0.2,0.466666666666667,0.636363636363636,-0.197636949516649
"713",5,5,0.25,0.15,1.1,4.65,2.95,0,-0.1,-0.4,-0.4,-0.363636363636364,-0.014579916165482
"713",5,4,0.55,0.55,0.9,4.15,3.85,-1,-1.11022302462516e-16,-2.01858731750028e-16,0.2,0.222222222222222,-0.0912220309810671
"713",3,3,0.25,0.2,1.1,2.45,2.1,0,-0.0499999999999999,-0.2,-0.15,-0.136363636363636,-0.020408163265306
"713",5,4,0.25,0.2,0.7,3.05,2.9,-1,-0.05,-0.2,0.2,0.285714285714286,-0.133973996608253
"713",3,3,0.25,0.2,0.7,1.65,1.6,0,-0.05,-0.2,0,0,-0.0795454545454545
"713",4,4,0.55,0.45,0.9,3.25,2.85,0,-0.1,-0.181818181818182,-0.1,-0.111111111111111,-0.0453441295546561
"713",4,4,0.55,0.65,1.1,3.85,3.35,0,0.1,0.181818181818182,-0.2,-0.181818181818182,0.204690831556503
"713",3,3,0.55,0.6,0.7,1.95,2.7,0,0.05,0.090909090909091,0.35,0.5,-0.17948717948718
"713",5,5,0.25,0.15,0.9,3.85,2.95,0,-0.0999999999999999,-0.4,-0.2,-0.222222222222222,-0.0704380365397313
"713",4,4,0.25,0.25,1.1,3.55,3.25,0,5.55111512312578e-17,2.22044604925031e-16,-0.1,-0.090909090909091,0.0260021668472374
"713",3,3,0.55,0.45,1.8,4.15,3.65,0,-0.1,-0.181818181818182,-0.2,-0.111111111111111,-0.027727347747153
"713",3,3,0.55,0.55,2.2,4.95,4.15,0,0,0,-0.4,-0.181818181818182,0.0642570281124498
"713",3,2,0.25,0.25,1.475,3.2,2.15,-1,5.55111512312578e-17,2.22044604925031e-16,0.425,0.288135593220339,-0.00181686046511623
"713",5,4,0.4,0.4,1.1,4.8,4.6,-1,-5.55111512312578e-17,-1.38777878078145e-16,0.3,0.272727272727273,-0.0688405797101449
"713",4,4,0.4,0.3,0.466666666666667,1.8,1.5,0,-0.1,-0.25,-0.0666666666666667,-0.142857142857143,-0.0888888888888891
"713",4,4,0.55,0.3,0.9,3.25,2.4,0,-0.25,-0.454545454545455,-0.2,-0.222222222222222,-0.176923076923077
"713",5,5,0.4,0.4,0.9,4,2.8,0,0,0,-0.3,-0.333333333333333,0.214285714285714
"713",4,4,0.4,0.4,0.9,3.1,3.1,0,0,0,0,0,0
"713",3,3,0.55,0.55,0.9,2.35,2.85,0,-1.11022302462516e-16,-2.01858731750028e-16,0.25,0.277777777777778,-0.123180291153415
"713",4,4,0.4,0.45,0.7,2.5,2.55,0,0.0499999999999999,0.125,0,0,0.0658823529411764
"713",3,3,0.25,0.15,1.4,3.05,2.55,0,-0.1,-0.4,-0.2,-0.142857142857143,-0.0694310511089682
"713",4,4,0.25,0.2,1.1,3.55,4.4,0,-0.05,-0.2,0.3,0.272727272727273,-0.0998719590268885
"713",3,3,0.25,0.15,0.9,2.05,2.45,0,-0.1,-0.4,0.25,0.277777777777778,-0.18218018914883
"713",3,3,0.55,0.65,1.8,4.15,4.35,0,0.1,0.181818181818182,0.05,0.0277777777777778,0.0506855006231824
"713",3,3,0.55,0.55,1.4,3.35,3.45,0,-1.11022302462516e-16,-2.01858731750028e-16,0.05,0.0357142857142857,-0.0142764438676184
"713",4,4,0.55,0.55,1.1,3.85,3.55,0,-1.11022302462516e-16,-2.01858731750028e-16,-0.1,-0.090909090909091,0.0482897384305835
"713",3,3,0.55,0.6,0.7,1.95,2.2,0,0.0499999999999999,0.0909090909090908,0.1,0.142857142857143,-0.0279720279720282
"713",3,3,0.55,0.6,2.2,4.95,3.7,0,0.0499999999999999,0.0909090909090908,-0.65,-0.295454545454545,0.153153153153153
"713",4,3,0.55,0.8,0.6,2.35,3,-1,0.25,0.454545454545455,0.5,0.833333333333334,-0.136170212765957
"713",5,4,0.55,0.6,0.675,3.25,2.7,-1,0.0499999999999999,0.0909090909090908,0.0249999999999999,0.0370370370370369,0.0427350427350428
"713",4,3,0.25,0.4,0.6,2.05,1.8,-1,0.15,0.6,0.1,0.166666666666667,0.178861788617886
"713",3,3,0.4,0.5,1.8,4,3.2,0,0.1,0.25,-0.45,-0.25,0.16875
"713",4,4,0.25,0.15,0.733333333333333,2.45,4.05,0,-0.1,-0.4,0.566666666666667,0.772727272727273,-0.260015117157974
"713",4,4,0.25,0.3,0.466666666666667,1.65,1.8,0,0.05,0.2,0.0333333333333333,0.0714285714285714,0.0606060606060607
"713",3,3,0.4,0.35,0.7,1.8,2.05,0,-0.05,-0.125,0.15,0.214285714285714,-0.154471544715447
"713",5,4,0.25,0.3,0.9,3.85,3.9,-1,0.05,0.2,0.3,0.333333333333333,-0.016983016983017
"713",4,4,0.55,0.65,0.733333333333333,2.75,3.95,0,0.1,0.181818181818182,0.366666666666667,0.5,-0.141772151898734
"713",5,5,0.25,0.25,0.7,3.05,3.65,0,0,0,0.15,0.214285714285714,-0.067370312149113
"713",3,3,0.25,0.25,1.1,2.45,2.35,0,0,0,-0.05,-0.0454545454545455,0.0130264871906209
"713",5,4,0.25,0.2,0.825,3.55,3.2,-1,-0.0499999999999999,-0.2,0.175,0.212121212121212,-0.102112676056338
"713",4,4,0.4,0.3,0.6,2.2,1.8,0,-0.1,-0.25,-0.1,-0.166666666666667,-0.0606060606060607
"713",5,5,0.55,0.65,0.825,3.85,5.05,0,0.1,0.181818181818182,0.275,0.333333333333333,-0.0707213578500708
"713",4,4,0.4,0.4,0.466666666666667,1.8,1.9,0,0,0,0.0333333333333333,0.0714285714285714,-0.0467836257309941
"713",3,3,0.25,0.2,2.2,4.65,5.6,0,-0.0499999999999999,-0.2,0.5,0.227272727272727,-0.054147465437788
"713",5,4,0.4,0.3,0.675,3.1,3.3,-1,-0.1,-0.25,0.325,0.481481481481481,-0.281524926686217
"713",3,2,0.55,0.35,1.1,2.75,0.95,-1,-0.2,-0.363636363636364,-0.5,-0.454545454545455,0.136842105263158
"713",3,3,0.25,0.3,1.475,3.2,2.4,0,0.05,0.2,-0.425,-0.288135593220339,0.140625
"713",3,2,0.4,0.3,2.2,4.8,2.3,-1,-0.1,-0.25,-0.2,-0.0909090909090908,0.0108695652173913
"713",4,4,0.25,0.25,0.783333333333333,2.6,2.65,0,0,0,0.0166666666666667,0.0212765957446809,-0.00725689404934687
"713",5,4,0.4,0.3,1.1,4.8,3.9,-1,-0.1,-0.25,0.0999999999999999,0.0909090909090908,-0.108974358974359
"713",5,4,0.55,0.2,0.7,3.35,2.3,-1,-0.35,-0.636363636363636,0,0,-0.473069435431538
"713",4,4,0.25,0.25,0.9,2.95,3.55,0,0,0,0.2,0.222222222222222,-0.0572929100023872
"713",4,4,0.4,0.4,1.1,3.7,3.4,0,0,0,-0.1,-0.090909090909091,0.0381558028616852
"713",5,5,0.55,0.5,1.1,4.95,4.1,0,-0.05,-0.090909090909091,-0.2,-0.181818181818182,0.0542005420054201
"713",4,3,0.25,0.35,0.7,2.35,2.75,-1,0.1,0.4,0.5,0.714285714285714,-0.0437137330754353
"713",5,4,0.25,0.25,0.525,2.35,1.75,-1,5.55111512312578e-17,2.22044604925031e-16,-0.025,-0.0476190476190477,0.0395136778115502
"713",4,4,0.55,0.4,0.7,2.65,3.4,0,-0.15,-0.272727272727273,0.3,0.428571428571429,-0.359600443951165
"713",5,4,0.25,0.3,0.8625,3.7,4.2,-1,0.05,0.2,0.4375,0.507246376811594,-0.0521235521235521
"713",3,2,0.25,0.2,0.7,1.65,1.8,-1,-0.05,-0.2,0.9,1.28571428571429,-0.232323232323232
"713",5,4,0.55,0.4,0.9,4.15,3.1,-1,-0.15,-0.272727272727273,0,0,-0.146521570151574
"713",5,4,0.4,0.4,0.525,2.5,4,-1,0,0,0.675,1.28571428571429,-0.4
"713",5,5,0.25,0.25,1.1,4.65,4.65,0,5.55111512312578e-17,2.22044604925031e-16,0,0,5.55111512312578e-17
"713",3,3,0.25,0.2,1.8,3.85,2.5,0,-0.05,-0.2,-0.65,-0.361111111111111,0.0451948051948052
"713",5,5,0.25,0.15,0.675,2.95,2.75,0,-0.0999999999999999,-0.4,-0.025,-0.0370370370370371,-0.151001540832049
"713",5,5,0.4,0.35,0.7,3.2,3.95,0,-0.05,-0.125,0.2,0.285714285714286,-0.181962025316456
"713",3,2,0.4,0.3,1.1,2.6,1.9,-1,-0.1,-0.25,0.5,0.454545454545455,-0.145748987854251
"713",3,3,0.4,0.25,0.9,2.2,1.65,0,-0.15,-0.375,-0.2,-0.222222222222222,-0.0909090909090909
"714",4,4,0.55,0.4,0.9,3.25,2.8,0,-0.15,-0.272727272727273,-0.1,-0.111111111111111,-0.105494505494506
"714",4,4,0.4,0.35,0.9,3.1,2.75,0,-0.05,-0.125,-0.1,-0.111111111111111,-0.00703812316715557
"714",3,3,0.55,0.4,2.2,4.95,2.8,0,-0.15,-0.272727272727273,-1,-0.454545454545455,0.0952380952380952
"714",4,4,0.25,0.25,0.9,2.95,2.65,0,0,0,-0.1,-0.111111111111111,0.0383754397185801
"714",5,4,0.25,0.25,0.9,3.85,4.15,-1,0,0,0.4,0.444444444444444,-0.083711469253638
"714",5,4,0.55,0.35,0.7,3.35,2.15,-1,-0.2,-0.363636363636364,-0.1,-0.142857142857143,-0.169732731690385
"714",4,4,0.55,0.45,0.733333333333333,2.75,2.55,0,-0.1,-0.181818181818182,-0.0333333333333333,-0.0454545454545454,-0.0941176470588236
"714",4,4,0.4,0.45,0.6,2.2,3.15,0,0.05,0.125,0.3,0.5,-0.155844155844156
"714",5,4,0.4,0.3,0.7,3.2,2.4,-1,-0.1,-0.25,0,0,-0.125
"714",4,4,0.4,0.2,1.1,3.7,1.7,0,-0.2,-0.5,-0.6,-0.545454545454546,0.0381558028616852
"714",3,3,0.4,0.3,0.7,1.8,1.8,0,-0.1,-0.25,0.05,0.0714285714285715,-0.166666666666667
"714",4,4,0.55,0.35,1.1,3.85,2.75,0,-0.2,-0.363636363636364,-0.3,-0.272727272727273,-0.0623376623376624
"714",5,4,0.25,0.3,0.675,2.95,2.7,-1,0.05,0.2,0.125,0.185185185185185,0.0207156308851224
"714",3,3,0.25,0.15,1.475,3.2,2.75,0,-0.0999999999999999,-0.4,-0.175,-0.11864406779661,-0.0707386363636363
"714",4,4,0.25,0.1,0.783333333333333,2.6,2.2,0,-0.15,-0.6,-0.0833333333333334,-0.106382978723404,-0.202797202797203
"714",4,4,0.55,0.6,0.7,2.65,3.6,0,0.05,0.090909090909091,0.3,0.428571428571429,-0.163522012578616
"714",3,3,0.25,0.25,1.1,2.45,2.05,0,5.55111512312578e-17,2.22044604925031e-16,-0.2,-0.181818181818182,0.0597312095569936
"714",4,3,0.4,0.3,0.466666666666667,1.8,1.5,-1,-0.1,-0.25,0.133333333333333,0.285714285714286,-0.288888888888889
"714",3,3,0.25,0.2,0.7,1.65,2,0,-0.0499999999999999,-0.2,0.2,0.285714285714286,-0.154545454545454
"714",5,4,0.25,0.25,0.825,3.55,4.15,-1,0,0,0.475,0.575757575757576,-0.111148820634651
"714",5,4,0.55,0.4,1.1,4.95,4.3,-1,-0.15,-0.272727272727273,0.2,0.181818181818182,-0.183462532299742
"714",5,4,0.4,0.4,0.525,2.5,2.5,-1,0,0,0.175,0.333333333333333,-0.16
"714",3,3,0.55,0.55,0.9,2.35,2.45,0,-1.11022302462516e-16,-2.01858731750028e-16,0.0499999999999999,0.0555555555555555,-0.028658271819366
"714",3,3,0.25,0.2,0.9,2.05,2.3,0,-0.0499999999999999,-0.2,0.15,0.166666666666667,-0.104984093319194
"714",5,4,0.4,0.3,0.675,3.1,2.7,-1,-0.1,-0.25,0.125,0.185185185185185,-0.200716845878136
"714",5,4,0.25,0.25,0.525,2.35,2.95,-1,5.55111512312578e-17,2.22044604925031e-16,0.375,0.714285714285714,-0.192931842769564
"714",5,4,0.55,0.4,0.825,3.85,3.4,-1,-0.15,-0.272727272727273,0.175,0.212121212121212,-0.243697478991597
"714",3,3,0.25,0.15,1.8,3.85,2.15,0,-0.1,-0.4,-0.8,-0.444444444444444,0.0144971307762006
"714",5,4,0.55,0.5,0.675,3.25,3.8,-1,-0.05,-0.090909090909091,0.425,0.62962962962963,-0.319838056680162
"714",4,4,0.25,0.15,0.7,2.35,2.55,0,-0.0999999999999999,-0.4,0.1,0.142857142857143,-0.190237797246558
"714",3,3,0.4,0.45,1.8,4,3.45,0,0.05,0.125,-0.3,-0.166666666666667,0.0913043478260869
"714",5,4,0.4,0.4,1.1,4.8,4.9,-1,0,0,0.4,0.363636363636364,-0.0901360544217687
"714",3,3,0.4,0.35,2.2,4.8,4.35,0,-0.05,-0.125,-0.2,-0.0909090909090908,-0.00862068965517243
"714",5,4,0.25,0.2,0.8625,3.7,4.1,-1,-0.05,-0.2,0.4375,0.507246376811594,-0.142715886618326
"714",3,3,0.4,0.35,1.1,2.6,3.25,0,-0.05,-0.125,0.35,0.318181818181818,-0.138461538461538
"714",5,5,0.25,0.15,0.7,3.05,3.95,0,-0.0999999999999999,-0.4,0.25,0.357142857142857,-0.219962647852251
"714",3,3,0.55,0.45,1.4,3.35,2.35,0,-0.1,-0.181818181818182,-0.45,-0.321428571428571,0.0819307716735472
"714",3,3,0.55,0.5,1.1,2.75,2.8,0,-0.0500000000000001,-0.0909090909090911,0.0499999999999998,0.0454545454545453,-0.0642857142857144
"714",4,3,0.25,0.4,0.6,2.05,2.6,-1,0.15,0.6,0.5,0.833333333333334,-0.026266416510319
"714",5,4,0.55,0.45,0.9,4.15,3.15,-1,-0.1,-0.181818181818182,0,0,-0.0912220309810672
"714",3,3,0.55,0.55,1.8,4.15,3.35,0,0,0,-0.4,-0.222222222222222,0.0949469519870528
"714",3,3,0.4,0.45,0.9,2.2,2.65,0,0.05,0.125,0.2,0.222222222222222,-0.0360205831903946
"714",3,3,0.55,0.55,0.7,1.95,2.15,0,0,0,0.1,0.142857142857143,-0.0787119856887301
"714",4,3,0.4,0.4,0.7,2.5,1.6,-1,0,0,-0.1,-0.142857142857143,0.11
"714",4,3,0.55,0.55,0.6,2.35,2.65,-1,-1.11022302462516e-16,-2.01858731750028e-16,0.45,0.75,-0.313528703331995
"714",5,4,0.4,0.4,0.9,4,3.4,-1,-5.55111512312578e-17,-1.38777878078145e-16,0.1,0.111111111111111,-0.0294117647058824
"714",3,3,0.25,0.25,1.4,3.05,2.05,0,5.55111512312578e-17,2.22044604925031e-16,-0.5,-0.357142857142857,0.119952019192323
"714",4,4,0.25,0.15,0.466666666666667,1.65,2.85,0,-0.1,-0.4,0.433333333333333,0.928571428571429,-0.395534290271132
"714",3,3,0.25,0.2,2.2,4.65,3.5,0,-0.05,-0.2,-0.55,-0.25,0.0101382488479263
"714",4,4,0.25,0.2,1.1,3.55,4.4,0,-0.0499999999999999,-0.2,0.3,0.272727272727273,-0.0998719590268885
"714",4,4,0.25,0.25,0.733333333333333,2.45,2.65,0,0,0,0.0666666666666667,0.0909090909090909,-0.0308047747400847
"714",5,5,0.25,0.2,1.1,4.65,5.4,0,-0.05,-0.2,0.2,0.181818181818182,-0.0836320191158901
"714",5,4,0.4,0.4,1.1,4.8,3.4,-1,0,0,-0.1,-0.090909090909091,0.0539215686274511
"714",5,4,0.4,0.3,0.675,3.1,3.6,-1,-0.1,-0.25,0.425,0.62962962962963,-0.311827956989247
"714",4,4,0.4,0.3,0.6,2.2,3.3,0,-0.1,-0.25,0.4,0.666666666666666,-0.363636363636364
"714",4,4,0.25,0.2,1.1,3.55,3.8,0,-0.05,-0.2,0.0999999999999999,0.0909090909090908,-0.0711638250555967
"714",5,4,0.25,0.25,0.8625,3.7,4.15,-1,0,0,0.4375,0.507246376811594,-0.0968739824161511
"714",4,3,0.4,0.35,0.466666666666667,1.8,2.05,-1,-0.05,-0.125,0.383333333333333,0.821428571428571,-0.376693766937669
"714",3,3,0.4,0.35,2.2,4.8,3.85,0,-0.05,-0.125,-0.45,-0.204545454545454,0.0227272727272726
"714",3,3,0.55,0.4,1.4,3.35,2.2,0,-0.15,-0.272727272727273,-0.5,-0.357142857142857,0.0529172320217096
"714",5,4,0.55,0.5,0.825,3.85,4.1,-1,-0.0500000000000001,-0.0909090909090911,0.375,0.454545454545454,-0.226480836236934
"714",5,4,0.25,0.4,0.7,3.05,3.4,-1,0.15,0.6,0.3,0.428571428571429,0.0607521697203472
"714",3,3,0.25,0.2,1.475,3.2,2.6,0,-0.05,-0.2,-0.275,-0.186440677966102,-0.00360576923076922
"714",4,3,0.4,0.3,1.1,3.7,2.8,-1,-0.1,-0.25,0.15,0.136363636363636,-0.111003861003861
"714",4,3,0.25,0.25,0.783333333333333,2.6,2.15,-1,0,0,0.166666666666667,0.212765957446808,-0.035778175313059
"714",3,3,0.25,0.2,0.9,2.05,2.1,0,-0.0499999999999999,-0.2,0.0499999999999999,0.0555555555555555,-0.0801393728222996
"714",5,4,0.55,0.55,0.7,3.35,3.55,-1,-1.11022302462516e-16,-2.01858731750028e-16,0.3,0.428571428571429,-0.201177212528905
"714",3,3,0.55,0.4,0.9,2.35,1.6,0,-0.15,-0.272727272727273,-0.3,-0.333333333333333,0.0478723404255319
"714",3,3,0.25,0.25,1.4,3.05,1.95,0,5.55111512312578e-17,2.22044604925031e-16,-0.55,-0.392857142857143,0.138713745271122
"714",5,4,0.25,0.35,0.675,2.95,2.15,-1,0.1,0.4,-0.0750000000000001,-0.111111111111111,0.227433977138352
"714",4,4,0.55,0.3,0.7,2.65,2.7,0,-0.25,-0.454545454545455,0.1,0.142857142857143,-0.385744234800839
"714",3,3,0.4,0.25,1.1,2.6,2.45,0,-0.15,-0.375,0,0,-0.15541601255887
"714",4,4,0.55,0.45,0.6,2.35,3.45,0,-0.1,-0.181818181818182,0.4,0.666666666666667,-0.414431082331175
"714",3,3,0.25,0.2,2.2,4.65,3.7,0,-0.05,-0.2,-0.45,-0.204545454545455,0.000871839581517014
"714",3,3,0.55,0.45,1.8,4.15,3.05,0,-0.1,-0.181818181818182,-0.5,-0.277777777777778,0.045032589373889
"714",4,3,0.4,0.45,0.9,3.1,3.75,-1,0.0499999999999999,0.125,0.75,0.833333333333333,-0.156129032258065
"714",4,3,0.25,0.25,0.466666666666667,1.65,2.75,-1,5.55111512312578e-17,2.22044604925031e-16,0.783333333333333,1.67857142857143,-0.333333333333333
"714",5,3,0.55,0.35,1.1,4.95,2.95,-2,-0.2,-0.363636363636364,0.2,0.181818181818182,-0.199623352165725
"714",4,3,0.55,0.5,0.733333333333333,2.75,2.5,-1,-0.0500000000000001,-0.0909090909090911,0.266666666666667,0.363636363636364,-0.2
"714",4,4,0.25,0.35,0.9,2.95,3.95,0,0.1,0.4,0.3,0.333333333333333,0.0154473288993779
"714",5,4,0.25,0.2,0.9,3.85,2.9,-1,-0.05,-0.2,0,0,-0.0488132557098074
"714",3,3,0.25,0.2,1.8,3.85,2.8,0,-0.0499999999999999,-0.2,-0.5,-0.277777777777778,0.0194805194805195
"714",3,3,0.25,0.2,1.1,2.45,2.1,0,-0.0499999999999999,-0.2,-0.15,-0.136363636363636,-0.020408163265306
"714",3,3,0.55,0.3,0.7,1.95,2,0,-0.25,-0.454545454545455,0.15,0.214285714285714,-0.396153846153846
"714",3,3,0.4,0.35,0.7,1.8,2.25,0,-0.05,-0.125,0.25,0.357142857142857,-0.2
"714",3,3,0.25,0.25,0.7,1.65,2.05,0,0,0,0.2,0.285714285714286,-0.0886917960088692
"714",4,3,0.25,0.3,0.6,2.05,2.8,-1,0.05,0.2,0.65,1.08333333333333,-0.166376306620209
"714",3,3,0.4,0.4,0.9,2.2,2,0,0,0,-0.1,-0.111111111111111,0.0545454545454546
"714",5,4,0.25,0.2,0.525,2.35,3.2,-1,-0.05,-0.2,0.475,0.904761904761905,-0.281914893617021
"714",5,4,0.25,0.3,0.825,3.55,3.6,-1,0.05,0.2,0.275,0.333333333333334,-0.0187793427230047
"714",4,4,0.25,0.25,0.7,2.35,3.55,0,5.55111512312578e-17,2.22044604925031e-16,0.4,0.571428571428572,-0.143841774048547
"714",5,4,0.55,0.45,0.9,4.15,3.45,-1,-0.1,-0.181818181818182,0.1,0.111111111111111,-0.140911471974856
"714",4,4,0.4,0.35,0.7,2.5,2.45,0,-0.05,-0.125,0,0,-0.0685714285714285
"714",5,4,0.55,0.45,0.675,3.25,3.15,-1,-0.1,-0.181818181818182,0.225,0.333333333333333,-0.274725274725275
"714",5,4,0.25,0.3,1.1,4.65,5.4,-1,0.05,0.2,0.6,0.545454545454545,-0.046594982078853
"714",3,3,0.55,0.5,1.1,2.75,2.3,0,-0.0500000000000001,-0.0909090909090911,-0.2,-0.181818181818182,0.0521739130434781
"714",4,4,0.55,0.55,0.9,3.25,3.55,0,-1.11022302462516e-16,-2.01858731750028e-16,0.1,0.111111111111111,-0.0572047670639221
"714",3,3,0.55,0.5,2.2,4.95,3.9,0,-0.0500000000000001,-0.0909090909090911,-0.5,-0.227272727272727,0.0512820512820512
"714",5,4,0.4,0.3,0.525,2.5,3.3,-1,-0.1,-0.25,0.475,0.904761904761905,-0.436363636363636
"714",4,4,0.25,0.2,0.733333333333333,2.45,3.2,0,-0.0499999999999999,-0.2,0.266666666666667,0.363636363636364,-0.158163265306122
"714",4,4,0.55,0.4,1.1,3.85,3.7,0,-0.15,-0.272727272727273,0,0,-0.138996138996139
"714",3,3,0.4,0.35,1.8,4,3.35,0,-0.05,-0.125,-0.3,-0.166666666666667,0.0134328358208954
"714",5,4,0.4,0.35,0.7,3.2,3.65,-1,-0.05,-0.125,0.4,0.571428571428572,-0.241438356164384
"714",4,4,0.25,0.15,1.1,3.55,2.25,0,-0.1,-0.4,-0.4,-0.363636363636364,-0.0150234741784036
"714",3,3,0.55,0.4,1.8,4.15,2.3,0,-0.15,-0.272727272727273,-0.85,-0.472222222222222,0.124148768988999
"714",3,3,0.25,0.2,1.475,3.2,3,0,-0.0499999999999999,-0.2,-0.0750000000000002,-0.0508474576271188,-0.0343749999999999
"714",3,3,0.25,0.2,2.2,4.65,3.6,0,-0.05,-0.2,-0.5,-0.227272727272727,0.00537634408602153
"714",3,3,0.55,0.45,2.2,4.95,3.35,0,-0.1,-0.181818181818182,-0.75,-0.340909090909091,0.0696517412935323
"714",5,4,0.25,0.2,0.7,3.05,3.5,-1,-0.0499999999999999,-0.2,0.4,0.571428571428572,-0.181264637002342
"714",3,3,0.4,0.45,0.7,1.8,2.15,0,0.0499999999999999,0.125,0.15,0.214285714285714,-0.0387596899224807
"714",5,5,0.25,0.2,1.1,4.65,5,0,-0.0499999999999999,-0.2,0.0999999999999999,0.0909090909090908,-0.0688172043010752
"714",5,4,0.25,0.15,0.825,3.55,3.15,-1,-0.1,-0.4,0.175,0.212121212121212,-0.161636485580148
"714",4,4,0.25,0.15,0.783333333333333,2.6,4.05,0,-0.0999999999999999,-0.4,0.516666666666667,0.659574468085106,-0.236467236467236
"714",4,4,0.55,0.35,0.6,2.35,1.85,0,-0.2,-0.363636363636364,-0.1,-0.166666666666667,-0.179413456009201
"714",3,3,0.4,0.4,0.9,2.2,1.8,0,0,0,-0.2,-0.222222222222222,0.121212121212121
"714",4,4,0.4,0.5,0.9,3.1,3.5,0,0.0999999999999999,0.25,0.1,0.111111111111111,0.0552995391705069
"714",4,4,0.4,0.45,0.466666666666667,1.8,2.55,0,0.0499999999999999,0.125,0.233333333333333,0.5,-0.183006535947713
"714",5,4,0.25,0.35,0.675,2.95,3.35,-1,0.1,0.4,0.325,0.481481481481481,-0.005818365798128
"714",5,4,0.25,0.35,0.525,2.35,2.15,-1,0.1,0.4,0.075,0.142857142857143,0.119247897080653
"714",5,4,0.55,0.55,1.1,4.95,5.05,-1,0,0,0.4,0.363636363636364,-0.11991199119912
"714",3,3,0.25,0.35,1.4,3.05,2.25,0,0.1,0.4,-0.45,-0.321428571428571,0.220765027322404
"714",3,3,0.55,0.45,1.4,3.35,2.55,0,-0.1,-0.181818181818182,-0.35,-0.25,0.0368744512730465
"714",5,4,0.25,0.3,0.9,3.85,4.5,-1,0.05,0.2,0.5,0.555555555555555,-0.0580086580086579
"714",4,3,0.25,0.35,0.6,2.05,2.55,-1,0.1,0.4,0.5,0.833333333333334,-0.0760401721664277
"714",3,3,0.55,0.5,0.7,1.95,2.3,0,-0.0500000000000001,-0.0909090909090911,0.2,0.285714285714286,-0.193979933110368
"714",4,3,0.55,0.5,0.7,2.65,2.1,-1,-0.0500000000000001,-0.0909090909090911,0.1,0.142857142857143,-0.115902964959569
"714",3,3,0.55,0.6,0.9,2.35,3,0,0.05,0.090909090909091,0.3,0.333333333333333,-0.102127659574468
"714",5,3,0.55,0.55,0.7,3.35,2.15,-2,-1.11022302462516e-16,-2.01858731750028e-16,0.1,0.142857142857143,-0.0534536619229434
"714",5,4,0.4,0.5,1.1,4.8,4.1,-1,0.1,0.25,0.0999999999999999,0.0909090909090908,0.0711382113821139
"714",4,3,0.25,0.25,0.466666666666667,1.65,1.35,-1,0,0,0.0833333333333334,0.178571428571429,-0.0505050505050506
"714",3,3,0.4,0.3,2.2,4.8,3.6,0,-0.1,-0.25,-0.55,-0.25,-5.55111512312578e-17
"714",5,4,0.25,0.3,0.8625,3.7,4.2,-1,0.05,0.2,0.4375,0.507246376811594,-0.0521235521235521
"714",4,3,0.55,0.45,1.1,3.85,2.35,-1,-0.1,-0.181818181818182,-0.15,-0.136363636363636,0.00303951367781163
"714",3,3,0.4,0.4,1.1,2.6,2.8,0,0,0,0.0999999999999999,0.0909090909090908,-0.0329670329670328
"714",5,4,0.4,0.45,0.7,3.2,4.35,-1,0.05,0.125,0.6,0.857142857142857,-0.211206896551724
"714",3,3,0.25,0.25,1.1,2.45,1.95,0,5.55111512312578e-17,2.22044604925031e-16,-0.25,-0.227272727272727,0.078492935635793
"714",3,3,0.25,0.2,1.8,3.85,3,0,-0.05,-0.2,-0.4,-0.222222222222222,0.00519480519480522
"714",3,3,0.4,0.3,1.8,4,3.3,0,-0.1,-0.25,-0.3,-0.166666666666667,-0.0272727272727273
"714",3,3,0.55,0.3,1.1,2.75,2.4,0,-0.25,-0.454545454545455,-0.05,-0.0454545454545455,-0.225
"714",5,4,0.4,0.3,0.675,3.1,3,-1,-0.1,-0.25,0.225,0.333333333333333,-0.245161290322581
"714",4,3,0.4,0.45,0.7,2.5,2.65,-1,0.0499999999999999,0.125,0.4,0.571428571428572,-0.130566037735849
"714",5,4,0.4,0.45,0.525,2.5,2.25,-1,0.05,0.125,0.075,0.142857142857143,0
"714",4,4,0.4,0.4,0.6,2.2,2.8,0,0,0,0.2,0.333333333333333,-0.155844155844156
"714",4,4,0.4,0.4,1.1,3.7,2.8,0,-5.55111512312578e-17,-1.38777878078145e-16,-0.3,-0.272727272727273,0.138996138996139
"714",4,3,0.25,0.15,0.7,2.35,1.55,-1,-0.0999999999999999,-0.4,0,0,-0.135209334248456
"714",5,4,0.55,0.55,0.9,4.15,3.55,-1,0,0,0.1,0.111111111111111,-0.0429322925504835
"714",3,3,0.25,0.2,0.7,1.65,1.9,0,-0.05,-0.2,0.15,0.214285714285714,-0.138755980861244
"714",4,3,0.55,0.5,0.9,3.25,2.7,-1,-0.0500000000000001,-0.0909090909090911,0.2,0.222222222222222,-0.121367521367521
"714",4,4,0.25,0.4,0.733333333333333,2.45,3.1,0,0.15,0.6,0.166666666666667,0.227272727272727,0.107965766951942
"714",3,3,0.25,0.35,0.9,2.05,2.15,0,0.1,0.4,0,0,0.12251843448667
"714",4,3,0.55,0.3,0.733333333333333,2.75,1.3,-1,-0.25,-0.454545454545455,-0.233333333333333,-0.318181818181818,-0.107692307692308
"714",4,6,0.25,0.25,0.9,2.95,4.25,2,0,0,-0.1,-0.111111111111111,0.0139581256231306
"714",5,4,0.4,0.4,0.9,4,3.7,-1,-5.55111512312578e-17,-1.38777878078145e-16,0.2,0.222222222222222,-0.0675675675675676
"714",3,3,0.25,0.3,1.8,3.85,3.2,0,0.05,0.2,-0.35,-0.194444444444444,0.0864448051948052
"714",4,4,0.25,0.25,0.7,2.35,2.95,0,5.55111512312578e-17,2.22044604925031e-16,0.2,0.285714285714286,-0.0865488640461594
"714",3,3,0.55,0.4,2.2,4.95,3.6,0,-0.15,-0.272727272727273,-0.6,-0.272727272727273,0
"714",4,3,0.4,0.35,1.1,3.7,3.25,-1,-0.05,-0.125,0.35,0.318181818181818,-0.109355509355509
"714",5,4,0.25,0.3,0.8625,3.7,3.9,-1,0.05,0.2,0.3375,0.391304347826087,-0.0301455301455301
"714",4,4,0.25,0.25,0.9,2.95,4.15,0,0,0,0.4,0.444444444444444,-0.0980191954257709
"714",3,3,0.4,0.4,0.7,1.8,1.5,0,0,0,-0.15,-0.214285714285714,0.133333333333333
"714",3,3,0.25,0.25,1.4,3.05,3.05,0,0,0,0,0,0
"714",4,4,0.25,0.25,0.733333333333333,2.45,2.95,0,0,0,0.166666666666667,0.227272727272727,-0.0691802144586648
"714",5,4,0.4,0.35,0.7,3.2,4.25,-1,-0.05,-0.125,0.6,0.857142857142857,-0.295588235294118
"714",3,3,0.55,0.5,1.1,2.75,2.8,0,-0.0500000000000001,-0.0909090909090911,0.0499999999999998,0.0454545454545453,-0.0642857142857144
"714",5,4,0.55,0.5,0.825,3.85,3.8,-1,-0.0500000000000001,-0.0909090909090911,0.275,0.333333333333333,-0.18796992481203
"714",4,4,0.4,0.45,0.7,2.5,2.85,0,0.0499999999999999,0.125,0.1,0.142857142857143,-0.00842105263157911
"714",3,3,0.55,0.45,1.8,4.15,2.15,0,-0.1,-0.181818181818182,-0.95,-0.527777777777778,0.230316615298403
"714",3,3,0.4,0.55,2.2,4.8,4.45,0,0.15,0.375,-0.25,-0.113636363636364,0.120786516853933
"714",4,3,0.25,0.2,1.1,3.55,3.8,-1,-0.0499999999999999,-0.2,0.7,0.636363636363636,-0.123795404002965
"714",5,4,0.25,0.15,1.1,4.65,4.05,-1,-0.0999999999999999,-0.4,0.2,0.181818181818182,-0.120669056152927
"714",3,3,0.25,0.15,0.7,1.65,2.95,0,-0.1,-0.4,0.7,1,-0.302003081664099
"714",5,4,0.25,0.1,0.7,3.05,4.3,-1,-0.15,-0.6,0.7,1,-0.316812809759817
"714",5,4,0.55,0.6,0.675,3.25,3.6,-1,0.0499999999999999,0.0909090909090908,0.325,0.481481481481481,-0.17948717948718
"714",4,4,0.55,0.5,1.1,3.85,2.9,0,-0.0500000000000001,-0.0909090909090911,-0.3,-0.272727272727273,0.118226600985222
"714",3,3,0.25,0.25,0.9,2.05,2.05,0,5.55111512312578e-17,2.22044604925031e-16,0,0,0
"714",3,3,0.4,0.4,1.8,4,3.3,0,-5.55111512312578e-17,-1.38777878078145e-16,-0.35,-0.194444444444444,0.0636363636363636
"714",3,3,0.25,0.25,2.2,4.65,3.45,0,5.55111512312578e-17,2.22044604925031e-16,-0.6,-0.272727272727273,0.056100981767181
"714",4,4,0.25,0.2,0.6,2.05,2.9,0,-0.05,-0.2,0.3,0.5,-0.211942809083263
"714",5,4,0.55,0.45,1.1,4.95,4.65,-1,-0.1,-0.181818181818182,0.3,0.272727272727273,-0.168458781362007
"714",4,4,0.55,0.5,0.6,2.35,2.3,0,-0.0500000000000001,-0.0909090909090911,0,0,-0.0666049953746531
"714",5,4,0.4,0.4,0.9,4,2.8,-1,-5.55111512312578e-17,-1.38777878078145e-16,-0.1,-0.111111111111111,0.0714285714285713
"714",3,3,0.4,0.45,1.1,2.6,2.25,0,0.05,0.125,-0.2,-0.181818181818182,0.138461538461539
"714",3,3,0.55,0.45,0.9,2.35,1.95,0,-0.1,-0.181818181818182,-0.15,-0.166666666666667,-0.00981996726677581
"714",5,4,0.55,0.5,0.7,3.35,3.2,-1,-0.05,-0.090909090909091,0.2,0.285714285714286,-0.19589552238806
"714",5,4,0.55,0.65,0.9,4.15,3.95,-1,0.1,0.181818181818182,0.2,0.222222222222222,-0.00442275430837269
"714",4,4,0.4,0.4,0.9,3.1,2.8,0,-5.55111512312578e-17,-1.38777878078145e-16,-0.1,-0.111111111111111,0.0552995391705068
"714",3,3,0.25,0.15,1.475,3.2,2.55,0,-0.0999999999999999,-0.4,-0.275,-0.186440677966102,-0.0579044117647058
"714",5,4,0.25,0.2,0.525,2.35,2.6,-1,-0.05,-0.2,0.275,0.523809523809524,-0.224222585924714
"714",5,4,0.4,0.3,0.675,3.1,3.9,-1,-0.1,-0.25,0.525,0.777777777777778,-0.337468982630273
"714",3,3,0.55,0.5,1.4,3.35,3.5,0,-0.05,-0.090909090909091,0.1,0.0714285714285715,-0.0639658848614073
"714",5,4,0.4,0.45,1.1,4.8,5.85,-1,0.0499999999999999,0.125,0.7,0.636363636363636,-0.108974358974359
"714",5,4,0.25,0.35,0.675,2.95,3.65,-1,0.1,0.4,0.425,0.62962962962963,-0.0401671697237057
"714",4,3,0.55,0.6,0.9,3.25,2.9,-1,0.0499999999999999,0.0909090909090908,0.25,0.277777777777778,-0.0562334217506633
"714",5,4,0.4,0.45,0.525,2.5,3.45,-1,0.05,0.125,0.475,0.904761904761905,-0.278260869565217
"714",3,3,0.55,0.6,0.7,1.95,2.7,0,0.05,0.090909090909091,0.35,0.5,-0.17948717948718
"714",4,3,0.55,0.65,0.7,2.65,2.95,-1,0.1,0.181818181818182,0.45,0.642857142857143,-0.169171730092741
"714",5,4,0.25,0.2,0.9,3.85,3.8,-1,-0.0499999999999999,-0.2,0.3,0.333333333333333,-0.114149008885851
"714",3,3,0.4,0.35,0.9,2.2,1.95,0,-0.05,-0.125,-0.1,-0.111111111111111,-0.00699300699300709
"714",4,4,0.25,0.3,0.783333333333333,2.6,4.5,0,0.05,0.2,0.616666666666667,0.787234042553191,-0.117948717948718
"714",3,3,0.25,0.15,1.1,2.45,1.55,0,-0.1,-0.4,-0.4,-0.363636363636364,-0.0157998683344304
"714",4,3,0.25,0.3,0.466666666666667,1.65,1.5,-1,0.05,0.2,0.133333333333333,0.285714285714286,-0.00606060606060599
"714",5,4,0.25,0.15,0.825,3.55,3.15,-1,-0.0999999999999999,-0.4,0.175,0.212121212121212,-0.161636485580147
"714",4,3,0.55,0.4,0.733333333333333,2.75,2.7,-1,-0.15,-0.272727272727273,0.416666666666667,0.568181818181818,-0.355555555555556
"714",4,4,0.4,0.45,0.466666666666667,1.8,3.15,0,0.0499999999999999,0.125,0.433333333333333,0.928571428571429,-0.317460317460318
"714",5,4,0.4,0.4,0.7,3.2,3.4,-1,0,0,0.3,0.428571428571429,-0.154411764705882
"714",3,3,0.55,0.4,1.4,3.35,2.1,0,-0.15,-0.272727272727273,-0.55,-0.392857142857143,0.0788912579957355
"714",3,3,0.55,0.45,1.8,4.15,3.45,0,-0.1,-0.181818181818182,-0.3,-0.166666666666667,-0.00628601361969622
"714",5,4,0.55,0.65,0.7,3.35,4.25,-1,0.1,0.181818181818182,0.5,0.714285714285714,-0.209130816505707
"714",4,3,0.55,0.4,0.6,2.35,2.1,-1,-0.15,-0.272727272727273,0.25,0.416666666666667,-0.364741641337386
"714",3,3,0.55,0.6,1.1,2.75,3.6,0,0.0499999999999999,0.0909090909090908,0.4,0.363636363636364,-0.1
"714",5,5,0.25,0.4,0.825,3.55,5.2,0,0.15,0.6,0.375,0.454545454545455,0.0325027085590465
"714",3,3,0.4,0.4,0.9,2.2,2.2,0,-5.55111512312578e-17,-1.38777878078145e-16,0,0,-1.11022302462516e-16
"714",5,4,0.25,0.35,1.1,4.65,3.95,-1,0.1,0.4,0.0999999999999999,0.0909090909090908,0.0856131754457602
"714",4,3,0.55,0.45,0.733333333333333,2.75,3.15,-1,-0.1,-0.181818181818182,0.616666666666667,0.840909090909091,-0.371428571428571
"714",4,3,0.25,0.25,0.6,2.05,2.35,-1,5.55111512312578e-17,2.22044604925031e-16,0.45,0.75,-0.168655941878568
"714",5,4,0.25,0.2,0.7,3.05,3.2,-1,-0.05,-0.2,0.3,0.428571428571429,-0.159836065573771
"714",5,4,0.55,0.4,0.675,3.25,2.8,-1,-0.15,-0.272727272727273,0.125,0.185185185185185,-0.274725274725275
"714",5,4,0.25,0.3,0.675,2.95,3.6,-1,0.05,0.2,0.425,0.62962962962963,-0.0903954802259887
"714",4,4,0.55,0.4,0.9,3.25,4.3,0,-0.15,-0.272727272727273,0.4,0.444444444444444,-0.304830053667263
"714",3,3,0.25,0.5,0.9,2.05,3,0,0.25,1,0.35,0.388888888888889,0.134146341463415
"714",4,4,0.25,0.35,0.9,2.95,2.75,0,0.1,0.4,-0.1,-0.111111111111111,0.170107858243451
"714",3,3,0.55,0.55,0.7,1.95,3.15,0,0,0,0.6,0.857142857142857,-0.322344322344322
"714",3,2,0.25,0.35,0.7,1.65,1.35,-1,0.1,0.4,0.3,0.428571428571429,0.0639730639730639
"714",3,3,0.25,0.2,1.4,3.05,2.6,0,-0.05,-0.2,-0.2,-0.142857142857143,-0.0151324085750315
"714",3,3,0.55,0.5,2.2,4.95,4,0,-0.05,-0.090909090909091,-0.45,-0.204545454545455,0.0416666666666666
"714",3,3,0.55,0.6,0.9,2.35,2.8,0,0.0499999999999999,0.0909090909090908,0.2,0.222222222222222,-0.0592705167173254
"714",5,4,0.4,0.55,0.675,3.1,3.55,-1,0.15,0.375,0.325,0.481481481481481,-0.0254429804634257
"714",4,4,0.25,0.2,1.1,3.55,3.8,0,-0.05,-0.2,0.0999999999999999,0.0909090909090908,-0.0711638250555967
"714",4,4,0.4,0.4,0.466666666666667,1.8,2.5,0,0,0,0.233333333333333,0.5,-0.248888888888889
"714",4,4,0.25,0.25,0.466666666666667,1.65,1.75,0,0,0,0.0333333333333333,0.0714285714285714,-0.0346320346320347
"714",4,4,0.4,0.4,0.9,3.1,3.7,0,0,0,0.2,0.222222222222222,-0.083696599825632
"714",5,4,0.25,0.3,0.8625,3.7,3.3,-1,0.05,0.2,0.1375,0.159420289855072,0.0257985257985258
"714",4,3,0.25,0.35,0.733333333333333,2.45,2.35,-1,0.1,0.4,0.266666666666667,0.363636363636364,0.0386452453321754
"714",5,4,0.4,0.5,0.9,4,3.8,-1,0.1,0.25,0.2,0.222222222222222,0.0263157894736842
"714",5,3,0.25,0.4,0.525,2.35,2.4,-2,0.15,0.6,0.475,0.904761904761905,-0.0319148936170212
"714",5,4,0.55,0.5,0.825,3.85,3.8,-1,-0.05,-0.090909090909091,0.275,0.333333333333333,-0.18796992481203
"714",3,3,0.25,0.2,1.8,3.85,1.2,0,-0.05,-0.2,-1.3,-0.722222222222222,0.305194805194805
"714",4,3,0.55,0.4,1.1,3.85,2.6,-1,-0.15,-0.272727272727273,0,0,-0.10989010989011
"714",4,3,0.55,0.55,0.7,2.65,2.75,-1,0,0,0.4,0.571428571428572,-0.230188679245283
"714",4,3,0.25,0.4,0.7,2.35,2.2,-1,0.15,0.6,0.2,0.285714285714286,0.119922630560928
"714",3,3,0.4,0.45,1.1,2.6,2.45,0,0.05,0.125,-0.1,-0.090909090909091,0.0894819466248037
"714",3,3,0.25,0.2,1.475,3.2,2,0,-0.05,-0.2,-0.575,-0.389830508474576,0.065625
"714",3,3,0.4,0.2,1.8,4,1.6,0,-0.2,-0.5,-1.1,-0.611111111111111,0.0750000000000001
"714",5,3,0.25,0.35,0.9,3.85,2.35,-2,0.1,0.4,0.1,0.111111111111111,0.122133185962973
"714",3,3,0.4,0.5,0.7,1.8,1.9,0,0.1,0.25,0,0,0.12280701754386
"714",5,4,0.55,0.25,1.1,4.95,2.95,-1,-0.3,-0.545454545454546,-0.2,-0.181818181818182,-0.216572504708098
"714",3,3,0.25,0.3,1.1,2.45,1.9,0,0.05,0.2,-0.3,-0.272727272727273,0.167561761546724
"714",4,3,0.4,0.3,0.7,2.5,2.3,-1,-0.1,-0.25,0.3,0.428571428571429,-0.248695652173913
"714",5,4,0.4,0.25,0.525,2.5,2.35,-1,-0.15,-0.375,0.175,0.333333333333333,-0.374468085106383
"714",5,4,0.55,0.55,0.9,4.15,4.45,-1,0,0,0.4,0.444444444444444,-0.168268579937728
"714",3,3,0.25,0.3,2.2,4.65,3.4,0,0.05,0.2,-0.65,-0.295454545454545,0.103415559772296
"714",5,4,0.4,0.3,1.1,4.8,5.4,-1,-0.1,-0.25,0.6,0.545454545454545,-0.194444444444444
"714",4,4,0.4,0.4,0.6,2.2,3.7,0,-5.55111512312578e-17,-1.38777878078145e-16,0.5,0.833333333333333,-0.294840294840295
"714",4,4,0.4,0.35,1.1,3.7,4.55,0,-0.05,-0.125,0.3,0.272727272727273,-0.124740124740125
"714",3,3,0.4,0.35,2.2,4.8,3.15,0,-0.05,-0.125,-0.8,-0.363636363636364,0.0833333333333332
"714",4,3,0.4,0.45,0.466666666666667,1.8,2.05,-1,0.05,0.125,0.333333333333333,0.714285714285714,-0.230352303523035
"714",4,3,0.55,0.55,0.9,3.25,2.15,-1,0,0,-0.1,-0.111111111111111,0.0905187835420392
"714",3,3,0.25,0.55,1.475,3.2,2.75,0,0.3,1.2,-0.375,-0.254237288135593,0.365625
"714",5,4,0.4,0.35,0.675,3.1,1.55,-1,-0.05,-0.125,-0.275,-0.407407407407407,0.258064516129032
"714",3,3,0.4,0.35,1.1,2.6,1.55,0,-0.05,-0.125,-0.5,-0.454545454545455,0.215880893300248
"714",5,4,0.25,0.3,0.825,3.55,1.8,-1,0.05,0.2,-0.325,-0.393939393939394,0.314553990610329
"714",3,2,0.25,0.4,0.7,1.65,2,-1,0.15,0.6,0.9,1.28571428571429,-0.0545454545454546
"714",3,3,0.4,0.5,0.9,2.2,1.7,0,0.1,0.25,-0.3,-0.333333333333333,0.336898395721925
"714",5,4,0.25,0.45,0.8625,3.7,2.25,-1,0.2,0.8,-0.2625,-0.304347826086957,0.462162162162162
"714",5,4,0.55,0.2,0.7,3.35,2.9,-1,-0.35,-0.636363636363636,0.2,0.285714285714286,-0.545033453422543
"714",3,3,0.55,0.25,0.7,1.95,0.85,0,-0.3,-0.545454545454546,-0.4,-0.571428571428571,0.0361990950226243
"714",3,3,0.25,0.35,2.2,4.65,2.35,0,0.1,0.4,-1.2,-0.545454545454546,0.285518188057653
"714",5,4,0.4,0.45,0.9,4,3.15,-1,0.05,0.125,0,0,0.0714285714285714
"714",4,3,0.55,0.5,0.7,2.65,2.7,-1,-0.05,-0.090909090909091,0.4,0.571428571428572,-0.274633123689728
"714",4,3,0.55,0.2,0.733333333333333,2.75,1,-1,-0.35,-0.636363636363636,-0.333333333333333,-0.454545454545454,-0.2
"714",5,4,0.25,0.4,1.1,4.65,2.5,-1,0.15,0.6,-0.4,-0.363636363636364,0.371182795698925
"714",4,3,0.25,0.35,0.733333333333333,2.45,1.35,-1,0.1,0.4,-0.233333333333333,-0.318181818181818,0.369614512471655
"714",5,3,0.25,0.5,0.7,3.05,2.7,-2,0.25,1,0.4,0.571428571428572,0.145719489981785
"714",4,4,0.25,0.3,0.6,2.05,2.7,0,0.05,0.2,0.2,0.333333333333334,-0.0433604336043361
"714",3,3,0.55,0.2,2.2,4.95,2.8,0,-0.35,-0.636363636363636,-0.9,-0.409090909090909,-0.119047619047619
"714",5,4,0.25,0.3,0.675,2.95,3.3,-1,0.05,0.2,0.325,0.481481481481481,-0.0600924499229584
"714",4,3,0.55,0.3,1.1,3.85,2.1,-1,-0.25,-0.454545454545455,-0.2,-0.181818181818182,-0.142857142857143
"714",3,3,0.55,0.35,1.8,4.15,2.55,0,-0.2,-0.363636363636364,-0.7,-0.388888888888889,0.0141743444365697
"714",5,4,0.55,0.25,1.1,4.95,1.15,-1,-0.3,-0.545454545454546,-0.8,-0.727272727272727,0.314009661835749
"714",4,3,0.25,0.4,0.466666666666667,1.65,3,-1,0.15,0.6,0.833333333333333,1.78571428571429,-0.206060606060606
"714",4,4,0.4,0.45,0.6,2.2,3.15,0,0.05,0.125,0.3,0.5,-0.155844155844156
"714",3,3,0.55,0.2,0.9,2.35,2.2,0,-0.35,-0.636363636363636,0.1,0.111111111111111,-0.429400386847195
"714",4,4,0.25,0.55,0.7,2.35,3.55,0,0.3,1.2,0.3,0.428571428571429,0.194186394965538
"714",5,4,0.25,0.15,0.525,2.35,1.95,-1,-0.1,-0.4,0.075,0.142857142857143,-0.224222585924714
"714",4,4,0.4,0.45,1.1,3.7,3.75,0,0.0499999999999999,0.125,0,0,0.0475675675675675
"714",3,3,0.4,0.55,1.8,4,1.75,0,0.15,0.375,-1.2,-0.666666666666667,0.642857142857143
"714",4,3,0.55,0.65,0.6,2.35,2.25,-1,0.1,0.181818181818182,0.2,0.333333333333333,-0.0695035460992908
"714",3,3,0.25,0.4,0.9,2.05,2.7,0,0.15,0.6,0.25,0.277777777777778,0.0785907859078591
"714",3,3,0.55,0.5,1.4,3.35,2.2,0,-0.0500000000000001,-0.0909090909090911,-0.55,-0.392857142857143,0.189280868385346
"714",3,3,0.55,0.5,1.1,2.75,2.3,0,-0.05,-0.090909090909091,-0.2,-0.181818181818182,0.0521739130434782
"714",4,3,0.4,0.5,0.7,2.5,2.1,-1,0.1,0.25,0.1,0.142857142857143,0.0742857142857143
"714",5,4,0.55,0.5,0.825,3.85,3.2,-1,-0.0500000000000001,-0.0909090909090911,0.075,0.0909090909090908,-0.0892857142857144
"714",3,3,0.25,0.3,1.8,3.85,3.6,0,0.05,0.2,-0.15,-0.0833333333333334,0.0551948051948052
"714",5,4,0.4,0.45,0.7,3.2,4.05,-1,0.05,0.125,0.5,0.714285714285714,-0.180555555555556
"714",4,4,0.25,0.35,0.9,2.95,4.25,0,0.1,0.4,0.4,0.444444444444444,-0.00957128614157526
"714",4,4,0.25,0.25,0.783333333333333,2.6,3.85,0,0,0,0.416666666666667,0.531914893617021,-0.124875124875125
"714",5,4,0.55,0.35,0.9,4.15,3.95,-1,-0.2,-0.363636363636364,0.3,0.333333333333333,-0.308220222662803
"714",5,5,0.25,0.3,0.9,3.85,3.5,0,0.05,0.2,-0.1,-0.111111111111111,0.103896103896104
"714",3,3,0.25,0.45,1.1,2.45,2.25,0,0.2,0.8,-0.2,-0.181818181818182,0.293877551020408
"714",3,3,0.4,0.4,2.2,4.8,1.4,0,0,0,-1.7,-0.772727272727273,0.607142857142857
"714",5,3,0.4,0.45,0.525,2.5,3.05,-2,0.05,0.125,0.775,1.47619047619048,-0.357377049180328
"714",3,3,0.4,0.4,0.7,1.8,1.4,0,0,0,-0.2,-0.285714285714286,0.190476190476191
"714",5,3,0.4,0.2,1.1,4.8,2.4,-2,-0.2,-0.5,0,0,-0.166666666666667
"714",4,3,0.4,0.35,0.9,3.1,1.75,-1,-0.05,-0.125,-0.2,-0.222222222222222,0.0838709677419354
"714",3,3,0.25,0.35,1.4,3.05,2.55,0,0.1,0.4,-0.3,-0.214285714285714,0.16586306653809
"714",5,3,0.55,0.25,0.675,3.25,1.05,-2,-0.3,-0.545454545454546,-0.275,-0.407407407407407,-0.131868131868132
"714",4,4,0.25,0.3,1.1,3.55,4.5,0,0.05,0.2,0.3,0.272727272727273,-0.0150234741784037
"715",4,3,0.25,0.25,1.1,3.55,1.75,-1,0,0,-0.35,-0.318181818181818,0.146881287726358
"715",4,4,0.55,0.35,0.9,3.25,2.15,0,-0.2,-0.363636363636364,-0.3,-0.333333333333333,-0.0257602862254026
"715",4,4,0.25,0.35,0.733333333333333,2.45,2.75,0,0.1,0.4,0.0666666666666667,0.0909090909090909,0.100927643784787
"715",4,4,0.4,0.45,0.9,3.1,3.15,0,0.05,0.125,0,0,0.0552995391705069
"715",4,3,0.4,0.55,0.7,2.5,2.45,-1,0.15,0.375,0.25,0.357142857142857,0.0334693877551021
"715",3,3,0.25,0.45,0.7,1.65,2.35,0,0.2,0.8,0.25,0.357142857142857,0.119922630560928
"715",5,3,0.55,0.45,0.9,4.15,2.25,-2,-0.1,-0.181818181818182,0,0,-0.0626506024096384
"715",3,3,0.4,0.5,1.8,4,2.7,0,0.0999999999999999,0.25,-0.7,-0.388888888888889,0.255555555555555
"715",3,3,0.25,0.25,0.9,2.05,2.55,0,0,0,0.25,0.277777777777778,-0.0717360114777619
"715",3,3,0.55,0.4,1.1,2.75,2.6,0,-0.15,-0.272727272727273,0,0,-0.138461538461539
"715",5,4,0.4,0.4,0.675,3.1,3.1,-1,0,0,0.225,0.333333333333333,-0.129032258064516
"715",5,5,0.4,0.35,0.525,2.5,2.95,0,-0.05,-0.125,0.125,0.238095238095238,-0.206779661016949
"715",4,4,0.25,0.3,0.466666666666667,1.65,2.4,0,0.05,0.2,0.233333333333333,0.5,-0.106060606060606
"715",5,5,0.25,0.3,0.7,3.05,3.3,0,0.05,0.2,0.05,0.0714285714285715,0.0447093889716841
"715",4,4,0.25,0.3,0.6,2.05,2.1,0,0.05,0.2,1.11022302462516e-16,1.85037170770859e-16,0.083623693379791
"715",4,5,0.4,0.45,0.466666666666667,1.8,3.05,1,0.05,0.125,0.183333333333333,0.392857142857143,-0.151183970856102
"715",4,4,0.25,0.3,0.9,2.95,4.2,0,0.05,0.2,0.4,0.444444444444444,-0.0532687651331719
"715",3,3,0.55,0.7,0.7,1.95,3,0,0.15,0.272727272727273,0.45,0.642857142857143,-0.146153846153846
"715",3,3,0.4,0.7,1.1,2.6,3.2,0,0.3,0.75,0.15,0.136363636363636,0.194711538461539
"715",3,3,0.55,0.65,1.4,3.35,2.95,0,0.1,0.181818181818182,-0.25,-0.178571428571429,0.168479635719707
"715",3,3,0.25,0.15,1.8,3.85,1.55,0,-0.1,-0.4,-1.1,-0.611111111111111,0.0955173858399666
"715",4,3,0.55,0.55,0.733333333333333,2.75,2.55,-1,0,0,0.266666666666667,0.363636363636364,-0.152941176470588
"715",5,4,0.25,0.4,0.525,2.35,2.8,-1,0.15,0.6,0.275,0.523809523809524,0.0395136778115501
"715",4,3,0.55,0.6,1.1,3.85,2.8,-1,0.05,0.090909090909091,0,0,0.0714285714285715
"715",5,4,0.4,0.6,1.1,4.8,3.3,-1,0.2,0.5,-0.2,-0.181818181818182,0.310606060606061
"715",3,3,0.25,0.2,1.4,3.05,2.6,0,-0.05,-0.2,-0.2,-0.142857142857143,-0.0151324085750315
"715",4,3,0.25,0.2,0.7,2.35,1.3,-1,-0.05,-0.2,-0.15,-0.214285714285714,0.0360065466448445
"715",4,3,0.4,0.3,1.1,3.7,2,-1,-0.1,-0.25,-0.25,-0.227272727272727,0.0175675675675676
"715",3,3,0.4,0.3,0.9,2.2,2.7,0,-0.1,-0.25,0.3,0.333333333333333,-0.212121212121212
"715",4,3,0.25,0.25,0.783333333333333,2.6,1.75,-1,5.55111512312578e-17,2.22044604925031e-16,-0.0333333333333333,-0.0425531914893617,0.0439560439560441
"715",5,3,0.55,0.55,0.675,3.25,3.25,-2,0,0,0.675,1,-0.338461538461538
"715",3,3,0.25,0.2,2.2,4.65,3.5,0,-0.05,-0.2,-0.55,-0.25,0.0101382488479263
"715",3,3,0.4,0.75,0.7,1.8,2.65,0,0.35,0.875,0.25,0.357142857142857,0.182389937106918
"715",5,5,0.25,0.2,0.675,2.95,3.8,0,-0.05,-0.2,0.225,0.333333333333333,-0.16057091882248
"715",5,6,0.25,0.0500000000000001,0.8625,3.7,4.05,1,-0.2,-0.8,-0.0625,-0.072463768115942,-0.263763763763764
"715",5,4,0.4,0.25,0.7,3.2,2.95,-1,-0.15,-0.375,0.2,0.285714285714286,-0.286016949152542
"715",3,3,0.25,0.25,1.475,3.2,2.75,0,5.55111512312578e-17,2.22044604925031e-16,-0.225,-0.152542372881356,0.0383522727272728
"715",5,4,0.55,0.5,1.1,4.95,4.7,-1,-0.05,-0.090909090909091,0.3,0.272727272727273,-0.130023640661938
"715",5,4,0.25,0.35,0.9,3.85,4.55,-1,0.1,0.4,0.5,0.555555555555555,-0.0169830169830169
"715",5,5,0.25,0.2,0.825,3.55,2.8,0,-0.05,-0.2,-0.175,-0.212121212121212,0.00503018108651904
"715",3,3,0.55,0.45,0.9,2.35,2.55,0,-0.1,-0.181818181818182,0.15,0.166666666666667,-0.172715894868586
"715",5,4,0.55,0.8,0.7,3.35,4.7,-1,0.25,0.454545454545455,0.6,0.857142857142857,-0.140044458558272
"715",4,3,0.55,0.9,0.6,2.35,3.1,-1,0.35,0.636363636363637,0.5,0.833333333333334,-0.0652024708304734
"715",3,3,0.55,0.9,2.2,4.95,3.8,0,0.35,0.636363636363637,-0.75,-0.340909090909091,0.37719298245614
"715",4,3,0.55,0.95,0.7,2.65,3.65,-1,0.4,0.727272727272728,0.65,0.928571428571429,-0.0493667614370636
"715",4,3,0.4,0.55,0.6,2.2,1.95,-1,0.15,0.375,0.0999999999999999,0.166666666666666,0.118881118881119
"715",3,3,0.55,0.35,1.8,4.15,1.65,0,-0.2,-0.363636363636364,-1.15,-0.638888888888889,0.238773274917853
"715",5,4,0.4,0.45,0.9,4,2.25,-1,0.0499999999999999,0.125,-0.3,-0.333333333333333,0.3
"715",5,4,0.25,0.15,1.1,4.65,1.95,-1,-0.1,-0.4,-0.5,-0.454545454545455,0.0388751033912325
"715",3,4,0.25,0.35,1.1,2.45,1.85,1,0.1,0.4,-0.6,-0.545454545454546,0.450634307777165
"715",3,3,0.4,0.15,2.2,4.8,2.35,0,-0.25,-0.625,-1.1,-0.5,-0.0585106382978723
"715",5,4,0.55,0.4,0.825,3.85,3.1,-1,-0.15,-0.272727272727273,0.075,0.0909090909090908,-0.19815668202765
"715",4,4,0.25,0.2,0.733333333333333,2.45,2,0,-0.05,-0.2,-0.133333333333333,-0.181818181818182,-0.00816326530612232
"715",3,3,0.55,0.4,1.8,4.15,2.7,0,-0.15,-0.272727272727273,-0.65,-0.361111111111111,0.0468540829986613
"715",3,3,0.25,0.2,2.2,4.65,2,0,-0.0499999999999999,-0.2,-1.3,-0.590909090909091,0.138709677419355
"715",4,4,0.25,0.2,0.7,2.35,2.6,0,-0.0499999999999999,-0.2,0.1,0.142857142857143,-0.117839607201309
"715",5,4,0.55,0.4,0.9,4.15,3.1,-1,-0.15,-0.272727272727273,0,0,-0.146521570151574
"715",5,4,0.25,0.55,0.525,2.35,3.25,-1,0.3,1.2,0.375,0.714285714285714,0.145008183306056
"715",3,3,0.25,0.4,1.4,3.05,1.5,0,0.15,0.6,-0.85,-0.607142857142857,0.554098360655738
"715",3,3,0.4,0.3,0.7,1.8,1.4,0,-0.1,-0.25,-0.15,-0.214285714285714,-0.0238095238095238
"715",4,3,0.55,0.45,0.7,2.65,1.75,-1,-0.1,-0.181818181818182,-0.0499999999999999,-0.0714285714285713,-0.0587601078167118
"715",4,4,0.25,0.25,0.783333333333333,2.6,1.45,0,0,0,-0.383333333333333,-0.48936170212766,0.305039787798408
"715",5,5,0.55,0.4,0.675,3.25,2.4,0,-0.15,-0.272727272727273,-0.175,-0.259259259259259,-0.0128205128205129
"715",3,3,0.25,0.3,1.475,3.2,2.5,0,0.05,0.2,-0.375,-0.254237288135593,0.125625
"715",5,4,0.55,0.45,0.7,3.35,2.55,-1,-0.1,-0.181818181818182,0,0,-0.115013169446883
"715",3,3,0.25,0.35,1.1,2.45,1.65,0,0.1,0.4,-0.45,-0.409090909090909,0.330241187384044
"715",3,3,0.25,0.3,1.8,3.85,2.2,0,0.05,0.2,-0.85,-0.472222222222222,0.214285714285714
"715",4,4,0.25,0.3,1.1,3.55,2.7,0,0.05,0.2,-0.3,-0.272727272727273,0.162754303599374
"715",3,3,0.4,0.35,2.2,4.8,2.45,0,-0.05,-0.125,-1.15,-0.522727272727273,0.178571428571428
"715",5,5,0.25,0.3,0.825,3.55,2.7,0,0.05,0.2,-0.225,-0.272727272727273,0.203442879499218
"715",4,3,0.55,0.4,0.9,3.25,1.9,-1,-0.15,-0.272727272727273,-0.15,-0.166666666666667,-0.0453441295546558
"715",4,3,0.4,0.35,1.1,3.7,1.55,-1,-0.05,-0.125,-0.5,-0.454545454545455,0.244986922406277
"715",5,4,0.25,0.35,0.9,3.85,2.15,-1,0.1,0.4,-0.3,-0.333333333333333,0.32648746602235
"715",3,3,0.55,0.35,1.4,3.35,1.55,0,-0.2,-0.363636363636364,-0.8,-0.571428571428571,0.184882041405874
"715",4,4,0.4,0.35,0.9,3.1,1.85,0,-0.05,-0.125,-0.4,-0.444444444444444,0.240627724498692
"715",3,3,0.4,0.35,0.9,2.2,1.45,0,-0.05,-0.125,-0.35,-0.388888888888889,0.178683385579937
"715",3,3,0.25,0.3,0.9,2.05,1.6,0,0.05,0.2,-0.25,-0.277777777777778,0.196646341463414
"715",5,5,0.25,0.25,0.7,3.05,2.45,0,0,0,-0.15,-0.214285714285714,0.100368016058883
"715",5,4,0.4,0.3,0.9,4,2.1,-1,-0.1,-0.25,-0.3,-0.333333333333333,0.0714285714285715
"715",5,4,0.4,0.25,1.1,4.8,1.75,-1,-0.15,-0.375,-0.6,-0.545454545454546,0.154761904761905
"715",3,3,0.55,0.4,0.9,2.35,2.1,0,-0.15,-0.272727272727273,-0.05,-0.0555555555555556,-0.130699088145897
"715",4,3,0.4,0.4,0.466666666666667,1.8,1.9,-1,-5.55111512312578e-17,-1.38777878078145e-16,0.283333333333333,0.607142857142857,-0.257309941520468
"715",3,3,0.4,0.25,1.8,4,1.65,0,-0.15,-0.375,-1.1,-0.611111111111111,0.154545454545455
"715",5,4,0.4,0.35,0.525,2.5,2.15,-1,-0.05,-0.125,0.075,0.142857142857143,-0.148837209302326
"715",5,4,0.55,0.35,1.1,4.95,2.15,-1,-0.2,-0.363636363636364,-0.5,-0.454545454545455,0.0956072351421189
"715",3,3,0.25,0.35,0.7,1.65,1.75,0,0.1,0.4,0,0,0.145454545454545
"715",4,3,0.25,0.4,0.466666666666667,1.65,1.7,-1,0.15,0.6,0.183333333333333,0.392857142857143,0.0998217468805704
"715",3,3,0.55,0.3,2.2,4.95,2.2,0,-0.25,-0.454545454545455,-1.25,-0.568181818181818,0.0757575757575757
"715",3,3,0.55,0.5,1.1,2.75,2.6,0,-0.0500000000000001,-0.0909090909090911,-0.05,-0.0454545454545455,-0.0230769230769232
"715",3,3,0.55,0.8,0.7,1.95,3.1,0,0.25,0.454545454545455,0.45,0.642857142857143,-0.0719602977667493
"715",4,3,0.4,0.65,0.7,2.5,2.55,-1,0.25,0.625,0.25,0.357142857142857,0.124705882352941
"715",5,4,0.4,0.6,0.675,3.1,3,-1,0.2,0.5,0.125,0.185185185185185,0.154838709677419
"715",4,4,0.55,0.5,1.1,3.85,2.6,0,-0.0500000000000001,-0.0909090909090911,-0.4,-0.363636363636364,0.197802197802198
"715",5,4,0.25,0.25,1.1,4.65,3.85,-1,5.55111512312578e-17,2.22044604925031e-16,0.0999999999999999,0.0909090909090908,-0.00907694456081543
"715",5,4,0.4,0.35,0.7,3.2,2.75,-1,-0.05,-0.125,0.1,0.142857142857143,-0.115909090909091
"715",4,4,0.55,0.7,0.6,2.35,3.1,0,0.15,0.272727272727273,0.2,0.333333333333333,-0.0329444063143446
"715",4,4,0.25,0.25,0.6,2.05,2.65,0,5.55111512312578e-17,2.22044604925031e-16,0.2,0.333333333333334,-0.110446387482743
"715",4,4,0.4,0.35,0.6,2.2,2.75,0,-0.05,-0.125,0.2,0.333333333333333,-0.218181818181818
"715",3,3,0.4,0.25,1.1,2.6,1.65,0,-0.15,-0.375,-0.4,-0.363636363636364,-0.00699300699300681
"715",5,4,0.55,0.45,0.825,3.85,2.55,-1,-0.1,-0.181818181818182,-0.125,-0.151515151515152,-0.0084033613445379
"715",4,4,0.25,0.25,0.9,2.95,2.65,0,0,0,-0.1,-0.111111111111111,0.0383754397185801
"715",5,5,0.25,0.2,0.675,2.95,3.2,0,-0.05,-0.2,0.075,0.111111111111111,-0.111228813559322
"715",5,5,0.25,0.25,0.8625,3.7,3.45,0,5.55111512312578e-17,2.22044604925031e-16,-0.0625,-0.072463768115942,0.0244810027418724
"715",4,4,0.55,0.4,0.733333333333333,2.75,2.8,0,-0.15,-0.272727272727273,0.0666666666666668,0.0909090909090911,-0.228571428571429
"715",4,4,0.4,0.3,0.6,2.2,1.8,0,-0.1,-0.25,-0.1,-0.166666666666667,-0.0606060606060607
"715",5,6,0.25,0.3,0.675,2.95,2.3,1,0.05,0.2,-0.275,-0.407407407407407,0.358879882092852
"715",3,3,0.25,0.3,2.2,4.65,2.7,0,0.05,0.2,-1,-0.454545454545455,0.172043010752688
"715",3,3,0.55,0.35,1.4,3.35,1.95,0,-0.2,-0.363636363636364,-0.6,-0.428571428571428,0.0459242250287025
"715",5,5,0.55,0.45,0.7,3.35,3.45,0,-0.1,-0.181818181818182,0.05,0.0714285714285715,-0.168721609344581
"715",5,4,0.4,0.35,0.675,3.1,2.15,-1,-0.05,-0.125,-0.0750000000000001,-0.111111111111111,0.00600150037509373
"715",5,4,0.25,0.3,0.525,2.35,1.8,-1,0.05,0.2,-0.025,-0.0476190476190477,0.134751773049645
"715",3,3,0.25,0.35,0.7,1.65,1.95,0,0.1,0.4,0.1,0.142857142857143,0.0839160839160837
"715",3,3,0.25,0.3,1.4,3.05,1.8,0,0.05,0.2,-0.65,-0.464285714285714,0.254098360655738
"715",4,3,0.25,0.25,1.1,3.55,2.45,-1,0,0,0,0,0.0244323081345214
"715",3,3,0.4,0.35,2.2,4.8,2.35,0,-0.05,-0.125,-1.2,-0.545454545454545,0.196808510638298
"715",5,4,0.4,0.35,0.7,3.2,2.15,-1,-0.05,-0.125,-0.1,-0.142857142857143,0.0261627906976744
"715",3,3,0.25,0.35,0.9,2.05,1.95,0,0.1,0.4,-0.1,-0.111111111111111,0.172607879924953
"715",5,5,0.55,0.4,0.9,4.15,2.8,0,-0.15,-0.272727272727273,-0.3,-0.333333333333333,0.0516351118760758
"715",5,4,0.25,0.35,0.7,3.05,2.45,-1,0.1,0.4,0,0,0.161592505854801
"715",5,5,0.4,0.4,1.1,4.8,3.2,0,0,0,-0.4,-0.363636363636364,0.208333333333333
"715",5,4,0.25,0.4,0.9,3.85,2.5,-1,0.15,0.6,-0.2,-0.222222222222222,0.315324675324675
"715",5,4,0.4,0.4,0.9,4,2.8,-1,0,0,-0.1,-0.111111111111111,0.0714285714285714
"715",5,4,0.25,0.25,1.1,4.65,2.35,-1,0,0,-0.4,-0.363636363636364,0.156714710592542
"715",3,3,0.25,0.2,1.1,2.45,1.5,0,-0.05,-0.2,-0.45,-0.409090909090909,0.0938775510204083
"715",5,5,0.55,0.4,1.1,4.95,3.6,0,-0.15,-0.272727272727273,-0.3,-0.272727272727273,-1.11022302462516e-16
"715",3,3,0.55,0.35,1.8,4.15,1.85,0,-0.2,-0.363636363636364,-1.05,-0.583333333333333,0.169977206121784
"715",4,4,0.4,0.45,1.1,3.7,2.55,0,0.05,0.125,-0.4,-0.363636363636364,0.273449920508744
"715",4,4,0.4,0.5,0.466666666666667,1.8,2.3,0,0.1,0.25,0.133333333333333,0.285714285714286,-0.0193236714975845
"715",4,4,0.25,0.25,0.733333333333333,2.45,2.35,0,0,0,-0.0333333333333334,-0.0454545454545456,0.0173686495874947
"715",3,3,0.55,0.4,0.9,2.35,1.4,0,-0.15,-0.272727272727273,-0.4,-0.444444444444444,0.155015197568389
"715",4,3,0.55,0.35,0.7,2.65,1.45,-1,-0.2,-0.363636363636364,-0.15,-0.214285714285714,-0.106050748210801
"715",4,3,0.25,0.2,0.9,2.95,2,-1,-0.0499999999999999,-0.2,0,0,-0.0389830508474575
"715",3,3,0.4,0.35,1.8,4,1.65,0,-0.05,-0.125,-1.15,-0.638888888888889,0.336363636363636
"715",5,4,0.25,0.3,0.8625,3.7,2.4,-1,0.05,0.2,-0.1625,-0.188405797101449,0.162162162162162
"715",4,4,0.4,0.3,0.9,3.1,2.4,0,-0.1,-0.25,-0.2,-0.222222222222222,-0.0161290322580643
"715",4,4,0.25,0.25,0.783333333333333,2.6,1.45,0,5.55111512312578e-17,2.22044604925031e-16,-0.383333333333333,-0.48936170212766,0.305039787798409
"715",4,4,0.4,0.35,0.7,2.5,2.45,0,-0.05,-0.125,0,0,-0.0685714285714285
"715",5,5,0.55,0.35,0.825,3.85,2.55,0,-0.2,-0.363636363636364,-0.275,-0.333333333333333,-0.0280112044817927
"715",4,4,0.55,0.35,1.1,3.85,2.15,0,-0.2,-0.363636363636364,-0.5,-0.454545454545455,0.079734219269103
"715",3,3,0.25,0.35,1.475,3.2,1.85,0,0.1,0.4,-0.725,-0.491525423728814,0.333192567567568
"715",4,4,0.55,0.45,0.733333333333333,2.75,2.25,0,-0.1,-0.181818181818182,-0.133333333333333,-0.181818181818182,-1.11022302462516e-16
"715",3,3,0.25,0.2,1.8,3.85,2.7,0,-0.05,-0.2,-0.55,-0.305555555555556,0.0274170274170274
"715",3,3,0.55,0.6,1.1,2.75,2.3,0,0.0499999999999999,0.0909090909090908,-0.25,-0.227272727272727,0.182608695652174
"715",3,3,0.55,0.55,0.7,1.95,2.35,0,0,0,0.2,0.285714285714286,-0.144026186579378
"715",4,3,0.55,0.7,0.6,2.35,2.3,-1,0.15,0.272727272727273,0.2,0.333333333333333,-0.0231267345050877
"715",4,4,0.25,0.15,0.7,2.35,2.25,0,-0.0999999999999999,-0.4,0,0,-0.15886524822695
"715",3,3,0.55,0.4,2.2,4.95,3.9,0,-0.15,-0.272727272727273,-0.45,-0.204545454545455,-0.0256410256410256
"715",5,4,0.55,0.45,0.675,3.25,2.55,-1,-0.1,-0.181818181818182,0.0249999999999999,0.0370370370370369,-0.14027149321267
"715",3,3,0.4,0.4,0.7,1.8,1.8,0,0,0,0,0,1.11022302462516e-16
"715",4,4,0.25,0.35,0.6,2.05,2.15,0,0.1,0.4,1.11022302462516e-16,1.85037170770859e-16,0.163357912648894
"715",5,5,0.25,0.3,0.825,3.55,2.9,0,0.05,0.2,-0.175,-0.212121212121212,0.165128703254007
"715",4,4,0.55,0.35,0.9,3.25,2.45,0,-0.2,-0.363636363636364,-0.2,-0.222222222222222,-0.105494505494505
"715",4,4,0.25,0.25,0.466666666666667,1.65,1.45,0,0,0,-0.0666666666666667,-0.142857142857143,0.083594566353187
"715",5,4,0.4,0.2,0.525,2.5,1.4,-1,-0.2,-0.5,-0.125,-0.238095238095238,-0.228571428571429
"715",3,3,0.4,0.35,0.9,2.2,1.65,0,-0.05,-0.125,-0.25,-0.277777777777778,0.0909090909090907
"715",3,3,0.4,0.3,1.1,2.6,1.5,0,-0.1,-0.25,-0.5,-0.454545454545455,0.138461538461539
"715",3,3,0.55,0.4,0.9,2.35,2.2,0,-0.15,-0.272727272727273,0,0,-0.156673114119923
"715",3,3,0.25,0.3,0.7,1.65,1.4,0,0.05,0.2,-0.15,-0.214285714285714,0.188311688311688
"715",4,4,0.25,0.25,0.6,2.05,1.75,0,5.55111512312578e-17,2.22044604925031e-16,-0.0999999999999999,-0.166666666666666,0.083623693379791
"715",3,3,0.4,0.3,0.9,2.2,1.7,0,-0.1,-0.25,-0.2,-0.222222222222222,-0.0160427807486632
"715",4,4,0.55,0.45,0.7,2.65,2.25,0,-0.1,-0.181818181818182,-0.1,-0.142857142857143,-0.0301886792452832
"715",3,3,0.4,0.45,2.2,4.8,2.65,0,0.0499999999999999,0.125,-1.1,-0.5,0.259433962264151
"715",4,4,0.25,0.3,0.733333333333333,2.45,2.4,0,0.05,0.2,-0.0333333333333334,-0.0454545454545456,0.0918367346938778
"715",5,5,0.55,0.45,1.1,4.95,3.25,0,-0.1,-0.181818181818182,-0.4,-0.363636363636364,0.136752136752137
"715",4,3,0.4,0.4,1.1,3.7,2,-1,-5.55111512312578e-17,-1.38777878078145e-16,-0.3,-0.272727272727273,0.167567567567568
"715",4,4,0.25,0.25,1.1,3.55,3.55,0,0,0,0,0,0
"715",4,3,0.25,0.35,0.466666666666667,1.65,1.55,-1,0.1,0.4,0.133333333333333,0.285714285714286,0.0713587487781037
"715",4,4,0.4,0.35,0.7,2.5,2.45,0,-0.05,-0.125,0,0,-0.0685714285714285
"715",5,4,0.25,0.25,0.9,3.85,1.75,-1,5.55111512312578e-17,2.22044604925031e-16,-0.4,-0.444444444444444,0.246753246753247
"715",5,5,0.25,0.2,0.7,3.05,2.2,0,-0.05,-0.2,-0.2,-0.285714285714286,0.044709388971684
"715",3,3,0.55,0.45,2.2,4.95,2.25,0,-0.1,-0.181818181818182,-1.3,-0.590909090909091,0.266666666666667
"715",3,3,0.4,0.3,1.1,2.6,2.3,0,-0.1,-0.25,-0.1,-0.090909090909091,-0.0702341137123745
"715",4,4,0.4,0.45,0.6,2.2,2.55,0,0.0499999999999999,0.125,0.0999999999999999,0.166666666666666,-0.0213903743315509
"715",3,3,0.25,0.3,2.2,4.65,2.1,0,0.05,0.2,-1.3,-0.590909090909091,0.267281105990783
"715",4,3,0.55,0.3,1.1,3.85,2,-1,-0.25,-0.454545454545455,-0.25,-0.227272727272727,-0.121428571428571
"715",5,4,0.25,0.3,1.1,4.65,3,-1,0.05,0.2,-0.2,-0.181818181818182,0.131182795698925
"715",5,4,0.25,0.25,0.525,2.35,2.05,-1,0,0,0.075,0.142857142857143,-0.0441100155682407
"715",5,5,0.55,0.6,0.675,3.25,3.6,0,0.0499999999999999,0.0909090909090908,0.075,0.111111111111111,-0.0128205128205129
"715",5,5,0.25,0.25,0.8625,3.7,3.65,0,5.55111512312578e-17,2.22044604925031e-16,-0.0125000000000001,-0.0144927536231885,0.0046279155868198
"715",5,4,0.4,0.35,1.1,4.8,2.15,-1,-0.05,-0.125,-0.5,-0.454545454545455,0.234496124031008
"715",5,5,0.55,0.5,0.825,3.85,3.5,0,-0.05,-0.090909090909091,-0.0750000000000001,-0.090909090909091,0
"715",3,3,0.55,0.4,1.1,2.75,1.8,0,-0.15,-0.272727272727273,-0.4,-0.363636363636364,0.0666666666666667
"715",4,3,0.55,0.75,0.6,2.35,2.35,-1,0.2,0.363636363636364,0.2,0.333333333333333,0.021276595744681
"715",4,4,0.25,0.2,0.9,2.95,3.2,0,-0.0499999999999999,-0.2,0.1,0.111111111111111,-0.0889830508474576
"715",3,3,0.25,0.2,1.4,3.05,2.8,0,-0.05,-0.2,-0.0999999999999999,-0.0714285714285713,-0.031615925058548
"715",4,4,0.4,0.45,0.466666666666667,1.8,2.55,0,0.05,0.125,0.233333333333333,0.5,-0.183006535947712
"715",3,3,0.25,0.35,0.9,2.05,2.45,0,0.1,0.4,0.15,0.166666666666667,0.0627177700348431
"715",5,5,0.4,0.5,0.7,3.2,3.5,0,0.0999999999999999,0.25,0.05,0.0714285714285715,0.0892857142857142
"715",5,5,0.4,0.45,0.9,4,4.45,0,0.05,0.125,0.1,0.111111111111111,0.0056179775280899
"715",3,3,0.4,0.4,1.8,4,3.2,0,-5.55111512312578e-17,-1.38777878078145e-16,-0.4,-0.222222222222222,0.075
"715",3,3,0.25,0.25,1.1,2.45,2.35,0,5.55111512312578e-17,2.22044604925031e-16,-0.05,-0.0454545454545455,0.013026487190621
"715",5,5,0.25,0.3,0.675,2.95,3.7,0,0.05,0.2,0.175,0.259259259259259,-0.0183234081539166
"715",4,3,0.55,0.5,0.733333333333333,2.75,1.9,-1,-0.0500000000000001,-0.0909090909090911,-0.0333333333333333,-0.0454545454545454,-0.0105263157894738
"715",3,3,0.55,0.6,1.8,4.15,2.7,0,0.05,0.090909090909091,-0.75,-0.416666666666667,0.269076305220884
"715",5,4,0.4,0.4,0.675,3.1,2.2,-1,0,0,-0.0750000000000001,-0.111111111111111,0.0821114369501468
"715",3,3,0.25,0.45,1.475,3.2,1.95,0,0.2,0.8,-0.725,-0.491525423728814,0.457932692307692
"715",3,3,0.25,0.4,1.8,3.85,2.1,0,0.15,0.6,-0.95,-0.527777777777778,0.376623376623377
"715",5,4,0.55,0.4,0.9,4.15,2.2,-1,-0.15,-0.272727272727273,-0.3,-0.333333333333333,0.0646221248630889
"715",4,4,0.55,0.5,0.9,3.25,2.6,0,-0.05,-0.090909090909091,-0.2,-0.222222222222222,0.0923076923076924
"715",4,4,0.25,0.35,0.783333333333333,2.6,2.15,0,0.1,0.4,-0.183333333333333,-0.234042553191489,0.26654740608229
"715",3,3,0.55,0.45,1.4,3.35,2.15,0,-0.1,-0.181818181818182,-0.55,-0.392857142857143,0.13536966331135
"715",5,5,0.55,0.6,0.7,3.35,3.6,0,0.05,0.090909090909091,0.05,0.0714285714285715,0.0124378109452737
"715",5,4,0.25,0.2,0.825,3.55,2.6,-1,-0.05,-0.2,-0.0249999999999999,-0.0303030303030302,-0.0444203683640304
"715",3,3,0.55,0.3,0.7,1.95,1.9,0,-0.25,-0.454545454545455,0.1,0.142857142857143,-0.372469635627531
"715",4,4,0.25,0.3,0.7,2.35,2.4,0,0.05,0.2,0,0,0.0744680851063831
"715",4,1,0.4,0.25,0.9,3.1,0.25,-3,-0.15,-0.375,-0.9,-1,0.483870967741935
"715",5,4,0.4,0.4,0.525,2.5,2.2,-1,0,0,0.075,0.142857142857143,-0.0727272727272726
"715",3,4,0.4,0.3,0.7,1.8,1.5,1,-0.1,-0.25,-0.3,-0.428571428571428,0.133333333333333
"715",4,4,0.4,0.35,1.1,3.7,3.05,0,-0.05,-0.125,-0.2,-0.181818181818182,0.0265839610101905
"715",3,3,0.4,0.4,2.2,4.8,2.5,0,0,0,-1.15,-0.522727272727273,0.23
"715",3,3,0.25,0.3,2.2,4.65,2.5,0,0.05,0.2,-1.1,-0.5,0.198709677419355
"715",3,3,0.55,0.5,0.7,1.95,1.7,0,-0.05,-0.090909090909091,-0.1,-0.142857142857143,0.0361990950226243
"715",3,3,0.55,0.45,1.4,3.35,2.05,0,-0.1,-0.181818181818182,-0.6,-0.428571428571428,0.165999271933018
"715",3,3,0.55,0.5,0.9,2.35,2.5,0,-0.0500000000000001,-0.0909090909090911,0.1,0.111111111111111,-0.102127659574468
"715",5,4,0.55,0.6,1.1,4.95,3.9,-1,0.0499999999999999,0.0909090909090908,0,0,0.0598290598290597
"715",4,3,0.25,0.45,0.733333333333333,2.45,2.05,-1,0.2,0.8,0.0666666666666667,0.0909090909090909,0.250373320059731
"715",5,4,0.4,0.4,0.525,2.5,2.5,-1,-5.55111512312578e-17,-1.38777878078145e-16,0.175,0.333333333333333,-0.16
"715",3,3,0.4,0.4,1.8,4,1.7,0,-5.55111512312578e-17,-1.38777878078145e-16,-1.15,-0.638888888888889,0.405882352941176
"715",5,4,0.25,0.35,0.9,3.85,2.15,-1,0.1,0.4,-0.3,-0.333333333333333,0.32648746602235
"715",5,4,0.55,0.5,0.7,3.35,2.9,-1,-0.0500000000000001,-0.0909090909090911,0.1,0.142857142857143,-0.131240349974267
"715",4,4,0.25,0.2,0.6,2.05,1.7,0,-0.05,-0.2,-0.0999999999999999,-0.166666666666666,-0.0172166427546628
"715",4,4,0.25,0.35,0.466666666666667,1.65,1.85,0,0.1,0.4,0.0333333333333333,0.0714285714285714,0.150696150696151
"715",4,4,0.25,0.25,0.7,2.35,1.75,0,0,0,-0.2,-0.285714285714286,0.145896656534954
"715",5,4,0.25,0.25,1.1,4.65,2.05,-1,0,0,-0.5,-0.454545454545455,0.218987673747705
"715",5,5,0.25,0.25,0.825,3.55,3.85,0,0,0,0.0750000000000001,0.090909090909091,-0.0274373513810134
"715",3,3,0.4,0.4,0.7,1.8,1.8,0,-5.55111512312578e-17,-1.38777878078145e-16,0,0,0
"715",3,3,0.25,0.3,1.4,3.05,2,0,0.05,0.2,-0.55,-0.392857142857143,0.204098360655738
"715",3,3,0.25,0.35,0.7,1.65,1.95,0,0.1,0.4,0.1,0.142857142857143,0.0839160839160837
"715",5,4,0.25,0.3,0.525,2.35,2.4,-1,0.05,0.2,0.175,0.333333333333333,-0.0319148936170212
"715",4,4,0.25,0.25,1.1,3.55,2.05,0,0,0,-0.5,-0.454545454545455,0.20611473720371
"715",3,3,0.25,0.3,1.8,3.85,1.8,0,0.05,0.2,-1.05,-0.583333333333333,0.305194805194805
"715",4,4,0.4,0.4,0.6,2.2,2.2,0,-5.55111512312578e-17,-1.38777878078145e-16,-1.11022302462516e-16,-1.85037170770859e-16,0
"715",5,4,0.4,0.35,1.1,4.8,2.45,-1,-0.05,-0.125,-0.4,-0.363636363636364,0.154761904761905
"715",5,5,0.55,0.4,0.675,3.25,3,0,-0.15,-0.272727272727273,-0.025,-0.0370370370370371,-0.17948717948718
"715",4,4,0.55,0.35,1.1,3.85,2.45,0,-0.2,-0.363636363636364,-0.4,-0.363636363636364,1.11022302462516e-16
"715",5,5,0.25,0.3,0.8625,3.7,3.1,0,0.05,0.2,-0.1625,-0.188405797101449,0.146033129904098
"715",3,3,0.4,0.4,1.1,2.6,1.8,0,0,0,-0.4,-0.363636363636364,0.205128205128205
"715",4,4,0.25,0.25,0.9,2.95,2.65,0,0,0,-0.1,-0.111111111111111,0.0383754397185801
"715",3,3,0.55,0.45,1.8,4.15,2.35,0,-0.1,-0.181818181818182,-0.85,-0.472222222222222,0.1768777236606
"715",3,3,0.25,0.3,0.9,2.05,2.9,0,0.05,0.2,0.4,0.444444444444444,-0.0555088309503786
"715",4,4,0.55,0.3,0.733333333333333,2.75,2.7,0,-0.25,-0.454545454545455,0.0666666666666668,0.0909090909090911,-0.355555555555556
"715",5,4,0.55,0.35,0.825,3.85,3.05,-1,-0.2,-0.363636363636364,0.075,0.0909090909090908,-0.255269320843091
"715",3,3,0.25,0.2,1.1,2.45,1.6,0,-0.05,-0.2,-0.4,-0.363636363636364,0.0688775510204083
"715",5,5,0.4,0.35,0.9,4,3.15,0,-0.05,-0.125,-0.2,-0.222222222222222,0.0555555555555557
"715",4,4,0.55,0.5,0.6,2.35,3.2,0,-0.05,-0.090909090909091,0.3,0.5,-0.311170212765957
"715",4,4,0.55,0.55,0.9,3.25,2.65,0,-1.11022302462516e-16,-2.01858731750028e-16,-0.2,-0.222222222222222,0.153265602322206
"715",4,3,0.4,0.55,0.466666666666667,1.8,2.25,-1,0.15,0.375,0.383333333333333,0.821428571428571,-0.155555555555556
"715",4,3,0.55,0.55,0.7,2.65,2.05,-1,0,0,0.05,0.0714285714285715,-0.0253106304647952
"715",5,4,0.4,0.6,0.675,3.1,3.6,-1,0.2,0.5,0.325,0.481481481481481,0.0215053763440861
"715",3,3,0.4,0.55,0.9,2.2,2.25,0,0.15,0.375,-0.05,-0.0555555555555556,0.187878787878788
"715",3,3,0.25,0.35,1.475,3.2,1.65,0,0.1,0.4,-0.825,-0.559322033898305,0.401988636363636
"715",5,4,0.25,0.35,0.675,2.95,2.75,-1,0.1,0.4,0.125,0.185185185185185,0.0853620955315869
"715",5,5,0.4,0.35,0.7,3.2,2.95,0,-0.05,-0.125,-0.0499999999999999,-0.0714285714285713,-0.0317796610169492
"715",3,3,0.55,0.35,1.1,2.75,1.55,0,-0.2,-0.363636363636364,-0.5,-0.454545454545455,0.0774193548387097
"715",5,4,0.55,0.6,0.9,4.15,3.9,-1,0.0499999999999999,0.0909090909090908,0.2,0.222222222222222,-0.0472659870250232
"715",4,4,0.25,0.45,0.783333333333333,2.6,2.85,0,0.2,0.8,0.0166666666666667,0.0212765957446809,0.246963562753036
"715",3,3,0.55,0.5,2.2,4.95,2.3,0,-0.05,-0.090909090909091,-1.3,-0.590909090909091,0.318840579710145
"715",4,4,0.4,0.45,0.9,3.1,2.85,0,0.0499999999999999,0.125,-0.1,-0.111111111111111,0.115449915110356
"715",5,6,0.25,0.1,0.7,3.05,2.6,1,-0.15,-0.6,-0.2,-0.285714285714286,-0.17906683480454
"715",4,4,0.4,0.3,0.7,2.5,3.3,0,-0.1,-0.25,0.3,0.428571428571429,-0.276363636363636
"715",5,5,0.25,0.3,0.7,3.05,2.7,0,0.05,0.2,-0.1,-0.142857142857143,0.145719489981785
"715",3,4,0.55,0.6,1.8,4.15,3.3,1,0.0499999999999999,0.0909090909090908,-0.9,-0.5,0.329682365826944
"715",4,4,0.4,0.4,1.1,3.7,3.4,0,0,0,-0.1,-0.090909090909091,0.0381558028616852
"715",4,4,0.4,0.3,0.9,3.1,3.3,0,-0.1,-0.25,0.1,0.111111111111111,-0.152492668621701
"715",4,4,0.25,0.25,0.783333333333333,2.6,2.35,0,5.55111512312578e-17,2.22044604925031e-16,-0.0833333333333334,-0.106382978723404,0.0409165302782326
"715",5,4,0.25,0.2,0.675,2.95,2.6,-1,-0.05,-0.2,0.125,0.185185185185185,-0.116036505867014
"715",5,5,0.25,0.2,0.9,3.85,2.8,0,-0.0499999999999999,-0.2,-0.25,-0.277777777777778,0.0324675324675326
"715",4,5,0.25,0.25,1.1,3.55,3.05,1,0,0,-0.4,-0.363636363636364,0.1281459247287
"715",3,4,0.4,0.3,0.7,1.8,2.4,1,-0.1,-0.25,0,0,-0.166666666666667
"715",5,5,0.4,0.3,1.1,4.8,2.9,0,-0.1,-0.25,-0.45,-0.409090909090909,0.100574712643678
"715",4,4,0.4,0.4,0.7,2.5,2.8,0,-5.55111512312578e-17,-1.38777878078145e-16,0.1,0.142857142857143,-0.0685714285714287
"715",4,4,0.25,0.3,0.733333333333333,2.45,2.7,0,0.05,0.2,0.0666666666666667,0.0909090909090909,0.0362811791383221
"715",5,4,0.55,0.45,0.675,3.25,2.25,-1,-0.1,-0.181818181818182,-0.0750000000000001,-0.111111111111111,-0.0461538461538462
"715",3,3,0.55,0.35,1.4,3.35,1.45,0,-0.2,-0.363636363636364,-0.85,-0.607142857142857,0.231600617601647
"715",4,3,0.55,0.55,0.7,2.65,2.05,-1,0,0,0.05,0.0714285714285715,-0.0253106304647952
"715",4,4,0.55,0.45,0.9,3.25,2.25,0,-0.1,-0.181818181818182,-0.3,-0.333333333333333,0.123076923076923
"715",5,4,0.25,0.25,0.525,2.35,1.75,-1,5.55111512312578e-17,2.22044604925031e-16,-0.025,-0.0476190476190477,0.0395136778115502
"715",3,4,0.55,0.3,1.1,2.75,2.1,1,-0.25,-0.454545454545455,-0.5,-0.454545454545455,-0.0285714285714286
"715",3,3,0.55,0.35,0.7,1.95,1.65,0,-0.2,-0.363636363636364,-0.0499999999999999,-0.0714285714285713,-0.20979020979021
"715",5,4,0.55,0.55,0.825,3.85,2.95,-1,0,0,-0.025,-0.0303030303030303,0.0314769975786925
"715",5,4,0.55,0.25,1.1,4.95,2.05,-1,-0.3,-0.545454545454546,-0.5,-0.454545454545455,-0.067750677506775
"715",3,3,0.4,0.35,2.2,4.8,1.75,0,-0.05,-0.125,-1.5,-0.681818181818182,0.35
"715",3,3,0.25,0.2,1.475,3.2,1.2,0,-0.05,-0.2,-0.975,-0.661016949152542,0.265625
"715",3,3,0.4,0.3,1.1,2.6,1.2,0,-0.1,-0.25,-0.65,-0.590909090909091,0.288461538461538
"715",4,4,0.4,0.3,0.6,2.2,1.8,0,-0.1,-0.25,-0.1,-0.166666666666667,-0.0606060606060607
"715",5,5,0.4,0.3,0.7,3.2,2.9,0,-0.1,-0.25,-0.0499999999999999,-0.0714285714285713,-0.107758620689655
"715",5,5,0.4,0.45,0.525,2.5,3.05,0,0.05,0.125,0.125,0.238095238095238,-0.0622950819672132
"715",3,3,0.55,0.55,2.2,4.95,3.45,0,0,0,-0.75,-0.340909090909091,0.144927536231884
"715",5,4,0.4,0.4,0.9,4,2.5,-1,0,0,-0.2,-0.222222222222222,0.14
"715",4,4,0.25,0.35,0.466666666666667,1.65,2.75,0,0.1,0.4,0.333333333333333,0.714285714285714,-0.096969696969697
"715",3,3,0.25,0.25,2.2,4.65,4.35,0,5.55111512312578e-17,2.22044604925031e-16,-0.15,-0.0681818181818183,0.0111234705228032
"715",3,3,0.4,0.4,1.8,4,3.6,0,-5.55111512312578e-17,-1.38777878078145e-16,-0.2,-0.111111111111111,0.0333333333333333
"715",3,3,0.4,0.45,0.9,2.2,2.85,0,0.05,0.125,0.3,0.333333333333333,-0.0717703349282297
"715",4,3,0.25,0.35,0.7,2.35,2.65,-1,0.1,0.4,0.45,0.642857142857143,-0.0293054997992775
"715",4,4,0.25,0.25,0.9,2.95,2.65,0,0,0,-0.1,-0.111111111111111,0.0383754397185801
"715",3,3,0.25,0.3,0.7,1.65,1.9,0,0.05,0.2,0.1,0.142857142857143,0.0191387559808612
"715",5,6,0.25,0.3,0.825,3.55,3.3,1,0.05,0.2,-0.225,-0.272727272727273,0.193341869398207
"715",5,4,0.55,0.35,0.7,3.35,1.85,-1,-0.2,-0.363636363636364,-0.2,-0.285714285714286,-0.0641387656313031
"715",4,5,0.55,0.5,0.733333333333333,2.75,2.7,1,-0.05,-0.090909090909091,-0.183333333333333,-0.25,0.125925925925926
"715",4,4,0.55,0.75,0.6,2.35,3.15,0,0.2,0.363636363636364,0.2,0.333333333333333,0.016210739614995
"715",4,4,0.25,0.35,0.6,2.05,3.05,0,0.1,0.4,0.3,0.5,-0.0287884846061576
"715",3,3,0.25,0.35,1.1,2.45,2.25,0,0.1,0.4,-0.15,-0.136363636363636,0.160544217687075
"715",3,3,0.25,0.25,1.4,3.05,1.45,0,5.55111512312578e-17,2.22044604925031e-16,-0.8,-0.571428571428571,0.271339739966083
"715",5,4,0.55,0.35,0.9,4.15,2.15,-1,-0.2,-0.363636363636364,-0.3,-0.333333333333333,-0.0114878117119641
"715",5,4,0.4,0.4,0.675,3.1,2.2,-1,-5.55111512312578e-17,-1.38777878078145e-16,-0.0750000000000001,-0.111111111111111,0.0821114369501467
"715",5,4,0.25,0.4,1.1,4.65,2.5,-1,0.15,0.6,-0.4,-0.363636363636364,0.371182795698925
"715",4,4,0.4,0.45,0.466666666666667,1.8,2.25,0,0.0499999999999999,0.125,0.133333333333333,0.285714285714286,-0.088888888888889
"715",3,3,0.25,0.3,1.8,3.85,2.6,0,0.05,0.2,-0.65,-0.361111111111111,0.151348651348651
"715",5,5,0.25,0.3,0.8625,3.7,3.7,0,0.05,0.2,-0.0125000000000001,-0.0144927536231885,0.0675675675675676
"715",3,3,0.25,0.3,0.9,2.05,2.3,0,0.05,0.2,0.1,0.111111111111111,0.0254506892895016
"715",3,3,0.55,0.35,0.9,2.35,2.15,0,-0.2,-0.363636363636364,0,0,-0.213755566551212
"715",4,3,0.55,0.5,1.1,3.85,2.5,-1,-0.0500000000000001,-0.0909090909090911,-0.1,-0.090909090909091,0.0285714285714285
"716",5,4,0.4,0.3,1.1,4.8,2.4,-1,-0.1,-0.25,-0.4,-0.363636363636364,0.0833333333333334
"716",4,4,0.25,0.15,0.9,2.95,1.35,0,-0.1,-0.4,-0.5,-0.555555555555556,0.105461393596987
"716",5,4,0.25,0.35,0.9,3.85,3.05,-1,0.1,0.4,0,0,0.134341068767298
"716",4,3,0.4,0.25,1.1,3.7,1.25,-1,-0.15,-0.375,-0.6,-0.545454545454546,0.167567567567568
"716",5,4,0.25,0.35,0.675,2.95,3.35,-1,0.1,0.4,0.325,0.481481481481481,-0.005818365798128
"716",4,4,0.55,0.4,0.9,3.25,2.5,0,-0.15,-0.272727272727273,-0.2,-0.222222222222222,-0.0369230769230768
"716",4,3,0.55,0.85,0.6,2.35,2.85,-1,0.3,0.545454545454545,0.4,0.666666666666667,-0.0414333706606944
"716",3,3,0.55,0.6,1.8,4.15,3,0,0.0499999999999999,0.0909090909090908,-0.6,-0.333333333333333,0.202409638554217
"716",5,4,0.4,0.55,0.525,2.5,2.95,-1,0.15,0.375,0.275,0.523809523809524,-0.0542372881355933
"716",3,3,0.55,0.55,1.4,3.35,2.85,0,0,0,-0.25,-0.178571428571429,0.0864100549882169
"716",4,3,0.55,0.55,0.733333333333333,2.75,2.05,-1,0,0,0.0166666666666671,0.0227272727272733,0.00487804878048792
"716",4,3,0.55,0.65,0.7,2.65,2.25,-1,0.1,0.181818181818182,0.1,0.142857142857143,0.0364779874213835
"716",5,3,0.25,0.15,0.825,3.55,1.85,-2,-0.1,-0.4,0.025,0.0303030303030303,-0.108869432813095
"716",4,3,0.25,0.2,0.783333333333333,2.6,2,-1,-0.05,-0.2,0.116666666666667,0.148936170212766,-0.0846153846153845
"716",4,3,0.4,0.4,0.9,3.1,2.2,-1,0,0,0,0,0.029325513196481
"716",3,3,0.4,0.3,2.2,4.8,3.8,0,-0.1,-0.25,-0.45,-0.204545454545455,-0.0131578947368422
"716",3,3,0.4,0.35,1.1,2.6,2.35,0,-0.05,-0.125,-0.1,-0.090909090909091,-0.0147299509001638
"716",3,3,0.55,0.45,0.9,2.35,2.35,0,-0.1,-0.181818181818182,0.0499999999999999,0.0555555555555555,-0.127659574468085
"716",3,3,0.25,0.3,0.7,1.65,2.2,0,0.05,0.2,0.25,0.357142857142857,-0.0454545454545455
"716",5,4,0.4,0.35,0.9,4,2.75,-1,-0.05,-0.125,-0.1,-0.111111111111111,0.00909090909090893
"716",3,3,0.4,0.3,1.8,4,2.7,0,-0.1,-0.25,-0.6,-0.333333333333333,0.0333333333333333
"716",3,3,0.25,0.25,0.9,2.05,1.95,0,0,0,-0.05,-0.0555555555555556,0.0187617260787992
"716",5,4,0.4,0.3,0.7,3.2,1.8,-1,-0.1,-0.25,-0.2,-0.285714285714286,0.0416666666666666
"716",3,3,0.25,0.2,1.1,2.45,1.8,0,-0.05,-0.2,-0.3,-0.272727272727273,0.0272108843537416
"716",3,3,0.25,0.15,1.475,3.2,2.35,0,-0.1,-0.4,-0.375,-0.254237288135593,-0.0428856382978724
"716",5,4,0.25,0.2,0.7,3.05,2.3,-1,-0.05,-0.2,0,0,-0.0620099786172487
"716",4,4,0.4,0.3,0.7,2.5,2.1,0,-0.1,-0.25,-0.1,-0.142857142857143,-0.0685714285714285
"716",4,4,0.25,0.25,0.7,2.35,2.35,0,0,0,0,0,5.55111512312578e-17
"716",3,3,0.25,0.2,1.4,3.05,2.5,0,-0.05,-0.2,-0.25,-0.178571428571429,-0.00590163934426227
"716",5,4,0.55,0.5,0.675,3.25,2.9,-1,-0.05,-0.090909090909091,0.125,0.185185185185185,-0.156498673740053
"716",4,4,0.25,0.15,1.1,3.55,3.15,0,-0.1,-0.4,-0.1,-0.090909090909091,-0.09121395036888
"716",3,2,0.4,0.55,0.7,1.8,1.35,-1,0.15,0.375,0.1,0.142857142857143,0.148148148148148
"716",5,5,0.55,0.55,1.1,4.95,4.35,0,0,0,-0.15,-0.136363636363636,0.0766283524904214
"716",5,5,0.55,0.45,0.9,4.15,3.25,0,-0.1,-0.181818181818182,-0.2,-0.222222222222222,0.0296570898980538
"716",4,4,0.55,0.5,1.1,3.85,3.2,0,-0.05,-0.090909090909091,-0.2,-0.181818181818182,0.0535714285714285
"716",5,5,0.55,0.55,0.825,3.85,4.15,0,0,0,0.0750000000000001,0.090909090909091,-0.0516351118760758
"716",4,4,0.25,0.25,0.733333333333333,2.45,2.95,0,0,0,0.166666666666667,0.227272727272728,-0.0691802144586648
"716",3,3,0.55,0.5,0.7,1.95,1.9,0,-0.05,-0.090909090909091,0,0,-0.0566801619433199
"716",3,3,0.55,0.5,2.2,4.95,3.9,0,-0.05,-0.090909090909091,-0.5,-0.227272727272727,0.0512820512820513
"716",4,3,0.4,0.55,0.466666666666667,1.8,1.95,-1,0.15,0.375,0.233333333333333,0.499999999999999,-0.0427350427350427
"716",5,5,0.25,0.15,1.1,4.65,3.75,0,-0.1,-0.4,-0.2,-0.181818181818182,-0.0688172043010752
"716",4,4,0.25,0.2,0.6,2.05,2,0,-0.05,-0.2,0,0,-0.0878048780487805
"716",5,4,0.25,0.25,0.525,2.35,2.35,-1,0,0,0.175,0.333333333333333,-0.106382978723404
"716",4,4,0.25,0.25,0.466666666666667,1.65,2.05,0,0,0,0.133333333333333,0.285714285714285,-0.118255728011826
"716",5,4,0.55,0.55,0.7,3.35,2.95,-1,0,0,0.1,0.142857142857143,-0.0751328105236528
"716",3,4,0.25,0.2,1.8,3.85,3.2,1,-0.05,-0.2,-0.8,-0.444444444444444,0.0551948051948052
"716",5,5,0.25,0.15,0.8625,3.7,3.35,0,-0.1,-0.4,-0.0625,-0.072463768115942,-0.113957240822912
"716",3,3,0.55,0.45,1.1,2.75,2.55,0,-0.1,-0.181818181818182,-0.05,-0.0454545454545455,-0.0705882352941177
"716",5,4,0.4,0.5,0.9,4,2.6,-1,0.1,0.25,-0.2,-0.222222222222222,0.269230769230769
"716",4,4,0.55,0.55,1.1,3.85,3.55,0,0,0,-0.1,-0.090909090909091,0.0482897384305835
"716",3,3,0.25,0.15,1.475,3.2,2.35,0,-0.1,-0.4,-0.375,-0.254237288135593,-0.0428856382978724
"716",3,3,0.4,0.4,1.1,2.6,2.5,0,0,0,-0.05,-0.0454545454545455,0.0184615384615385
"716",4,3,0.55,0.5,0.9,3.25,2.4,-1,-0.05,-0.090909090909091,0.0499999999999999,0.0555555555555555,-0.051923076923077
"716",5,4,0.25,0.25,0.9,3.85,2.35,-1,0,0,-0.2,-0.222222222222222,0.100856590218292
"716",5,4,0.25,0.2,0.675,2.95,2.6,-1,-0.05,-0.2,0.125,0.185185185185185,-0.116036505867014
"716",3,3,0.25,0.2,1.4,3.05,1.9,0,-0.05,-0.2,-0.55,-0.392857142857143,0.0698878343399482
"716",4,4,0.25,0.4,0.6,2.05,2.5,0,0.15,0.6,0.1,0.166666666666667,0.15219512195122
"716",3,2,0.4,0.4,1.8,4,2.5,-1,0,0,0.3,0.166666666666667,0.02
"716",5,5,0.55,0.45,1.1,4.95,4.25,0,-0.1,-0.181818181818182,-0.15,-0.136363636363636,-0.0261437908496732
"716",3,2,0.4,0.5,0.7,1.8,1.3,-1,0.1,0.25,0.1,0.142857142857143,0.102564102564102
"716",5,5,0.55,0.5,0.9,4.15,4.3,0,-0.05,-0.090909090909091,0.0499999999999999,0.0555555555555555,-0.0812552535724291
"716",3,3,0.55,0.5,0.9,2.35,1.9,0,-0.05,-0.090909090909091,-0.2,-0.222222222222222,0.0873460246360582
"716",3,2,0.25,0.3,0.7,1.65,0.9,-1,0.05,0.2,-0.1,-0.142857142857143,0.212121212121212
"716",5,4,0.4,0.4,0.525,2.5,2.2,-1,0,0,0.075,0.142857142857143,-0.0727272727272726
"716",3,3,0.25,0.2,1.8,3.85,3,0,-0.05,-0.2,-0.4,-0.222222222222222,0.00519480519480522
"716",4,3,0.55,0.45,0.7,2.65,1.85,-1,-0.1,-0.181818181818182,0,0,-0.100458949515553
"716",5,4,0.4,0.45,0.675,3.1,2.85,-1,0.05,0.125,0.125,0.185185185185185,-0.0135823429541597
"716",4,4,0.25,0.25,1.1,3.55,3.25,0,0,0,-0.1,-0.090909090909091,0.0260021668472373
"716",5,5,0.4,0.2,1.1,4.8,3.2,0,-0.2,-0.5,-0.35,-0.318181818181818,-0.104166666666667
"716",4,4,0.4,0.35,1.1,3.7,3.35,0,-0.05,-0.125,-0.1,-0.090909090909091,-0.0145219846712384
"716",3,3,0.55,0.55,0.7,1.95,2.25,0,0,0,0.15,0.214285714285714,-0.112820512820513
"716",5,4,0.25,0.25,0.525,2.35,1.75,-1,0,0,-0.025,-0.0476190476190477,0.0395136778115501
"716",3,3,0.4,0.35,2.2,4.8,2.75,0,-0.05,-0.125,-1,-0.454545454545455,0.131818181818182
"716",4,3,0.25,0.3,0.9,2.95,2.3,-1,0.05,0.2,0.1,0.111111111111111,0.0523212969786294
"716",3,3,0.55,0.45,2.2,4.95,2.65,0,-0.1,-0.181818181818182,-1.1,-0.5,0.176100628930818
"716",4,3,0.25,0.45,0.7,2.35,2.45,-1,0.2,0.8,0.3,0.428571428571429,0.125488493269648
"716",4,3,0.25,0.3,0.466666666666667,1.65,1.8,-1,0.05,0.2,0.283333333333333,0.607142857142856,-0.106060606060606
"716",4,3,0.4,0.4,0.6,2.2,1.8,-1,0,0,0.1,0.166666666666667,-0.0606060606060604
"716",5,5,0.55,0.45,0.825,3.85,3.85,0,-0.1,-0.181818181818182,0.025,0.0303030303030303,-0.12987012987013
"716",3,3,0.55,0.4,1.4,3.35,2.2,0,-0.15,-0.272727272727273,-0.5,-0.357142857142857,0.0529172320217097
"716",4,3,0.4,0.5,0.466666666666667,1.8,1.9,-1,0.1,0.25,0.233333333333333,0.499999999999999,-0.0994152046783626
"716",5,4,0.55,0.5,0.675,3.25,2.6,-1,-0.05,-0.090909090909091,0.0249999999999999,0.0370370370370369,-0.0769230769230768
"716",3,2,0.25,0.3,0.9,2.05,0.9,-1,0.05,0.2,-0.3,-0.333333333333333,0.300813008130081
"716",4,3,0.4,0.3,0.7,2.5,1.6,-1,-0.1,-0.25,-0.0499999999999999,-0.0714285714285713,-0.0775000000000001
"716",3,2,0.55,0.5,1.8,4.15,1.9,-1,-0.05,-0.090909090909091,-0.4,-0.222222222222222,0.128725428027901
"716",4,3,0.25,0.25,0.783333333333333,2.6,1.55,-1,0,0,-0.133333333333333,-0.170212765957446,0.0992555831265509
"716",5,5,0.25,0.15,0.8625,3.7,2.35,0,-0.1,-0.4,-0.3125,-0.36231884057971,-0.0186889016676251
"716",4,3,0.4,0.3,0.9,3.1,2,-1,-0.1,-0.25,-0.05,-0.0555555555555556,-0.0661290322580645
"716",5,5,0.4,0.4,0.7,3.2,3.6,0,0,0,0.1,0.142857142857143,-0.0694444444444444
"716",5,4,0.55,0.45,0.7,3.35,2.55,-1,-0.1,-0.181818181818182,0,0,-0.115013169446883
"716",3,3,0.25,0.15,2.2,4.65,3.05,0,-0.1,-0.4,-0.75,-0.340909090909091,-0.0137493389740878
"716",5,4,0.25,0.25,0.825,3.55,3.25,-1,0,0,0.175,0.212121212121212,-0.0444203683640303
"716",4,3,0.25,0.2,0.733333333333333,2.45,2,-1,-0.05,-0.2,0.166666666666667,0.227272727272728,-0.108163265306122
"716",3,2,0.4,0.45,0.9,2.2,1.35,-1,0.05,0.125,0,0,0.121212121212121
"716",5,4,0.25,0.3,0.7,3.05,2.4,-1,0.05,0.2,0,0,0.0901639344262296
"716",4,2,0.55,0.65,0.733333333333333,2.75,1.65,-2,0.1,0.181818181818182,0.266666666666667,0.363636363636364,-0.0121212121212121
"716",5,5,0.25,0.2,1.1,4.65,3,0,-0.05,-0.2,-0.4,-0.363636363636364,0.0645161290322581
"716",4,3,0.4,0.4,1.1,3.7,2.6,-1,0,0,0,0,0.0291060291060291
"716",4,3,0.55,0.55,0.9,3.25,2.55,-1,0,0,0.1,0.111111111111111,-0.0298642533936651
"716",4,3,0.55,0.7,0.6,2.35,2.2,-1,0.15,0.272727272727273,0.15,0.25,0.0183752417794968
"716",3,3,0.25,0.2,0.7,1.65,1.5,0,-0.05,-0.2,-0.0499999999999999,-0.0714285714285713,-0.0545454545454545
"716",3,3,0.25,0.2,2.2,4.65,3.3,0,-0.05,-0.2,-0.65,-0.295454545454545,0.0205278592375367
"716",5,4,0.4,0.35,0.9,4,2.75,-1,-0.05,-0.125,-0.1,-0.111111111111111,0.00909090909090893
"716",5,4,0.4,0.35,0.7,3.2,2.75,-1,-0.05,-0.125,0.1,0.142857142857143,-0.115909090909091
"716",3,2,0.25,0.2,1.475,3.2,1.5,-1,-0.05,-0.2,-0.175,-0.11864406779661,0.0322916666666667
"716",3,2,0.4,0.4,0.7,1.8,1.2,-1,0,0,0.1,0.142857142857143,-1.11022302462516e-16
"716",4,2,0.4,0.5,0.466666666666667,1.8,1.1,-2,0.1,0.25,0.133333333333333,0.285714285714285,0.0202020202020201
"716",3,2,0.55,0.55,0.7,1.95,1.35,-1,0,0,0.1,0.142857142857143,-0.0313390313390314
"716",3,2,0.25,0.25,1.4,3.05,1.55,-1,0,0,-0.0999999999999999,-0.0714285714285713,0.076679005817028
"716",5,4,0.55,0.45,0.9,4.15,3.45,-1,-0.1,-0.181818181818182,0.1,0.111111111111111,-0.140911471974856
"716",5,4,0.25,0.25,0.7,3.05,3.25,-1,0,0,0.3,0.428571428571429,-0.102143757881463
"716",4,3,0.4,0.35,0.6,2.2,1.95,-1,-0.05,-0.125,0.2,0.333333333333333,-0.188811188811189
"716",4,3,0.25,0.25,0.6,2.05,2.05,-1,0,0,0.3,0.5,-0.121951219512195
"716",5,5,0.25,0.25,0.9,3.85,3.45,0,0,0,-0.1,-0.111111111111111,0.0376435159043855
"716",3,2,0.55,0.55,0.9,2.35,1.55,-1,0,0,0.1,0.111111111111111,0.00754975978037065
"716",3,2,0.4,0.35,1.8,4,2.05,-1,-0.05,-0.125,-0.1,-0.0555555555555556,0.0414634146341463
"716",3,3,0.25,0.35,1.8,3.85,2.85,0,0.1,0.4,-0.55,-0.305555555555556,0.173615857826384
"716",4,3,0.25,0.25,0.466666666666667,1.65,1.65,-1,0,0,0.233333333333333,0.499999999999999,-0.151515151515151
"716",4,3,0.4,0.4,0.7,2.5,1.9,-1,0,0,0.05,0.0714285714285715,-0.00842105263157888
"716",5,4,0.25,0.25,1.1,4.65,3.55,-1,0,0,0,0,0.0128729365439951
"716",4,3,0.25,0.25,0.733333333333333,2.45,2.45,-1,0,0,0.366666666666667,0.500000000000001,-0.102040816326531
"716",5,4,0.4,0.3,0.675,3.1,2.7,-1,-0.1,-0.25,0.125,0.185185185185185,-0.200716845878136
"716",4,3,0.25,0.25,0.7,2.35,1.75,-1,0,0,0.05,0.0714285714285715,0.00303951367781152
"716",5,4,0.55,0.6,0.7,3.35,2.7,-1,0.0499999999999999,0.0909090909090908,0,0,0.0679933665008293
"716",3,3,0.4,0.55,2.2,4.8,3.05,0,0.15,0.375,-0.95,-0.431818181818182,0.290983606557377
"716",5,4,0.25,0.3,0.8625,3.7,3,-1,0.05,0.2,0.0375,0.0434782608695652,0.0621621621621621
"716",4,4,0.55,0.55,0.7,2.65,2.65,0,0,0,0,0,1.11022302462516e-16
"716",3,2,0.25,0.25,0.9,2.05,1.15,-1,0,0,0,0,0.0689289501590668
"716",4,3,0.4,0.4,0.9,3.1,1.9,-1,0,0,-0.15,-0.166666666666667,0.115449915110357
"716",4,3,0.25,0.2,1.1,3.55,1.9,-1,-0.05,-0.2,-0.25,-0.227272727272727,0.0340993328391401
"716",3,2,0.55,0.5,1.1,2.75,1.5,-1,-0.05,-0.090909090909091,-0.1,-0.090909090909091,0.0666666666666665
"716",5,4,0.25,0.25,0.825,3.55,2.35,-1,0,0,-0.125,-0.151515151515152,0.073419238837279
"716",5,5,0.55,0.4,1.1,4.95,4,0,-0.15,-0.272727272727273,-0.2,-0.181818181818182,-0.0555555555555556
"716",3,2,0.55,0.6,1.4,3.35,1.6,-1,0.0499999999999999,0.0909090909090908,-0.4,-0.285714285714286,0.257462686567164
"716",3,3,0.55,0.45,1.8,4.15,3.05,0,-0.1,-0.181818181818182,-0.5,-0.277777777777778,0.045032589373889
"716",5,4,0.25,0.3,0.525,2.35,1.8,-1,0.05,0.2,-0.025,-0.0476190476190477,0.134751773049645
"716",5,3,0.55,0.65,0.675,3.25,2.25,-2,0.1,0.181818181818182,0.125,0.185185185185185,0.0205128205128206
"716",4,3,0.25,0.15,0.9,2.95,1.35,-1,-0.1,-0.4,-0.3,-0.333333333333333,-0.0056497175141243
"716",5,4,0.4,0.4,1.1,4.8,3.7,-1,0,0,0,0,0.0157657657657658
"716",4,3,0.25,0.2,0.783333333333333,2.6,1.8,-1,-0.05,-0.2,0.0166666666666671,0.0212765957446814,-0.0512820512820512
"716",5,4,0.25,0.25,0.675,2.95,2.05,-1,0,0,-0.0750000000000001,-0.111111111111111,0.0640760644894585
"716",5,4,0.55,0.65,0.825,3.85,3.65,-1,0.1,0.181818181818182,0.175,0.212121212121212,-0.00195694716242656
"716",3,2,0.4,0.4,0.9,2.2,1.1,-1,0,0,-0.2,-0.222222222222222,0.181818181818182
"716",3,3,0.55,0.5,2.2,4.95,3.6,0,-0.05,-0.090909090909091,-0.65,-0.295454545454545,0.0833333333333333
"716",3,2,0.4,0.55,1.1,2.6,1.95,-1,0.15,0.375,0.3,0.272727272727273,0.102564102564103
"716",5,3,0.4,0.6,0.525,2.5,2.2,-2,0.2,0.5,0.275,0.523809523809524,0.018181818181818
"716",4,3,0.55,0.5,1.1,3.85,2.1,-1,-0.05,-0.090909090909091,-0.3,-0.272727272727273,0.142857142857143
"716",4,3,0.55,0.6,0.733333333333333,2.75,2.5,-1,0.0499999999999999,0.0909090909090908,0.216666666666667,0.295454545454546,-0.0800000000000001
"716",3,2,0.25,0.15,1.1,2.45,1.15,-1,-0.1,-0.4,-0.1,-0.090909090909091,-0.0452528837622005
"716",3,3,0.4,0.45,0.7,1.8,1.85,0,0.05,0.125,0,0,0.0630630630630631
"716",5,4,0.25,0.4,0.825,3.55,2.5,-1,0.15,0.6,-0.125,-0.151515151515152,0.287887323943662
"716",4,3,0.4,0.4,0.6,2.2,1.7,-1,0,0,0.05,0.0833333333333334,-0.0213903743315508
"716",5,4,0.25,0.25,0.8625,3.7,2.65,-1,0,0,-0.0625,-0.072463768115942,0.0395206527281999
"716",5,4,0.25,0.25,0.675,2.95,2.35,-1,0,0,0.0249999999999999,0.0370370370370369,0.00180310133429507
"716",3,2,0.4,0.45,0.9,2.2,1.35,-1,0.05,0.125,0,0,0.121212121212121
"716",4,3,0.25,0.25,0.6,2.05,1.65,-1,0,0,0.1,0.166666666666667,-0.0332594235033259
"716",3,2,0.4,0.4,2.2,4.8,2,-1,0,0,-0.6,-0.272727272727273,0.15
"716",4,3,0.25,0.35,0.9,2.95,2.65,-1,0.1,0.4,0.25,0.277777777777778,0.057243364246882
"716",5,3,0.4,0.4,0.7,3.2,1.9,-2,0,0,0.05,0.0714285714285715,0.00657894736842113
"716",3,2,0.55,0.55,1.1,2.75,1.75,-1,0,0,0.0999999999999999,0.0909090909090908,0.0285714285714286
"716",5,4,0.25,0.3,0.525,2.35,2.1,-1,0.05,0.2,0.075,0.142857142857143,0.0395136778115502
"716",5,4,0.55,0.45,1.1,4.95,2.85,-1,-0.1,-0.181818181818182,-0.3,-0.272727272727273,0.0760233918128653
"716",5,4,0.55,0.5,0.7,3.35,2.6,-1,-0.05,-0.090909090909091,0,0,-0.0516647531572902
"716",5,4,0.4,0.4,0.9,4,2.8,-1,0,0,-0.1,-0.111111111111111,0.0714285714285714
"716",4,3,0.4,0.35,1.1,3.7,2.35,-1,-0.05,-0.125,-0.1,-0.090909090909091,0.0143760782058653
"716",4,3,0.25,0.3,0.466666666666667,1.65,1.8,-1,0.05,0.2,0.283333333333333,0.607142857142856,-0.106060606060606
"716",4,3,0.55,0.6,0.6,2.35,1.9,-1,0.0499999999999999,0.0909090909090908,0.05,0.0833333333333334,0.0111982082866741
"716",5,3,0.55,0.5,0.675,3.25,1.8,-2,-0.05,-0.090909090909091,-0.025,-0.0370370370370371,-0.0128205128205129
"716",4,3,0.55,0.65,0.9,3.25,2.45,-1,0.1,0.181818181818182,0,0,0.118995290423862
"716",4,3,0.55,0.55,0.733333333333333,2.75,2.05,-1,0,0,0.0166666666666671,0.0227272727272733,0.00487804878048792
"716",4,3,0.25,0.2,1.1,3.55,2.8,-1,-0.05,-0.2,0.2,0.181818181818182,-0.0674044265593561
"716",3,3,0.25,0.15,2.2,4.65,2.75,0,-0.1,-0.4,-0.9,-0.409090909090909,0.00234604105571845
"716",5,3,0.4,0.45,0.525,2.5,1.65,-2,0.05,0.125,0.075,0.142857142857143,0.0181818181818182
"716",5,4,0.55,0.5,0.9,4.15,2.6,-1,-0.05,-0.090909090909091,-0.2,-0.222222222222222,0.106580166821131
"716",5,4,0.4,0.45,1.1,4.8,2.85,-1,0.05,0.125,-0.3,-0.272727272727273,0.214912280701754
"716",3,2,0.4,0.45,1.1,2.6,1.65,-1,0.05,0.125,0.0999999999999999,0.0909090909090908,0.083916083916084
"716",5,4,0.55,0.5,0.825,3.85,2.6,-1,-0.05,-0.090909090909091,-0.125,-0.151515151515152,0.0549450549450551
"716",3,2,0.25,0.25,1.475,3.2,1.85,-1,0,0,0.125,0.0847457627118644,0.0358952702702702
"716",4,3,0.55,0.4,1.1,3.85,2.1,-1,-0.15,-0.272727272727273,-0.25,-0.227272727272727,0
"716",4,3,0.4,0.35,0.9,3.1,1.95,-1,-0.05,-0.125,-0.1,-0.111111111111111,0.0223325062034738
"716",5,4,0.25,0.25,1.1,4.65,3.55,-1,0,0,0,0,0.0128729365439951
"716",3,2,0.55,0.55,1.4,3.35,1.85,-1,0,0,-0.0999999999999999,-0.0714285714285713,0.102057281161759
"716",3,2,0.55,0.7,0.7,1.95,1.5,-1,0.15,0.272727272727273,0.1,0.142857142857143,0.087179487179487
"716",4,3,0.25,0.2,0.783333333333333,2.6,1.5,-1,-0.05,-0.2,-0.133333333333333,-0.170212765957446,0.0153846153846155
"716",5,4,0.25,0.2,0.9,3.85,2.6,-1,-0.05,-0.2,-0.1,-0.111111111111111,-0.016983016983017
"716",4,3,0.4,0.45,0.7,2.5,1.55,-1,0.05,0.125,-0.15,-0.214285714285714,0.230967741935484
"716",4,3,0.4,0.5,0.466666666666667,1.8,1.7,-1,0.1,0.25,0.133333333333333,0.285714285714285,-0.00653594771241839
"716",3,3,0.4,0.25,1.8,4,2.75,0,-0.15,-0.375,-0.55,-0.305555555555556,-0.0272727272727273
"716",5,4,0.4,0.4,0.675,3.1,2.5,-1,0,0,0.0249999999999999,0.0370370370370369,-0.0051612903225805
"716",3,3,0.25,0.25,1.4,3.05,2.85,0,0,0,-0.0999999999999999,-0.0714285714285713,0.0172562553925798
"716",4,3,0.55,0.65,0.7,2.65,2.25,-1,0.1,0.181818181818182,0.1,0.142857142857143,0.0364779874213835
"716",4,3,0.25,0.25,0.733333333333333,2.45,2.05,-1,0,0,0.166666666666667,0.227272727272728,-0.042309606769537
"716",3,2,0.55,0.6,2.2,4.95,1.8,-1,0.0499999999999999,0.0909090909090908,-1,-0.454545454545455,0.333333333333333
"716",3,2,0.25,0.35,0.7,1.65,1.15,-1,0.1,0.4,0.1,0.142857142857143,0.154150197628458
"716",3,2,0.55,0.65,0.9,2.35,1.65,-1,0.1,0.181818181818182,0.1,0.111111111111111,0.0857511283043199
"716",4,3,0.25,0.25,0.7,2.35,1.65,-1,0,0,0,0,0.0290135396518376
"716",5,4,0.25,0.3,0.7,3.05,3.3,-1,0.05,0.2,0.3,0.428571428571429,-0.0461997019374069
"716",3,2,0.25,0.25,0.9,2.05,1.35,-1,0,0,0.2,0.222222222222222,0.00451671183378494
"716",3,2,0.25,0.25,1.1,2.45,2.05,-1,0,0,0.7,0.636363636363636,-0.0622200099552015
"716",3,2,0.55,0.55,1.8,4.15,2.25,-1,0,0,-0.1,-0.0555555555555556,0.0912985274431058
"716",3,2,0.25,0.25,1.8,3.85,2.75,-1,0,0,0.7,0.388888888888889,-0.012987012987013
"716",4,3,0.4,0.6,0.466666666666667,1.8,2.2,-1,0.2,0.5,0.333333333333333,0.714285714285713,-0.0707070707070709
"716",5,4,0.25,0.25,0.8625,3.7,2.35,-1,0,0,-0.1625,-0.188405797101449,0.0876940770557793
"716",3,2,0.25,0.25,1.8,3.85,1.75,-1,0,0,-0.3,-0.166666666666667,0.0909090909090909
"716",5,4,0.55,0.4,1.1,4.95,2.8,-1,-0.15,-0.272727272727273,-0.3,-0.272727272727273,0.0158730158730158
"716",5,4,0.55,0.6,0.9,4.15,3.3,-1,0.0499999999999999,0.0909090909090908,0,0,0.0646221248630887
"716",3,2,0.55,0.55,0.7,1.95,1.25,-1,0,0,0,0,0.0338461538461539
"716",3,2,0.55,0.5,1.4,3.35,1.3,-1,-0.05,-0.090909090909091,-0.6,-0.428571428571428,0.276693455797933
"716",5,4,0.25,0.2,0.9,3.85,3.2,-1,-0.05,-0.2,0.1,0.111111111111111,-0.0746753246753247
"716",3,2,0.25,0.3,0.9,2.05,1.1,-1,0.05,0.2,-0.1,-0.111111111111111,0.17960088691796
"716",4,3,0.4,0.35,0.7,2.5,1.75,-1,-0.05,-0.125,0,0,-0.0400000000000001
"716",5,3,0.55,0.55,0.675,3.25,1.85,-2,0,0,-0.025,-0.0370370370370371,0.0457380457380457
"716",4,3,0.55,0.8,0.9,3.25,2.9,-1,0.25,0.454545454545455,0.15,0.166666666666667,0.150663129973475
"716",5,3,0.25,0.3,0.7,3.05,1.8,-2,0.05,0.2,0.05,0.0714285714285715,0.0901639344262294
"716",4,3,0.4,0.35,0.6,2.2,1.35,-1,-0.05,-0.125,-0.1,-0.166666666666667,0.0505050505050503
"716",5,4,0.4,0.4,0.7,3.2,2.5,-1,0,0,0,0,0.0150000000000001
"716",4,3,0.55,0.55,0.733333333333333,2.75,2.05,-1,0,0,0.0166666666666671,0.0227272727272733,0.00487804878048792
"716",3,3,0.4,0.35,2.2,4.8,3.55,0,-0.05,-0.125,-0.6,-0.272727272727273,0.0457746478873238
"716",3,2,0.4,0.4,0.7,1.8,1.4,-1,0,0,0.3,0.428571428571429,-0.0952380952380952
"716",3,2,0.25,0.35,0.7,1.65,1.05,-1,0.1,0.4,0,0,0.212121212121212
"716",4,3,0.25,0.2,1.1,3.55,2.3,-1,-0.05,-0.2,-0.05,-0.0454545454545455,-0.0208205756276791
"716",4,2,0.4,0.35,0.9,3.1,1.75,-2,-0.05,-0.125,0.5,0.555555555555555,-0.116129032258065
"716",3,2,0.4,0.55,1.1,2.6,1.95,-1,0.15,0.375,0.3,0.272727272727273,0.102564102564103
"716",5,4,0.25,0.25,0.825,3.55,3.55,-1,0,0,0.275,0.333333333333334,-0.0704225352112677
"716",4,3,0.25,0.25,0.9,2.95,2.45,-1,0,0,0.2,0.222222222222222,-0.0328606018678658
"716",3,2,0.55,0.6,0.9,2.35,1.4,-1,0.0499999999999999,0.0909090909090908,-0.1,-0.111111111111111,0.155015197568389
"716",4,3,0.4,0.5,1.1,3.7,2.4,-1,0.1,0.25,-0.15,-0.136363636363636,0.192567567567568
"716",3,2,0.25,0.35,1.4,3.05,1.75,-1,0.1,0.4,0,0,0.154098360655738
"716",4,3,0.55,0.55,0.7,2.65,1.85,-1,0,0,-0.0499999999999999,-0.0714285714285713,0.0617032126466087
"716",4,3,0.55,0.8,0.6,2.35,2.5,-1,0.25,0.454545454545455,0.25,0.416666666666667,0.0238297872340427
"716",4,3,0.25,0.25,0.783333333333333,2.6,2.15,-1,0,0,0.166666666666667,0.212765957446809,-0.035778175313059
"716",4,3,0.25,0.25,0.6,2.05,1.65,-1,0,0,0.1,0.166666666666667,-0.0332594235033259
"716",5,4,0.55,0.65,0.825,3.85,3.05,-1,0.1,0.181818181818182,-0.0249999999999999,-0.0303030303030302,0.138173302107728
"716",4,4,0.25,0.25,0.7,2.35,2.05,0,0,0,-0.1,-0.142857142857143,0.0622729631551635
"716",5,4,0.4,0.45,0.9,4,2.85,-1,0.05,0.125,-0.1,-0.111111111111111,0.131578947368421
"716",5,4,0.25,0.3,0.675,2.95,2.4,-1,0.05,0.2,0.0249999999999999,0.0370370370370369,0.0762711864406781
"716",3,3,0.25,0.15,2.2,4.65,3.55,0,-0.1,-0.4,-0.5,-0.227272727272727,-0.0345297592003635
"716",3,3,0.4,0.3,1.8,4,2.8,0,-0.1,-0.25,-0.55,-0.305555555555556,0.0214285714285714
"716",3,3,0.4,0.35,0.9,2.2,2.25,0,-0.05,-0.125,0.0499999999999999,0.0555555555555555,-0.078787878787879
"716",5,4,0.4,0.4,0.675,3.1,3.1,-1,0,0,0.225,0.333333333333333,-0.129032258064516
"716",3,3,0.55,0.75,1.8,4.15,2.85,0,0.2,0.363636363636364,-0.75,-0.416666666666667,0.391883322764743
"716",3,3,0.55,0.9,2.2,4.95,4.3,0,0.35,0.636363636363636,-0.5,-0.227272727272727,0.294573643410853
"716",3,2,0.55,0.55,1.1,2.75,1.85,-1,0,0,0.2,0.181818181818182,-0.00540540540540546
"716",5,5,0.4,0.35,1.1,4.8,4.75,0,-0.05,-0.125,0,0,-0.0482456140350878
"716",4,3,0.25,0.2,0.733333333333333,2.45,1.7,-1,-0.05,-0.2,0.0166666666666671,0.0227272727272733,-0.0552220888355341
"716",4,3,0.25,0.3,0.466666666666667,1.65,1.7,-1,0.05,0.2,0.233333333333333,0.499999999999999,-0.0766488413547237
"716",5,4,0.4,0.4,0.525,2.5,2.5,-1,0,0,0.175,0.333333333333333,-0.16
"716",5,4,0.25,0.4,0.525,2.35,2.5,-1,0.15,0.6,0.175,0.333333333333333,0.108085106382979
"716",3,3,0.25,0.3,1.475,3.2,2.4,0,0.05,0.2,-0.425,-0.288135593220339,0.140625
"716",3,2,0.25,0.2,1.1,2.45,1.4,-1,-0.05,-0.2,0.0999999999999999,0.0909090909090908,-0.020408163265306
"716",5,4,0.55,0.5,0.7,3.35,2.3,-1,-0.05,-0.090909090909091,-0.1,-0.142857142857143,0.0486696950032448
"716",4,3,0.55,0.65,1.1,3.85,2.85,-1,0.1,0.181818181818182,0,0,0.112781954887218
"716",5,4,0.25,0.2,1.1,4.65,2.9,-1,-0.05,-0.2,-0.2,-0.181818181818182,0.00704486466444199
"716",5,3,0.25,0.2,0.8625,3.7,1.7,-2,-0.05,-0.2,-0.1125,-0.130434782608696,0.0151033386327505
"716",5,3,0.55,0.5,0.825,3.85,2.3,-2,-0.05,-0.090909090909091,0.0750000000000001,0.090909090909091,-0.062111801242236
"716",5,4,0.55,0.55,0.7,3.35,2.65,-1,0,0,0,0,0.00929315685722365
"716",5,4,0.55,0.6,1.1,4.95,3.3,-1,0.0499999999999999,0.0909090909090908,-0.2,-0.181818181818182,0.171717171717172
"716",3,3,0.55,0.6,1.8,4.15,2.9,0,0.0499999999999999,0.0909090909090908,-0.65,-0.361111111111111,0.223099293726631
"716",3,3,0.25,0.2,1.8,3.85,3,0,-0.05,-0.2,-0.4,-0.222222222222222,0.00519480519480522
"716",5,4,0.25,0.2,1.1,4.65,3.2,-1,-0.05,-0.2,-0.1,-0.090909090909091,-0.0188172043010753
"716",4,3,0.55,0.55,0.733333333333333,2.75,2.25,-1,0,0,0.116666666666667,0.15909090909091,-0.0666666666666667
"716",4,3,0.4,0.45,1.1,3.7,2.25,-1,0.05,0.125,-0.2,-0.181818181818182,0.167567567567568
"716",5,4,0.4,0.4,0.675,3.1,2.5,-1,0,0,0.0249999999999999,0.0370370370370369,-0.0051612903225805
"716",5,5,0.25,0.25,0.825,3.55,3.25,0,0,0,-0.075,-0.0909090909090909,0.0325027085590466
"716",5,4,0.55,0.6,0.9,4.15,3.6,-1,0.0499999999999999,0.0909090909090908,0.1,0.111111111111111,0.00401606425702816
"716",3,2,0.4,0.45,1.1,2.6,1.45,-1,0.05,0.125,-0.1,-0.090909090909091,0.159151193633952
"716",5,3,0.4,0.5,0.525,2.5,1.8,-2,0.1,0.25,0.125,0.238095238095238,0.0333333333333332
"716",4,3,0.4,0.55,0.6,2.2,1.95,-1,0.15,0.375,0.1,0.166666666666667,0.118881118881119
"716",4,3,0.25,0.3,0.6,2.05,1.6,-1,0.05,0.2,0.05,0.0833333333333334,0.0746951219512194
"716",5,4,0.25,0.3,0.7,3.05,2.4,-1,0.05,0.2,0,0,0.0901639344262296
"716",3,3,0.55,0.5,2.2,4.95,3.2,0,-0.05,-0.090909090909091,-0.85,-0.386363636363636,0.135416666666667
"716",3,2,0.55,0.65,1.4,3.35,1.95,-1,0.1,0.181818181818182,-0.0999999999999999,-0.0714285714285713,0.174129353233831
"716",4,3,0.4,0.5,0.466666666666667,1.8,1.7,-1,0.1,0.25,0.133333333333333,0.285714285714285,-0.00653594771241839
"716",4,3,0.55,0.55,0.7,2.65,2.05,-1,0,0,0.05,0.0714285714285715,-0.0253106304647952
"716",4,3,0.25,0.25,0.733333333333333,2.45,1.85,-1,0,0,0.0666666666666671,0.0909090909090915,-0.00275785990071703
"716",4,3,0.4,0.4,0.7,2.5,2.1,-1,0,0,0.15,0.214285714285714,-0.0685714285714285
"716",3,2,0.25,0.3,0.7,1.65,1,-1,0.05,0.2,0,0,0.145454545454545
"716",3,2,0.25,0.35,0.9,2.05,1.35,-1,0.1,0.4,0.1,0.111111111111111,0.152664859981933
"716",3,2,0.4,0.45,0.9,2.2,1.25,-1,0.05,0.125,-0.1,-0.111111111111111,0.174545454545454
"716",3,2,0.25,0.2,1.4,3.05,1.8,-1,-0.05,-0.2,0.2,0.142857142857143,-0.0236794171220401
"716",5,5,0.4,0.25,1.1,4.8,3.85,0,-0.15,-0.375,-0.2,-0.181818181818182,-0.091991341991342
"716",3,2,0.4,0.5,0.7,1.8,1.2,-1,0.1,0.25,0,0,0.166666666666667
"716",4,3,0.25,0.25,0.783333333333333,2.6,2.35,-1,0,0,0.266666666666667,0.340425531914894,-0.0654664484451719
"716",3,2,0.25,0.25,1.475,3.2,1.95,-1,0,0,0.225,0.152542372881356,0.0220352564102564
"716",4,3,0.25,0.2,1.1,3.55,2.6,-1,-0.05,-0.2,0.0999999999999999,0.0909090909090908,-0.0509209100758397
"716",5,4,0.4,0.35,0.9,4,3.05,-1,-0.05,-0.125,0,0,-0.0409836065573771
"716",4,3,0.4,0.45,0.9,3.1,2.35,-1,0.05,0.125,0.0499999999999999,0.0555555555555555,0.0583390528483185
"716",5,4,0.4,0.35,0.7,3.2,2.45,-1,-0.05,-0.125,0,0,-0.0535714285714285
"716",4,3,0.25,0.35,0.466666666666667,1.65,1.55,-1,0.1,0.4,0.133333333333333,0.285714285714285,0.0713587487781036
"716",4,4,0.55,0.4,0.9,3.25,2.5,0,-0.15,-0.272727272727273,-0.2,-0.222222222222222,-0.0369230769230768
"716",5,4,0.25,0.25,0.9,3.85,2.95,-1,0,0,0,0,0.0143077261721329
"716",3,2,0.4,0.35,1.8,4,2.65,-1,-0.05,-0.125,0.5,0.277777777777778,-0.0358490566037736
"716",3,2,0.55,0.55,0.9,2.35,1.65,-1,0,0,0.2,0.222222222222222,-0.0354609929078015
"716",5,4,0.25,0.2,0.675,2.95,2.9,-1,-0.05,-0.2,0.225,0.333333333333333,-0.147866744593805
"716",5,3,0.55,0.5,0.675,3.25,2.2,-2,-0.05,-0.090909090909091,0.175,0.259259259259259,-0.164335664335664
"716",3,3,0.4,0.35,2.2,4.8,3.35,0,-0.05,-0.125,-0.7,-0.318181818181818,0.0634328358208954
"716",3,2,0.25,0.2,1.1,2.45,1.5,-1,-0.05,-0.2,0.2,0.181818181818182,-0.0394557823129251
"716",4,3,0.25,0.25,0.7,2.35,2.15,-1,0,0,0.25,0.357142857142857,-0.0766947055912914
"716",4,3,0.25,0.25,0.9,2.95,1.85,-1,0,0,-0.1,-0.111111111111111,0.0664223545579478
"716",3,2,0.55,0.55,0.7,1.95,1.25,-1,0,0,0,0,0.0338461538461539
"716",3,3,0.25,0.2,2.2,4.65,2.9,0,-0.05,-0.2,-0.85,-0.386363636363636,0.0456062291434928
"716",5,4,0.25,0.25,0.525,2.35,2.35,-1,0,0,0.175,0.333333333333333,-0.106382978723404
"716",4,3,0.55,0.65,0.6,2.35,2.05,-1,0.1,0.181818181818182,0.1,0.166666666666667,0.0150492994291647
"716",4,3,0.55,0.6,1.1,3.85,2.7,-1,0.0499999999999999,0.0909090909090908,-0.05,-0.0454545454545455,0.095238095238095
"716",3,2,0.55,0.45,1.1,2.75,1.35,-1,-0.1,-0.181818181818182,-0.2,-0.181818181818182,0.0666666666666665
"717",3,3,0.55,0.35,1.4,3.35,1.75,0,-0.2,-0.363636363636364,-0.7,-0.5,0.107462686567164
"717",3,3,0.55,0.35,1.1,2.75,2.25,0,-0.2,-0.363636363636364,-0.15,-0.136363636363636,-0.133333333333334
"717",5,4,0.25,0.25,1.1,4.65,3.55,-1,5.55111512312578e-17,2.22044604925031e-16,0,0,0.0128729365439952
"717",5,5,0.55,0.45,0.9,4.15,3.45,0,-0.1,-0.181818181818182,-0.15,-0.166666666666667,-0.0104766893661602
"717",5,5,0.4,0.35,1.1,4.8,4.75,0,-0.05,-0.125,0,0,-0.0482456140350876
"717",3,3,0.25,0.2,0.9,2.05,2,0,-0.0499999999999999,-0.2,0,0,-0.0658536585365853
"717",4,4,0.4,0.35,0.6,2.2,2.45,0,-0.05,-0.125,0.0999999999999999,0.166666666666666,-0.155844155844156
"717",4,4,0.4,0.35,0.466666666666667,1.8,1.85,0,-0.05,-0.125,0.0333333333333333,0.0714285714285714,-0.132132132132132
"717",5,5,0.4,0.4,0.7,3.2,2.8,0,0,0,-0.1,-0.142857142857143,0.0892857142857143
"717",4,4,0.25,0.3,0.733333333333333,2.45,2.4,0,0.05,0.2,-0.0333333333333334,-0.0454545454545456,0.0918367346938777
"717",3,3,0.4,0.25,2.2,4.8,2.75,0,-0.15,-0.375,-0.95,-0.431818181818182,0.0227272727272727
"717",3,3,0.25,0.2,1.1,2.45,2.6,0,-0.0499999999999999,-0.2,0.0999999999999999,0.0909090909090908,-0.075353218210361
"717",4,3,0.55,0.4,0.733333333333333,2.75,1.9,-1,-0.15,-0.272727272727273,0.0166666666666667,0.0227272727272728,-0.168421052631579
"717",5,4,0.55,0.4,0.7,3.35,2.2,-1,-0.15,-0.272727272727273,-0.1,-0.142857142857143,-0.0936227951153323
"717",4,4,0.25,0.25,0.9,2.95,2.35,0,0,0,-0.2,-0.222222222222222,0.0865488640461595
"717",3,4,0.25,0.25,0.7,1.65,2.05,1,0,0,-0.1,-0.142857142857143,0.0332594235033259
"717",3,4,0.4,0.2,0.7,1.8,1.7,1,-0.2,-0.5,-0.2,-0.285714285714286,-0.196078431372549
"717",4,4,0.55,0.3,0.6,2.35,2.1,0,-0.25,-0.454545454545455,0,0,-0.364741641337386
"717",4,4,0.25,0.25,0.7,2.35,2.05,0,0,0,-0.1,-0.142857142857143,0.0622729631551635
"717",5,5,0.4,0.35,0.9,4,2.95,0,-0.05,-0.125,-0.25,-0.277777777777778,0.0932203389830509
"717",4,4,0.55,0.4,0.7,2.65,2.5,0,-0.15,-0.272727272727273,0,0,-0.190188679245283
"717",3,3,0.55,0.25,2.2,4.95,2.85,0,-0.3,-0.545454545454546,-0.9,-0.409090909090909,-0.0701754385964913
"717",3,3,0.25,0.2,1.8,3.85,2.7,0,-0.0499999999999999,-0.2,-0.55,-0.305555555555556,0.0274170274170275
"717",3,3,0.55,0.4,1.8,4.15,2.7,0,-0.15,-0.272727272727273,-0.65,-0.361111111111111,0.0468540829986613
"717",4,3,0.55,0.45,0.9,3.25,2.65,-1,-0.1,-0.181818181818182,0.2,0.222222222222222,-0.167489114658926
"717",4,3,0.4,0.35,1.1,3.7,2.25,-1,-0.05,-0.125,-0.15,-0.136363636363636,0.0342342342342341
"717",5,4,0.25,0.3,0.9,3.85,3,-1,0.05,0.2,0,0,0.0753246753246753
"717",4,4,0.4,0.25,0.7,2.5,2.35,0,-0.15,-0.375,0,0,-0.214468085106383
"717",4,4,0.25,0.25,0.466666666666667,1.65,2.35,0,5.55111512312578e-17,2.22044604925031e-16,0.233333333333333,0.5,-0.180528691166989
"717",5,4,0.4,0.45,0.675,3.1,2.85,-1,0.05,0.125,0.125,0.185185185185185,-0.0135823429541597
"717",5,4,0.4,0.3,0.525,2.5,1.8,-1,-0.1,-0.25,-0.025,-0.0476190476190477,-0.133333333333333
"717",3,3,0.4,0.25,1.8,4,2.45,0,-0.15,-0.375,-0.7,-0.388888888888889,0.00612244897959185
"717",5,5,0.55,0.3,1.1,4.95,3.1,0,-0.25,-0.454545454545455,-0.4,-0.363636363636364,-0.07168458781362
"717",5,4,0.25,0.3,0.825,3.55,2.7,-1,0.05,0.2,-0.0249999999999999,-0.0303030303030302,0.0923317683881064
"717",3,3,0.25,0.2,1.4,3.05,2.2,0,-0.05,-0.2,-0.4,-0.285714285714286,0.0268256333830104
"717",5,4,0.25,0.25,0.7,3.05,2.65,-1,0,0,0.1,0.142857142857143,-0.0324775750077328
"717",4,4,0.25,0.15,1.1,3.55,3.15,0,-0.1,-0.4,-0.1,-0.090909090909091,-0.0912139503688799
"717",5,4,0.55,0.3,0.825,3.85,2.7,-1,-0.25,-0.454545454545455,-0.025,-0.0303030303030303,-0.26984126984127
"717",3,3,0.55,0.45,0.7,1.95,1.85,0,-0.1,-0.181818181818182,0,0,-0.116424116424116
"717",3,3,0.4,0.35,0.9,2.2,1.95,0,-0.05,-0.125,-0.1,-0.111111111111111,-0.00699300699300709
"717",5,3,0.55,0.35,0.675,3.25,1.65,-2,-0.2,-0.363636363636364,-0.025,-0.0370370370370371,-0.20979020979021
"717",3,3,0.4,0.3,1.1,2.6,1.9,0,-0.1,-0.25,-0.3,-0.272727272727273,0.0121457489878542
"717",4,3,0.25,0.2,0.6,2.05,2.1,-1,-0.05,-0.2,0.35,0.583333333333334,-0.202090592334495
"717",4,3,0.4,0.25,0.9,3.1,2.35,-1,-0.15,-0.375,0.15,0.166666666666667,-0.196980096087852
"717",3,3,0.55,0.55,0.9,2.35,2.45,0,-1.11022302462516e-16,-2.01858731750028e-16,0.0499999999999999,0.0555555555555555,-0.028658271819366
"717",3,3,0.25,0.2,2.2,4.65,2.5,0,-0.0499999999999999,-0.2,-1.05,-0.477272727272727,0.0787096774193549
"717",5,4,0.25,0.25,0.525,2.35,2.35,-1,0,0,0.175,0.333333333333333,-0.106382978723404
"717",4,4,0.25,0.2,0.783333333333333,2.6,2.6,0,-0.05,-0.2,0.0166666666666667,0.0212765957446809,-0.0769230769230769
"717",4,4,0.55,0.3,1.1,3.85,2.7,0,-0.25,-0.454545454545455,-0.3,-0.272727272727273,-0.126984126984127
"717",3,3,0.25,0.25,1.475,3.2,2.35,0,0,0,-0.425,-0.288135593220339,0.0847739361702127
"717",5,5,0.25,0.2,0.675,2.95,2.8,0,-0.05,-0.2,-0.025,-0.0370370370370371,-0.0665859564164649
"717",5,5,0.25,0.2,0.8625,3.7,3.2,0,-0.05,-0.2,-0.1125,-0.130434782608696,-0.0253378378378378
"717",3,3,0.4,0.25,2.2,4.8,2.15,0,-0.15,-0.375,-1.25,-0.568181818181818,0.0988372093023256
"717",3,3,0.4,0.35,1.1,2.6,2.05,0,-0.05,-0.125,-0.25,-0.227272727272727,0.050656660412758
"717",5,4,0.4,0.3,0.7,3.2,2.7,-1,-0.1,-0.25,0.1,0.142857142857143,-0.180555555555556
"717",4,4,0.25,0.25,1.1,3.55,2.35,0,0,0,-0.4,-0.363636363636364,0.143841774048547
"717",3,3,0.4,0.25,0.7,1.8,1.35,0,-0.15,-0.375,-0.15,-0.214285714285714,-0.111111111111111
"717",4,4,0.25,0.25,0.7,2.35,2.05,0,5.55111512312578e-17,2.22044604925031e-16,-0.1,-0.142857142857143,0.0622729631551636
"717",5,4,0.25,0.3,0.525,2.35,2.1,-1,0.05,0.2,0.075,0.142857142857143,0.0395136778115504
"717",3,3,0.25,0.2,1.475,3.2,2,0,-0.0499999999999999,-0.2,-0.575,-0.389830508474576,0.0656250000000001
"717",3,3,0.4,0.4,0.9,2.2,2.3,0,-5.55111512312578e-17,-1.38777878078145e-16,0.0499999999999999,0.0555555555555555,-0.0237154150197629
"717",4,4,0.4,0.3,0.9,3.1,3.3,0,-0.1,-0.25,0.1,0.111111111111111,-0.152492668621701
"717",4,3,0.55,0.35,0.7,2.65,1.55,-1,-0.2,-0.363636363636364,-0.1,-0.142857142857143,-0.152769324406574
"717",3,3,0.55,0.45,0.9,2.35,1.85,0,-0.1,-0.181818181818182,-0.2,-0.222222222222222,0.0276020701552616
"717",3,3,0.55,0.35,1.4,3.35,2.35,0,-0.2,-0.363636363636364,-0.4,-0.285714285714286,-0.0457288027945381
"717",4,3,0.4,0.35,0.6,2.2,1.65,-1,-0.05,-0.125,0.0499999999999999,0.0833333333333332,-0.0909090909090911
"717",3,3,0.55,0.35,0.7,1.95,1.45,0,-0.2,-0.363636363636364,-0.15,-0.214285714285714,-0.122015915119364
"717",4,3,0.55,0.35,0.6,2.35,1.25,-1,-0.2,-0.363636363636364,-0.15,-0.25,-0.0961702127659576
"717",5,4,0.25,0.2,0.8625,3.7,2.3,-1,-0.0499999999999999,-0.2,-0.1625,-0.188405797101449,0.00998824911868407
"717",3,3,0.25,0.25,0.9,2.05,1.95,0,5.55111512312578e-17,2.22044604925031e-16,-0.05,-0.0555555555555556,0.0187617260787993
"717",5,4,0.25,0.2,1.1,4.65,3.5,-1,-0.05,-0.2,0,0,-0.0402457757296467
"717",4,4,0.25,0.15,0.9,2.95,2.85,0,-0.1,-0.4,0,0,-0.128456735057984
"717",4,3,0.25,0.2,0.783333333333333,2.6,2.4,-1,-0.05,-0.2,0.316666666666667,0.404255319148936,-0.134615384615385
"717",5,4,0.55,0.25,0.675,3.25,1.75,-1,-0.3,-0.545454545454546,-0.175,-0.259259259259259,-0.274725274725275
"717",5,5,0.4,0.2,1.1,4.8,2.6,0,-0.2,-0.5,-0.5,-0.454545454545455,-0.032051282051282
"717",3,3,0.25,0.2,2.2,4.65,2.6,0,-0.0499999999999999,-0.2,-1,-0.454545454545455,0.0694789081885857
"717",3,3,0.25,0.15,1.1,2.45,2.05,0,-0.1,-0.4,-0.15,-0.136363636363636,-0.0866102538576405
"717",5,4,0.4,0.2,0.525,2.5,1.7,-1,-0.2,-0.5,-0.025,-0.0476190476190477,-0.329411764705882
"717",5,4,0.25,0.2,0.825,3.55,2,-1,-0.05,-0.2,-0.225,-0.272727272727273,0.047887323943662
"717",5,5,0.55,0.35,1.1,4.95,3.75,0,-0.2,-0.363636363636364,-0.25,-0.227272727272727,-0.0888888888888889
"717",5,4,0.25,0.35,0.7,3.05,2.75,-1,0.1,0.4,0.1,0.142857142857143,0.0992548435171385
"717",5,4,0.4,0.25,0.9,4,2.35,-1,-0.15,-0.375,-0.2,-0.222222222222222,-0.0744680851063829
"717",4,4,0.4,0.35,0.7,2.5,2.75,0,-0.05,-0.125,0.1,0.142857142857143,-0.130909090909091
"717",4,4,0.25,0.25,0.466666666666667,1.65,1.75,0,5.55111512312578e-17,2.22044604925031e-16,0.0333333333333333,0.0714285714285714,-0.0346320346320346
"717",4,4,0.25,0.2,0.733333333333333,2.45,1.7,0,-0.0499999999999999,-0.2,-0.233333333333333,-0.318181818181818,0.0624249699879953
"717",3,3,0.55,0.2,1.8,4.15,2.4,0,-0.35,-0.636363636363636,-0.7,-0.388888888888889,-0.147590361445783
"717",5,4,0.55,0.4,0.7,3.35,2.8,-1,-0.15,-0.272727272727273,0.1,0.142857142857143,-0.249466950959488
"717",3,3,0.55,0.3,2.2,4.95,3,0,-0.25,-0.454545454545455,-0.85,-0.386363636363636,-0.0333333333333334
"717",5,4,0.55,0.4,0.9,4.15,3.7,-1,-0.15,-0.272727272727273,0.2,0.222222222222222,-0.230218169977206
"717",3,3,0.4,0.25,1.8,4,2.35,0,-0.15,-0.375,-0.75,-0.416666666666667,0.0191489361702128
"717",4,4,0.4,0.25,1.1,3.7,2.65,0,-0.15,-0.375,-0.3,-0.272727272727273,-0.0550739418663947
"717",4,3,0.55,0.25,0.9,3.25,1.95,-1,-0.3,-0.545454545454546,-0.05,-0.0555555555555556,-0.292307692307692
"717",5,5,0.25,0.2,0.9,3.85,2.4,0,-0.05,-0.2,-0.35,-0.388888888888889,0.091991341991342
"717",5,4,0.4,0.25,0.675,3.1,2.05,-1,-0.15,-0.375,-0.0750000000000001,-0.111111111111111,-0.1573564122738
"717",4,4,0.55,0.35,0.733333333333333,2.75,2.15,0,-0.2,-0.363636363636364,-0.133333333333333,-0.181818181818182,-0.148837209302326
"717",4,4,0.55,0.35,1.1,3.85,3.05,0,-0.2,-0.363636363636364,-0.2,-0.181818181818182,-0.112412177985948
"717",3,3,0.55,0.5,1.1,2.75,2.6,0,-0.0500000000000001,-0.0909090909090911,-0.05,-0.0454545454545455,-0.0230769230769232
"717",3,3,0.25,0.25,1.4,3.05,2.55,0,0,0,-0.25,-0.178571428571429,0.0482160077145612
"717",3,3,0.25,0.25,0.7,1.65,1.95,0,5.55111512312578e-17,2.22044604925031e-16,0.15,0.214285714285714,-0.0699300699300698
"717",5,4,0.25,0.25,0.675,2.95,2.35,-1,0,0,0.0249999999999999,0.0370370370370369,0.00180310133429507
"717",4,4,0.25,0.2,0.6,2.05,2,0,-0.05,-0.2,1.11022302462516e-16,1.85037170770859e-16,-0.0878048780487805
"717",3,3,0.25,0.2,1.8,3.85,2.6,0,-0.05,-0.2,-0.6,-0.333333333333333,0.035964035964036
"717",5,4,0.55,0.35,0.825,3.85,2.75,-1,-0.2,-0.363636363636364,-0.025,-0.0303030303030303,-0.205194805194805
"717",4,3,0.4,0.5,0.466666666666667,1.8,1.9,-1,0.0999999999999999,0.25,0.233333333333333,0.5,-0.0994152046783627
"717",5,4,0.25,0.3,0.525,2.35,2.4,-1,0.05,0.2,0.175,0.333333333333333,-0.031914893617021
"717",3,3,0.4,0.35,2.2,4.8,2.95,0,-0.05,-0.125,-0.9,-0.409090909090909,0.10593220338983
"717",3,3,0.55,0.35,1.8,4.15,2.75,0,-0.2,-0.363636363636364,-0.6,-0.333333333333333,-0.0157721796276013
"717",5,4,0.25,0.3,0.8625,3.7,3,-1,0.05,0.2,0.0375,0.0434782608695652,0.0621621621621622
"717",4,4,0.25,0.25,0.733333333333333,2.45,2.35,0,0,0,-0.0333333333333334,-0.0454545454545456,0.0173686495874947
"717",4,4,0.4,0.25,1.1,3.7,2.05,0,-0.15,-0.375,-0.5,-0.454545454545455,0.0553724456163482
"717",4,4,0.25,0.2,0.6,2.05,1.7,0,-0.05,-0.2,-0.0999999999999999,-0.166666666666666,-0.0172166427546628
"717",4,4,0.4,0.3,0.6,2.2,1.8,0,-0.1,-0.25,-0.1,-0.166666666666667,-0.0606060606060607
"717",3,3,0.25,0.25,1.4,3.05,1.65,0,5.55111512312578e-17,2.22044604925031e-16,-0.7,-0.5,0.208643815201192
"717",3,3,0.55,0.3,2.2,4.95,3.2,0,-0.25,-0.454545454545455,-0.75,-0.340909090909091,-0.0520833333333334
"717",4,4,0.25,0.15,0.9,2.95,2.85,0,-0.1,-0.4,0,0,-0.128456735057984
"717",3,3,0.55,0.2,0.7,1.95,1.4,0,-0.35,-0.636363636363636,-0.1,-0.142857142857143,-0.417582417582418
"717",5,4,0.4,0.25,0.9,4,3.55,-1,-0.15,-0.375,0.2,0.222222222222222,-0.21830985915493
"717",3,3,0.25,0.25,0.7,1.65,1.55,0,0,0,-0.0499999999999999,-0.0714285714285713,0.0293255131964809
"717",5,4,0.25,0.2,0.7,3.05,2,-1,-0.05,-0.2,-0.1,-0.142857142857143,-0.00983606557377043
"717",3,3,0.25,0.15,2.2,4.65,3.15,0,-0.1,-0.4,-0.7,-0.318181818181818,-0.0184331797235023
"717",5,4,0.55,0.25,1.1,4.95,4.15,-1,-0.3,-0.545454545454545,0.2,0.181818181818182,-0.314591700133869
"717",5,4,0.55,0.35,0.675,3.25,2.15,-1,-0.2,-0.363636363636364,-0.0750000000000001,-0.111111111111111,-0.194991055456172
"717",5,4,0.25,0.35,0.675,2.95,3.35,-1,0.1,0.4,0.325,0.481481481481481,-0.00581836579812794
"717",3,3,0.25,0.2,1.475,3.2,2.3,0,-0.05,-0.2,-0.425,-0.288135593220339,0.0264945652173913
"717",5,4,0.55,0.3,0.7,3.35,2.1,-1,-0.25,-0.454545454545455,-0.1,-0.142857142857143,-0.249466950959488
"717",3,2,0.55,0.4,1.4,3.35,1.5,-1,-0.15,-0.272727272727273,-0.3,-0.214285714285714,0.0407960199004975
"717",4,3,0.55,0.3,1.1,3.85,1.9,-1,-0.25,-0.454545454545455,-0.3,-0.272727272727273,-0.0977443609022557
"717",3,2,0.4,0.35,0.9,2.2,1.55,-1,-0.05,-0.125,0.3,0.333333333333333,-0.093841642228739
"717",3,2,0.4,0.45,1.1,2.6,1.65,-1,0.05,0.125,0.0999999999999999,0.0909090909090908,0.083916083916084
"717",5,4,0.55,0.4,0.9,4.15,3.1,-1,-0.15,-0.272727272727273,0,0,-0.146521570151574
"717",4,3,0.4,0.35,0.7,2.5,2.15,-1,-0.05,-0.125,0.2,0.285714285714286,-0.151627906976744
"717",5,4,0.55,0.4,0.825,3.85,3.1,-1,-0.15,-0.272727272727273,0.075,0.0909090909090908,-0.19815668202765
"717",5,4,0.25,0.25,0.825,3.55,2.95,-1,0,0,0.0750000000000001,0.090909090909091,-0.0131296252088804
"717",4,4,0.4,0.3,0.466666666666667,1.8,1.5,0,-0.1,-0.25,-0.0666666666666667,-0.142857142857143,-0.0888888888888891
"717",5,5,0.25,0.25,1.1,4.65,3.85,0,5.55111512312578e-17,2.22044604925031e-16,-0.2,-0.181818181818182,0.0558581203742495
"717",5,5,0.25,0.25,0.9,3.85,4.05,0,5.55111512312578e-17,2.22044604925031e-16,0.0499999999999999,0.0555555555555555,-0.0160333493666826
"717",4,3,0.55,0.3,0.9,3.25,2.1,-1,-0.25,-0.454545454545455,0,0,-0.248351648351648
"717",3,3,0.25,0.15,1.8,3.85,2.45,0,-0.1,-0.4,-0.65,-0.361111111111111,-0.0111317254174397
"717",4,3,0.55,0.35,0.6,2.35,1.45,-1,-0.2,-0.363636363636364,-0.0499999999999999,-0.0833333333333332,-0.212032281731475
"717",4,3,0.25,0.2,0.466666666666667,1.65,1.3,-1,-0.05,-0.2,0.0833333333333334,0.178571428571429,-0.144522144522145
"717",5,4,0.4,0.4,0.525,2.5,2.5,-1,0,0,0.175,0.333333333333333,-0.16
"717",5,4,0.4,0.4,0.7,3.2,3.7,-1,0,0,0.4,0.571428571428572,-0.192567567567568
"717",5,5,0.4,0.3,0.675,3.1,3.5,0,-0.1,-0.25,0.125,0.185185185185185,-0.216589861751152
"717",3,3,0.25,0.2,1.1,2.45,1.9,0,-0.05,-0.2,-0.25,-0.227272727272727,0.00966702470461878
"717",4,3,0.4,0.3,0.9,3.1,2.2,-1,-0.1,-0.25,0.0499999999999999,0.0555555555555555,-0.107038123167155
"717",4,3,0.25,0.15,0.7,2.35,2.35,-1,-0.1,-0.4,0.4,0.571428571428572,-0.234042553191489
"717",3,3,0.4,0.25,1.8,4,2.65,0,-0.15,-0.375,-0.6,-0.333333333333333,-0.0169811320754716
"717",4,4,0.55,0.25,0.733333333333333,2.75,2.05,0,-0.3,-0.545454545454546,-0.133333333333333,-0.181818181818182,-0.31219512195122
"717",4,4,0.55,0.35,0.7,2.65,2.45,0,-0.2,-0.363636363636364,0,0,-0.258760107816712
"717",3,2,0.55,0.4,0.9,2.35,1.2,-1,-0.15,-0.272727272727273,-0.1,-0.111111111111111,-0.0354609929078015
"717",3,2,0.4,0.45,0.7,1.8,1.35,-1,0.05,0.125,0.2,0.285714285714286,-1.11022302462516e-16
"717",5,4,0.4,0.25,1.1,4.8,2.35,-1,-0.15,-0.375,-0.4,-0.363636363636364,0.00886524822695045
"717",4,3,0.25,0.3,0.783333333333333,2.6,1.9,-1,0.05,0.2,0.0166666666666667,0.0212765957446809,0.0890688259109311
"717",4,3,0.25,0.2,1.1,3.55,2.6,-1,-0.05,-0.2,0.0999999999999999,0.0909090909090908,-0.0509209100758396
"717",3,2,0.25,0.25,0.9,2.05,1.45,-1,5.55111512312578e-17,2.22044604925031e-16,0.3,0.333333333333333,-0.0210260723296888
"717",3,2,0.55,0.45,1.1,2.75,1.75,-1,-0.1,-0.181818181818182,0.2,0.181818181818182,-0.0857142857142859
"717",4,3,0.55,0.25,0.9,3.25,1.85,-1,-0.3,-0.545454545454546,-0.1,-0.111111111111111,-0.271517671517672
"717",5,4,0.4,0.45,0.525,2.5,2.85,-1,0.05,0.125,0.275,0.523809523809524,-0.168421052631579
"717",3,3,0.4,0.35,1.1,2.6,2.75,0,-0.05,-0.125,0.0999999999999999,0.0909090909090908,-0.0797202797202797
"717",4,4,0.4,0.2,1.1,3.7,3.2,0,-0.2,-0.5,-0.1,-0.090909090909091,-0.182432432432432
"717",3,3,0.25,0.2,1.475,3.2,2.7,0,-0.05,-0.2,-0.225,-0.152542372881356,-0.0121527777777778
"717",3,3,0.4,0.25,2.2,4.8,3.35,0,-0.15,-0.375,-0.65,-0.295454545454545,-0.0261194029850746
"717",5,4,0.4,0.25,1.1,4.8,3.55,-1,-0.15,-0.375,0,0,-0.134976525821596
"717",3,3,0.55,0.3,0.7,1.95,1.7,0,-0.25,-0.454545454545455,0,0,-0.316742081447964
"717",3,3,0.25,0.3,0.7,1.65,1.9,0,0.05,0.2,0.1,0.142857142857143,0.0191387559808612
"717",5,4,0.55,0.4,0.675,3.25,2.2,-1,-0.15,-0.272727272727273,-0.0750000000000001,-0.111111111111111,-0.118881118881119
"717",4,3,0.25,0.3,0.733333333333333,2.45,1.6,-1,0.05,0.2,-0.0833333333333334,-0.113636363636364,0.154336734693877
"717",5,5,0.4,0.25,0.7,3.2,2.45,0,-0.15,-0.375,-0.15,-0.214285714285714,-0.114795918367347
"717",5,5,0.25,0.35,0.7,3.05,3.75,0,0.1,0.4,0.15,0.214285714285714,0.0568306010928962
"717",4,4,0.55,0.35,0.7,2.65,2.15,0,-0.2,-0.363636363636364,-0.1,-0.142857142857143,-0.179025888547609
"717",5,5,0.25,0.35,1.1,4.65,3.35,0,0.1,0.4,-0.35,-0.318181818181818,0.253570855400417
"717",4,4,0.55,0.3,1.1,3.85,3,0,-0.25,-0.454545454545455,-0.2,-0.181818181818182,-0.171428571428571
"717",5,4,0.55,0.4,0.7,3.35,3.1,-1,-0.15,-0.272727272727273,0.2,0.285714285714286,-0.304766490129995
"717",3,2,0.55,0.4,1.4,3.35,1.9,-1,-0.15,-0.272727272727273,0.1,0.0714285714285715,-0.0714846818538885
"717",4,2,0.25,0.3,0.7,2.35,1.7,-2,0.05,0.2,0.7,1,-0.0725907384230288
"717",3,2,0.55,0.35,1.8,4.15,2.45,-1,-0.2,-0.363636363636364,0.3,0.166666666666667,-0.111876075731497
"717",4,3,0.4,0.3,0.9,3.1,2.7,-1,-0.1,-0.25,0.3,0.333333333333333,-0.182795698924731
"717",5,4,0.4,0.4,0.9,4,2.8,-1,-5.55111512312578e-17,-1.38777878078145e-16,-0.1,-0.111111111111111,0.0714285714285713
"717",4,3,0.25,0.25,0.783333333333333,2.6,2.15,-1,5.55111512312578e-17,2.22044604925031e-16,0.166666666666667,0.212765957446808,-0.0357781753130589
"717",5,4,0.25,0.25,0.675,2.95,2.35,-1,0,0,0.0249999999999999,0.0370370370370369,0.00180310133429507
"717",3,2,0.25,0.3,0.9,2.05,1.5,-1,0.05,0.2,0.3,0.333333333333333,0.0341463414634147
"717",5,5,0.25,0.25,0.8625,3.7,3.25,0,0,0,-0.1125,-0.130434782608696,0.0467775467775468
"717",3,2,0.25,0.2,1.8,3.85,1.6,-1,-0.0499999999999999,-0.2,-0.4,-0.222222222222222,0.0551948051948052
"717",4,3,0.25,0.15,0.466666666666667,1.65,1.65,-1,-0.1,-0.4,0.283333333333333,0.607142857142857,-0.333333333333333
"717",4,3,0.25,0.15,1.1,3.55,2.75,-1,-0.1,-0.4,0.2,0.181818181818182,-0.118053777208707
"717",4,3,0.4,0.4,0.6,2.2,1.6,-1,0,0,-1.11022302462516e-16,-1.85037170770859e-16,0.0227272727272728
"717",4,3,0.55,0.45,0.733333333333333,2.75,2.45,-1,-0.1,-0.181818181818182,0.266666666666667,0.363636363636364,-0.248979591836735
"717",5,4,0.55,0.35,0.9,4.15,2.75,-1,-0.2,-0.363636363636364,-0.1,-0.111111111111111,-0.153559693318729
"717",4,4,0.55,0.3,0.6,2.35,1.5,0,-0.25,-0.454545454545455,-0.2,-0.333333333333333,-0.136170212765958
"717",4,4,0.4,0.35,0.7,2.5,1.85,0,-0.05,-0.125,-0.2,-0.285714285714286,0.116756756756757
"717",5,4,0.4,0.35,0.675,3.1,2.45,-1,-0.05,-0.125,0.0249999999999999,0.0370370370370369,-0.0737327188940091
"717",3,3,0.55,0.45,0.9,2.35,2.05,0,-0.1,-0.181818181818182,-0.1,-0.111111111111111,-0.0435910742086144
"717",5,4,0.55,0.45,0.825,3.85,3.45,-1,-0.1,-0.181818181818182,0.175,0.212121212121212,-0.192546583850932
"717",3,2,0.4,0.3,1.8,4,2.2,-1,-0.1,-0.25,0.1,0.0555555555555556,-0.0272727272727273
"717",5,3,0.25,0.2,0.9,3.85,2.2,-2,-0.05,-0.2,0.1,0.111111111111111,-0.0519480519480519
"717",3,3,0.25,0.35,1.1,2.45,2.45,0,0.1,0.4,-0.05,-0.0454545454545455,0.122448979591837
"717",4,3,0.25,0.25,0.9,2.95,2.35,-1,0,0,0.15,0.166666666666667,-0.0198341146772449
"717",3,2,0.4,0.5,0.9,2.2,1.7,-1,0.1,0.25,0.3,0.333333333333333,0.0427807486631016
"717",3,2,0.25,0.25,2.2,4.65,1.45,-1,5.55111512312578e-17,2.22044604925031e-16,-1,-0.454545454545455,0.183537263626251
"717",3,3,0.55,0.5,1.1,2.75,2.7,0,-0.05,-0.090909090909091,0,0,-0.0444444444444446
"717",3,3,0.25,0.25,1.4,3.05,2.55,0,0,0,-0.25,-0.178571428571429,0.0482160077145612
"717",5,3,0.55,0.5,1.1,4.95,3.3,-2,-0.05,-0.090909090909091,0.3,0.272727272727273,-0.101010101010101
"717",5,5,0.25,0.3,0.825,3.55,3.5,0,0.05,0.2,-0.0249999999999999,-0.0303030303030302,0.0764587525150905
"717",3,3,0.4,0.25,0.7,1.8,1.75,0,-0.15,-0.375,0.05,0.0714285714285715,-0.238095238095238
"717",4,3,0.4,0.4,0.466666666666667,1.8,1.4,-1,-5.55111512312578e-17,-1.38777878078145e-16,0.0333333333333333,0.0714285714285714,-0.0317460317460317
"717",5,4,0.25,0.4,0.525,2.35,2.2,-1,0.15,0.6,0.075,0.142857142857143,0.195357833655706
"717",4,4,0.25,0.3,0.6,2.05,1.8,0,0.05,0.2,-0.0999999999999999,-0.166666666666666,0.178861788617886
"717",3,3,0.55,0.35,2.2,4.95,2.75,0,-0.2,-0.363636363636364,-1,-0.454545454545455,0.0484848484848485
"717",4,3,0.25,0.35,0.783333333333333,2.6,2.75,-1,0.1,0.4,0.416666666666667,0.531914893617021,-0.00279720279720275
"717",5,5,0.55,0.4,0.675,3.25,3.2,0,-0.15,-0.272727272727273,0.0249999999999999,0.0370370370370369,-0.221153846153846
"717",5,5,0.25,0.35,0.9,3.85,3.95,0,0.1,0.4,0,0,0.11836265000822
"717",5,4,0.25,0.2,0.825,3.55,3.2,-1,-0.05,-0.2,0.175,0.212121212121212,-0.102112676056338
"717",3,2,0.55,0.55,0.7,1.95,1.35,-1,0,0,0.1,0.142857142857143,-0.0313390313390314
"717",5,3,0.25,0.3,0.675,2.95,2.1,-2,0.05,0.2,0.225,0.333333333333333,0.00484261501210659
"717",4,3,0.55,0.55,0.6,2.35,1.85,-1,-1.11022302462516e-16,-2.01858731750028e-16,0.05,0.0833333333333334,-0.0442783208740657
"717",3,2,0.25,0.35,0.9,2.05,1.65,-1,0.1,0.4,0.4,0.444444444444444,0.0583887657058388
"717",3,2,0.25,0.2,2.2,4.65,3,-1,-0.05,-0.2,0.6,0.272727272727273,-0.0279569892473118
"717",5,3,0.4,0.3,0.525,2.5,2.3,-2,-0.1,-0.25,0.475,0.904761904761905,-0.408695652173913
"717",4,3,0.25,0.25,0.466666666666667,1.65,1.85,-1,0,0,0.333333333333333,0.714285714285714,-0.200655200655201
"717",5,4,0.25,0.2,0.7,3.05,2.6,-1,-0.05,-0.2,0.1,0.142857142857143,-0.102143757881463
"717",4,4,0.25,0.2,0.6,2.05,2.9,0,-0.05,-0.2,0.3,0.5,-0.211942809083263
"717",5,4,0.25,0.25,0.525,2.35,2.65,-1,5.55111512312578e-17,2.22044604925031e-16,0.275,0.523809523809524,-0.154556403050984
"717",3,3,0.4,0.35,0.7,1.8,2.35,0,-0.05,-0.125,0.3,0.428571428571429,-0.219858156028369
"717",4,3,0.25,0.25,1.1,3.55,2.05,-1,0,0,-0.2,-0.181818181818182,0.084163517691515
"717",5,4,0.4,0.25,0.9,4,2.95,-1,-0.15,-0.375,0,0,-0.161016949152542
"717",4,4,0.25,0.25,0.9,2.95,2.95,0,0,0,0,0,0
"717",3,2,0.55,0.5,1.1,2.75,1.8,-1,-0.05,-0.090909090909091,0.2,0.181818181818182,-0.0444444444444445
"717",5,5,0.25,0.35,0.8625,3.7,4.35,0,0.1,0.4,0.1375,0.159420289855072,0.0644610127368749
"717",4,3,0.25,0.25,0.7,2.35,2.45,-1,0,0,0.4,0.571428571428572,-0.119409465914025
"717",3,3,0.55,0.45,2.2,4.95,2.85,0,-0.1,-0.181818181818182,-1,-0.454545454545455,0.140350877192982
"717",3,3,0.25,0.25,1.1,2.45,2.45,0,5.55111512312578e-17,2.22044604925031e-16,0,0,1.11022302462516e-16
"717",3,3,0.4,0.35,0.9,2.2,2.25,0,-0.05,-0.125,0.0499999999999999,0.0555555555555555,-0.0787878787878789
"717",3,2,0.55,0.35,1.8,4.15,1.75,-1,-0.2,-0.363636363636364,-0.4,-0.222222222222222,0.00240963855421689
"717",4,2,0.4,0.45,0.6,2.2,1.25,-2,0.05,0.125,0.2,0.333333333333333,-0.00727272727272732
"717",3,2,0.4,0.35,1.8,4,2.35,-1,-0.05,-0.125,0.2,0.111111111111111,-0.00212765957446809
"717",4,3,0.4,0.2,0.7,2.5,2.3,-1,-0.2,-0.5,0.35,0.5,-0.379130434782609
"717",4,3,0.55,0.5,0.733333333333333,2.75,2.3,-1,-0.0500000000000001,-0.0909090909090911,0.166666666666667,0.227272727272727,-0.147826086956522
"717",3,2,0.55,0.5,0.9,2.35,1.4,-1,-0.05,-0.090909090909091,0,0,0.0121580547112462
"717",3,2,0.25,0.25,1.475,3.2,1.15,-1,0,0,-0.575,-0.389830508474576,0.200407608695652
"717",3,2,0.25,0.25,1.4,3.05,1.05,-1,0,0,-0.6,-0.428571428571428,0.230288836846214
"717",5,3,0.4,0.25,0.675,3.1,2.15,-2,-0.15,-0.375,0.275,0.407407407407407,-0.296324081020255
"717",4,3,0.4,0.15,0.466666666666667,1.8,1.35,-1,-0.25,-0.625,0.133333333333333,0.285714285714286,-0.555555555555556
"717",5,3,0.55,0.45,0.7,3.35,1.95,-2,-0.1,-0.181818181818182,0.05,0.0714285714285715,-0.128587830080367
"717",4,3,0.55,0.5,0.7,2.65,2.1,-1,-0.05,-0.090909090909091,0.1,0.142857142857143,-0.115902964959569
"717",5,5,0.55,0.45,1.1,4.95,3.05,0,-0.1,-0.181818181818182,-0.45,-0.409090909090909,0.182149362477231
"717",5,5,0.25,0.25,1.1,4.65,3.65,0,5.55111512312578e-17,2.22044604925031e-16,-0.25,-0.227272727272727,0.0736485491235824
"717",3,3,0.25,0.25,0.7,1.65,2.05,0,5.55111512312578e-17,2.22044604925031e-16,0.2,0.285714285714286,-0.0886917960088692
"717",4,4,0.55,0.25,0.9,3.25,3.25,0,-0.3,-0.545454545454546,0.1,0.111111111111111,-0.369230769230769
"717",3,2,0.4,0.25,2.2,4.8,1.45,-1,-0.15,-0.375,-1,-0.454545454545454,0.0948275862068965
"717",3,2,0.55,0.25,1.4,3.35,1.65,-1,-0.3,-0.545454545454545,0,0,-0.189507010402533
"717",5,4,0.55,0.4,0.9,4.15,2.8,-1,-0.15,-0.272727272727273,-0.1,-0.111111111111111,-0.0912220309810671
"717",5,5,0.55,0.35,0.825,3.85,3.15,0,-0.2,-0.363636363636364,-0.125,-0.151515151515152,-0.158730158730159
"717",4,4,0.25,0.4,0.733333333333333,2.45,2.5,0,0.15,0.6,-0.0333333333333334,-0.0454545454545456,0.231836734693878
"717",4,4,0.55,0.45,1.1,3.85,3.15,0,-0.1,-0.181818181818182,-0.2,-0.181818181818182,0
"717",3,2,0.4,0.5,1.1,2.6,1.8,-1,0.1,0.25,0.2,0.181818181818182,0.0940170940170941
"717",4,2,0.4,0.4,0.9,3.1,1.6,-2,-5.55111512312578e-17,-1.38777878078145e-16,0.3,0.333333333333333,-0.0161290322580645
"717",4,4,0.4,0.35,1.1,3.7,3.35,0,-0.05,-0.125,-0.1,-0.090909090909091,-0.0145219846712384
"717",3,2,0.25,0.25,1.8,3.85,2.25,-1,5.55111512312578e-17,2.22044604925031e-16,0.2,0.111111111111111,0.0274170274170275
"717",5,4,0.4,0.2,1.1,4.8,4.4,-1,-0.2,-0.5,0.3,0.272727272727273,-0.234848484848485
"717",5,4,0.4,0.4,0.7,3.2,3.4,-1,-5.55111512312578e-17,-1.38777878078145e-16,0.3,0.428571428571429,-0.154411764705882
"717",3,2,0.55,0.45,1.4,3.35,1.35,-1,-0.1,-0.181818181818182,-0.5,-0.357142857142857,0.174129353233831
"717",4,3,0.25,0.3,0.6,2.05,1.9,-1,0.05,0.2,0.2,0.333333333333334,-0.0141206675224648
"717",5,4,0.55,0.4,0.825,3.85,2.8,-1,-0.15,-0.272727272727273,-0.025,-0.0303030303030303,-0.142857142857143
"717",3,3,0.55,0.35,2.2,4.95,2.55,0,-0.2,-0.363636363636364,-1.1,-0.5,0.0784313725490194
"717",4,3,0.55,0.4,0.9,3.25,2.4,-1,-0.15,-0.272727272727273,0.1,0.111111111111111,-0.176923076923077
"717",3,2,0.55,0.35,1.8,4.15,1.75,-1,-0.2,-0.363636363636364,-0.4,-0.222222222222222,0.00240963855421683
"717",4,3,0.25,0.2,0.733333333333333,2.45,2.1,-1,-0.05,-0.2,0.216666666666667,0.295454545454545,-0.122448979591837
"717",4,3,0.4,0.3,0.7,2.5,1.8,-1,-0.1,-0.25,0.05,0.0714285714285715,-0.14
"717",3,2,0.4,0.25,2.2,4.8,2.45,-1,-0.15,-0.375,4.44089209850063e-16,2.01858731750028e-16,-0.0459183673469389
"717",5,4,0.55,0.2,1.1,4.95,3.8,-1,-0.35,-0.636363636363636,0.0999999999999999,0.0909090909090908,-0.345029239766082
"717",4,3,0.55,0.25,0.733333333333333,2.75,1.65,-1,-0.3,-0.545454545454546,-0.0333333333333333,-0.0454545454545454,-0.345454545454545
"717",4,3,0.25,0.15,1.1,3.55,2.75,-1,-0.1,-0.4,0.2,0.181818181818182,-0.118053777208707
"717",4,3,0.4,0.3,0.466666666666667,1.8,1.2,-1,-0.1,-0.25,-0.0166666666666667,-0.0357142857142857,-0.138888888888889
"717",4,4,0.25,0.3,0.7,2.35,2.1,0,0.05,0.2,-0.1,-0.142857142857143,0.145896656534954
"717",4,3,0.25,0.25,0.466666666666667,1.65,1.85,-1,5.55111512312578e-17,2.22044604925031e-16,0.333333333333333,0.714285714285714,-0.200655200655201
"717",3,2,0.4,0.3,0.7,1.8,1.1,-1,-0.1,-0.25,0.1,0.142857142857143,-0.121212121212121
"717",5,4,0.25,0.3,0.675,2.95,3.3,-1,0.05,0.2,0.325,0.481481481481481,-0.0600924499229583
"717",4,3,0.4,0.25,0.9,3.1,2.15,-1,-0.15,-0.375,0.0499999999999999,0.0555555555555555,-0.167291822955739
"717",3,2,0.4,0.25,0.9,2.2,1.45,-1,-0.15,-0.375,0.3,0.333333333333333,-0.200626959247649
"717",3,2,0.25,0.2,2.2,4.65,3.3,-1,-0.05,-0.2,0.9,0.409090909090909,-0.0400782013685239
"717",3,2,0.25,0.25,1.1,2.45,1.85,-1,0,0,0.5,0.454545454545455,-0.0358521787093216
"717",3,2,0.4,0.3,1.1,2.6,2,-1,-0.1,-0.25,0.6,0.545454545454545,-0.161538461538462
"717",5,4,0.4,0.25,0.7,3.2,3.25,-1,-0.15,-0.375,0.3,0.428571428571429,-0.317307692307692
"717",5,4,0.55,0.35,0.7,3.35,1.85,-1,-0.2,-0.363636363636364,-0.2,-0.285714285714286,-0.0641387656313031
"717",5,4,0.25,0.2,0.825,3.55,2.9,-1,-0.05,-0.2,0.0750000000000001,0.090909090909091,-0.0762506070908208
"717",5,4,0.25,0.25,0.525,2.35,2.35,-1,0,0,0.175,0.333333333333333,-0.106382978723404
"717",5,5,0.4,0.25,1.1,4.8,3.45,0,-0.15,-0.375,-0.3,-0.272727272727273,-0.0543478260869565
"717",3,2,0.55,0.45,0.9,2.35,1.25,-1,-0.1,-0.181818181818182,-0.1,-0.111111111111111,0.0178723404255319
"717",5,4,0.25,0.25,1.1,4.65,2.05,-1,0,0,-0.5,-0.454545454545455,0.218987673747705
"717",5,5,0.4,0.25,0.9,4,2.85,0,-0.15,-0.375,-0.25,-0.277777777777778,-0.0614035087719298
"717",3,2,0.55,0.3,1.1,2.75,1.4,-1,-0.25,-0.454545454545455,0,0,-0.171428571428572
"717",3,2,0.4,0.35,1.8,4,2.05,-1,-0.05,-0.125,-0.0999999999999999,-0.0555555555555555,0.0414634146341463
"717",4,3,0.4,0.2,1.1,3.7,2.7,-1,-0.2,-0.5,0.15,0.136363636363636,-0.21021021021021
"717",3,3,0.25,0.2,1.4,3.05,2.6,0,-0.05,-0.2,-0.2,-0.142857142857143,-0.0151324085750315
"717",3,2,0.25,0.2,1.8,3.85,2.1,-1,-0.05,-0.2,0.0999999999999999,0.0555555555555555,-0.00432900432900435
"717",5,3,0.25,0.25,0.9,3.85,2.75,-2,5.55111512312578e-17,2.22044604925031e-16,0.35,0.388888888888889,-0.0519480519480519
"717",5,4,0.55,0.35,0.675,3.25,2.75,-1,-0.2,-0.363636363636364,0.125,0.185185185185185,-0.337062937062937
"717",5,4,0.4,0.35,0.675,3.1,2.45,-1,-0.05,-0.125,0.0249999999999999,0.0370370370370369,-0.0737327188940091
"717",3,2,0.25,0.2,1.475,3.2,2.3,-1,-0.05,-0.2,0.625,0.423728813559322,-0.0604619565217391
"717",4,2,0.25,0.25,0.783333333333333,2.6,1.85,-2,0,0,0.816666666666667,1.04255319148936,-0.114345114345114
"717",4,2,0.25,0.3,0.9,2.95,1.7,-2,0.05,0.2,0.5,0.555555555555555,0.0139581256231307
"717",5,4,0.55,0.35,0.9,4.15,3.35,-1,-0.2,-0.363636363636364,0.1,0.111111111111111,-0.244740154648444
"717",3,2,0.55,0.45,0.7,1.95,1.15,-1,-0.1,-0.181818181818182,0,0,-0.0635451505016723
"717",3,2,0.25,0.2,0.9,2.05,1,-1,-0.05,-0.2,-0.1,-0.111111111111111,0.0341463414634146
"717",5,3,0.4,0.3,0.525,2.5,1.4,-2,-0.1,-0.25,0.025,0.0476190476190477,-0.157142857142857
"717",3,2,0.25,0.25,0.7,1.65,0.85,-1,0,0,-0.1,-0.142857142857143,0.133689839572192
"717",4,3,0.55,0.35,1.1,3.85,1.95,-1,-0.2,-0.363636363636364,-0.3,-0.272727272727273,-0.0329670329670331
"717",5,4,0.25,0.35,0.8625,3.7,3.05,-1,0.1,0.4,0.0375,0.0434782608695652,0.121178555604785
"717",5,4,0.25,0.35,0.7,3.05,3.05,-1,0.1,0.4,0.2,0.285714285714286,0.0491803278688525
"717",4,4,0.4,0.25,0.6,2.2,2.05,0,-0.15,-0.375,-1.11022302462516e-16,-1.85037170770859e-16,-0.239467849223947
"717",4,4,0.55,0.45,0.6,2.35,2.25,0,-0.1,-0.181818181818182,0,0,-0.136170212765958
"717",4,4,0.55,0.35,0.7,2.65,1.85,0,-0.2,-0.363636363636364,-0.2,-0.285714285714286,-0.0734319224885265
"718",3,3,0.55,0.4,1.8,4.15,2.9,0,-0.15,-0.272727272727273,-0.55,-0.305555555555556,0.0162027420024928
"718",3,4,0.4,0.3,0.9,2.2,3.6,1,-0.1,-0.25,0.2,0.222222222222222,-0.212121212121212
"718",4,4,0.25,0.25,0.9,2.95,2.65,0,0,0,-0.1,-0.111111111111111,0.0383754397185801
"718",3,4,0.4,0.25,1.1,2.6,2.35,1,-0.15,-0.375,-0.4,-0.363636363636364,-0.0360065466448444
"718",3,3,0.55,0.5,0.9,2.35,2.2,0,-0.05,-0.090909090909091,-0.05,-0.0555555555555556,-0.0203094777562863
"718",4,4,0.4,0.35,0.466666666666667,1.8,1.85,0,-0.05,-0.125,0.0333333333333333,0.0714285714285714,-0.132132132132132
"718",3,3,0.55,0.5,1.4,3.35,2.3,0,-0.05,-0.090909090909091,-0.5,-0.357142857142857,0.159636599610642
"718",4,3,0.55,0.45,0.7,2.65,2.15,-1,-0.1,-0.181818181818182,0.15,0.214285714285714,-0.202281702501097
"718",5,5,0.25,0.4,0.675,2.95,2.8,0,0.15,0.6,-0.0750000000000001,-0.111111111111111,0.290556900726392
"718",5,5,0.4,0.35,0.9,4,4.35,0,-0.05,-0.125,0.1,0.111111111111111,-0.0977011494252873
"718",3,3,0.25,0.35,1.475,3.2,2.55,0,0.1,0.4,-0.375,-0.254237288135593,0.177389705882353
"718",5,4,0.55,0.4,0.7,3.35,2.5,-1,-0.15,-0.272727272727273,0,0,-0.18089552238806
"718",5,5,0.55,0.4,1.1,4.95,3.6,0,-0.15,-0.272727272727273,-0.3,-0.272727272727273,-1.11022302462516e-16
"718",3,3,0.4,0.3,1.8,4,3.5,0,-0.1,-0.25,-0.2,-0.111111111111111,-0.0428571428571429
"718",5,5,0.25,0.2,0.8625,3.7,2.2,0,-0.05,-0.2,-0.3625,-0.420289855072464,0.116707616707617
"718",4,4,0.4,0.4,0.9,3.1,2.8,0,0,0,-0.1,-0.111111111111111,0.0552995391705069
"718",3,3,0.25,0.25,0.7,1.65,1.75,0,0,0,0.05,0.0714285714285715,-0.025974025974026
"718",4,4,0.4,0.25,0.6,2.2,2.05,0,-0.15,-0.375,-1.11022302462516e-16,-1.85037170770859e-16,-0.239467849223947
"718",5,5,0.25,0.35,0.525,2.35,3.15,0,0.1,0.4,0.175,0.333333333333333,0.0236406619385344
"718",3,3,0.4,0.3,2.2,4.8,3.7,0,-0.1,-0.25,-0.5,-0.227272727272727,-0.00675675675675683
"718",4,4,0.55,0.35,1.1,3.85,3.05,0,-0.2,-0.363636363636364,-0.2,-0.181818181818182,-0.112412177985948
"718",5,5,0.25,0.2,1.1,4.65,4.4,0,-0.05,-0.2,-0.05,-0.0454545454545455,-0.041544477028348
"718",3,4,0.55,0.55,0.7,1.95,2.95,1,0,0,0.1,0.142857142857143,-0.100391134289439
"718",3,3,0.25,0.3,1.1,2.45,1.9,0,0.05,0.2,-0.3,-0.272727272727273,0.167561761546724
"718",5,5,0.25,0.35,0.9,3.85,4.55,0,0.1,0.4,0.15,0.166666666666667,0.05994005994006
"718",3,3,0.25,0.3,1.4,3.05,2.7,0,0.05,0.2,-0.2,-0.142857142857143,0.0874316939890711
"718",4,5,0.25,0.3,0.6,2.05,3.1,1,0.05,0.2,0.1,0.166666666666667,-0.00393391030684498
"718",5,5,0.4,0.35,0.525,2.5,3.55,0,-0.05,-0.125,0.275,0.523809523809524,-0.307042253521127
"718",4,4,0.25,0.25,0.7,2.35,2.05,0,0,0,-0.1,-0.142857142857143,0.0622729631551635
"718",3,3,0.25,0.25,2.2,4.65,3.25,0,5.55111512312578e-17,2.22044604925031e-16,-0.7,-0.318181818181818,0.0694789081885857
"718",4,4,0.4,0.3,1.1,3.7,3.3,0,-0.1,-0.25,-0.1,-0.090909090909091,-0.0687960687960688
"718",5,4,0.4,0.3,1.1,4.8,3.6,-1,-0.1,-0.25,0,0,-0.0833333333333333
"718",4,4,0.25,0.3,0.783333333333333,2.6,4.2,0,0.05,0.2,0.516666666666667,0.659574468085106,-0.0989010989010989
"718",5,5,0.4,0.35,0.7,3.2,3.15,0,-0.05,-0.125,0,0,-0.0694444444444444
"718",4,4,0.25,0.25,0.466666666666667,1.65,1.75,0,0,0,0.0333333333333333,0.0714285714285714,-0.0346320346320347
"718",5,5,0.4,0.25,0.675,3.1,2.85,0,-0.15,-0.375,-0.025,-0.0370370370370371,-0.20656479909451
"718",3,3,0.25,0.2,1.8,3.85,2.6,0,-0.05,-0.2,-0.6,-0.333333333333333,0.035964035964036
"718",4,3,0.25,0.2,0.733333333333333,2.45,2.3,-1,-0.05,-0.2,0.316666666666667,0.431818181818182,-0.147293700088731
"718",4,4,0.55,0.45,0.6,2.35,1.95,0,-0.1,-0.181818181818182,-0.1,-0.166666666666667,-0.0130932896890343
"718",4,4,0.4,0.35,0.7,2.5,2.15,0,-0.05,-0.125,-0.1,-0.142857142857143,0.0111627906976743
"718",4,5,0.25,0.25,1.1,3.55,3.05,1,0,0,-0.4,-0.363636363636364,0.1281459247287
"718",3,3,0.4,0.4,0.7,1.8,1.7,0,-5.55111512312578e-17,-1.38777878078145e-16,-0.0499999999999999,-0.0714285714285713,0.0392156862745098
"718",3,3,0.25,0.35,0.9,2.05,1.65,0,0.1,0.4,-0.25,-0.277777777777778,0.270509977827051
"718",5,4,0.25,0.3,0.7,3.05,2.4,-1,0.05,0.2,0,0,0.0901639344262297
"718",4,4,0.55,0.45,0.9,3.25,2.55,0,-0.1,-0.181818181818182,-0.2,-0.222222222222222,0.0289592760180996
"718",4,4,0.55,0.4,0.733333333333333,2.75,2.2,0,-0.15,-0.272727272727273,-0.133333333333333,-0.181818181818182,-0.0727272727272728
"718",5,5,0.55,0.4,0.675,3.25,2.4,0,-0.15,-0.272727272727273,-0.175,-0.259259259259259,-0.0128205128205129
"718",5,5,0.55,0.4,0.825,3.85,3.2,0,-0.15,-0.272727272727273,-0.125,-0.151515151515152,-0.0892857142857143
"718",3,3,0.55,0.4,2.2,4.95,2.1,0,-0.15,-0.272727272727273,-1.35,-0.613636363636364,0.238095238095238
"718",3,3,0.55,0.25,1.1,2.75,2.15,0,-0.3,-0.545454545454546,-0.15,-0.136363636363636,-0.251162790697674
"718",5,5,0.25,0.2,0.825,3.55,3.6,0,-0.05,-0.2,0.025,0.0303030303030303,-0.0743348982785603
"718",5,5,0.55,0.35,0.9,4.15,3.75,0,-0.2,-0.363636363636364,-0.05,-0.0555555555555556,-0.195983935742972
"718",3,3,0.25,0.25,1.475,3.2,2.55,0,5.55111512312578e-17,2.22044604925031e-16,-0.325,-0.220338983050848,0.0597426470588237
"718",3,3,0.25,0.2,1.8,3.85,2.6,0,-0.05,-0.2,-0.6,-0.333333333333333,0.035964035964036
"718",4,4,0.25,0.15,0.9,2.95,3.75,0,-0.1,-0.4,0.3,0.333333333333333,-0.178983050847458
"718",3,3,0.25,0.15,1.4,3.05,2.25,0,-0.0999999999999999,-0.4,-0.35,-0.25,-0.0459016393442622
"718",5,4,0.55,0.4,0.825,3.85,3.1,-1,-0.15,-0.272727272727273,0.075,0.0909090909090908,-0.19815668202765
"718",3,3,0.4,0.3,1.8,4,2.5,0,-0.1,-0.25,-0.7,-0.388888888888889,0.0599999999999999
"718",4,4,0.25,0.2,1.1,3.55,3.2,0,-0.0499999999999999,-0.2,-0.1,-0.090909090909091,-0.0316901408450703
"718",5,5,0.25,0.2,0.8625,3.7,3.4,0,-0.05,-0.2,-0.0625,-0.072463768115942,-0.0437201907790143
"718",3,3,0.4,0.5,0.9,2.2,1.9,0,0.1,0.25,-0.2,-0.222222222222222,0.244019138755981
"718",4,4,0.4,0.4,0.9,3.1,2.8,0,-5.55111512312578e-17,-1.38777878078145e-16,-0.1,-0.111111111111111,0.0552995391705068
"718",3,3,0.4,0.4,0.7,1.8,2.2,0,-5.55111512312578e-17,-1.38777878078145e-16,0.2,0.285714285714286,-0.121212121212121
"718",4,4,0.55,0.45,0.9,3.25,2.85,0,-0.1,-0.181818181818182,-0.1,-0.111111111111111,-0.0453441295546561
"718",4,4,0.4,0.45,0.6,2.2,2.85,0,0.05,0.125,0.2,0.333333333333333,-0.0956937799043064
"718",4,4,0.4,0.35,1.1,3.7,2.45,0,-0.05,-0.125,-0.4,-0.363636363636364,0.138996138996139
"718",4,4,0.25,0.3,0.7,2.35,2.4,0,0.05,0.2,0,0,0.0744680851063831
"718",5,4,0.25,0.35,0.525,2.35,2.45,-1,0.1,0.4,0.175,0.333333333333333,0.0395136778115502
"718",4,5,0.55,0.3,0.733333333333333,2.75,3.9,1,-0.25,-0.454545454545455,0.166666666666667,0.227272727272727,-0.415384615384615
"718",3,3,0.55,0.4,1.8,4.15,3.5,0,-0.15,-0.272727272727273,-0.25,-0.138888888888889,-0.0547332185886402
"718",4,4,0.4,0.5,0.466666666666667,1.8,2.3,0,0.1,0.25,0.133333333333333,0.285714285714286,-0.0193236714975845
"718",5,5,0.55,0.5,1.1,4.95,3.7,0,-0.0500000000000001,-0.0909090909090911,-0.3,-0.272727272727273,0.12012012012012
"718",5,5,0.55,0.45,0.9,4.15,3.45,0,-0.1,-0.181818181818182,-0.15,-0.166666666666667,-0.0104766893661602
"718",3,3,0.4,0.4,2.2,4.8,4.1,0,0,0,-0.35,-0.159090909090909,0.0426829268292682
"718",5,5,0.25,0.2,1.1,4.65,3.8,0,-0.05,-0.2,-0.2,-0.181818181818182,-0.00565930956423316
"718",3,2,0.25,0.3,0.9,2.05,1.9,-1,0.05,0.2,0.7,0.777777777777778,-0.0500641848523749
"718",4,4,0.25,0.3,0.783333333333333,2.6,3.6,0,0.05,0.2,0.316666666666667,0.404255319148936,-0.0512820512820513
"718",5,4,0.25,0.35,0.675,2.95,3.05,-1,0.1,0.4,0.225,0.333333333333333,0.0352875798833009
"718",5,5,0.4,0.4,1.1,4.8,4.4,0,0,0,-0.1,-0.090909090909091,0.0378787878787879
"718",5,5,0.25,0.2,0.9,3.85,3.2,0,-0.05,-0.2,-0.15,-0.166666666666667,-0.0121753246753247
"718",5,5,0.25,0.35,0.825,3.55,4.75,0,0.1,0.4,0.275,0.333333333333334,0.0163083765752409
"718",4,5,0.55,0.3,1.1,3.85,3.7,1,-0.25,-0.454545454545455,-0.25,-0.227272727272727,-0.166023166023166
"718",5,5,0.25,0.3,0.7,3.05,4.5,0,0.05,0.2,0.35,0.5,-0.0765027322404371
"718",4,4,0.25,0.2,0.466666666666667,1.65,1.4,0,-0.0499999999999999,-0.2,-0.0666666666666667,-0.142857142857143,-0.0346320346320346
"718",5,4,0.55,0.35,0.7,3.35,2.75,-1,-0.2,-0.363636363636364,0.1,0.142857142857143,-0.311804613297151
"718",3,3,0.55,0.45,0.9,2.35,2.05,0,-0.1,-0.181818181818182,-0.1,-0.111111111111111,-0.0435910742086145
"718",3,3,0.55,0.4,2.2,4.95,3.8,0,-0.15,-0.272727272727273,-0.5,-0.227272727272727,-0.0175438596491228
"718",5,5,0.4,0.35,0.675,3.1,3.55,0,-0.05,-0.125,0.125,0.185185185185185,-0.152203543843707
"718",3,3,0.55,0.55,1.1,2.75,2.55,0,-1.11022302462516e-16,-2.01858731750028e-16,-0.1,-0.090909090909091,0.0470588235294117
"718",4,4,0.4,0.6,0.7,2.5,3,0,0.2,0.5,0.1,0.142857142857143,0.16
"718",4,4,0.25,0.3,0.733333333333333,2.45,2.7,0,0.05,0.2,0.0666666666666667,0.0909090909090909,0.036281179138322
"718",3,3,0.4,0.4,1.1,2.6,2.5,0,-5.55111512312578e-17,-1.38777878078145e-16,-0.05,-0.0454545454545455,0.0184615384615385
"718",5,5,0.4,0.35,0.9,4,3.75,0,-0.05,-0.125,-0.05,-0.0555555555555556,-0.0333333333333333
"718",3,3,0.25,0.15,2.2,4.65,3.35,0,-0.0999999999999999,-0.4,-0.6,-0.272727272727273,-0.0269619643716899
"718",4,3,0.55,0.45,0.7,2.65,2.45,-1,-0.1,-0.181818181818182,0.3,0.428571428571429,-0.279168271082018
"718",5,4,0.55,0.6,0.675,3.25,3.6,-1,0.0499999999999999,0.0909090909090908,0.325,0.481481481481481,-0.17948717948718
"718",4,4,0.55,0.45,0.6,2.35,2.25,0,-0.1,-0.181818181818182,0,0,-0.136170212765958
"718",5,5,0.4,0.4,0.7,3.2,2.8,0,-5.55111512312578e-17,-1.38777878078145e-16,-0.1,-0.142857142857143,0.0892857142857143
"718",3,3,0.25,0.25,1.1,2.45,2.55,0,5.55111512312578e-17,2.22044604925031e-16,0.0499999999999998,0.0454545454545453,-0.0120048019207681
"718",3,3,0.25,0.15,0.7,1.65,1.45,0,-0.1,-0.4,-0.0499999999999999,-0.0714285714285713,-0.144200626959248
"718",3,3,0.55,0.35,0.7,1.95,1.95,0,-0.2,-0.363636363636364,0.1,0.142857142857143,-0.307692307692308
"718",5,5,0.4,0.4,0.525,2.5,3,0,-5.55111512312578e-17,-1.38777878078145e-16,0.125,0.238095238095238,-0.133333333333333
"718",3,3,0.55,0.3,1.4,3.35,2.5,0,-0.25,-0.454545454545455,-0.3,-0.214285714285714,-0.132537313432836
"718",4,5,0.25,0.2,0.6,2.05,2.2,1,-0.05,-0.2,-0.0999999999999999,-0.166666666666666,-0.033259423503326
"718",5,5,0.55,0.45,0.7,3.35,3.25,0,-0.1,-0.181818181818182,0,0,-0.128587830080367
"718",3,3,0.25,0.25,0.9,2.05,2.55,0,5.55111512312578e-17,2.22044604925031e-16,0.25,0.277777777777778,-0.0717360114777618
"718",5,5,0.55,0.3,1.1,4.95,4.1,0,-0.25,-0.454545454545455,-0.15,-0.136363636363636,-0.18970189701897
"718",3,3,0.4,0.35,0.9,2.2,1.85,0,-0.05,-0.125,-0.15,-0.166666666666667,0.0221130221130219
"718",5,5,0.25,0.2,0.7,3.05,3.2,0,-0.0499999999999999,-0.2,0.05,0.0714285714285715,-0.0973360655737704
"718",5,4,0.4,0.45,0.525,2.5,2.85,-1,0.05,0.125,0.275,0.523809523809524,-0.168421052631579
"718",3,3,0.55,0.4,0.9,2.35,1.8,0,-0.15,-0.272727272727273,-0.2,-0.222222222222222,-0.0354609929078014
"718",4,4,0.4,0.35,0.6,2.2,2.45,0,-0.05,-0.125,0.0999999999999999,0.166666666666666,-0.155844155844156
"718",3,3,0.55,0.3,1.4,3.35,1.6,0,-0.25,-0.454545454545455,-0.75,-0.535714285714286,0.0699626865671641
"718",3,4,0.25,0.35,1.4,3.05,2.75,1,0.1,0.4,-0.6,-0.428571428571428,0.263189269746647
"718",4,4,0.4,0.35,1.1,3.7,3.05,0,-0.05,-0.125,-0.2,-0.181818181818182,0.0265839610101905
"718",5,5,0.4,0.4,0.675,3.1,4.4,0,0,0,0.325,0.481481481481481,-0.190615835777126
"718",4,5,0.25,0.35,0.9,2.95,3.95,1,0.1,0.4,0,0,0.104054923836087
"718",3,3,0.55,0.45,0.7,1.95,1.75,0,-0.1,-0.181818181818182,-0.0499999999999999,-0.0714285714285713,-0.0747252747252749
"718",4,5,0.4,0.2,0.466666666666667,1.8,2.2,1,-0.2,-0.5,0.0333333333333333,0.0714285714285714,-0.434343434343434
"718",3,3,0.4,0.2,1.1,2.6,2.4,0,-0.2,-0.5,0,0,-0.211538461538462
"718",4,4,0.55,0.35,0.733333333333333,2.75,2.15,0,-0.2,-0.363636363636364,-0.133333333333333,-0.181818181818182,-0.148837209302326
"718",5,4,0.25,0.3,0.825,3.55,2.4,-1,0.05,0.2,-0.125,-0.151515151515152,0.147887323943662
"718",3,4,0.55,0.3,2.2,4.95,5.4,1,-0.25,-0.454545454545455,-0.5,-0.227272727272727,-0.111111111111111
"718",4,4,0.4,0.35,0.9,3.1,3.65,0,-0.05,-0.125,0.2,0.222222222222222,-0.132567388422448
"718",4,4,0.25,0.3,0.7,2.35,2.1,0,0.05,0.2,-0.1,-0.142857142857143,0.145896656534954
"718",3,3,0.25,0.35,0.7,1.65,1.95,0,0.1,0.4,0.1,0.142857142857143,0.0839160839160837
"718",3,3,0.25,0.25,1.1,2.45,2.25,0,5.55111512312578e-17,2.22044604925031e-16,-0.1,-0.090909090909091,0.0272108843537416
"718",5,4,0.25,0.2,1.1,4.65,2.6,-1,-0.0499999999999999,-0.2,-0.3,-0.272727272727273,0.0388751033912325
"718",4,4,0.25,0.2,1.1,3.55,4.1,0,-0.0499999999999999,-0.2,0.2,0.181818181818182,-0.0865681896255582
"718",5,4,0.25,0.25,0.675,2.95,2.65,-1,0,0,0.125,0.185185185185185,-0.0463703229932843
"718",4,4,0.55,0.45,1.1,3.85,3.75,0,-0.1,-0.181818181818182,0,0,-0.0914285714285714
"718",3,3,0.55,0.4,1.8,4.15,2.4,0,-0.15,-0.272727272727273,-0.8,-0.444444444444444,0.102409638554217
"718",5,5,0.25,0.25,0.8625,3.7,5.45,0,0,0,0.4375,0.507246376811594,-0.1084800396727
"718",4,4,0.25,0.15,0.466666666666667,1.65,1.05,0,-0.1,-0.4,-0.166666666666667,-0.357142857142857,-0.0346320346320345
"718",4,4,0.4,0.35,0.7,2.5,2.15,0,-0.05,-0.125,-0.1,-0.142857142857143,0.0111627906976743
"718",3,4,0.25,0.4,2.2,4.65,3.1,1,0.15,0.6,-1.3,-0.590909090909091,0.354838709677419
"718",4,4,0.55,0.45,0.6,2.35,2.25,0,-0.1,-0.181818181818182,0,0,-0.136170212765958
"718",5,5,0.55,0.35,0.675,3.25,2.15,0,-0.2,-0.363636363636364,-0.225,-0.333333333333333,-0.0322003577817531
"718",3,3,0.25,0.15,1.475,3.2,2.75,0,-0.0999999999999999,-0.4,-0.175,-0.11864406779661,-0.0707386363636363
"718",3,3,0.4,0.25,2.2,4.8,2.55,0,-0.15,-0.375,-1.05,-0.477272727272727,0.0441176470588235
"718",3,3,0.4,0.2,1.8,4,2.5,0,-0.2,-0.5,-0.65,-0.361111111111111,-0.06
"718",5,4,0.25,0.3,0.525,2.35,1.8,-1,0.05,0.2,-0.025,-0.0476190476190477,0.134751773049645
"718",3,3,0.25,0.2,1.8,3.85,3.3,0,-0.05,-0.2,-0.25,-0.138888888888889,-0.012987012987013
"718",5,5,0.4,0.3,0.9,4,4.7,0,-0.1,-0.25,0.2,0.222222222222222,-0.180851063829787
"718",3,3,0.4,0.35,0.7,1.8,2.15,0,-0.05,-0.125,0.2,0.285714285714286,-0.178294573643411
"718",5,4,0.4,0.3,0.7,3.2,2.4,-1,-0.1,-0.25,0,0,-0.125
"718",5,4,0.25,0.35,0.9,3.85,3.65,-1,0.1,0.4,0.2,0.222222222222222,0.0588863191602917
"718",4,4,0.55,0.4,0.7,2.65,2.8,0,-0.15,-0.272727272727273,0.1,0.142857142857143,-0.258760107816712
"718",5,5,0.4,0.35,1.1,4.8,3.95,0,-0.05,-0.125,-0.2,-0.181818181818182,0.0263713080168776
"718",3,4,0.55,0.45,1.1,2.75,3.15,1,-0.1,-0.181818181818182,-0.2,-0.181818181818182,-0.0285714285714287
"718",4,5,0.55,0.4,0.9,3.25,3.4,1,-0.15,-0.272727272727273,-0.15,-0.166666666666667,-0.08868778280543
"718",4,5,0.25,0.4,0.783333333333333,2.6,3,1,0.15,0.6,-0.133333333333333,-0.170212765957447,0.282051282051282
"718",5,5,0.55,0.45,0.825,3.85,3.45,0,-0.1,-0.181818181818182,-0.0750000000000001,-0.090909090909091,-0.062111801242236
"718",5,5,0.55,0.45,0.9,4.15,3.85,0,-0.1,-0.181818181818182,-0.05,-0.0555555555555556,-0.0782350179940541
"718",4,4,0.25,0.25,0.6,2.05,2.35,0,0,0,0.1,0.166666666666667,-0.0622729631551635
"718",4,4,0.25,0.3,0.733333333333333,2.45,2.4,0,0.05,0.2,-0.0333333333333334,-0.0454545454545456,0.0918367346938777
"718",3,3,0.4,0.4,1.1,2.6,2.2,0,-5.55111512312578e-17,-1.38777878078145e-16,-0.2,-0.181818181818182,0.0839160839160839
"718",5,5,0.4,0.35,0.525,2.5,2.15,0,-0.05,-0.125,-0.075,-0.142857142857143,0.013953488372093
"718",5,5,0.4,0.4,0.7,3.2,3.4,0,0,0,0.05,0.0714285714285715,-0.0367647058823529
"718",3,2,0.25,0.3,1.1,2.45,1.2,-1,0.05,0.2,-0.2,-0.181818181818182,0.193877551020408
"718",4,4,0.55,0.25,1.1,3.85,2.65,0,-0.3,-0.545454545454546,-0.3,-0.272727272727273,-0.194070080862534
"718",4,4,0.4,0.35,0.6,2.2,2.45,0,-0.05,-0.125,0.0999999999999999,0.166666666666666,-0.155844155844156
"718",3,3,0.25,0.2,1.475,3.2,2.3,0,-0.05,-0.2,-0.425,-0.288135593220339,0.0264945652173913
"718",3,3,0.55,0.6,0.9,2.35,2.6,0,0.05,0.090909090909091,0.1,0.111111111111111,-0.0098199672667757
"718",4,3,0.4,0.45,0.466666666666667,1.8,1.75,-1,0.05,0.125,0.183333333333333,0.392857142857143,-0.117460317460317
"718",4,4,0.55,0.55,0.7,2.65,2.65,0,0,0,0,0,1.11022302462516e-16
"718",5,5,0.25,0.25,0.675,2.95,2.25,0,0,0,-0.175,-0.259259259259259,0.131826741996234
"718",3,3,0.55,0.25,1.8,4.15,1.35,0,-0.3,-0.545454545454546,-1.25,-0.694444444444444,0.157965194109772
"718",5,5,0.55,0.3,0.7,3.35,2.5,0,-0.25,-0.454545454545455,-0.15,-0.214285714285714,-0.22089552238806
"718",5,5,0.55,0.35,0.9,4.15,2.75,0,-0.2,-0.363636363636364,-0.3,-0.333333333333333,-0.0262869660460021
"718",5,5,0.25,0.25,0.7,3.05,2.65,0,0,0,-0.1,-0.142857142857143,0.0618620476337767
"718",3,3,0.25,0.1,2.2,4.65,5.1,0,-0.15,-0.6,0.3,0.136363636363636,-0.10246679316888
"718",3,3,0.55,0.45,0.7,1.95,1.85,0,-0.1,-0.181818181818182,0,0,-0.116424116424117
"718",5,4,0.25,0.15,0.8625,3.7,3.45,-1,-0.1,-0.4,0.2375,0.27536231884058,-0.163924794359577
"718",3,2,0.25,0.2,0.7,1.65,0.9,-1,-0.05,-0.2,0,0,-0.0101010101010101
"718",3,3,0.55,0.45,2.2,4.95,3.05,0,-0.1,-0.181818181818182,-0.9,-0.409090909090909,0.109289617486339
"718",5,4,0.55,0.55,0.675,3.25,2.95,-1,-1.11022302462516e-16,-2.01858731750028e-16,0.125,0.185185185185185,-0.100391134289439
"718",4,4,0.25,0.4,0.7,2.35,2.2,0,0.15,0.6,-0.1,-0.142857142857143,0.30174081237911
"718",3,3,0.55,0.55,1.1,2.75,2.55,0,0,0,-0.1,-0.090909090909091,0.0470588235294118
"718",4,4,0.4,0.45,0.7,2.5,2.85,0,0.0499999999999999,0.125,0.1,0.142857142857143,-0.00842105263157911
"718",3,3,0.4,0.35,0.9,2.2,1.85,0,-0.05,-0.125,-0.15,-0.166666666666667,0.022113022113022
"718",4,4,0.4,0.4,1.1,3.7,4,0,-5.55111512312578e-17,-1.38777878078145e-16,0.0999999999999999,0.0909090909090908,-0.0324324324324324
"718",3,3,0.25,0.25,0.9,2.05,2.25,0,5.55111512312578e-17,2.22044604925031e-16,0.1,0.111111111111111,-0.032520325203252
"718",3,3,0.25,0.2,1.4,3.05,2.5,0,-0.05,-0.2,-0.25,-0.178571428571429,-0.00590163934426227
"718",4,4,0.25,0.15,0.783333333333333,2.6,2.25,0,-0.1,-0.4,-0.0833333333333334,-0.106382978723404,-0.117948717948718
"718",4,4,0.55,0.6,0.6,2.35,2.7,0,0.05,0.090909090909091,0.1,0.166666666666667,-0.0472813238770684
"718",4,4,0.25,0.25,0.6,2.05,2.05,0,0,0,1.11022302462516e-16,1.85037170770859e-16,0
"718",5,5,0.4,0.4,0.675,3.1,2.6,0,-5.55111512312578e-17,-1.38777878078145e-16,-0.125,-0.185185185185185,0.124069478908189
"718",5,5,0.4,0.2,1.1,4.8,3.2,0,-0.2,-0.5,-0.35,-0.318181818181818,-0.104166666666667
"718",3,3,0.4,0.15,1.8,4,2.95,0,-0.25,-0.625,-0.4,-0.222222222222222,-0.147457627118644
"718",4,4,0.55,0.55,0.733333333333333,2.75,2.95,0,-1.11022302462516e-16,-2.01858731750028e-16,0.0666666666666668,0.0909090909090911,-0.0542372881355934
"718",4,4,0.25,0.2,0.466666666666667,1.65,1.4,0,-0.05,-0.2,-0.0666666666666667,-0.142857142857143,-0.0346320346320347
"718",5,5,0.25,0.15,0.9,3.85,3.35,0,-0.1,-0.4,-0.1,-0.111111111111111,-0.100794727660399
"718",5,5,0.25,0.2,0.525,2.35,1.8,0,-0.0499999999999999,-0.2,-0.125,-0.238095238095238,0.0236406619385344
"718",5,5,0.55,0.3,0.825,3.85,2.1,0,-0.25,-0.454545454545455,-0.375,-0.454545454545455,1.11022302462516e-16
"718",3,3,0.55,0.45,1.4,3.35,2.15,0,-0.1,-0.181818181818182,-0.55,-0.392857142857143,0.13536966331135
"718",5,5,0.25,0.35,0.825,3.55,3.15,0,0.1,0.4,-0.125,-0.151515151515152,0.203442879499218
"718",5,5,0.25,0.25,1.1,4.65,3.65,0,0,0,-0.25,-0.227272727272727,0.0736485491235823
"718",3,3,0.25,0.25,1.8,3.85,2.65,0,0,0,-0.6,-0.333333333333333,0.0882136731193335
"718",4,5,0.25,0.2,1.1,3.55,4.8,1,-0.05,-0.2,0.0499999999999998,0.0454545454545453,-0.073356807511737
"718",3,3,0.4,0.25,0.7,1.8,1.65,0,-0.15,-0.375,0,0,-0.212121212121212
"718",5,5,0.4,0.2,0.9,4,2.6,0,-0.2,-0.5,-0.3,-0.333333333333333,-0.115384615384615
"718",4,5,0.25,0.2,0.733333333333333,2.45,3.8,1,-0.05,-0.2,0.166666666666667,0.227272727272727,-0.14500537056928
"718",5,5,0.55,0.35,1.1,4.95,3.55,0,-0.2,-0.363636363636364,-0.3,-0.272727272727273,-0.0625978090766824
"718",4,4,0.25,0.15,0.9,2.95,2.25,0,-0.1,-0.4,-0.2,-0.222222222222222,-0.0723163841807908
"718",3,4,0.4,0.25,2.2,4.8,4.75,1,-0.15,-0.375,-0.7,-0.318181818181818,-0.0394736842105264
"718",4,4,0.4,0.3,0.9,3.1,2.7,0,-0.1,-0.25,-0.1,-0.111111111111111,-0.0716845878136201
"718",4,4,0.55,0.45,0.9,3.25,2.55,0,-0.1,-0.181818181818182,-0.2,-0.222222222222222,0.0289592760180994
"718",3,3,0.25,0.25,0.9,2.05,1.85,0,0,0,-0.1,-0.111111111111111,0.03955174686882
"718",5,4,0.55,0.45,0.825,3.85,2.85,-1,-0.1,-0.181818181818182,-0.025,-0.0303030303030303,-0.0827067669172934
"718",5,5,0.25,0.1,0.9,3.85,4.3,0,-0.15,-0.6,0.15,0.166666666666667,-0.208396254907883
"718",4,4,0.25,0.25,0.733333333333333,2.45,2.95,0,0,0,0.166666666666667,0.227272727272727,-0.0691802144586648
"718",4,5,0.25,0.25,0.783333333333333,2.6,4.45,1,0,0,0.266666666666667,0.340425531914894,-0.10371650821089
"718",5,5,0.4,0.3,0.7,3.2,3.3,0,-0.1,-0.25,0.05,0.0714285714285715,-0.170454545454545
"718",5,5,0.55,0.4,0.675,3.25,3.2,0,-0.15,-0.272727272727273,0.0249999999999999,0.0370370370370369,-0.221153846153846
"718",4,5,0.4,0.2,1.1,3.7,2.6,1,-0.2,-0.5,-0.5,-0.454545454545455,-0.0478170478170479
"718",4,5,0.55,0.25,0.733333333333333,2.75,2.65,1,-0.3,-0.545454545454545,-0.133333333333333,-0.181818181818182,-0.328301886792453
"718",4,4,0.4,0.35,0.6,2.2,2.15,0,-0.05,-0.125,-1.11022302462516e-16,-1.85037170770859e-16,-0.0761099365750528
"718",5,5,0.55,0.35,0.9,4.15,2.55,0,-0.2,-0.363636363636364,-0.35,-0.388888888888889,0.023623907394283
"718",4,4,0.25,0.2,0.466666666666667,1.65,1.7,0,-0.0499999999999999,-0.2,0.0333333333333333,0.0714285714285714,-0.135472370766488
"718",4,4,0.4,0.35,0.9,3.1,2.45,0,-0.05,-0.125,-0.2,-0.222222222222222,0.055299539170507
"718",3,3,0.25,0.2,2.2,4.65,2.8,0,-0.0499999999999999,-0.2,-0.9,-0.409090909090909,0.0529953917050692
"718",5,5,0.25,0.1,0.675,2.95,3.3,0,-0.15,-0.6,0.125,0.185185185185185,-0.27221366204417
"718",3,3,0.25,0.25,1.8,3.85,2.45,0,5.55111512312578e-17,2.22044604925031e-16,-0.7,-0.388888888888889,0.111317254174397
"718",4,4,0.25,0.25,0.9,2.95,3.25,0,5.55111512312578e-17,2.22044604925031e-16,0.1,0.111111111111111,-0.0312907431551498
"718",5,5,0.25,0.15,1.1,4.65,2.95,0,-0.1,-0.4,-0.4,-0.363636363636364,-0.014579916165482
"718",3,3,0.4,0.2,0.9,2.2,2.8,0,-0.2,-0.5,0.4,0.444444444444444,-0.331168831168831
"718",3,2,0.55,0.4,1.4,3.35,1.4,-1,-0.15,-0.272727272727273,-0.4,-0.285714285714286,0.0788912579957357
"718",3,3,0.4,0.2,1.8,4,3.1,0,-0.2,-0.5,-0.35,-0.194444444444444,-0.106451612903226
"718",4,3,0.4,0.35,0.7,2.5,2.05,-1,-0.05,-0.125,0.15,0.214285714285714,-0.12780487804878
"718",3,3,0.55,0.4,1.1,2.75,2,0,-0.15,-0.272727272727273,-0.3,-0.272727272727273,0
"718",3,3,0.55,0.4,1.8,4.15,3.5,0,-0.15,-0.272727272727273,-0.25,-0.138888888888889,-0.0547332185886402
"718",3,2,0.4,0.45,0.7,1.8,1.45,-1,0.05,0.125,0.3,0.428571428571429,-0.0459770114942529
"718",5,5,0.25,0.25,0.7,3.05,3.05,0,0,0,0,0,0
"718",4,5,0.55,0.2,1.1,3.85,3,1,-0.35,-0.636363636363636,-0.4,-0.363636363636364,-0.238095238095238
"718",4,5,0.55,0.35,0.6,2.35,1.95,1,-0.2,-0.363636363636364,-0.2,-0.333333333333333,-0.03873431533006
"718",4,4,0.4,0.35,0.466666666666667,1.8,1.55,0,-0.05,-0.125,-0.0666666666666667,-0.142857142857143,0.0143369175627237
"718",5,5,0.25,0.35,0.8625,3.7,3.95,0,0.1,0.4,0.0375,0.0434782608695652,0.105200136845707
"718",4,4,0.55,0.45,0.7,2.65,2.25,0,-0.1,-0.181818181818182,-0.1,-0.142857142857143,-0.0301886792452831
"718",5,4,0.25,0.35,0.525,2.35,2.15,-1,0.1,0.4,0.075,0.142857142857143,0.119247897080653
"718",3,3,0.4,0.25,1.1,2.6,2.55,0,-0.15,-0.375,0.0499999999999998,0.0454545454545453,-0.167420814479638
"718",3,3,0.25,0.15,1.1,2.45,2.25,0,-0.1,-0.4,-0.05,-0.0454545454545455,-0.106122448979592
"718",3,3,0.55,0.35,2.2,4.95,3.25,0,-0.2,-0.363636363636364,-0.75,-0.340909090909091,-0.0102564102564103
"718",5,4,0.4,0.35,0.675,3.1,3.35,-1,-0.05,-0.125,0.325,0.481481481481481,-0.227250842561387
"718",3,2,0.55,0.5,0.9,2.35,1.2,-1,-0.0500000000000001,-0.0909090909090911,-0.2,-0.222222222222222,0.131205673758865
"718",5,4,0.25,0.25,0.825,3.55,3.25,-1,5.55111512312578e-17,2.22044604925031e-16,0.175,0.212121212121212,-0.0444203683640303
"718",4,4,0.55,0.4,0.9,3.25,2.8,0,-0.15,-0.272727272727273,-0.1,-0.111111111111111,-0.105494505494506
"718",5,5,0.55,0.35,1.1,4.95,4.35,0,-0.2,-0.363636363636364,-0.1,-0.090909090909091,-0.153256704980843
"718",4,4,0.25,0.25,0.6,2.05,1.75,0,5.55111512312578e-17,2.22044604925031e-16,-0.0999999999999999,-0.166666666666666,0.083623693379791
"718",3,3,0.4,0.25,2.2,4.8,2.25,0,-0.15,-0.375,-1.2,-0.545454545454545,0.0833333333333334
"718",5,4,0.4,0.25,1.1,4.8,3.25,-1,-0.15,-0.375,-0.1,-0.090909090909091,-0.108974358974359
"718",5,4,0.55,0.4,0.7,3.35,3.4,-1,-0.15,-0.272727272727273,0.3,0.428571428571429,-0.350307287093942
"718",5,5,0.4,0.35,0.525,2.5,2.35,0,-0.05,-0.125,-0.025,-0.0476190476190477,-0.0553191489361703
"718",3,3,0.25,0.45,1.475,3.2,1.65,0,0.2,0.8,-0.875,-0.593220338983051,0.583806818181818
"718",4,4,0.25,0.2,1.1,3.55,2.6,0,-0.05,-0.2,-0.3,-0.272727272727273,0.0260021668472373
"718",5,5,0.4,0.2,0.9,4,3,0,-0.2,-0.5,-0.2,-0.222222222222222,-0.166666666666667
"718",3,3,0.25,0.15,1.4,3.05,2.15,0,-0.0999999999999999,-0.4,-0.4,-0.285714285714286,-0.0365993137628668
"718",4,3,0.25,0.2,0.7,2.35,1.4,-1,-0.0499999999999999,-0.2,-0.1,-0.142857142857143,0.00303951367781163
"718",3,3,0.25,0.2,0.7,1.65,1.1,0,-0.0499999999999999,-0.2,-0.25,-0.357142857142857,0.0909090909090911
"718",3,3,0.55,0.45,0.7,1.95,1.85,0,-0.1,-0.181818181818182,0,0,-0.116424116424116
"718",5,4,0.4,0.3,0.675,3.1,2.4,-1,-0.1,-0.25,0.0249999999999999,0.0370370370370369,-0.145161290322581
"718",5,4,0.4,0.35,0.525,2.5,2.15,-1,-0.05,-0.125,0.075,0.142857142857143,-0.148837209302326
"718",3,3,0.25,0.25,0.9,2.05,2.35,0,5.55111512312578e-17,2.22044604925031e-16,0.15,0.166666666666667,-0.0467047223663726
"718",4,4,0.55,0.3,0.9,3.25,3,0,-0.25,-0.454545454545455,0,0,-0.276923076923077
"718",4,4,0.55,0.45,0.7,2.65,2.25,0,-0.1,-0.181818181818182,-0.1,-0.142857142857143,-0.0301886792452831
"718",4,4,0.25,0.25,1.1,3.55,3.25,0,5.55111512312578e-17,2.22044604925031e-16,-0.1,-0.090909090909091,0.0260021668472374
"718",4,4,0.25,0.25,0.7,2.35,2.35,0,5.55111512312578e-17,2.22044604925031e-16,0,0,1.11022302462516e-16
"718",5,5,0.55,0.35,0.675,3.25,2.55,0,-0.2,-0.363636363636364,-0.125,-0.185185185185185,-0.159879336349925
"718",5,4,0.25,0.2,0.8625,3.7,2.3,-1,-0.0499999999999999,-0.2,-0.1625,-0.188405797101449,0.00998824911868407
"718",3,3,0.25,0.15,1.475,3.2,2.55,0,-0.0999999999999999,-0.4,-0.275,-0.186440677966102,-0.0579044117647058
"718",5,5,0.55,0.4,0.9,4.15,3.6,0,-0.15,-0.272727272727273,-0.1,-0.111111111111111,-0.107095046854083
"718",5,5,0.25,0.2,0.9,3.85,4.6,0,-0.05,-0.2,0.2,0.222222222222222,-0.107284020327499
"718",5,5,0.55,0.2,1.1,4.95,3.8,0,-0.35,-0.636363636363636,-0.2,-0.181818181818182,-0.292397660818713
"718",4,5,0.25,0.15,0.733333333333333,2.45,2.55,1,-0.1,-0.4,-0.133333333333333,-0.181818181818182,-0.114045618247299
"718",4,4,0.55,0.55,1.1,3.85,3.55,0,0,0,-0.1,-0.090909090909091,0.0482897384305836
"718",3,3,0.55,0.4,2.2,4.95,3,0,-0.15,-0.272727272727273,-0.9,-0.409090909090909,0.0666666666666666
"718",5,5,0.25,0.3,1.1,4.65,3.9,0,0.05,0.2,-0.2,-0.181818181818182,0.115798180314309
"718",3,3,0.25,0.2,0.7,1.65,1.4,0,-0.05,-0.2,-0.1,-0.142857142857143,-0.0259740259740259
"718",4,3,0.55,0.4,0.733333333333333,2.75,1.8,-1,-0.15,-0.272727272727273,-0.0333333333333333,-0.0454545454545454,-0.133333333333333
"718",4,3,0.4,0.35,0.6,2.2,1.65,-1,-0.05,-0.125,0.0499999999999999,0.0833333333333332,-0.0909090909090911
"718",3,3,0.55,0.4,0.7,1.95,1.5,0,-0.15,-0.272727272727273,-0.15,-0.214285714285714,-0.0461538461538461
"718",5,4,0.55,0.45,0.7,3.35,2.25,-1,-0.1,-0.181818181818182,-0.1,-0.142857142857143,-0.0208955223880598
"718",5,5,0.4,0.45,0.7,3.2,2.85,0,0.05,0.125,-0.1,-0.142857142857143,0.164473684210526
"718",4,4,0.25,0.25,0.783333333333333,2.6,2.65,0,5.55111512312578e-17,2.22044604925031e-16,0.0166666666666667,0.0212765957446809,-0.00725689404934682
"718",3,3,0.4,0.2,2.2,4.8,2.8,0,-0.2,-0.5,-0.9,-0.409090909090909,-0.0357142857142857
"718",4,4,0.4,0.15,0.7,2.5,2.85,0,-0.25,-0.625,0.2,0.285714285714286,-0.429473684210526
"718",3,3,0.25,0.15,1.8,3.85,1.75,0,-0.1,-0.4,-1,-0.555555555555556,0.0623376623376624
"718",4,4,0.4,0.15,1.1,3.7,2.25,0,-0.25,-0.625,-0.4,-0.363636363636364,-0.165765765765766
"718",3,3,0.55,0.25,0.9,2.35,2.25,0,-0.3,-0.545454545454545,0.1,0.111111111111111,-0.368794326241135
"718",3,3,0.4,0.35,0.9,2.2,1.85,0,-0.05,-0.125,-0.15,-0.166666666666667,0.0221130221130219
"718",4,4,0.25,0.2,0.9,2.95,2,0,-0.05,-0.2,-0.3,-0.333333333333333,0.0610169491525425
"718",5,5,0.55,0.3,0.825,3.85,2.9,0,-0.25,-0.454545454545455,-0.175,-0.212121212121212,-0.197044334975369
"718",3,3,0.4,0.35,1.1,2.6,2.45,0,-0.05,-0.125,-0.05,-0.0454545454545455,-0.032967032967033
"718",5,5,0.25,0.2,0.525,2.35,2.4,0,-0.0499999999999999,-0.2,0.025,0.0476190476190477,-0.115248226950354
"718",4,5,0.4,0.25,0.466666666666667,1.8,2.05,1,-0.15,-0.375,-0.0166666666666667,-0.0357142857142857,-0.279132791327913
"718",3,3,0.25,0.2,1.4,3.05,1.3,0,-0.0499999999999999,-0.2,-0.85,-0.607142857142857,0.215636822194199
"718",5,5,0.25,0.2,0.675,2.95,1.8,0,-0.0499999999999999,-0.2,-0.275,-0.407407407407407,0.131826741996234
"718",5,5,0.25,0.15,0.7,3.05,1.75,0,-0.1,-0.4,-0.3,-0.428571428571428,0.0187353629976582
"718",5,5,0.4,0.2,0.9,4,3,0,-0.2,-0.5,-0.2,-0.222222222222222,-0.166666666666667
"718",5,5,0.4,0.2,1.1,4.8,3.2,0,-0.2,-0.5,-0.35,-0.318181818181818,-0.104166666666667
"718",5,5,0.25,0.15,0.825,3.55,5.35,0,-0.0999999999999999,-0.4,0.475,0.575757575757576,-0.211925760168488
"718",3,3,0.4,0.2,1.8,4,4,0,-0.2,-0.5,0.1,0.0555555555555556,-0.15
"718",3,3,0.55,0.4,1.8,4.15,3.5,0,-0.15,-0.272727272727273,-0.25,-0.138888888888889,-0.0547332185886403
"718",3,3,0.25,0.1,1.1,2.45,2.2,0,-0.15,-0.6,-0.05,-0.0454545454545455,-0.169758812615955
"718",4,3,0.25,0.25,0.6,2.05,2.55,-1,5.55111512312578e-17,2.22044604925031e-16,0.55,0.916666666666667,-0.193687230989957
"718",3,3,0.55,0.55,1.4,3.35,4.75,0,-1.11022302462516e-16,-2.01858731750028e-16,0.7,0.5,-0.145168892380204
"718",3,3,0.25,0.35,2.2,4.65,3.35,0,0.1,0.4,-0.7,-0.318181818181818,0.15214251324025
"718",4,4,0.4,0.35,0.9,3.1,3.05,0,-0.05,-0.125,0,0,-0.0571126388154416
"718",3,3,0.4,0.5,0.7,1.8,2.2,0,0.0999999999999999,0.25,0.15,0.214285714285714,0.015151515151515
"718",4,3,0.55,0.65,0.6,2.35,2.05,-1,0.1,0.181818181818182,0.1,0.166666666666667,0.0150492994291647
"718",4,4,0.25,0.35,0.466666666666667,1.65,1.85,0,0.1,0.4,0.0333333333333333,0.0714285714285714,0.150696150696151
"718",3,3,0.55,0.6,1.1,2.75,2.4,0,0.05,0.090909090909091,-0.2,-0.181818181818182,0.15
"719",4,4,0.55,0.35,1.1,3.85,2.75,0,-0.2,-0.363636363636364,-0.3,-0.272727272727273,-0.0623376623376625
"719",4,4,0.55,0.65,0.6,2.35,3.65,0,0.1,0.181818181818182,0.4,0.666666666666667,-0.22384144564267
"719",4,4,0.4,0.35,0.7,2.5,3.35,0,-0.05,-0.125,0.3,0.428571428571429,-0.222089552238806
"719",5,4,0.25,0.25,0.8625,3.7,2.65,-1,0,0,-0.0625,-0.072463768115942,0.0395206527281999
"719",5,4,0.4,0.3,0.525,2.5,2.1,-1,-0.1,-0.25,0.075,0.142857142857143,-0.228571428571429
"719",5,4,0.55,0.5,0.675,3.25,3.2,-1,-0.05,-0.090909090909091,0.225,0.333333333333333,-0.221153846153846
"719",5,4,0.25,0.35,0.7,3.05,3.35,-1,0.1,0.4,0.3,0.428571428571429,0.00807438218742351
"719",4,4,0.25,0.25,0.7,2.35,2.95,0,5.55111512312578e-17,2.22044604925031e-16,0.2,0.285714285714286,-0.0865488640461594
"719",5,4,0.25,0.25,0.675,2.95,2.65,-1,5.55111512312578e-17,2.22044604925031e-16,0.125,0.185185185185185,-0.0463703229932843
"719",3,4,0.25,0.25,0.9,2.05,2.65,1,0,0,-0.1,-0.111111111111111,0.0115048320294523
"719",4,4,0.25,0.2,0.9,2.95,2.6,0,-0.0499999999999999,-0.2,-0.1,-0.111111111111111,-0.0312907431551499
"719",5,4,0.4,0.3,0.675,3.1,2.4,-1,-0.1,-0.25,0.0249999999999999,0.0370370370370369,-0.145161290322581
"719",3,3,0.25,0.2,1.8,3.85,2.2,0,-0.05,-0.2,-0.8,-0.444444444444444,0.0779220779220779
"719",4,4,0.25,0.2,0.466666666666667,1.65,1.7,0,-0.0499999999999999,-0.2,0.0333333333333333,0.0714285714285714,-0.135472370766488
"719",3,4,0.55,0.3,2.2,4.95,4.5,1,-0.25,-0.454545454545455,-0.8,-0.363636363636364,-0.0666666666666667
"719",3,4,0.25,0.25,1.475,3.2,3.25,1,0,0,-0.475,-0.322033898305085,0.0733173076923077
"719",4,4,0.4,0.3,1.1,3.7,3.6,0,-0.1,-0.25,0,0,-0.0990990990990991
"719",5,4,0.25,0.35,0.525,2.35,2.75,-1,0.1,0.4,0.275,0.523809523809524,-0.0228239845261123
"719",3,4,0.4,0.25,0.9,2.2,3.85,1,-0.15,-0.375,0.3,0.333333333333333,-0.285714285714286
"719",4,4,0.55,0.4,0.7,2.65,2.2,0,-0.15,-0.272727272727273,-0.1,-0.142857142857143,-0.102915951972556
"719",5,4,0.4,0.6,1.1,4.8,4.8,-1,0.2,0.5,0.3,0.272727272727273,0.0833333333333335
"719",3,3,0.4,0.5,0.7,1.8,2.2,0,0.1,0.25,0.15,0.214285714285714,0.015151515151515
"719",3,3,0.25,0.2,1.1,2.45,2.4,0,-0.05,-0.2,0,0,-0.0561224489795918
"719",3,3,0.25,0.2,1.4,3.05,2.6,0,-0.05,-0.2,-0.2,-0.142857142857143,-0.0151324085750315
"719",4,4,0.25,0.15,1.1,3.55,2.85,0,-0.1,-0.4,-0.2,-0.181818181818182,-0.0711638250555967
"719",3,3,0.55,0.35,1.1,2.75,2.35,0,-0.2,-0.363636363636364,-0.1,-0.090909090909091,-0.153191489361702
"719",5,3,0.55,0.55,0.7,3.35,2.75,-2,-1.11022302462516e-16,-2.01858731750028e-16,0.4,0.571428571428572,-0.22089552238806
"719",5,4,0.55,0.6,0.9,4.15,3,-1,0.05,0.090909090909091,-0.1,-0.111111111111111,0.137349397590362
"719",3,3,0.25,0.15,2.2,4.65,2.85,0,-0.0999999999999999,-0.4,-0.85,-0.386363636363636,-0.00339558573853982
"719",4,3,0.25,0.0500000000000001,0.783333333333333,2.6,2.75,-1,-0.2,-0.8,0.566666666666667,0.723404255319149,-0.33006993006993
"719",5,4,0.25,0.25,0.9,3.85,3.85,-1,0,0,0.3,0.333333333333333,-0.0649350649350649
"719",4,4,0.55,0.3,0.9,3.25,3.6,0,-0.25,-0.454545454545455,0.2,0.222222222222222,-0.343589743589744
"719",3,3,0.4,0.2,1.8,4,2.8,0,-0.2,-0.5,-0.5,-0.277777777777778,-0.0857142857142857
"719",3,3,0.4,0.4,1.1,2.6,2.9,0,-5.55111512312578e-17,-1.38777878078145e-16,0.15,0.136363636363636,-0.0477453580901857
"719",4,3,0.4,0.3,0.466666666666667,1.8,2.2,-1,-0.1,-0.25,0.483333333333333,1.03571428571429,-0.47979797979798
"719",5,4,0.25,0.2,0.825,3.55,1.7,-1,-0.05,-0.2,-0.325,-0.393939393939394,0.11847555923778
"719",3,3,0.4,0.2,2.2,4.8,2.6,0,-0.2,-0.5,-1,-0.454545454545454,-0.0192307692307692
"719",4,4,0.4,0.25,0.6,2.2,2.65,0,-0.15,-0.375,0.2,0.333333333333333,-0.34991423670669
"719",3,3,0.55,0.3,0.9,2.35,2.6,0,-0.25,-0.454545454545455,0.25,0.277777777777778,-0.355973813420622
"719",5,4,0.55,0.45,1.1,4.95,3.75,-1,-0.1,-0.181818181818182,0,0,-0.0755555555555557
"719",4,4,0.4,0.35,0.9,3.1,4.85,0,-0.05,-0.125,0.6,0.666666666666667,-0.227469238443631
"719",3,4,0.55,0.3,1.8,4.15,3.6,1,-0.25,-0.454545454545455,-0.7,-0.388888888888889,-0.0642570281124498
"719",3,3,0.55,0.3,0.7,1.95,2.7,0,-0.25,-0.454545454545455,0.5,0.714285714285714,-0.512820512820513
"719",3,3,0.25,0.25,0.7,1.65,1.75,0,5.55111512312578e-17,2.22044604925031e-16,0.05,0.0714285714285715,-0.0259740259740259
"719",4,3,0.25,0.25,0.733333333333333,2.45,2.25,-1,0,0,0.266666666666667,0.363636363636364,-0.0748299319727891
"719",5,4,0.25,0.2,1.1,4.65,3.2,-1,-0.05,-0.2,-0.1,-0.090909090909091,-0.0188172043010753
"719",5,4,0.4,0.15,0.7,3.2,3.15,-1,-0.25,-0.625,0.3,0.428571428571429,-0.434523809523809
"719",5,4,0.55,0.3,0.825,3.85,3.3,-1,-0.25,-0.454545454545455,0.175,0.212121212121212,-0.350649350649351
"719",5,4,0.4,0.3,0.9,4,3.9,-1,-0.1,-0.25,0.3,0.333333333333333,-0.192307692307692
"719",4,3,0.55,0.3,0.733333333333333,2.75,2.2,-1,-0.25,-0.454545454545455,0.216666666666667,0.295454545454545,-0.390909090909091
"719",4,3,0.25,0.15,0.6,2.05,1.75,-1,-0.0999999999999999,-0.4,0.2,0.333333333333334,-0.230662020905923
"719",3,3,0.55,0.3,1.4,3.35,2.5,0,-0.25,-0.454545454545455,-0.3,-0.214285714285714,-0.132537313432836
"719",4,4,0.4,0.3,0.7,2.5,3.3,0,-0.1,-0.25,0.3,0.428571428571429,-0.276363636363636
"719",4,3,0.4,0.4,0.6,2.2,1.8,-1,-5.55111512312578e-17,-1.38777878078145e-16,0.0999999999999999,0.166666666666666,-0.0606060606060606
"719",4,4,0.25,0.2,0.783333333333333,2.6,2.6,0,-0.05,-0.2,0.0166666666666667,0.0212765957446809,-0.0769230769230769
"719",4,4,0.4,0.3,1.1,3.7,3.3,0,-0.1,-0.25,-0.1,-0.090909090909091,-0.0687960687960688
"719",5,4,0.25,0.3,0.7,3.05,3,-1,0.05,0.2,0.2,0.285714285714286,-0.00983606557377054
"719",4,4,0.25,0.25,0.6,2.05,2.95,0,0,0,0.3,0.5,-0.148821827201323
"719",4,4,0.55,0.5,0.9,3.25,4.4,0,-0.05,-0.090909090909091,0.4,0.444444444444444,-0.222377622377622
"719",5,4,0.25,0.25,0.9,3.85,3.25,-1,0,0,0.1,0.111111111111111,-0.016983016983017
"719",3,3,0.55,0.5,0.9,2.35,2.7,0,-0.05,-0.090909090909091,0.2,0.222222222222222,-0.146572104018913
"719",3,3,0.55,0.55,2.2,4.95,2.75,0,-1.11022302462516e-16,-2.01858731750028e-16,-1.1,-0.5,0.266666666666667
"719",3,3,0.55,0.5,1.8,4.15,2.7,0,-0.0500000000000001,-0.0909090909090911,-0.7,-0.388888888888889,0.157965194109772
"719",5,4,0.55,0.45,0.7,3.35,3.45,-1,-0.1,-0.181818181818182,0.3,0.428571428571429,-0.299156391953277
"719",4,3,0.4,0.45,0.466666666666667,1.8,2.75,-1,0.05,0.125,0.683333333333333,1.46428571428571,-0.397979797979798
"719",3,3,0.4,0.55,0.7,1.8,2.45,0,0.15,0.375,0.25,0.357142857142857,0.00680272108843527
"719",5,4,0.4,0.3,0.525,2.5,2.4,-1,-0.1,-0.25,0.175,0.333333333333333,-0.3
"719",3,3,0.4,0.45,1.1,2.6,2.65,0,0.0499999999999999,0.125,0,0,0.0478955007256893
"719",5,4,0.55,0.35,0.9,4.15,3.05,-1,-0.2,-0.363636363636364,0,0,-0.203634208967016
"719",5,4,0.4,0.4,0.9,4,3.7,-1,0,0,0.2,0.222222222222222,-0.0675675675675675
"719",5,4,0.25,0.25,0.8625,3.7,3.55,-1,0,0,0.2375,0.27536231884058,-0.0561476969927674
"719",3,3,0.55,0.4,1.4,3.35,2.2,0,-0.15,-0.272727272727273,-0.5,-0.357142857142857,0.0529172320217096
"719",4,4,0.55,0.3,1.1,3.85,2.4,0,-0.25,-0.454545454545455,-0.4,-0.363636363636364,-0.0714285714285713
"719",5,4,0.25,0.2,0.525,2.35,2.6,-1,-0.0499999999999999,-0.2,0.275,0.523809523809524,-0.224222585924714
"719",4,4,0.55,0.4,0.7,2.65,2.2,0,-0.15,-0.272727272727273,-0.1,-0.142857142857143,-0.102915951972556
"719",4,4,0.55,0.5,0.733333333333333,2.75,2.3,0,-0.05,-0.090909090909091,-0.133333333333333,-0.181818181818182,0.0695652173913044
"719",4,4,0.25,0.25,0.7,2.35,2.35,0,0,0,0,0,0
"719",5,4,0.4,0.45,1.1,4.8,2.85,-1,0.05,0.125,-0.3,-0.272727272727273,0.214912280701754
"719",4,4,0.25,0.1,0.9,2.95,2.2,0,-0.15,-0.6,-0.2,-0.222222222222222,-0.157164869029276
"719",5,4,0.55,0.45,1.1,4.95,3.75,-1,-0.1,-0.181818181818182,0,0,-0.0755555555555556
"719",4,4,0.25,0.15,1.1,3.55,3.75,0,-0.0999999999999999,-0.4,0.0999999999999999,0.0909090909090908,-0.12169014084507
"719",5,4,0.25,0.15,1.1,4.65,4.05,-1,-0.1,-0.4,0.2,0.181818181818182,-0.120669056152927
"719",3,4,0.25,0.1,2.2,4.65,3.4,1,-0.15,-0.6,-1.1,-0.5,-0.0436432637571157
"719",3,3,0.4,0.15,2.2,4.8,2.65,0,-0.25,-0.625,-0.95,-0.431818181818182,-0.0801886792452831
"719",5,4,0.25,0.1,0.675,2.95,2.8,-1,-0.15,-0.6,0.225,0.333333333333333,-0.280871670702179
"719",3,3,0.25,0.1,1.1,2.45,1.7,0,-0.15,-0.6,-0.3,-0.272727272727273,-0.129651860744298
"719",4,4,0.4,0.2,0.9,3.1,3.8,0,-0.2,-0.5,0.3,0.333333333333333,-0.305602716468591
"719",3,3,0.25,0.25,0.7,1.65,2.35,0,5.55111512312578e-17,2.22044604925031e-16,0.35,0.5,-0.135396518375242
"719",5,4,0.25,0.2,0.825,3.55,2.9,-1,-0.05,-0.2,0.0750000000000001,0.090909090909091,-0.0762506070908208
"719",3,3,0.25,0.25,1.8,3.85,2.35,0,5.55111512312578e-17,2.22044604925031e-16,-0.75,-0.416666666666667,0.124343741365018
"719",4,3,0.55,0.6,0.6,2.35,2,-1,0.0499999999999999,0.0909090909090908,0.1,0.166666666666667,-0.0361702127659576
"719",5,4,0.4,0.35,0.7,3.2,3.35,-1,-0.05,-0.125,0.3,0.428571428571429,-0.207089552238806
"719",4,4,0.25,0.25,0.733333333333333,2.45,3.85,0,5.55111512312578e-17,2.22044604925031e-16,0.466666666666667,0.636363636363636,-0.148423005565863
"719",3,3,0.25,0.2,1.4,3.05,2.4,0,-0.05,-0.2,-0.3,-0.214285714285714,0.00409836065573768
"719",4,4,0.25,0.25,0.466666666666667,1.65,2.35,0,5.55111512312578e-17,2.22044604925031e-16,0.233333333333333,0.5,-0.180528691166989
"719",3,3,0.25,0.25,1.475,3.2,2.85,0,5.55111512312578e-17,2.22044604925031e-16,-0.175,-0.11864406779661,0.0287828947368422
"719",3,3,0.4,0.3,0.9,2.2,2,0,-0.1,-0.25,-0.05,-0.0555555555555556,-0.0954545454545455
"719",3,3,0.55,0.45,0.7,1.95,2.15,0,-0.1,-0.181818181818182,0.15,0.214285714285714,-0.21824686940966
"719",3,2,0.4,0.3,1.8,4,1.3,-1,-0.1,-0.25,-0.8,-0.444444444444444,0.161538461538461
"719",5,3,0.55,0.5,0.675,3.25,1.8,-2,-0.0500000000000001,-0.0909090909090911,-0.025,-0.0370370370370371,-0.012820512820513
"719",3,3,0.25,0.25,0.9,2.05,2.35,0,0,0,0.15,0.166666666666667,-0.0467047223663727
"719",5,4,0.55,0.5,0.825,3.85,3.5,-1,-0.0500000000000001,-0.0909090909090911,0.175,0.212121212121212,-0.142857142857143
"719",3,3,0.55,0.55,1.1,2.75,2.55,0,0,0,-0.1,-0.090909090909091,0.0470588235294118
"719",5,4,0.4,0.3,0.675,3.1,2.4,-1,-0.1,-0.25,0.0249999999999999,0.0370370370370369,-0.145161290322581
"719",5,4,0.25,0.25,0.7,3.05,4.15,-1,5.55111512312578e-17,2.22044604925031e-16,0.6,0.857142857142857,-0.168872210152084
"719",3,3,0.55,0.45,0.7,1.95,2.25,0,-0.1,-0.181818181818182,0.2,0.285714285714286,-0.246153846153846
"719",5,4,0.55,0.35,1.1,4.95,2.75,-1,-0.2,-0.363636363636364,-0.3,-0.272727272727273,-0.0464646464646465
"719",5,4,0.25,0.25,0.9,3.85,2.65,-1,0,0,-0.1,-0.111111111111111,0.052683165890713
"719",3,3,0.55,0.45,1.8,4.15,2.45,0,-0.1,-0.181818181818182,-0.8,-0.444444444444444,0.153430046717482
"719",5,4,0.4,0.45,1.1,4.8,4.05,-1,0.0499999999999999,0.125,0.0999999999999999,0.0909090909090908,0.0277777777777778
"719",5,4,0.4,0.25,0.675,3.1,2.35,-1,-0.15,-0.375,0.0249999999999999,0.0370370370370369,-0.219629375428964
"719",4,3,0.55,0.55,0.6,2.35,1.85,-1,0,0,0.05,0.0833333333333334,-0.0442783208740656
"719",4,4,0.25,0.35,0.733333333333333,2.45,3.05,0,0.1,0.4,0.166666666666667,0.227272727272727,0.0508531281365006
"719",5,4,0.25,0.25,0.825,3.55,2.65,-1,0,0,-0.0249999999999999,-0.0303030303030302,0.0252458145096996
"719",3,3,0.25,0.25,1.4,3.05,2.75,0,0,0,-0.15,-0.107142857142857,0.0268256333830104
"719",3,3,0.25,0.2,0.9,2.05,2.5,0,-0.0499999999999999,-0.2,0.25,0.277777777777778,-0.125853658536585
"719",4,3,0.4,0.25,0.6,2.2,2.25,-1,-0.15,-0.375,0.4,0.666666666666666,-0.393939393939394
"719",4,3,0.25,0.3,0.6,2.05,1.8,-1,0.05,0.2,0.15,0.25,0.0121951219512194
"719",5,3,0.55,0.45,0.7,3.35,1.75,-2,-0.1,-0.181818181818182,-0.0499999999999999,-0.0714285714285713,-0.0494669509594884
"719",3,3,0.25,0.35,0.7,1.65,1.75,0,0.1,0.4,0,0,0.145454545454545
"719",4,4,0.55,0.35,1.1,3.85,3.05,0,-0.2,-0.363636363636364,-0.2,-0.181818181818182,-0.112412177985948
"719",3,3,0.55,0.55,1.1,2.75,2.15,0,-1.11022302462516e-16,-2.01858731750028e-16,-0.3,-0.272727272727273,0.167441860465116
"719",4,4,0.25,0.15,0.9,2.95,2.55,0,-0.1,-0.4,-0.1,-0.111111111111111,-0.103688933200399
"719",3,3,0.25,0.2,2.2,4.65,3.2,0,-0.0499999999999999,-0.2,-0.7,-0.318181818181818,0.0262096774193549
"719",3,3,0.4,0.25,1.1,2.6,2.85,0,-0.15,-0.375,0.2,0.181818181818182,-0.198380566801619
"719",4,3,0.55,0.45,0.733333333333333,2.75,2.05,-1,-0.1,-0.181818181818182,0.0666666666666668,0.0909090909090911,-0.141463414634146
"719",4,3,0.25,0.45,1.1,3.55,2.25,-1,0.2,0.8,-0.2,-0.181818181818182,0.31830985915493
"719",4,3,0.4,0.35,1.1,3.7,2.95,-1,-0.05,-0.125,0.2,0.181818181818182,-0.076500229042602
"719",5,7,0.25,0.25,1.1,4.65,3.85,2,0,0,-0.5,-0.454545454545455,0.185728250244379
"719",5,4,0.25,0.2,0.8625,3.7,2.9,-1,-0.0499999999999999,-0.2,0.0375,0.0434782608695652,-0.0619757688723205
"719",5,4,0.4,0.4,0.7,3.2,4.6,-1,0,0,0.7,1,-0.277173913043478
"719",4,3,0.25,0.2,0.466666666666667,1.65,1.4,-1,-0.0499999999999999,-0.2,0.133333333333333,0.285714285714286,-0.177489177489177
"719",5,4,0.55,0.5,0.825,3.85,3.5,-1,-0.05,-0.090909090909091,0.175,0.212121212121212,-0.142857142857143
"719",3,4,0.4,0.5,2.2,4.8,4.1,1,0.1,0.25,-1,-0.454545454545454,0.23780487804878
"719",4,4,0.4,0.45,0.9,3.1,3.45,0,0.0499999999999999,0.125,0.1,0.111111111111111,0.00561009817671798
"719",5,5,0.4,0.4,0.9,4,4,0,0,0,0,0,0
"719",3,3,0.4,0.4,0.7,1.8,2,0,0,0,0.1,0.142857142857143,-0.0666666666666667
"719",3,3,0.55,0.5,0.9,2.35,2.7,0,-0.0500000000000001,-0.0909090909090911,0.2,0.222222222222222,-0.146572104018913
"719",4,3,0.4,0.35,0.466666666666667,1.8,1.65,-1,-0.05,-0.125,0.183333333333333,0.392857142857143,-0.252525252525253
"719",3,3,0.25,0.3,1.475,3.2,2.8,0,0.05,0.2,-0.225,-0.152542372881356,0.0870535714285715
"719",4,3,0.25,0.2,0.7,2.35,1.7,-1,-0.05,-0.2,0.05,0.0714285714285715,-0.0725907384230288
"719",5,3,0.55,0.75,0.675,3.25,2.65,-2,0.2,0.363636363636364,0.275,0.407407407407407,0.00290275761973902
"719",4,3,0.4,0.5,0.7,2.5,2.6,-1,0.1,0.25,0.35,0.5,-0.0630769230769231
"719",5,4,0.25,0.3,0.675,2.95,2.4,-1,0.05,0.2,0.0249999999999999,0.0370370370370369,0.0762711864406781
"719",4,3,0.55,0.4,0.7,2.65,2.6,-1,-0.15,-0.272727272727273,0.4,0.571428571428572,-0.368650217706822
"719",3,3,0.55,0.55,1.4,3.35,2.75,0,0,0,-0.3,-0.214285714285714,0.107462686567164
"719",4,3,0.55,0.5,0.9,3.25,2,-1,-0.0500000000000001,-0.0909090909090911,-0.15,-0.166666666666667,0.0730769230769229
"719",5,4,0.4,0.55,0.525,2.5,3.55,-1,0.15,0.375,0.475,0.904761904761905,-0.180281690140845
"719",5,4,0.25,0.4,0.525,2.35,3.1,-1,0.15,0.6,0.375,0.714285714285714,-0.0157858613589568
"719",5,4,0.55,0.5,0.9,4.15,3.8,-1,-0.05,-0.090909090909091,0.2,0.222222222222222,-0.136334812935954
"719",3,3,0.25,0.3,1.1,2.45,1.7,0,0.05,0.2,-0.4,-0.363636363636364,0.223289315726291
"719",3,3,0.55,0.55,2.2,4.95,2.35,0,0,0,-1.3,-0.590909090909091,0.368794326241135
"719",3,3,0.25,0.2,1.8,3.85,2.5,0,-0.0499999999999999,-0.2,-0.65,-0.361111111111111,0.0451948051948053
"719",4,3,0.25,0.2,0.783333333333333,2.6,2.4,-1,-0.05,-0.2,0.316666666666667,0.404255319148936,-0.134615384615385
"719",3,3,0.4,0.3,0.9,2.2,3.2,0,-0.1,-0.25,0.55,0.611111111111111,-0.264204545454546
"719",3,3,0.4,0.4,1.8,4,3,0,0,0,-0.5,-0.277777777777778,0.1
"719",3,3,0.25,0.15,0.7,1.65,1.75,0,-0.1,-0.4,0.1,0.142857142857143,-0.197402597402597
"719",5,4,0.25,0.3,0.8625,3.7,2.4,-1,0.05,0.2,-0.1625,-0.188405797101449,0.162162162162162
"719",3,4,0.55,0.2,1.4,3.35,2.3,1,-0.35,-0.636363636363636,-0.7,-0.5,-0.144711226476314
"719",3,3,0.25,0.25,0.9,2.05,2.45,0,0,0,0.2,0.222222222222222,-0.0597312095569936
"719",3,3,0.25,0.25,2.2,4.65,2.65,0,0,0,-1,-0.454545454545455,0.121728545343883
"719",4,3,0.25,0.3,0.466666666666667,1.65,1.8,-1,0.05,0.2,0.283333333333333,0.607142857142857,-0.106060606060606
"719",4,3,0.4,0.3,0.466666666666667,1.8,1.3,-1,-0.1,-0.25,0.0333333333333333,0.0714285714285714,-0.196581196581197
"719",5,4,0.25,0.2,0.675,2.95,1.7,-1,-0.05,-0.2,-0.175,-0.259259259259259,0.0468594217347957
"719",4,4,0.25,0.5,1.1,3.55,3.2,0,0.25,1,-0.2,-0.181818181818182,0.34330985915493
"719",4,4,0.55,0.55,0.6,2.35,2.35,0,0,0,0,0,2.22044604925031e-16
"719",4,4,0.25,0.25,0.783333333333333,2.6,2.95,0,5.55111512312578e-17,2.22044604925031e-16,0.116666666666667,0.148936170212766,-0.0456323337679269
"719",5,5,0.55,0.4,1.1,4.95,4.4,0,-0.15,-0.272727272727273,-0.1,-0.090909090909091,-0.101010101010101
"719",4,3,0.55,0.45,0.733333333333333,2.75,2.05,-1,-0.1,-0.181818181818182,0.0666666666666668,0.0909090909090911,-0.141463414634146
"719",5,4,0.25,0.2,1.1,4.65,3.2,-1,-0.0499999999999999,-0.2,-0.1,-0.090909090909091,-0.0188172043010752
"719",5,4,0.25,0.3,0.825,3.55,3.6,-1,0.05,0.2,0.275,0.333333333333334,-0.0187793427230047
"719",4,3,0.25,0.15,0.6,2.05,1.95,-1,-0.1,-0.4,0.3,0.5,-0.25703564727955
"719",5,4,0.25,0.2,0.7,3.05,2.6,-1,-0.0499999999999999,-0.2,0.1,0.142857142857143,-0.102143757881463
"719",4,3,0.55,0.5,0.7,2.65,2,-1,-0.05,-0.090909090909091,0.05,0.0714285714285715,-0.0801886792452832
"719",3,3,0.4,0.4,1.1,2.6,2.2,0,-5.55111512312578e-17,-1.38777878078145e-16,-0.2,-0.181818181818182,0.0839160839160839
"719",5,4,0.55,0.45,0.9,4.15,3.15,-1,-0.1,-0.181818181818182,0,0,-0.0912220309810671
"719",5,4,0.25,0.35,0.9,3.85,3.65,-1,0.1,0.4,0.2,0.222222222222222,0.0588863191602917
"719",3,3,0.4,0.35,0.9,2.2,2.15,0,-0.05,-0.125,0,0,-0.0570824524312897
"719",5,4,0.4,0.3,0.675,3.1,3,-1,-0.1,-0.25,0.225,0.333333333333333,-0.245161290322581
"719",3,3,0.55,0.35,2.2,4.95,3.55,0,-0.2,-0.363636363636364,-0.6,-0.272727272727273,-0.0375586854460094
"719",3,3,0.25,0.15,1.4,3.05,2.35,0,-0.0999999999999999,-0.4,-0.3,-0.214285714285714,-0.0544122776421346
"719",3,2,0.55,0.25,1.8,4.15,1.25,-1,-0.3,-0.545454545454546,-0.8,-0.444444444444444,0.00240963855421689
"719",5,4,0.25,0.25,0.525,2.35,2.35,-1,0,0,0.175,0.333333333333333,-0.106382978723404
"719",3,2,0.55,0.65,1.1,2.75,1.75,-1,0.1,0.181818181818182,0,0,0.142857142857143
"719",4,4,0.55,0.4,1.1,3.85,2.8,0,-0.15,-0.272727272727273,-0.3,-0.272727272727273,-1.11022302462516e-16
"719",3,3,0.25,0.3,1.8,3.85,1.7,0,0.05,0.2,-1.1,-0.611111111111111,0.334606569900688
"719",3,3,0.4,0.25,0.7,1.8,1.65,0,-0.15,-0.375,0,0,-0.212121212121212
"719",4,3,0.4,0.25,0.7,2.5,1.75,-1,-0.15,-0.375,0.05,0.0714285714285715,-0.211428571428571
"719",5,3,0.4,0.25,0.525,2.5,2.05,-2,-0.15,-0.375,0.375,0.714285714285714,-0.434146341463415
"719",3,3,0.55,0.4,0.9,2.35,2,0,-0.15,-0.272727272727273,-0.1,-0.111111111111111,-0.102127659574468
"719",3,4,0.25,0.2,1.475,3.2,3.5,1,-0.05,-0.2,-0.375,-0.254237288135593,-0.00580357142857144
"719",3,3,0.25,0.3,1.1,2.45,2.4,0,0.05,0.2,-0.05,-0.0454545454545455,0.0688775510204082
"719",4,4,0.55,0.35,0.9,3.25,2.75,0,-0.2,-0.363636363636364,-0.1,-0.111111111111111,-0.167832167832168
"719",4,4,0.25,0.3,0.9,2.95,3,0,0.05,0.2,0,0,0.0610169491525424
"719",3,3,0.55,0.3,0.7,1.95,1.9,0,-0.25,-0.454545454545455,0.1,0.142857142857143,-0.37246963562753
"719",4,4,0.4,0.25,0.6,2.2,2.35,0,-0.15,-0.375,0.0999999999999999,0.166666666666666,-0.30174081237911
"719",3,3,0.4,0.35,1.8,4,2.15,0,-0.05,-0.125,-0.9,-0.5,0.188372093023256
"719",5,4,0.55,0.35,0.7,3.35,2.45,-1,-0.2,-0.363636363636364,0,0,-0.249466950959488
"719",5,4,0.55,0.45,0.675,3.25,2.25,-1,-0.1,-0.181818181818182,-0.0750000000000001,-0.111111111111111,-0.0461538461538461
"719",4,4,0.4,0.3,1.1,3.7,2.4,0,-0.1,-0.25,-0.4,-0.363636363636364,0.0675675675675677
"719",5,4,0.4,0.3,0.7,3.2,2.4,-1,-0.1,-0.25,0,0,-0.125
"719",4,4,0.25,0.35,0.733333333333333,2.45,3.05,0,0.1,0.4,0.166666666666667,0.227272727272727,0.0508531281365005
"719",5,4,0.55,0.35,0.825,3.85,3.95,-1,-0.2,-0.363636363636364,0.375,0.454545454545454,-0.359855334538879
"719",3,3,0.4,0.3,2.2,4.8,1.7,0,-0.1,-0.25,-1.5,-0.681818181818182,0.279411764705882
"719",5,4,0.4,0.2,0.9,4,1.4,-1,-0.2,-0.5,-0.5,-0.555555555555556,0.0714285714285714
"719",5,4,0.4,0.45,1.1,4.8,3.75,-1,0.05,0.125,0,0,0.0633333333333334
"719",4,3,0.25,0.3,0.7,2.35,2.1,-1,0.05,0.2,0.2,0.285714285714286,0.00303951367781141
"719",4,4,0.4,0.4,0.9,3.1,3.4,0,0,0,0.1,0.111111111111111,-0.0455407969639468
"719",3,3,0.25,0.25,1.475,3.2,2.05,0,5.55111512312578e-17,2.22044604925031e-16,-0.575,-0.389830508474576,0.131478658536585
"719",5,4,0.25,0.15,1.1,4.65,2.55,-1,-0.0999999999999999,-0.4,-0.3,-0.272727272727273,-0.0335230866540163
"719",3,3,0.4,0.3,0.7,1.8,2.5,0,-0.1,-0.25,0.4,0.571428571428572,-0.306666666666667
"719",5,4,0.4,0.15,0.675,3.1,2.25,-1,-0.25,-0.625,0.0249999999999999,0.0370370370370369,-0.378494623655914
"719",5,4,0.55,0.25,0.675,3.25,3.25,-1,-0.3,-0.545454545454545,0.325,0.481481481481481,-0.538461538461538
"719",5,4,0.25,0.3,0.675,2.95,3.3,-1,0.05,0.2,0.325,0.481481481481481,-0.0600924499229583
"719",4,4,0.4,0.25,0.9,3.1,3.25,0,-0.15,-0.375,0.1,0.111111111111111,-0.208436724565757
"719",3,2,0.55,0.4,0.9,2.35,1.5,-1,-0.15,-0.272727272727273,0.2,0.222222222222222,-0.168794326241135
"719",3,3,0.4,0.4,2.2,4.8,1.8,0,-5.55111512312578e-17,-1.38777878078145e-16,-1.5,-0.681818181818182,0.416666666666667
"719",3,3,0.25,0.3,1.1,2.45,2.3,0,0.05,0.2,-0.1,-0.090909090909091,0.0851818988464952
"719",3,2,0.55,0.45,0.7,1.95,1.25,-1,-0.1,-0.181818181818182,0.1,0.142857142857143,-0.126153846153846
"719",5,4,0.55,0.5,0.825,3.85,3.5,-1,-0.0500000000000001,-0.0909090909090911,0.175,0.212121212121212,-0.142857142857143
"719",5,4,0.25,0.3,0.525,2.35,2.4,-1,0.05,0.2,0.175,0.333333333333333,-0.031914893617021
"719",3,2,0.25,0.65,0.9,2.05,1.55,-1,0.4,1.6,0,0,0.472856018882769
"719",3,2,0.25,0.35,1.4,3.05,1.25,-1,0.1,0.4,-0.5,-0.357142857142857,0.314098360655738
"719",3,3,0.25,0.3,1.8,3.85,1.9,0,0.05,0.2,-1,-0.555555555555556,0.278879015721121
"719",4,3,0.25,0.4,1.1,3.55,1.9,-1,0.15,0.6,-0.35,-0.318181818181818,0.349888806523351
"719",3,3,0.55,0.5,1.4,3.35,1.7,0,-0.0500000000000001,-0.0909090909090911,-0.8,-0.571428571428571,0.389815627743635
"719",4,3,0.25,0.25,0.7,2.35,1.85,-1,0,0,0.1,0.142857142857143,-0.0201265094882117
"719",4,4,0.55,0.4,1.1,3.85,2.5,0,-0.15,-0.272727272727273,-0.4,-0.363636363636364,0.0685714285714286
"719",3,4,0.55,0.4,2.2,4.95,5.2,1,-0.15,-0.272727272727273,-0.6,-0.272727272727273,-0.0256410256410257
"719",4,3,0.4,0.6,0.7,2.5,2.5,-1,0.2,0.5,0.25,0.357142857142857,0.0800000000000001
"719",4,4,0.4,0.4,0.6,2.2,3.1,0,0,0,0.3,0.5,-0.211143695014663
"719",5,4,0.55,0.4,1.1,4.95,4,-1,-0.15,-0.272727272727273,0.0999999999999999,0.0909090909090908,-0.155555555555556
"719",5,4,0.25,0.2,0.8625,3.7,3.5,-1,-0.0499999999999999,-0.2,0.2375,0.27536231884058,-0.109266409266409
"719",5,4,0.4,0.3,0.525,2.5,2.4,-1,-0.1,-0.25,0.175,0.333333333333333,-0.3
"719",5,4,0.4,0.4,0.7,3.2,2.8,-1,-5.55111512312578e-17,-1.38777878078145e-16,0.1,0.142857142857143,-0.0535714285714287
"719",5,4,0.25,0.35,0.7,3.05,3.35,-1,0.1,0.4,0.3,0.428571428571429,0.00807438218742357
"719",5,4,0.25,0.25,0.825,3.55,2.95,-1,0,0,0.0750000000000001,0.090909090909091,-0.0131296252088804
"719",5,4,0.4,0.35,1.1,4.8,3.35,-1,-0.05,-0.125,-0.1,-0.090909090909091,0.00124378109452744
"719",4,3,0.25,0.25,0.466666666666667,1.65,2.35,-1,0,0,0.583333333333333,1.25,-0.286911669890393
"719",4,4,0.25,0.2,0.9,2.95,3.2,0,-0.05,-0.2,0.1,0.111111111111111,-0.0889830508474576
"719",5,4,0.55,0.35,0.7,3.35,2.45,-1,-0.2,-0.363636363636364,0,0,-0.249466950959488
"719",4,3,0.4,0.45,1.1,3.7,2.05,-1,0.05,0.125,-0.3,-0.272727272727273,0.226104152933421
"719",4,3,0.55,0.5,0.9,3.25,2,-1,-0.0500000000000001,-0.0909090909090911,-0.15,-0.166666666666667,0.0730769230769229
"719",4,4,0.25,0.2,0.733333333333333,2.45,2.6,0,-0.0499999999999999,-0.2,0.0666666666666667,0.0909090909090909,-0.100470957613815
"719",5,4,0.4,0.45,0.9,4,3.15,-1,0.0499999999999999,0.125,0,0,0.0714285714285713
"719",4,3,0.55,0.6,0.7,2.65,2.3,-1,0.05,0.090909090909091,0.15,0.214285714285714,-0.0475799835931091
"719",4,3,0.25,0.35,0.6,2.05,2.25,-1,0.1,0.4,0.35,0.583333333333334,-0.021138211382114
"719",5,4,0.25,0.3,0.9,3.85,3.6,-1,0.05,0.2,0.2,0.222222222222222,0.00865800865800864
"719",4,4,0.25,0.25,0.783333333333333,2.6,2.95,0,5.55111512312578e-17,2.22044604925031e-16,0.116666666666667,0.148936170212766,-0.0456323337679269
"719",3,3,0.4,0.3,1.8,4,2.3,0,-0.1,-0.25,-0.8,-0.444444444444444,0.091304347826087
"719",3,3,0.55,0.5,1.1,2.75,2.5,0,-0.0500000000000001,-0.0909090909090911,-0.1,-0.090909090909091,-2.22044604925031e-16
"719",4,3,0.55,0.55,0.6,2.35,1.85,-1,0,0,0.05,0.0833333333333334,-0.0442783208740656
"719",3,3,0.25,0.2,0.7,1.65,1.5,0,-0.0499999999999999,-0.2,-0.0499999999999999,-0.0714285714285713,-0.0545454545454545
"719",3,3,0.4,0.5,0.9,2.2,2.7,0,0.0999999999999999,0.25,0.2,0.222222222222222,0.0101010101010099
"719",3,3,0.55,0.25,1.8,4.15,1.95,0,-0.3,-0.545454545454546,-0.95,-0.527777777777778,-0.0129749768303985
"719",4,3,0.55,0.55,0.733333333333333,2.75,2.65,-1,0,0,0.316666666666667,0.431818181818182,-0.177358490566038
"719",3,3,0.4,0.35,1.1,2.6,2.75,0,-0.05,-0.125,0.0999999999999999,0.0909090909090908,-0.0797202797202797
"719",3,4,0.25,0.2,2.2,4.65,4.1,1,-0.05,-0.2,-0.9,-0.409090909090909,0.033831628638867
"719",4,3,0.4,0.35,0.466666666666667,1.8,2.15,-1,-0.05,-0.125,0.433333333333333,0.928571428571429,-0.400516795865633
"719",5,4,0.55,0.6,0.9,4.15,3.3,-1,0.05,0.090909090909091,0,0,0.0646221248630888
"719",3,3,0.25,0.2,1.8,3.85,2.7,0,-0.05,-0.2,-0.55,-0.305555555555556,0.0274170274170274
"719",4,3,0.25,0.2,0.733333333333333,2.45,1.8,-1,-0.0499999999999999,-0.2,0.0666666666666667,0.0909090909090909,-0.074829931972789
"719",3,3,0.55,0.5,0.7,1.95,2.5,0,-0.05,-0.090909090909091,0.3,0.428571428571429,-0.246153846153846
"719",3,3,0.55,0.4,0.9,2.35,2.3,0,-0.15,-0.272727272727273,0.0499999999999999,0.0555555555555555,-0.180388529139685
"719",5,4,0.25,0.3,0.7,3.05,2.7,-1,0.05,0.2,0.1,0.142857142857143,0.0346083788706739
"719",3,3,0.25,0.2,0.9,2.05,1.8,0,-0.05,-0.2,-0.1,-0.111111111111111,-0.032520325203252
"719",3,3,0.55,0.3,1.8,4.15,2.5,0,-0.25,-0.454545454545455,-0.7,-0.388888888888889,-0.0375903614457831
"719",5,4,0.4,0.4,1.1,4.8,3.7,-1,0,0,0,0,0.0157657657657658
"719",3,3,0.4,0.35,0.9,2.2,1.55,0,-0.05,-0.125,-0.3,-0.333333333333333,0.131964809384164
"719",4,4,0.25,0.2,1.1,3.55,2.9,0,-0.05,-0.2,-0.2,-0.181818181818182,-0.00582807187955314
"719",4,4,0.4,0.15,1.1,3.7,2.85,0,-0.25,-0.625,-0.2,-0.181818181818182,-0.221906116642959
"719",3,3,0.55,0.3,2.2,4.95,1.7,0,-0.25,-0.454545454545455,-1.5,-0.681818181818182,0.196078431372549
"719",4,4,0.25,0.2,0.9,2.95,2.3,0,-0.05,-0.2,-0.2,-0.222222222222222,0.00884303610906417
"719",5,4,0.25,0.15,0.9,3.85,2.85,-1,-0.1,-0.4,0,0,-0.114149008885851
"719",3,3,0.55,0.45,1.1,2.75,2.65,0,-0.1,-0.181818181818182,0,0,-0.0905660377358491
"719",5,4,0.25,0.25,0.8625,3.7,4.45,-1,0,0,0.5375,0.623188405797101,-0.113118736714242
"719",5,3,0.55,0.45,0.7,3.35,3.15,-2,-0.1,-0.181818181818182,0.65,0.928571428571429,-0.392324093816631
"719",3,3,0.25,0.2,1.1,2.45,2.2,0,-0.05,-0.2,-0.1,-0.090909090909091,-0.033395176252319
"719",4,4,0.55,0.3,1.1,3.85,3,0,-0.25,-0.454545454545455,-0.2,-0.181818181818182,-0.171428571428571
"719",4,3,0.55,0.35,0.6,2.35,1.95,-1,-0.2,-0.363636363636364,0.2,0.333333333333333,-0.397708674304419
"719",3,4,0.4,0.3,2.2,4.8,3,1,-0.1,-0.25,-1.3,-0.590909090909091,0.15
"719",4,4,0.4,0.25,0.9,3.1,2.95,0,-0.15,-0.375,0,0,-0.177145981410607
"719",4,4,0.4,0.3,0.6,2.2,2.1,0,-0.1,-0.25,-1.11022302462516e-16,-1.85037170770859e-16,-0.155844155844156
"719",3,3,0.55,0.6,1.4,3.35,2.2,0,0.05,0.090909090909091,-0.6,-0.428571428571428,0.325644504748982
"719",4,4,0.4,0.4,0.7,2.5,2.5,0,0,0,0,0,1.11022302462516e-16
"719",4,3,0.25,0.25,0.466666666666667,1.65,1.65,-1,0,0,0.233333333333333,0.5,-0.151515151515151
"719",3,3,0.25,0.2,1.4,3.05,2.9,0,-0.0499999999999999,-0.2,-0.0499999999999998,-0.0357142857142856,-0.0390050876201243
"719",3,3,0.4,0.25,1.1,2.6,2.25,0,-0.15,-0.375,-0.1,-0.090909090909091,-0.128205128205128
"719",5,4,0.55,0.4,0.825,3.85,2.8,-1,-0.15,-0.272727272727273,-0.025,-0.0303030303030303,-0.142857142857143
"719",3,3,0.4,0.3,1.8,4,2.7,0,-0.1,-0.25,-0.6,-0.333333333333333,0.0333333333333333
"719",5,4,0.25,0.2,1.1,4.65,3.8,-1,-0.0499999999999999,-0.2,0.0999999999999999,0.0909090909090908,-0.0582908885116015
"719",4,3,0.4,0.25,0.466666666666667,1.8,1.85,-1,-0.15,-0.375,0.333333333333333,0.714285714285714,-0.483483483483483
"719",3,3,0.25,0.2,1.475,3.2,2.6,0,-0.05,-0.2,-0.275,-0.186440677966102,-0.00360576923076922
"719",4,3,0.25,0.2,0.7,2.35,2,-1,-0.05,-0.2,0.2,0.285714285714286,-0.125531914893617
"719",5,4,0.25,0.3,0.675,2.95,2.7,-1,0.05,0.2,0.125,0.185185185185185,0.0207156308851225
"719",3,3,0.25,0.25,2.2,4.65,2.45,0,0,0,-1.1,-0.5,0.144832126398947
"719",3,3,0.4,0.4,0.7,1.8,1.7,0,0,0,-0.0499999999999999,-0.0714285714285713,0.0392156862745098
"719",5,4,0.55,0.45,0.9,4.15,4.05,-1,-0.1,-0.181818181818182,0.3,0.333333333333333,-0.218206157965194
"719",4,4,0.55,0.5,0.9,3.25,4.1,0,-0.05,-0.090909090909091,0.3,0.333333333333333,-0.189118198874296
"719",5,4,0.4,0.2,0.525,2.5,2.6,-1,-0.2,-0.5,0.275,0.523809523809524,-0.492307692307692
"719",5,4,0.4,0.35,0.675,3.1,2.75,-1,-0.05,-0.125,0.125,0.185185185185185,-0.136070381231672
"719",5,4,0.55,0.5,1.1,4.95,3.5,-1,-0.0500000000000001,-0.0909090909090911,-0.1,-0.090909090909091,0.0158730158730158
"719",3,2,0.25,0.2,0.7,1.65,0.8,-1,-0.0499999999999999,-0.2,-0.1,-0.142857142857143,0.0454545454545455
"719",4,4,0.55,0.5,0.733333333333333,2.75,2.6,0,-0.0500000000000001,-0.0909090909090911,-0.0333333333333333,-0.0454545454545454,-0.0307692307692308
"719",5,4,0.25,0.3,0.825,3.55,3.6,-1,0.05,0.2,0.275,0.333333333333334,-0.0187793427230047
"719",5,4,0.4,0.3,0.7,3.2,2.1,-1,-0.1,-0.25,-0.1,-0.142857142857143,-0.0535714285714285
"719",5,4,0.55,0.4,0.675,3.25,3.4,-1,-0.15,-0.272727272727273,0.325,0.481481481481481,-0.375565610859729
"719",4,3,0.25,0.4,0.6,2.05,1.4,-1,0.15,0.6,-0.0999999999999999,-0.166666666666666,0.369337979094077
"719",5,4,0.25,0.25,0.525,2.35,2.35,-1,5.55111512312578e-17,2.22044604925031e-16,0.175,0.333333333333333,-0.106382978723404
"719",4,4,0.55,0.45,0.7,2.65,2.55,0,-0.1,-0.181818181818182,0,0,-0.124306326304107
"719",4,4,0.25,0.25,0.783333333333333,2.6,2.65,0,5.55111512312578e-17,2.22044604925031e-16,0.0166666666666667,0.0212765957446809,-0.00725689404934682
"719",5,4,0.4,0.2,0.9,4,2.9,-1,-0.2,-0.5,0,0,-0.224137931034483
"720",3,3,0.55,0.25,1.4,3.35,1.75,0,-0.3,-0.545454545454546,-0.65,-0.464285714285714,-0.0639658848614073
"720",5,4,0.25,0.2,0.675,2.95,1.7,-1,-0.05,-0.2,-0.175,-0.259259259259259,0.0468594217347957
"720",4,4,0.25,0.2,0.9,2.95,2.6,0,-0.05,-0.2,-0.1,-0.111111111111111,-0.03129074315515
"720",4,4,0.25,0.2,0.733333333,2.45,2.3,0,-0.05,-0.2,-0.0333333330000001,-0.0454545450206613,-0.0603371783496006
"720",4,4,0.55,0.4,0.9,3.25,3.4,0,-0.15,-0.272727272727273,0.1,0.111111111111111,-0.206334841628959
"720",3,3,0.55,0.3,1.1,2.75,1.4,0,-0.25,-0.454545454545455,-0.55,-0.5,0.0428571428571426
"720",4,4,0.55,0.3,1.1,3.85,3.6,0,-0.25,-0.454545454545455,0,0,-0.238095238095238
"720",4,4,0.4,0.3,0.9,3.1,2.7,0,-0.1,-0.25,-0.1,-0.111111111111111,-0.0716845878136201
"720",3,3,0.25,0.25,2.2,4.65,4.35,0,0,0,-0.15,-0.0681818181818183,0.0111234705228031
"720",3,3,0.4,0.2,0.7,1.8,1.5,0,-0.2,-0.5,-0.0499999999999999,-0.0714285714285713,-0.266666666666667
"720",5,4,0.55,0.25,0.9,4.15,3.25,-1,-0.3,-0.545454545454546,0.1,0.111111111111111,-0.354958294717331
"720",3,3,0.25,0.2,0.7,1.65,1.9,0,-0.05,-0.2,0.15,0.214285714285714,-0.138755980861244
"720",4,3,0.55,0.3,0.7,2.65,2.1,-1,-0.25,-0.454545454545455,0.2,0.285714285714286,-0.401617250673855
"720",5,4,0.25,0.15,0.825,3.55,2.85,-1,-0.1,-0.4,0.0750000000000001,0.090909090909091,-0.141586360266864
"720",3,3,0.25,0.15,0.9,2.05,2.05,0,-0.1,-0.4,0.0499999999999999,0.0555555555555555,-0.146341463414634
"720",4,4,0.4,0.2,0.7,2.5,2.6,0,-0.2,-0.5,0.1,0.142857142857143,-0.332307692307692
"720",3,3,0.25,0.2,1.4,3.05,2.6,0,-0.05,-0.2,-0.2,-0.142857142857143,-0.0151324085750315
"720",5,4,0.55,0.3,0.7,3.35,1.8,-1,-0.25,-0.454545454545455,-0.2,-0.285714285714286,-0.154228855721393
"720",3,3,0.55,0.4,0.9,2.35,2,0,-0.15,-0.272727272727273,-0.1,-0.111111111111111,-0.102127659574468
"720",4,4,0.25,0.3,0.6,2.05,2.4,0,0.05,0.2,0.1,0.166666666666667,0.0121951219512196
"720",4,4,0.4,0.25,0.6,2.2,2.05,0,-0.15,-0.375,0,0,-0.239467849223947
"720",5,4,0.25,0.25,1.1,4.65,3.55,-1,0,0,0,0,0.0128729365439951
"720",4,4,0.25,0.25,1.1,3.55,3.55,0,0,0,0,0,-5.55111512312578e-17
"720",4,4,0.55,0.4,0.6,2.35,1.9,0,-0.15,-0.272727272727273,-0.1,-0.166666666666667,-0.0940649496080627
"720",3,3,0.4,0.2,2.2,4.8,4,0,-0.2,-0.5,-0.3,-0.136363636363636,-0.1
"720",4,4,0.25,0.2,0.7,2.35,2.9,0,-0.05,-0.2,0.2,0.285714285714286,-0.1496698459281
"720",5,4,0.4,0.2,0.9,4,2,-1,-0.2,-0.5,-0.3,-0.333333333333333,-0.0999999999999999
"720",5,4,0.55,0.4,0.675,3.25,1.9,-1,-0.15,-0.272727272727273,-0.175,-0.259259259259259,-0.00404858299595134
"720",5,4,0.4,0.25,1.1,4.8,3.25,-1,-0.15,-0.375,-0.1,-0.090909090909091,-0.108974358974359
"720",4,4,0.25,0.2,0.783333333,2.6,3.8,0,-0.05,-0.2,0.416666667,0.5319148942689,-0.174089068825911
"720",4,4,0.4,0.45,0.466666667,1.8,2.25,0,0.05,0.125,0.133333333,0.285714284795918,-0.0888888888888889
"720",3,3,0.55,0.65,1.8,4.15,2.75,0,0.1,0.181818181818182,-0.75,-0.416666666666667,0.311500547645126
"720",5,4,0.4,0.3,0.7,3.2,1.5,-1,-0.1,-0.25,-0.3,-0.428571428571428,0.175
"720",3,3,0.55,0.4,2.2,4.95,3.1,0,-0.15,-0.272727272727273,-0.85,-0.386363636363636,0.0537634408602151
"720",3,3,0.55,0.45,0.7,1.95,1.75,0,-0.1,-0.181818181818182,-0.0499999999999999,-0.0714285714285713,-0.0747252747252748
"720",5,4,0.4,0.3,0.525,2.5,1.8,-1,-0.1,-0.25,-0.025,-0.0476190476190477,-0.133333333333333
"720",4,4,0.55,0.55,0.733333333,2.75,2.65,0,0,0,-0.0333333330000001,-0.0454545450206613,0.0301886792452832
"720",5,5,0.25,0.2,0.525,2.35,1.8,0,-0.05,-0.2,-0.125,-0.238095238095238,0.0236406619385343
"720",5,4,0.4,0.35,0.675,3.1,1.85,-1,-0.05,-0.125,-0.175,-0.259259259259259,0.111595466434176
"720",5,4,0.55,0.45,1.1,4.95,2.25,-1,-0.1,-0.181818181818182,-0.5,-0.454545454545455,0.244444444444444
"720",3,3,0.25,0.35,1.8,3.85,1.55,0,0.1,0.4,-1.2,-0.666666666666667,0.482614160033515
"720",5,4,0.55,0.5,0.825,3.85,2.3,-1,-0.05,-0.090909090909091,-0.225,-0.272727272727273,0.15527950310559
"720",3,3,0.25,0.2,1.475,3.2,1.5,0,-0.05,-0.2,-0.825,-0.559322033898305,0.165625
"720",4,4,0.25,0.2,0.466666667,1.65,1.4,0,-0.05,-0.2,-0.066666667,-0.142857143469388,-0.0346320346320347
"720",3,3,0.4,0.2,0.9,2.2,1.2,0,-0.2,-0.5,-0.4,-0.444444444444444,-0.0454545454545454
"720",5,4,0.25,0.2,0.8625,3.7,1.7,-1,-0.05,-0.2,-0.3625,-0.420289855072464,0.13275039745628
"720",3,3,0.4,0.2,1.1,2.6,1.5,0,-0.2,-0.5,-0.45,-0.409090909090909,-0.0615384615384615
"720",3,3,0.4,0.35,1.8,4,1.85,0,-0.05,-0.125,-1.05,-0.583333333333333,0.267567567567567
"720",5,4,0.25,0.15,0.9,3.85,4.05,-1,-0.1,-0.4,0.4,0.444444444444444,-0.176527176527177
"720",5,4,0.25,0.1,0.7,3.05,1.3,-1,-0.15,-0.6,-0.3,-0.428571428571428,-0.102143757881463
"720",4,4,0.4,0.2,1.1,3.7,2.9,0,-0.2,-0.5,-0.2,-0.181818181818182,-0.156570363466915
"720",3,3,0.25,0.15,1.1,2.45,1.85,0,-0.1,-0.4,-0.25,-0.227272727272727,-0.0628792057363486
"720",3,3,0.4,0.4,0.7,1.8,1.9,0,0,0,0.05,0.0714285714285715,-0.0350877192982456
"720",3,3,0.55,0.35,2.2,4.95,3.05,0,-0.2,-0.363636363636364,-0.85,-0.386363636363636,0.0109289617486338
"720",4,3,0.25,0.2,0.7,2.35,1.6,-1,-0.05,-0.2,0,0,-0.0505319148936169
"720",5,4,0.4,0.3,0.675,3.1,1.8,-1,-0.1,-0.25,-0.175,-0.259259259259259,0.021505376344086
"720",3,3,0.4,0.3,1.1,2.6,1.7,0,-0.1,-0.25,-0.4,-0.363636363636364,0.0678733031674208
"720",5,4,0.4,0.4,0.525,2.5,2.2,-1,0,0,0.075,0.142857142857143,-0.0727272727272726
"720",5,5,0.4,0.2,1.1,4.8,2.2,0,-0.2,-0.5,-0.6,-0.545454545454546,0.0378787878787878
"720",5,5,0.55,0.35,0.825,3.85,2.75,0,-0.2,-0.363636363636364,-0.225,-0.272727272727273,-0.0779220779220779
"720",5,5,0.25,0.3,0.825,3.55,2.7,0,0.05,0.2,-0.225,-0.272727272727273,0.203442879499218
"720",4,4,0.4,0.3,0.9,3.1,1.8,0,-0.1,-0.25,-0.4,-0.444444444444444,0.150537634408602
"720",4,4,0.4,0.3,0.7,2.5,2.1,0,-0.1,-0.25,-0.1,-0.142857142857143,-0.0685714285714285
"720",5,4,0.55,0.3,1.1,4.95,2.1,-1,-0.25,-0.454545454545455,-0.5,-0.454545454545455,0.0158730158730159
"720",3,3,0.25,0.2,0.7,1.65,1.1,0,-0.05,-0.2,-0.25,-0.357142857142857,0.0909090909090909
"720",3,3,0.25,0.2,1.8,3.85,2.9,0,-0.05,-0.2,-0.45,-0.25,0.0120913569189431
"720",4,3,0.25,0.15,0.9,2.95,2.55,-1,-0.1,-0.4,0.3,0.333333333333333,-0.162512462612164
"720",3,3,0.25,0.1,1.475,3.2,2.3,0,-0.15,-0.6,-0.375,-0.254237288135593,-0.103940217391304
"720",5,4,0.25,0.2,0.8625,3.7,2.6,-1,-0.05,-0.2,-0.0625,-0.072463768115942,-0.0301455301455302
"720",4,4,0.55,0.3,0.733333333,2.75,2.1,0,-0.25,-0.454545454545455,-0.133333333,-0.181818181446281,-0.228571428571429
"720",3,3,0.55,0.5,1.8,4.15,2.9,0,-0.05,-0.090909090909091,-0.6,-0.333333333333333,0.119651017864562
"720",4,4,0.25,0.25,0.6,2.05,2.05,0,0,0,0,0,0
"720",3,3,0.4,0.35,1.8,4,2.55,0,-0.05,-0.125,-0.7,-0.388888888888889,0.111764705882353
"720",3,3,0.55,0.55,1.1,2.75,2.75,0,0,0,0,0,0
"720",5,4,0.55,0.35,0.9,4.15,3.05,-1,-0.2,-0.363636363636364,0,0,-0.203634208967016
"720",4,4,0.55,0.4,0.6,2.35,1.9,0,-0.15,-0.272727272727273,-0.1,-0.166666666666667,-0.0940649496080627
"720",5,4,0.4,0.3,0.7,3.2,1.8,-1,-0.1,-0.25,-0.2,-0.285714285714286,0.0416666666666666
"720",4,4,0.55,0.5,1.1,3.85,2.6,0,-0.05,-0.090909090909091,-0.4,-0.363636363636364,0.197802197802198
"720",3,3,0.25,0.3,1.4,3.05,2.5,0,0.05,0.2,-0.3,-0.214285714285714,0.114098360655738
"720",3,3,0.55,0.55,1.4,3.35,3.35,0,0,0,0,0,5.55111512312578e-17
"720",3,3,0.55,0.4,0.7,1.95,1.4,0,-0.15,-0.272727272727273,-0.2,-0.285714285714286,0.0109890109890111
"720",5,4,0.55,0.35,0.7,3.35,1.85,-1,-0.2,-0.363636363636364,-0.2,-0.285714285714286,-0.0641387656313029
"720",4,4,0.25,0.25,0.466666667,1.65,1.45,0,0,0,-0.066666667,-0.142857143469388,0.083594566353187
"720",3,3,0.4,0.15,0.9,2.2,1.35,0,-0.25,-0.625,-0.3,-0.333333333333333,-0.212121212121212
"720",3,3,0.25,0.2,0.9,2.05,1.3,0,-0.05,-0.2,-0.35,-0.388888888888889,0.0956848030018762
"720",4,4,0.4,0.35,0.466666667,1.8,1.85,0,-0.05,-0.125,0.033333333,0.0714285706632654,-0.132132132132132
"720",5,4,0.25,0.2,0.675,2.95,2.9,-1,-0.05,-0.2,0.225,0.333333333333333,-0.147866744593805
"720",4,4,0.25,0.25,0.733333333,2.45,2.05,0,0,0,-0.133333333,-0.181818181446281,0.0796416127426581
"720",5,4,0.25,0.2,1.1,4.65,4.7,-1,-0.05,-0.2,0.4,0.363636363636364,-0.0986044383436284
"720",5,4,0.25,0.2,0.525,2.35,1.7,-1,-0.05,-0.2,-0.025,-0.0476190476190477,-0.0613266583229036
"720",5,4,0.25,0.2,0.7,3.05,2.6,-1,-0.05,-0.2,0.1,0.142857142857143,-0.102143757881463
"720",4,4,0.25,0.2,1.1,3.55,1.7,0,-0.05,-0.2,-0.6,-0.545454545454546,0.188898094449047
"720",5,4,0.25,0.2,0.9,3.85,3.2,-1,-0.05,-0.2,0.1,0.111111111111111,-0.0746753246753247
"720",3,3,0.55,0.35,0.9,2.35,1.65,0,-0.2,-0.363636363636364,-0.25,-0.277777777777778,-0.0657640232108319
"720",3,3,0.4,0.35,2.2,4.8,4.35,0,-0.05,-0.125,-0.2,-0.090909090909091,-0.00862068965517249
"720",3,3,0.25,0.25,2.2,4.65,4.65,0,0,0,0,0,0
"720",5,4,0.55,0.65,0.675,3.25,3.05,-1,0.1,0.181818181818182,0.125,0.185185185185185,0.00630517023959642
"720",3,3,0.25,0.25,1.1,2.45,1.85,0,0,0,-0.3,-0.272727272727273,0.0992829564258136
"720",4,4,0.55,0.35,0.9,3.25,1.85,0,-0.2,-0.363636363636364,-0.4,-0.444444444444444,0.0798336798336797
"720",4,4,0.4,0.25,0.6,2.2,1.45,0,-0.15,-0.375,-0.2,-0.333333333333333,-0.0376175548589343
"720",4,4,0.25,0.25,0.783333333,2.6,1.45,0,0,0,-0.383333333,-0.489361701910367,0.305039787798408
"720",5,4,0.4,0.2,0.9,4,1.4,-1,-0.2,-0.5,-0.5,-0.555555555555556,0.0714285714285714
"720",4,4,0.55,0.4,0.7,2.65,2.2,0,-0.15,-0.272727272727273,-0.1,-0.142857142857143,-0.102915951972556
"720",4,4,0.4,0.35,1.1,3.7,1.85,0,-0.05,-0.125,-0.6,-0.545454545454546,0.324324324324324
"720",3,3,0.25,0.2,0.7,1.65,1.4,0,-0.05,-0.2,-0.1,-0.142857142857143,-0.0259740259740259
"720",5,4,0.4,0.25,0.525,2.5,1.45,-1,-0.15,-0.375,-0.125,-0.238095238095238,-0.110344827586207
"720",3,3,0.4,0.25,1.8,4,3.55,0,-0.15,-0.375,-0.15,-0.0833333333333334,-0.0887323943661972
"720",3,3,0.4,0.3,0.9,2.2,2.3,0,-0.1,-0.25,0.1,0.111111111111111,-0.154150197628459
"720",5,3,0.55,0.35,0.675,3.25,2.15,-2,-0.2,-0.363636363636364,0.225,0.333333333333333,-0.35778175313059
"720",3,3,0.55,0.4,1.1,2.75,1.9,0,-0.15,-0.272727272727273,-0.35,-0.318181818181818,0.031578947368421
"720",4,4,0.55,0.35,1.1,3.85,2.75,0,-0.2,-0.363636363636364,-0.3,-0.272727272727273,-0.0623376623376626
"720",5,4,0.25,0.15,1.1,4.65,4.35,-1,-0.1,-0.4,0.3,0.272727272727273,-0.130886169818317
"720",5,4,0.55,0.4,0.7,3.35,2.2,-1,-0.15,-0.272727272727273,-0.1,-0.142857142857143,-0.0936227951153322
"720",3,3,0.25,0.25,1.1,2.45,1.95,0,0,0,-0.25,-0.227272727272727,0.0784929356357928
"720",3,3,0.55,0.35,0.7,1.95,1.35,0,-0.2,-0.363636363636364,-0.2,-0.285714285714286,-0.0683760683760687
"720",3,3,0.55,0.35,1.8,4.15,3.45,0,-0.2,-0.363636363636364,-0.25,-0.138888888888889,-0.0932425353588267
"720",3,3,0.55,0.35,2.2,4.95,4.35,0,-0.2,-0.363636363636364,-0.2,-0.090909090909091,-0.0919540229885058
"720",3,3,0.25,0.1,1.4,3.05,4,0,-0.15,-0.6,0.55,0.392857142857143,-0.170901639344262
"720",5,4,0.4,0.25,0.9,4,3.85,-1,-0.15,-0.375,0.3,0.333333333333333,-0.24025974025974
"720",5,4,0.4,0.25,0.675,3.1,2.95,-1,-0.15,-0.375,0.225,0.333333333333333,-0.306178239475123
"720",4,4,0.4,0.25,1.1,3.7,2.35,0,-0.15,-0.375,-0.4,-0.363636363636364,-0.00690051753881538
"720",4,4,0.25,0.2,0.466666667,1.65,1.4,0,-0.05,-0.2,-0.066666667,-0.142857143469388,-0.0346320346320347
"720",3,3,0.4,0.2,2.2,4.8,3,0,-0.2,-0.5,-0.8,-0.363636363636364,-0.05
"720",4,3,0.55,0.35,0.9,3.25,1.75,-1,-0.2,-0.363636363636364,-0.2,-0.222222222222222,-0.0769230769230771
"720",5,4,0.25,0.2,0.675,2.95,2.6,-1,-0.05,-0.2,0.125,0.185185185185185,-0.116036505867014
"720",4,4,0.4,0.3,0.6,2.2,1.8,0,-0.1,-0.25,-0.1,-0.166666666666667,-0.0606060606060607
"720",5,5,0.55,0.2,0.9,4.15,1.6,0,-0.35,-0.636363636363636,-0.55,-0.611111111111111,-0.0376506024096385
"720",4,4,0.25,0.2,1.1,3.55,2.3,0,-0.05,-0.2,-0.4,-0.363636363636364,0.0661359461114513
"720",3,3,0.25,0.25,0.9,2.05,1.45,0,0,0,-0.3,-0.333333333333333,0.151387720773759
"720",5,4,0.4,0.3,0.7,3.2,1.8,-1,-0.1,-0.25,-0.2,-0.285714285714286,0.0416666666666666
"720",3,3,0.25,0.15,1.475,3.2,1.15,0,-0.1,-0.4,-0.975,-0.661016949152542,0.156929347826087
"720",5,4,0.55,0.3,0.825,3.85,1.5,-1,-0.25,-0.454545454545455,-0.425,-0.515151515151515,0.0857142857142855
"720",4,4,0.4,0.25,0.7,2.5,1.45,0,-0.15,-0.375,-0.3,-0.428571428571428,0.049655172413793
"720",4,3,0.4,0.35,0.9,3.1,1.45,-1,-0.05,-0.125,-0.35,-0.388888888888889,0.208008898776418
"720",4,3,0.25,0.2,0.733333333,2.45,0.9,-1,-0.05,-0.2,-0.383333333,-0.522727272510331,0.258503401360544
"720",3,3,0.25,0.2,2.2,4.65,4.2,0,-0.05,-0.2,-0.2,-0.090909090909091,-0.0184331797235023
"720",4,4,0.4,0.35,0.466666667,1.8,1.55,0,-0.05,-0.125,-0.066666667,-0.142857143469388,0.0143369175627237
"720",4,3,0.55,0.45,0.733333333,2.75,1.45,-1,-0.1,-0.181818181818182,-0.233333333,-0.318181817871901,0.131034482758621
"720",5,4,0.25,0.15,0.9,3.85,3.75,-1,-0.1,-0.4,0.3,0.333333333333333,-0.164675324675325
"720",4,4,0.25,0.2,0.7,2.35,2,0,-0.05,-0.2,-0.1,-0.142857142857143,-0.0255319148936169
"720",4,4,0.55,0.4,0.6,2.35,1.9,0,-0.15,-0.272727272727273,-0.1,-0.166666666666667,-0.0940649496080627
"720",5,5,0.25,0.25,0.525,2.35,2.25,0,0,0,-0.025,-0.0476190476190477,0.0236406619385343
"720",3,3,0.55,0.3,0.9,2.35,1.3,0,-0.25,-0.454545454545455,-0.4,-0.444444444444444,-0.00981996726677592
"720",4,4,0.25,0.25,0.783333333,2.6,2.35,0,0,0,-0.083333333,-0.106382978343142,0.0409165302782325
"720",5,4,0.25,0.3,0.7,3.05,2.1,-1,0.05,0.2,-0.1,-0.142857142857143,0.161592505854801
"720",3,3,0.25,0.15,1.8,3.85,1.45,0,-0.1,-0.4,-1.15,-0.638888888888889,0.115539632781012
"720",5,4,0.25,0.2,0.825,3.55,2.3,-1,-0.05,-0.2,-0.125,-0.151515151515152,-0.00428658909981627
"720",3,3,0.4,0.2,1.1,2.6,1.4,0,-0.2,-0.5,-0.5,-0.454545454545455,-0.0329670329670329
"720",5,5,0.55,0.3,1.1,4.95,4.3,0,-0.25,-0.454545454545455,-0.1,-0.090909090909091,-0.20671834625323
"720",5,5,0.4,0.2,1.1,4.8,4.2,0,-0.2,-0.5,-0.1,-0.090909090909091,-0.178571428571429
"720",3,3,0.55,0.55,1.4,3.35,2.95,0,0,0,-0.2,-0.142857142857143,0.0667847204654693
"720",4,3,0.25,0.2,0.9,2.95,2.3,-1,-0.05,-0.2,0.15,0.166666666666667,-0.0781134856300663
"720",5,1,0.25,0.45,0.8625,3.7,0.45,-4,0.2,0.8,-0.8625,-1,0.662162162162162
"720",3,3,0.4,0.3,0.7,1.8,1.2,0,-0.1,-0.25,-0.25,-0.357142857142857,0.0833333333333333
"720",4,4,0.25,0.2,0.6,2.05,1.1,0,-0.05,-0.2,-0.3,-0.5,0.239467849223947
"720",4,4,0.55,0.25,0.7,2.65,1.45,0,-0.3,-0.545454545454546,-0.3,-0.428571428571428,-0.14053350683149
"720",4,4,0.4,0.25,0.6,2.2,1.75,0,-0.15,-0.375,-0.1,-0.166666666666667,-0.155844155844156
"720",3,3,0.25,0.25,0.7,1.65,1.55,0,0,0,-0.0499999999999999,-0.0714285714285713,0.0293255131964809
"720",4,4,0.25,0.2,0.7,2.35,1.4,0,-0.05,-0.2,-0.3,-0.428571428571428,0.145896656534954
"720",4,4,0.25,0.2,0.783333333,2.6,2.9,0,-0.05,-0.2,0.116666667,0.148936170701675,-0.108753315649867
"720",4,4,0.25,0.2,1.1,3.55,2,0,-0.05,-0.2,-0.5,-0.454545454545455,0.11830985915493
"720",5,4,0.25,0.2,0.525,2.35,1.7,-1,-0.05,-0.2,-0.025,-0.0476190476190477,-0.0613266583229036
"720",5,4,0.25,0.15,0.9,3.85,3.15,-1,-0.1,-0.4,0.1,0.111111111111111,-0.134199134199134
"720",4,4,0.4,0.3,0.7,2.5,1.8,0,-0.1,-0.25,-0.2,-0.285714285714286,0.0266666666666666
"720",4,4,0.25,0.2,0.733333333,2.45,1.7,0,-0.05,-0.2,-0.233333333,-0.318181817871901,0.0624249699879953
"720",3,3,0.25,0.15,1.8,3.85,4.05,0,-0.1,-0.4,0.15,0.0833333333333333,-0.0836940836940837
"720",4,3,0.55,0.35,0.9,3.25,2.35,-1,-0.2,-0.363636363636364,0.1,0.111111111111111,-0.230114566284779
"720",3,3,0.55,0.45,1.4,3.35,4.35,0,-0.1,-0.181818181818182,0.55,0.392857142857143,-0.182192485846629
"720",5,4,0.4,0.35,1.1,4.8,5.75,-1,-0.05,-0.125,0.7,0.636363636363636,-0.173188405797101
"720",5,4,0.25,0.3,0.7,3.05,2.4,-1,0.05,0.2,0,0,0.0901639344262296
"720",3,3,0.4,0.25,1.1,2.6,1.75,0,-0.15,-0.375,-0.35,-0.318181818181818,-0.032967032967033
"720",3,3,0.4,0.2,2.2,4.8,4.1,0,-0.2,-0.5,-0.25,-0.113636363636364,-0.103658536585366
"720",5,4,0.55,0.3,0.9,4.15,2.1,-1,-0.25,-0.454545454545455,-0.3,-0.333333333333333,-0.091222030981067
"720",5,4,0.55,0.5,0.675,3.25,2.3,-1,-0.05,-0.090909090909091,-0.0750000000000001,-0.111111111111111,0.0234113712374583
"720",3,3,0.25,0.2,2.2,4.65,1.9,0,-0.05,-0.2,-1.35,-0.613636363636364,0.154499151103565
"720",5,4,0.25,0.2,0.675,2.95,1.7,-1,-0.05,-0.2,-0.175,-0.259259259259259,0.0468594217347957
"720",3,3,0.4,0.25,0.9,2.2,1.65,0,-0.15,-0.375,-0.2,-0.222222222222222,-0.0909090909090909
"720",4,4,0.25,0.2,0.6,2.05,1.4,0,-0.05,-0.2,-0.2,-0.333333333333333,0.0836236933797909
"720",3,3,0.55,0.35,2.2,4.95,3.65,0,-0.2,-0.363636363636364,-0.55,-0.25,-0.0456621004566211
"720",5,4,0.4,0.2,0.9,4,1.7,-1,-0.2,-0.5,-0.4,-0.444444444444444,-0.0294117647058823
"720",5,4,0.25,0.15,0.825,3.55,1.65,-1,-0.1,-0.4,-0.325,-0.393939393939394,0.0115236875800256
"720",3,3,0.25,0.2,1.1,2.45,1.6,0,-0.05,-0.2,-0.4,-0.363636363636364,0.0688775510204083
"720",4,3,0.55,0.45,0.733333333,2.75,1.65,-1,-0.1,-0.181818181818182,-0.133333333,-0.181818181446281,0.0181818181818182
"720",5,4,0.4,0.3,0.525,2.5,1.5,-1,-0.1,-0.25,-0.125,-0.238095238095238,-2.22044604925031e-16
"720",4,4,0.4,0.3,0.466666667,1.8,1.5,0,-0.1,-0.25,-0.066666667,-0.142857143469388,-0.0888888888888891
"720",3,3,0.55,0.5,1.8,4.15,3.7,0,-0.05,-0.090909090909091,-0.2,-0.111111111111111,0.00781504395962224
"720",3,3,0.25,0.3,1.4,3.05,3.2,0,0.05,0.2,0.05,0.0357142857142857,0.0353483606557377
"720",4,3,0.55,0.5,0.6,2.35,1.6,-1,-0.05,-0.090909090909091,-0.0499999999999999,-0.0833333333333332,0.00132978723404253
"720",3,3,0.25,0.3,0.9,2.05,1.9,0,0.05,0.2,-0.1,-0.111111111111111,0.10783055198973
"720",3,3,0.55,0.45,0.9,2.35,1.55,0,-0.1,-0.181818181818182,-0.35,-0.388888888888889,0.168840082361016
"720",5,4,0.25,0.2,1.1,4.65,1.7,-1,-0.05,-0.2,-0.6,-0.545454545454546,0.201771030993042
"720",4,4,0.4,0.35,1.1,3.7,2.75,0,-0.05,-0.125,-0.3,-0.272727272727273,0.0766584766584765
"720",5,4,0.55,0.4,1.1,4.95,3.7,-1,-0.15,-0.272727272727273,0,0,-0.123123123123123
"720",3,3,0.4,0.35,0.7,1.8,1.55,0,-0.05,-0.125,-0.1,-0.142857142857143,0.0107526881720429
"720",4,4,0.25,0.25,0.9,2.95,2.05,0,0,0,-0.3,-0.333333333333333,0.148821827201323
"720",5,4,0.55,0.4,0.825,3.85,3.1,-1,-0.15,-0.272727272727273,0.0750000000000001,0.090909090909091,-0.19815668202765
"720",3,3,0.55,0.45,1.1,2.75,2.05,0,-0.1,-0.181818181818182,-0.3,-0.272727272727273,0.0585365853658535
"720",3,3,0.55,0.5,0.7,1.95,1.7,0,-0.05,-0.090909090909091,-0.1,-0.142857142857143,0.0361990950226243
"720",5,4,0.55,0.4,0.7,3.35,1.9,-1,-0.15,-0.272727272727273,-0.2,-0.285714285714286,0.0212097407698352
"720",4,4,0.4,0.2,0.9,3.1,1.1,0,-0.2,-0.5,-0.6,-0.666666666666667,0.211143695014663
"720",3,3,0.4,0.2,1.8,4,2.6,0,-0.2,-0.5,-0.6,-0.333333333333333,-0.0692307692307693
"720",4,4,0.55,0.25,1.1,3.85,2.05,0,-0.3,-0.545454545454546,-0.5,-0.454545454545455,-0.083623693379791
"720",4,4,0.25,0.2,0.466666667,1.65,1.4,0,-0.05,-0.2,-0.066666667,-0.142857143469388,-0.0346320346320347
"720",5,4,0.25,0.2,0.8625,3.7,1.7,-1,-0.05,-0.2,-0.3625,-0.420289855072464,0.13275039745628
"720",5,4,0.4,0.25,0.675,3.1,2.35,-1,-0.15,-0.375,0.0249999999999999,0.0370370370370369,-0.219629375428964
"720",4,4,0.55,0.3,0.7,2.65,1.8,0,-0.25,-0.454545454545455,-0.2,-0.285714285714286,-0.163522012578617
"720",5,5,0.4,0.3,0.7,3.2,2.1,0,-0.1,-0.25,-0.25,-0.357142857142857,0.0892857142857143
"720",3,3,0.25,0.25,1.475,3.2,2.95,0,0,0,-0.125,-0.0847457627118644,0.0198622881355932
"720",4,4,0.25,0.2,0.733333333,2.45,1.4,0,-0.05,-0.2,-0.333333333,-0.454545454297521,0.163265306122449
"720",5,4,0.25,0.15,0.8625,3.7,2.85,-1,-0.1,-0.4,0.0375,0.0434782608695652,-0.127311522048364
"720",3,4,0.25,0.2,1.1,2.45,1.7,1,-0.05,-0.2,-0.6,-0.545454545454546,0.164465786314526
"720",5,5,0.25,0.15,0.675,2.95,2.15,0,-0.1,-0.4,-0.175,-0.259259259259259,-0.0748916042569964
"720",3,3,0.25,0.2,0.9,2.05,1.3,0,-0.05,-0.2,-0.35,-0.388888888888889,0.0956848030018762
"720",5,4,0.4,0.25,0.675,3.1,1.75,-1,-0.15,-0.375,-0.175,-0.259259259259259,-0.0737327188940092
"720",4,4,0.25,0.25,0.6,2.05,1.75,0,0,0,-0.1,-0.166666666666667,0.0836236933797909
"720",5,4,0.4,0.2,0.525,2.5,1.4,-1,-0.2,-0.5,-0.125,-0.238095238095238,-0.228571428571429
"720",5,4,0.55,0.4,1.1,4.95,2.5,-1,-0.15,-0.272727272727273,-0.4,-0.363636363636364,0.0844444444444445
"720",5,5,0.25,0.25,1.1,4.65,2.85,0,0,0,-0.45,-0.409090909090909,0.169779286926995
"720",3,3,0.55,0.35,1.8,4.15,3.25,0,-0.2,-0.363636363636364,-0.35,-0.194444444444444,-0.0745134383688601
"720",4,3,0.4,0.3,0.9,3.1,2.1,-1,-0.1,-0.25,0,0,-0.087557603686636
"720",4,4,0.25,0.2,0.7,2.35,1.7,0,-0.05,-0.2,-0.2,-0.285714285714286,0.0450563204005007
"720",3,3,0.25,0.2,1.4,3.05,1.9,0,-0.05,-0.2,-0.55,-0.392857142857143,0.0698878343399482
"720",4,4,0.4,0.35,1.1,3.7,2.75,0,-0.05,-0.125,-0.3,-0.272727272727273,0.0766584766584765
"720",4,4,0.25,0.15,0.9,2.95,2.55,0,-0.1,-0.4,-0.1,-0.111111111111111,-0.103688933200399
"720",4,4,0.55,0.3,0.733333333,2.75,2.4,0,-0.25,-0.454545454545455,-0.0333333330000001,-0.0454545450206613,-0.3
"720",4,4,0.25,0.25,0.783333333,2.6,2.35,0,0,0,-0.083333333,-0.106382978343142,0.0409165302782325
"720",5,4,0.25,0.25,0.525,2.35,1.75,-1,0,0,-0.025,-0.0476190476190477,0.0395136778115501
"720",5,5,0.4,0.3,0.7,3.2,2.7,0,-0.1,-0.25,-0.1,-0.142857142857143,-0.0694444444444444
"720",4,4,0.4,0.35,0.6,2.2,1.85,0,-0.05,-0.125,-0.1,-0.166666666666667,0.0294840294840294
"720",5,4,0.4,0.3,1.1,4.8,2.4,-1,-0.1,-0.25,-0.4,-0.363636363636364,0.0833333333333334
"720",4,4,0.4,0.25,0.466666667,1.8,1.15,0,-0.15,-0.375,-0.166666667,-0.357142857602041,-0.0193236714975845
"720",3,3,0.25,0.25,2.2,4.65,3.95,0,0,0,-0.35,-0.159090909090909,0.0285830951408738
"720",3,3,0.4,0.25,0.7,1.8,0.95,0,-0.15,-0.375,-0.35,-0.5,0.12280701754386
"720",3,3,0.4,0.35,1.8,4,2.25,0,-0.05,-0.125,-0.85,-0.472222222222222,0.166666666666667
"720",4,4,0.25,0.2,1.1,3.55,2,0,-0.05,-0.2,-0.5,-0.454545454545455,0.11830985915493
"720",4,4,0.4,0.3,0.7,2.5,1.8,0,-0.1,-0.25,-0.2,-0.285714285714286,0.0266666666666666
"720",5,4,0.55,0.3,0.825,3.85,1.8,-1,-0.25,-0.454545454545455,-0.325,-0.393939393939394,-0.0476190476190477
"720",4,4,0.55,0.4,0.7,2.65,1.9,0,-0.15,-0.272727272727273,-0.2,-0.285714285714286,0.0119165839126116
"720",3,3,0.4,0.35,2.2,4.8,4.25,0,-0.05,-0.125,-0.25,-0.113636363636364,-0.00294117647058834
"720",4,4,0.55,0.45,0.9,3.25,2.55,0,-0.1,-0.181818181818182,-0.2,-0.222222222222222,0.0289592760180996
"720",3,3,0.4,0.35,0.9,2.2,1.75,0,-0.05,-0.125,-0.2,-0.222222222222222,0.0545454545454543
"720",3,3,0.55,0.3,0.7,1.95,1.2,0,-0.25,-0.454545454545455,-0.25,-0.357142857142857,-0.0961538461538463
"720",5,5,0.25,0.25,0.9,3.85,2.65,0,0,0,-0.3,-0.333333333333333,0.147022788532223
"720",5,4,0.4,0.35,0.9,4,3.05,-1,-0.05,-0.125,0,0,-0.0409836065573771
"720",5,5,0.25,0.2,0.825,3.55,2.6,0,-0.05,-0.2,-0.225,-0.272727272727273,0.0325027085590465
"720",4,4,0.55,0.35,1.1,3.85,2.75,0,-0.2,-0.363636363636364,-0.3,-0.272727272727273,-0.0623376623376626
"720",5,4,0.25,0.3,0.7,3.05,3.6,-1,0.05,0.2,0.4,0.571428571428572,-0.0765027322404372
"720",3,3,0.55,0.35,2.2,4.95,3.35,0,-0.2,-0.363636363636364,-0.7,-0.318181818181818,-0.0199004975124379
"720",5,5,0.55,0.35,0.9,4.15,3.15,0,-0.2,-0.363636363636364,-0.2,-0.222222222222222,-0.107095046854083
"720",3,3,0.25,0.25,1.475,3.2,2.05,0,0,0,-0.575,-0.389830508474576,0.131478658536585
"720",3,3,0.55,0.35,1.4,3.35,2.05,0,-0.2,-0.363636363636364,-0.55,-0.392857142857143,0.0196578085183837
"720",4,4,0.55,0.3,0.6,2.35,1.5,0,-0.25,-0.454545454545455,-0.2,-0.333333333333333,-0.136170212765958
"720",5,4,0.55,0.4,0.7,3.35,1.9,-1,-0.15,-0.272727272727273,-0.2,-0.285714285714286,0.0212097407698352
"720",3,3,0.55,0.45,1.1,2.75,1.55,0,-0.1,-0.181818181818182,-0.55,-0.5,0.270967741935484
"720",5,4,0.55,0.45,0.675,3.25,2.25,-1,-0.1,-0.181818181818182,-0.0750000000000001,-0.111111111111111,-0.0461538461538461
"720",3,3,0.25,0.2,1.8,3.85,4.8,0,-0.05,-0.2,0.5,0.277777777777778,-0.0698051948051948
"720",3,3,0.25,0.15,0.7,1.65,1.15,0,-0.1,-0.4,-0.2,-0.285714285714286,-0.0632411067193676
"720",3,3,0.55,0.5,0.9,2.35,1.8,0,-0.05,-0.090909090909091,-0.25,-0.277777777777778,0.131205673758865
"720",3,3,0.4,0.25,1.1,2.6,1.75,0,-0.15,-0.375,-0.35,-0.318181818181818,-0.032967032967033
"720",4,4,0.25,0.25,0.466666667,1.65,1.45,0,0,0,-0.066666667,-0.142857143469388,0.083594566353187
"720",3,3,0.25,0.2,2.2,4.65,3.9,0,-0.05,-0.2,-0.35,-0.159090909090909,-0.0074441687344913
"720",4,4,0.4,0.3,0.6,2.2,1.5,0,-0.1,-0.25,-0.2,-0.333333333333333,0.0727272727272725
"720",3,3,0.25,0.25,0.7,1.65,1.45,0,0,0,-0.1,-0.142857142857143,0.0626959247648903
"720",3,3,0.25,0.2,1.4,3.05,2.6,0,-0.05,-0.2,-0.2,-0.142857142857143,-0.0151324085750315
"720",5,5,0.55,0.25,0.7,3.35,2.05,0,-0.3,-0.545454545454546,-0.25,-0.357142857142857,-0.211139424827084
"720",3,3,0.25,0.2,1.8,3.85,3.2,0,-0.05,-0.2,-0.3,-0.166666666666667,-0.00730519480519479
"720",5,5,0.4,0.25,0.9,4,2.25,0,-0.15,-0.375,-0.4,-0.444444444444444,0.0555555555555556
"720",4,3,0.55,0.45,0.733333333,2.75,2.35,-1,-0.1,-0.181818181818182,0.216666667,0.295454546043388,-0.225531914893617
"720",3,3,0.4,0.25,1.8,4,2.25,0,-0.15,-0.375,-0.8,-0.444444444444444,0.0333333333333333
"720",5,4,0.25,0.2,1.1,4.65,2.6,-1,-0.05,-0.2,-0.3,-0.272727272727273,0.0388751033912324
"720",3,3,0.55,0.45,0.7,1.95,1.85,0,-0.1,-0.181818181818182,0,0,-0.116424116424116
"720",4,4,0.25,0.2,0.6,2.05,1.7,0,-0.05,-0.2,-0.1,-0.166666666666667,-0.0172166427546628
"720",4,4,0.25,0.15,0.9,2.95,1.95,0,-0.1,-0.4,-0.3,-0.333333333333333,-0.0312907431551499
"720",4,4,0.4,0.25,0.7,2.5,1.75,0,-0.15,-0.375,-0.2,-0.285714285714286,-0.0685714285714286
"720",3,4,0.55,0.35,0.9,2.35,2.15,1,-0.2,-0.363636363636364,-0.3,-0.333333333333333,-0.0509648688767937
"720",3,4,0.25,0.15,0.9,2.05,1.95,1,-0.1,-0.4,-0.3,-0.333333333333333,-0.0581613508442777
"720",5,4,0.55,0.3,0.675,3.25,1.8,-1,-0.25,-0.454545454545455,-0.175,-0.259259259259259,-0.17948717948718
"720",3,3,0.25,0.2,1.475,3.2,3.1,0,-0.05,-0.2,-0.0250000000000001,-0.016949152542373,-0.0408266129032258
"720",4,4,0.25,0.2,0.466666667,1.65,1.7,0,-0.05,-0.2,0.033333333,0.0714285706632654,-0.135472370766488
"720",5,5,0.4,0.2,0.675,3.1,2,0,-0.2,-0.5,-0.225,-0.333333333333333,-0.145161290322581
"720",4,4,0.55,0.25,0.9,3.25,2.05,0,-0.3,-0.545454545454546,-0.3,-0.333333333333333,-0.189118198874296
"720",4,4,0.4,0.25,0.9,3.1,1.45,0,-0.15,-0.375,-0.5,-0.555555555555556,0.173526140155729
"720",4,4,0.25,0.2,0.733333333,2.45,2.6,0,-0.05,-0.2,0.066666667,0.0909090914049587,-0.100470957613815
"720",3,4,0.55,0.2,2.2,4.95,3.8,1,-0.35,-0.636363636363636,-1,-0.454545454545455,-0.12280701754386
"720",5,4,0.25,0.25,0.675,2.95,4.75,-1,0,0,0.825,1.22222222222222,-0.213202497769848
"720",4,4,0.4,0.2,1.1,3.7,3.8,0,-0.2,-0.5,0.0999999999999999,0.0909090909090908,-0.221906116642959
"720",4,4,0.4,0.25,0.466666667,1.8,1.45,0,-0.15,-0.375,-0.066666667,-0.142857143469388,-0.199233716475096
"720",3,3,0.4,0.2,1.1,2.6,2.6,0,-0.2,-0.5,0.0999999999999999,0.0909090909090908,-0.230769230769231
"720",5,4,0.25,0.15,0.7,3.05,4.65,-1,-0.1,-0.4,0.8,1.14285714285714,-0.280803807509254
"720",5,4,0.55,0.3,1.1,4.95,3.9,-1,-0.25,-0.454545454545455,0.0999999999999999,0.0909090909090908,-0.247863247863248
"720",4,4,0.25,0.25,0.7,2.35,2.05,0,0,0,-0.1,-0.142857142857143,0.0622729631551635
"720",3,4,0.55,0.2,1.1,2.75,2.6,1,-0.35,-0.636363636363636,-0.3,-0.272727272727273,-0.292307692307692
"720",4,4,0.55,0.25,1.1,3.85,2.35,0,-0.3,-0.545454545454546,-0.4,-0.363636363636364,-0.145896656534954
"720",3,3,0.55,0.5,1.8,4.15,3.1,0,-0.05,-0.090909090909091,-0.5,-0.277777777777778,0.0862806062961523
"720",5,4,0.55,0.4,0.825,3.85,3.7,-1,-0.15,-0.272727272727273,0.275,0.333333333333334,-0.281853281853282
"720",4,4,0.25,0.3,0.783333333,2.6,1.8,0,0.05,0.2,-0.283333333,-0.361702127387958,0.282051282051282
"720",5,4,0.25,0.2,0.825,3.55,2.6,-1,-0.05,-0.2,-0.0249999999999999,-0.0303030303030302,-0.0444203683640304
"720",3,3,0.4,0.2,2.2,4.8,3.6,0,-0.2,-0.5,-0.5,-0.227272727272727,-0.0833333333333334
"720",5,4,0.25,0.2,0.8625,3.7,2.9,-1,-0.05,-0.2,0.0375,0.0434782608695652,-0.0619757688723206
"720",5,4,0.25,0.15,0.9,3.85,2.55,-1,-0.1,-0.4,-0.1,-0.111111111111111,-0.0893812070282659
"720",5,4,0.4,0.25,1.1,4.8,4.45,-1,-0.15,-0.375,0.3,0.272727272727273,-0.191947565543071
"720",4,3,0.55,0.4,0.7,2.65,1.6,-1,-0.15,-0.272727272727273,-0.1,-0.142857142857143,-0.0801886792452831
"720",4,4,0.25,0.25,1.1,3.55,1.75,0,0,0,-0.6,-0.545454545454546,0.289738430583501
"720",5,4,0.25,0.2,0.525,2.35,1.7,-1,-0.05,-0.2,-0.025,-0.0476190476190477,-0.0613266583229036
"720",5,4,0.4,0.3,0.525,2.5,1.8,-1,-0.1,-0.25,-0.025,-0.0476190476190477,-0.133333333333333
"720",3,3,0.25,0.25,1.1,2.45,1.65,0,0,0,-0.4,-0.363636363636364,0.148423005565863
"720",4,3,0.55,0.45,0.6,2.35,1.45,-1,-0.1,-0.181818181818182,-0.1,-0.166666666666667,-0.00513573000733669
"720",3,3,0.4,0.3,0.7,1.8,1.1,0,-0.1,-0.25,-0.3,-0.428571428571428,0.151515151515151
"720",5,4,0.4,0.35,0.7,3.2,1.55,-1,-0.05,-0.125,-0.3,-0.428571428571428,0.278225806451613
"720",3,3,0.55,0.4,1.4,3.35,1.9,0,-0.15,-0.272727272727273,-0.65,-0.464285714285714,0.139041633935585
"720",3,3,0.4,0.3,0.9,2.2,1.9,0,-0.1,-0.25,-0.1,-0.111111111111111,-0.0717703349282298
"720",5,4,0.55,0.3,0.9,4.15,2.1,-1,-0.25,-0.454545454545455,-0.3,-0.333333333333333,-0.091222030981067
