"subID","correct_num","response_num","correct_width","response_width","number_deviation","width_deviation","width_deviation_relative"
"p301",4,3,0.55,0.45,-1,-0.1,-0.181818181818182
"p301",3,3,0.25,0.25,0,5.55111512312578e-17,2.22044604925031e-16
"p301",5,5,0.55,0.4,0,-0.15,-0.272727272727273
"p301",4,3,0.25,0.25,-1,0,0
"p301",3,2,0.25,0.35,-1,0.1,0.4
"p301",4,4,0.25,0.3,0,0.05,0.2
"p301",4,3,0.4,0.4,-1,-5.55111512312578e-17,-1.38777878078145e-16
"p301",5,4,0.25,0.3,-1,0.05,0.2
"p301",4,4,0.55,0.3,0,-0.25,-0.454545454545455
"p301",5,4,0.25,0.2,-1,-0.05,-0.2
"p301",5,4,0.4,0.3,-1,-0.1,-0.25
"p301",4,4,0.4,0.3,0,-0.1,-0.25
"p301",3,3,0.55,0.5,0,-0.05,-0.090909090909091
"p301",4,3,0.25,0.3,-1,0.05,0.2
"p301",4,4,0.55,0.35,0,-0.2,-0.363636363636364
"p301",3,2,0.25,0.3,-1,0.05,0.2
"p301",3,2,0.25,0.15,-1,-0.0999999999999999,-0.4
"p301",3,2,0.4,0.35,-1,-0.05,-0.125
"p301",3,3,0.55,0.45,0,-0.1,-0.181818181818182
"p301",5,5,0.4,0.35,0,-0.05,-0.125
"p301",3,2,0.55,0.4,-1,-0.15,-0.272727272727273
"p301",4,3,0.55,0.5,-1,-0.0500000000000001,-0.0909090909090911
"p301",4,4,0.25,0.2,0,-0.05,-0.2
"p301",4,5,0.25,0.2,1,-0.05,-0.2
"p301",3,2,0.55,0.4,-1,-0.15,-0.272727272727273
"p301",3,2,0.55,0.4,-1,-0.15,-0.272727272727273
"p301",5,5,0.4,0.4,0,0,0
"p301",5,5,0.25,0.25,0,5.55111512312578e-17,2.22044604925031e-16
"p301",5,5,0.25,0.25,0,5.55111512312578e-17,2.22044604925031e-16
"p301",3,2,0.4,0.4,-1,0,0
"p301",3,2,0.25,0.3,-1,0.05,0.2
"p301",4,3,0.4,0.35,-1,-0.05,-0.125
"p301",5,4,0.55,0.45,-1,-0.1,-0.181818181818182
"p301",4,3,0.25,0.25,-1,5.55111512312578e-17,2.22044604925031e-16
"p301",3,3,0.4,0.3,0,-0.1,-0.25
"p301",3,3,0.25,0.3,0,0.05,0.2
"p301",5,4,0.4,0.35,-1,-0.05,-0.125
"p301",5,5,0.25,0.35,0,0.1,0.4
"p301",3,2,0.55,0.45,-1,-0.1,-0.181818181818182
"p301",4,3,0.25,0.25,-1,5.55111512312578e-17,2.22044604925031e-16
"p301",5,4,0.55,0.5,-1,-0.0500000000000001,-0.0909090909090911
"p301",5,4,0.55,0.55,-1,-1.11022302462516e-16,-2.01858731750028e-16
"p301",5,5,0.25,0.1,0,-0.15,-0.6
"p301",4,4,0.55,0.45,0,-0.1,-0.181818181818182
"p301",4,4,0.4,0.3,0,-0.1,-0.25
"p301",3,3,0.4,0.3,0,-0.1,-0.25
"p301",3,2,0.25,0.2,-1,-0.05,-0.2
"p301",5,5,0.4,0.2,0,-0.2,-0.5
"p301",5,5,0.55,0.35,0,-0.2,-0.363636363636364
"p301",4,4,0.4,0.35,0,-0.05,-0.125
"p301",5,5,0.25,0.3,0,0.05,0.2
"p301",3,2,0.4,0.35,-1,-0.05,-0.125
"p301",3,2,0.55,0.4,-1,-0.15,-0.272727272727273
"p301",5,5,0.4,0.3,0,-0.1,-0.25
"p301",5,4,0.55,0.35,-1,-0.2,-0.363636363636364
"p301",3,2,0.4,0.3,-1,-0.1,-0.25
"p301",3,3,0.55,0.35,0,-0.2,-0.363636363636364
"p301",5,5,0.25,0.15,0,-0.1,-0.4
"p301",4,3,0.4,0.3,-1,-0.1,-0.25
"p301",5,5,0.55,0.3,0,-0.25,-0.454545454545455
"p301",4,4,0.4,0.35,0,-0.05,-0.125
"p301",3,2,0.55,0.4,-1,-0.15,-0.272727272727273
"p301",4,4,0.55,0.4,0,-0.15,-0.272727272727273
"p301",4,3,0.25,0.2,-1,-0.05,-0.2
"p301",3,3,0.4,0.25,0,-0.15,-0.375
"p301",4,3,0.4,0.35,-1,-0.05,-0.125
"p301",4,4,0.25,0.2,0,-0.0499999999999999,-0.2
"p301",4,3,0.4,0.25,-1,-0.15,-0.375
"p301",3,3,0.25,0.2,0,-0.0499999999999999,-0.2
"p301",3,2,0.25,0.2,-1,-0.0499999999999999,-0.2
"p301",3,3,0.4,0.25,0,-0.15,-0.375
"p301",4,4,0.55,0.3,0,-0.25,-0.454545454545455
"p301",5,5,0.25,0.2,0,-0.05,-0.2
"p301",3,2,0.25,0.2,-1,-0.0499999999999999,-0.2
"p301",4,4,0.55,0.3,0,-0.25,-0.454545454545455
"p301",5,5,0.25,0.15,0,-0.1,-0.4
"p301",3,2,0.25,0.15,-1,-0.1,-0.4
"p301",5,5,0.55,0.4,0,-0.15,-0.272727272727273
"p301",5,4,0.55,0.4,-1,-0.15,-0.272727272727273
"p301",4,4,0.25,0.15,0,-0.1,-0.4
"p301",5,5,0.4,0.25,0,-0.15,-0.375
"p301",4,4,0.55,0.45,0,-0.1,-0.181818181818182
"p301",3,2,0.4,0.4,-1,0,0
"p301",4,3,0.25,0.2,-1,-0.0499999999999999,-0.2
"p301",5,4,0.4,0.4,-1,0,0
"p301",3,2,0.55,0.45,-1,-0.1,-0.181818181818182
"p301",5,5,0.25,0.25,0,0,0
"p301",5,5,0.55,0.35,0,-0.2,-0.363636363636364
"p301",3,2,0.25,0.2,-1,-0.0499999999999999,-0.2
"p301",5,4,0.4,0.35,-1,-0.05,-0.125
"p301",4,3,0.25,0.2,-1,-0.05,-0.2
"p301",5,5,0.4,0.35,0,-0.05,-0.125
"p301",5,5,0.25,0.2,0,-0.0499999999999999,-0.2
"p301",3,2,0.55,0.4,-1,-0.15,-0.272727272727273
"p301",5,5,0.25,0.2,0,-0.05,-0.2
"p301",4,3,0.25,0.2,-1,-0.0499999999999999,-0.2
"p301",4,3,0.4,0.3,-1,-0.1,-0.25
"p301",5,5,0.25,0.15,0,-0.0999999999999999,-0.4
"p301",3,2,0.4,0.25,-1,-0.15,-0.375
"p301",3,2,0.25,0.2,-1,-0.05,-0.2
"p301",4,2,0.55,0.4,-2,-0.15,-0.272727272727273
"p301",3,2,0.55,0.45,-1,-0.1,-0.181818181818182
"p301",4,3,0.25,0.3,-1,0.05,0.2
"p301",3,2,0.25,0.25,-1,5.55111512312578e-17,2.22044604925031e-16
"p301",5,5,0.4,0.3,0,-0.1,-0.25
"p301",3,2,0.55,0.4,-1,-0.15,-0.272727272727273
"p301",5,4,0.4,0.35,-1,-0.05,-0.125
"p301",3,3,0.4,0.35,0,-0.05,-0.125
"p301",3,3,0.25,0.25,0,5.55111512312578e-17,2.22044604925031e-16
"p301",5,5,0.4,0.3,0,-0.1,-0.25
"p301",3,2,0.25,0.25,-1,5.55111512312578e-17,2.22044604925031e-16
"p301",5,5,0.55,0.4,0,-0.15,-0.272727272727273
"p301",5,5,0.25,0.25,0,0,0
"p301",3,2,0.55,0.4,-1,-0.15,-0.272727272727273
"p301",4,3,0.25,0.2,-1,-0.05,-0.2
"p301",5,3,0.55,0.4,-2,-0.15,-0.272727272727273
"p301",4,3,0.4,0.35,-1,-0.05,-0.125
"p301",4,3,0.55,0.45,-1,-0.1,-0.181818181818182
"p301",4,3,0.4,0.3,-1,-0.1,-0.25
"p301",4,3,0.55,0.45,-1,-0.1,-0.181818181818182
"p301",3,2,0.25,0.2,-1,-0.05,-0.2
"p301",4,3,0.25,0.2,-1,-0.0499999999999999,-0.2
"p301",3,2,0.55,0.4,-1,-0.15,-0.272727272727273
"p301",4,4,0.25,0.2,0,-0.0499999999999999,-0.2
"p301",3,2,0.25,0.2,-1,-0.05,-0.2
"p301",5,4,0.55,0.45,-1,-0.1,-0.181818181818182
"p301",5,5,0.4,0.25,0,-0.15,-0.375
"p301",5,5,0.4,0.25,0,-0.15,-0.375
"p301",5,4,0.55,0.4,-1,-0.15,-0.272727272727273
"p301",5,4,0.25,0.25,-1,5.55111512312578e-17,2.22044604925031e-16
"p301",5,5,0.25,0.15,0,-0.0999999999999999,-0.4
"p301",3,3,0.4,0.25,0,-0.15,-0.375
"p301",3,2,0.25,0.2,-1,-0.05,-0.2
"p301",3,2,0.4,0.35,-1,-0.05,-0.125
"p301",4,3,0.25,0.3,-1,0.05,0.2
"p301",4,3,0.4,0.3,-1,-0.1,-0.25
"p301",3,2,0.55,0.4,-1,-0.15,-0.272727272727273
"p301",3,3,0.55,0.4,0,-0.15,-0.272727272727273
"p301",3,2,0.4,0.45,-1,0.05,0.125
"p301",3,2,0.55,0.5,-1,-0.0500000000000001,-0.0909090909090911
"p301",4,3,0.25,0.2,-1,-0.0499999999999999,-0.2
"p301",5,4,0.55,0.45,-1,-0.1,-0.181818181818182
"p301",3,2,0.4,0.3,-1,-0.1,-0.25
"p301",5,5,0.25,0.2,0,-0.0499999999999999,-0.2
"p301",4,3,0.25,0.25,-1,5.55111512312578e-17,2.22044604925031e-16
"p301",3,3,0.25,0.15,0,-0.0999999999999999,-0.4
"p301",5,5,0.25,0.1,0,-0.15,-0.6
"p301",5,5,0.25,0.1,0,-0.15,-0.6
"p301",4,5,0.4,0.3,1,-0.1,-0.25
"p301",4,4,0.4,0.3,0,-0.1,-0.25
"p301",4,3,0.55,0.4,-1,-0.15,-0.272727272727273
"p301",4,3,0.55,0.45,-1,-0.1,-0.181818181818182
"p301",5,5,0.25,0.2,0,-0.0499999999999999,-0.2
"p301",3,3,0.25,0.2,0,-0.0499999999999999,-0.2
"p301",4,2,0.55,0.5,-2,-0.05,-0.090909090909091
"p301",4,3,0.25,0.25,-1,5.55111512312578e-17,2.22044604925031e-16
"p301",4,2,0.55,0.35,-2,-0.2,-0.363636363636364
"p301",4,3,0.25,0.25,-1,5.55111512312578e-17,2.22044604925031e-16
"p301",5,5,0.4,0.3,0,-0.1,-0.25
"p301",5,5,0.55,0.35,0,-0.2,-0.363636363636364
"p301",5,5,0.55,0.35,0,-0.2,-0.363636363636364
"p301",3,2,0.55,0.5,-1,-0.05,-0.090909090909091
"p301",4,3,0.25,0.2,-1,-0.0499999999999999,-0.2
"p301",5,5,0.4,0.25,0,-0.15,-0.375
"p301",3,2,0.25,0.15,-1,-0.0999999999999999,-0.4
"p301",3,2,0.4,0.3,-1,-0.1,-0.25
"p301",3,3,0.4,0.3,0,-0.1,-0.25
"p301",3,2,0.55,0.3,-1,-0.25,-0.454545454545455
"p301",3,3,0.25,0.25,0,0,0
"p301",4,3,0.25,0.2,-1,-0.05,-0.2
"p301",4,3,0.4,0.25,-1,-0.15,-0.375
"p301",5,5,0.55,0.4,0,-0.15,-0.272727272727273
"p301",5,5,0.25,0.2,0,-0.0499999999999999,-0.2
"p301",5,5,0.25,0.2,0,-0.05,-0.2
"p301",5,5,0.25,0.2,0,-0.0499999999999999,-0.2
"p301",4,4,0.4,0.2,0,-0.2,-0.5
"p301",4,4,0.25,0.2,0,-0.0499999999999999,-0.2
"p301",5,5,0.25,0.2,0,-0.05,-0.2
"p301",3,2,0.55,0.4,-1,-0.15,-0.272727272727273
"p301",3,3,0.25,0.1,0,-0.15,-0.6
"p301",5,3,0.55,0.5,-2,-0.0500000000000001,-0.0909090909090911
"p301",3,2,0.25,0.2,-1,-0.0499999999999999,-0.2
"p301",4,3,0.55,0.45,-1,-0.1,-0.181818181818182
"p301",5,5,0.25,0.2,0,-0.0499999999999999,-0.2
"p301",5,5,0.4,0.35,0,-0.05,-0.125
"p301",4,3,0.55,0.45,-1,-0.1,-0.181818181818182
"p301",5,4,0.25,0.2,-1,-0.05,-0.2
"p301",3,2,0.25,0.2,-1,-0.05,-0.2
"p301",3,2,0.25,0.2,-1,-0.0499999999999999,-0.2
"p301",3,2,0.55,0.45,-1,-0.1,-0.181818181818182
"p301",4,3,0.55,0.4,-1,-0.15,-0.272727272727273
"p301",4,3,0.25,0.25,-1,5.55111512312578e-17,2.22044604925031e-16
"p301",4,4,0.55,0.2,0,-0.35,-0.636363636363636
"p301",4,3,0.4,0.25,-1,-0.15,-0.375
"p301",3,2,0.4,0.35,-1,-0.05,-0.125
"p301",3,3,0.55,0.4,0,-0.15,-0.272727272727273
"p301",5,4,0.55,0.35,-1,-0.2,-0.363636363636364
"p301",5,5,0.25,0.15,0,-0.1,-0.4
"p301",3,3,0.4,0.35,0,-0.05,-0.125
"p301",4,3,0.25,0.15,-1,-0.1,-0.4
"p301",3,3,0.25,0.15,0,-0.1,-0.4
"p301",4,4,0.4,0.25,0,-0.15,-0.375
"p301",4,3,0.25,0.25,-1,0,0
"p301",4,3,0.4,0.25,-1,-0.15,-0.375
"p301",5,5,0.4,0.2,0,-0.2,-0.5
"p301",3,3,0.55,0.35,0,-0.2,-0.363636363636364
"p301",5,5,0.4,0.25,0,-0.15,-0.375
"p301",3,3,0.4,0.25,0,-0.15,-0.375
"p301",3,2,0.55,0.35,-1,-0.2,-0.363636363636364
"p301",3,2,0.55,0.4,-1,-0.15,-0.272727272727273
"p301",5,5,0.25,0.2,0,-0.0499999999999999,-0.2
"p301",4,4,0.55,0.35,0,-0.2,-0.363636363636364
"p301",5,4,0.4,0.3,-1,-0.1,-0.25
"p301",4,4,0.4,0.35,0,-0.05,-0.125
"p301",3,2,0.4,0.35,-1,-0.05,-0.125
"p301",5,5,0.4,0.25,0,-0.15,-0.375
"p301",5,5,0.25,0.2,0,-0.05,-0.2
"p301",3,3,0.4,0.3,0,-0.1,-0.25
"p301",3,2,0.25,0.2,-1,-0.0499999999999999,-0.2
"p301",3,2,0.55,0.35,-1,-0.2,-0.363636363636364
"p301",5,3,0.55,0.5,-2,-0.05,-0.090909090909091
"p301",4,3,0.25,0.25,-1,0,0
"p301",4,3,0.25,0.2,-1,-0.05,-0.2
"p301",4,3,0.25,0.2,-1,-0.0499999999999999,-0.2
"p301",3,2,0.55,0.45,-1,-0.1,-0.181818181818182
"p301",4,3,0.25,0.25,-1,5.55111512312578e-17,2.22044604925031e-16
"p301",5,4,0.25,0.25,-1,5.55111512312578e-17,2.22044604925031e-16
"p301",5,4,0.55,0.4,-1,-0.15,-0.272727272727273
"p301",3,3,0.25,0.2,0,-0.05,-0.2
"p301",5,4,0.25,0.2,-1,-0.05,-0.2
"p301",4,3,0.4,0.35,-1,-0.05,-0.125
"p301",4,3,0.4,0.3,-1,-0.1,-0.25
"p301",5,4,0.55,0.4,-1,-0.15,-0.272727272727273
"p301",4,4,0.55,0.45,0,-0.1,-0.181818181818182
"p301",5,5,0.4,0.35,0,-0.05,-0.125
"p301",4,4,0.55,0.4,0,-0.15,-0.272727272727273
"p301",4,3,0.55,0.45,-1,-0.1,-0.181818181818182
"p301",3,2,0.25,0.2,-1,-0.05,-0.2
"p301",4,3,0.4,0.35,-1,-0.05,-0.125
"p301",3,2,0.25,0.2,-1,-0.0499999999999999,-0.2
"p301",5,4,0.25,0.15,-1,-0.0999999999999999,-0.4
"p301",5,5,0.4,0.3,0,-0.1,-0.25
"p301",3,2,0.4,0.3,-1,-0.1,-0.25
"p301",3,2,0.25,0.25,-1,0,0
"p301",4,4,0.4,0.3,0,-0.1,-0.25
"p301",5,4,0.25,0.2,-1,-0.0499999999999999,-0.2
"p301",5,4,0.4,0.35,-1,-0.05,-0.125
"p301",5,5,0.55,0.4,0,-0.15,-0.272727272727273
"p301",4,3,0.25,0.2,-1,-0.0499999999999999,-0.2
"p301",3,3,0.25,0.2,0,-0.0499999999999999,-0.2
"p301",5,4,0.55,0.5,-1,-0.05,-0.090909090909091
"p301",3,3,0.55,0.5,0,-0.05,-0.090909090909091
"p301",4,3,0.25,0.2,-1,-0.0499999999999999,-0.2
"p301",3,3,0.4,0.35,0,-0.05,-0.125
"p301",4,4,0.25,0.2,0,-0.0499999999999999,-0.2
"p301",5,5,0.25,0.1,0,-0.15,-0.6
"p301",4,3,0.55,0.5,-1,-0.05,-0.090909090909091
"p301",3,2,0.55,0.5,-1,-0.05,-0.090909090909091
"p301",3,2,0.4,0.4,-1,-5.55111512312578e-17,-1.38777878078145e-16
"p301",3,2,0.25,0.2,-1,-0.05,-0.2
"p301",4,3,0.25,0.3,-1,0.05,0.2
"p301",4,3,0.4,0.35,-1,-0.05,-0.125
"p301",3,3,0.4,0.25,0,-0.15,-0.375
"p301",3,2,0.25,0.25,-1,0,0
"p301",3,2,0.4,0.35,-1,-0.05,-0.125
"p301",4,3,0.25,0.2,-1,-0.05,-0.2
"p301",5,5,0.25,0.15,0,-0.0999999999999999,-0.4
"p301",4,4,0.25,0.2,0,-0.0499999999999999,-0.2
"p301",4,4,0.55,0.4,0,-0.15,-0.272727272727273
"p301",5,5,0.4,0.35,0,-0.05,-0.125
"p301",5,4,0.55,0.45,-1,-0.1,-0.181818181818182
"p301",4,4,0.55,0.4,0,-0.15,-0.272727272727273
"p301",5,5,0.25,0.15,0,-0.0999999999999999,-0.4
"p301",5,5,0.4,0.3,0,-0.1,-0.25
"p301",3,2,0.4,0.35,-1,-0.05,-0.125
"p301",5,5,0.25,0.2,0,-0.0499999999999999,-0.2
"p301",5,5,0.55,0.5,0,-0.0500000000000001,-0.0909090909090911
"p301",4,3,0.25,0.2,-1,-0.0499999999999999,-0.2
"p301",4,3,0.55,0.4,-1,-0.15,-0.272727272727273
"p301",3,2,0.25,0.15,-1,-0.1,-0.4
"p301",5,5,0.55,0.45,0,-0.1,-0.181818181818182
"p301",3,2,0.55,0.45,-1,-0.1,-0.181818181818182
"p301",5,5,0.4,0.45,0,0.05,0.125
"p301",5,5,0.55,0.55,0,0,0
"p301",4,4,0.4,0.35,0,-0.05,-0.125
"p301",4,3,0.4,0.15,-1,-0.25,-0.625
"p301",3,3,0.55,0.45,0,-0.1,-0.181818181818182
"p301",3,2,0.25,0.25,-1,0,0
"p301",5,4,0.25,0.25,-1,0,0
"p301",5,5,0.25,0.2,0,-0.0499999999999999,-0.2
"p301",5,4,0.55,0.45,-1,-0.1,-0.181818181818182
"p301",3,4,0.25,0.2,1,-0.0499999999999999,-0.2
"p301",4,3,0.25,0.15,-1,-0.1,-0.4
"p301",3,3,0.25,0.2,0,-0.0499999999999999,-0.2
"p301",3,2,0.55,0.45,-1,-0.1,-0.181818181818182
"p301",3,3,0.4,0.4,0,-5.55111512312578e-17,-1.38777878078145e-16
"p301",4,3,0.55,0.5,-1,-0.0500000000000001,-0.0909090909090911
"p301",4,3,0.4,0.45,-1,0.0499999999999999,0.125
"p301",3,2,0.55,0.55,-1,0,0
"p301",4,2,0.55,0.65,-2,0.1,0.181818181818182
"p301",3,2,0.25,0.15,-1,-0.1,-0.4
"p301",5,5,0.25,0.15,0,-0.1,-0.4
"p301",5,5,0.25,0.15,0,-0.0999999999999999,-0.4
"p301",5,5,0.4,0.25,0,-0.15,-0.375
"p301",4,5,0.4,0.35,1,-0.05,-0.125
"p301",3,2,0.55,0.35,-1,-0.2,-0.363636363636364
"p301",3,4,0.25,0.25,1,5.55111512312578e-17,2.22044604925031e-16
"p301",3,2,0.4,0.35,-1,-0.05,-0.125
"p301",3,3,0.55,0.45,0,-0.1,-0.181818181818182
"p301",5,4,0.4,0.3,-1,-0.1,-0.25
"p301",4,4,0.25,0.2,0,-0.05,-0.2
"p301",4,3,0.25,0.15,-1,-0.1,-0.4
"p301",4,3,0.25,0.2,-1,-0.0499999999999999,-0.2
"p301",4,4,0.4,0.25,0,-0.15,-0.375
"p301",4,5,0.4,0.35,1,-0.05,-0.125
"p301",5,5,0.25,0.2,0,-0.05,-0.2
"p301",5,5,0.55,0.35,0,-0.2,-0.363636363636364
"p301",3,2,0.4,0.4,-1,-5.55111512312578e-17,-1.38777878078145e-16
"p301",5,5,0.4,0.35,0,-0.05,-0.125
"p301",5,5,0.55,0.4,0,-0.15,-0.272727272727273
"p301",3,2,0.4,0.4,-1,0,0
"p301",3,3,0.55,0.45,0,-0.1,-0.181818181818182
"p301",4,3,0.55,0.5,-1,-0.0500000000000001,-0.0909090909090911
"p301",3,2,0.25,0.1,-1,-0.15,-0.6
"p301",3,3,0.25,0.1,0,-0.15,-0.6
"p301",5,5,0.4,0.25,0,-0.15,-0.375
"p301",5,5,0.25,0.1,0,-0.15,-0.6
"p301",4,4,0.25,0.1,0,-0.15,-0.6
"p301",4,4,0.25,0.1,0,-0.15,-0.6
"p301",4,4,0.55,0.55,0,0,0
"p301",4,4,0.25,0.1,0,-0.15,-0.6
"p301",4,3,0.25,0.1,-1,-0.15,-0.6
"p301",3,2,0.25,0.15,-1,-0.0999999999999999,-0.4
"p301",5,5,0.25,0.2,0,-0.0499999999999999,-0.2
"p301",5,5,0.55,0.45,0,-0.1,-0.181818181818182
"p301",3,3,0.55,0.45,0,-0.1,-0.181818181818182
"p301",5,5,0.4,0.45,0,0.05,0.125
"p301",4,3,0.55,0.45,-1,-0.1,-0.181818181818182
"p301",5,4,0.4,0.4,-1,0,0
"p301",4,3,0.25,0.2,-1,-0.0499999999999999,-0.2
"p301",3,2,0.4,0.35,-1,-0.05,-0.125
"p301",3,2,0.55,0.5,-1,-0.0500000000000001,-0.0909090909090911
"p301",5,5,0.25,0.2,0,-0.05,-0.2
"p301",5,5,0.55,0.45,0,-0.1,-0.181818181818182
"p301",3,2,0.55,0.55,-1,-1.11022302462516e-16,-2.01858731750028e-16
"p301",5,5,0.55,0.5,0,-0.05,-0.090909090909091
"p301",3,3,0.25,0.25,0,0,0
"p301",4,3,0.55,0.5,-1,-0.05,-0.090909090909091
"p301",3,3,0.4,0.3,0,-0.1,-0.25
"p301",5,5,0.25,0.15,0,-0.1,-0.4
"p301",5,5,0.25,0.15,0,-0.0999999999999999,-0.4
"p301",3,2,0.25,0.15,-1,-0.1,-0.4
"p301",4,3,0.4,0.3,-1,-0.1,-0.25
"p301",5,5,0.25,0.1,0,-0.15,-0.6
"p301",3,2,0.55,0.4,-1,-0.15,-0.272727272727273
"p301",4,3,0.4,0.3,-1,-0.1,-0.25
"p301",4,3,0.25,0.2,-1,-0.0499999999999999,-0.2
"p301",3,2,0.55,0.45,-1,-0.1,-0.181818181818182
"p301",4,3,0.55,0.5,-1,-0.05,-0.090909090909091
"p301",3,4,0.4,0.4,1,-5.55111512312578e-17,-1.38777878078145e-16
"p301",3,3,0.25,0.2,0,-0.05,-0.2
"p301",4,3,0.4,0.35,-1,-0.05,-0.125
"p301",5,5,0.4,0.3,0,-0.1,-0.25
"p301",3,2,0.25,0.2,-1,-0.05,-0.2
"p301",3,3,0.25,0.15,0,-0.0999999999999999,-0.4
"p301",5,5,0.25,0.25,0,0,0
"p301",3,3,0.25,0.15,0,-0.0999999999999999,-0.4
"p301",4,4,0.25,0.25,0,5.55111512312578e-17,2.22044604925031e-16
"p301",4,4,0.25,0.2,0,-0.05,-0.2
"p301",4,4,0.25,0.2,0,-0.05,-0.2
"p301",3,3,0.25,0.2,0,-0.0499999999999999,-0.2
"p301",5,5,0.25,0.15,0,-0.0999999999999999,-0.4
"p301",5,5,0.4,0.3,0,-0.1,-0.25
"p301",5,5,0.4,0.3,0,-0.1,-0.25
"p301",5,5,0.55,0.35,0,-0.2,-0.363636363636364
"p301",4,3,0.55,0.4,-1,-0.15,-0.272727272727273
"p301",4,4,0.25,0.15,0,-0.1,-0.4
"p301",5,4,0.55,0.4,-1,-0.15,-0.272727272727273
"p301",3,2,0.55,0.45,-1,-0.1,-0.181818181818182
"p301",3,2,0.4,0.45,-1,0.0499999999999999,0.125
"p301",3,2,0.4,0.35,-1,-0.05,-0.125
"p301",4,3,0.55,0.4,-1,-0.15,-0.272727272727273
"p301",4,3,0.55,0.5,-1,-0.05,-0.090909090909091
"p301",3,3,0.55,0.5,0,-0.0500000000000001,-0.0909090909090911
"p301",3,2,0.25,0.2,-1,-0.0499999999999999,-0.2
"p301",4,4,0.25,0.2,0,-0.05,-0.2
"p301",3,4,0.4,0.2,1,-0.2,-0.5
"p301",5,5,0.55,0.35,0,-0.2,-0.363636363636364
"p301",5,5,0.4,0.3,0,-0.1,-0.25
"p301",5,5,0.25,0.2,0,-0.0499999999999999,-0.2
"p301",4,4,0.4,0.35,0,-0.05,-0.125
"p301",5,5,0.25,0.2,0,-0.0499999999999999,-0.2
"p301",5,5,0.55,0.45,0,-0.1,-0.181818181818182
"p301",3,3,0.4,0.4,0,-5.55111512312578e-17,-1.38777878078145e-16
"p301",3,2,0.55,0.4,-1,-0.15,-0.272727272727273
"p301",5,4,0.25,0.15,-1,-0.0999999999999999,-0.4
"p301",4,3,0.25,0.2,-1,-0.0499999999999999,-0.2
"p301",5,5,0.25,0.1,0,-0.15,-0.6
"p301",4,3,0.4,0.3,-1,-0.1,-0.25
"p301",4,3,0.55,0.5,-1,-0.05,-0.090909090909091
"p301",4,3,0.4,0.35,-1,-0.05,-0.125
"p301",3,2,0.55,0.4,-1,-0.15,-0.272727272727273
"p301",3,2,0.4,0.4,-1,-5.55111512312578e-17,-1.38777878078145e-16
"p301",3,2,0.55,0.5,-1,-0.05,-0.090909090909091
"p301",5,5,0.4,0.3,0,-0.1,-0.25
"p301",3,2,0.55,0.4,-1,-0.15,-0.272727272727273
"p301",3,2,0.25,0.2,-1,-0.05,-0.2
"p301",4,3,0.4,0.3,-1,-0.1,-0.25
"p301",5,5,0.55,0.4,0,-0.15,-0.272727272727273
"p301",3,2,0.25,0.15,-1,-0.1,-0.4
"p301",4,4,0.55,0.35,0,-0.2,-0.363636363636364
"p301",5,5,0.4,0.35,0,-0.05,-0.125
"p301",4,3,0.25,0.25,-1,5.55111512312578e-17,2.22044604925031e-16
"p301",3,2,0.25,0.25,-1,5.55111512312578e-17,2.22044604925031e-16
"p301",4,4,0.4,0.25,0,-0.15,-0.375
"p301",5,5,0.25,0.25,0,5.55111512312578e-17,2.22044604925031e-16
"p301",3,4,0.25,0.4,1,0.15,0.6
"p301",3,2,0.4,0.3,-1,-0.1,-0.25
"p301",3,3,0.55,0.45,0,-0.1,-0.181818181818182
"p301",4,4,0.4,0.4,0,-5.55111512312578e-17,-1.38777878078145e-16
"p301",4,3,0.25,0.25,-1,5.55111512312578e-17,2.22044604925031e-16
"p301",3,2,0.55,0.5,-1,-0.05,-0.090909090909091
"p301",4,4,0.25,0.2,0,-0.0499999999999999,-0.2
"p301",3,3,0.55,0.45,0,-0.1,-0.181818181818182
"p301",3,2,0.25,0.2,-1,-0.05,-0.2
"p301",5,4,0.55,0.5,-1,-0.05,-0.090909090909091
"p301",4,2,0.55,0.5,-2,-0.05,-0.090909090909091
"p301",5,5,0.4,0.3,0,-0.1,-0.25
"p301",5,5,0.55,0.4,0,-0.15,-0.272727272727273
"p301",3,2,0.25,0.15,-1,-0.1,-0.4
"p301",4,5,0.55,0.5,1,-0.05,-0.090909090909091
"p301",3,2,0.55,0.55,-1,0,0
"p301",4,3,0.25,0.15,-1,-0.1,-0.4
"p301",5,5,0.25,0.15,0,-0.1,-0.4
"p301",4,3,0.4,0.25,-1,-0.15,-0.375
"p301",5,4,0.55,0.45,-1,-0.1,-0.181818181818182
"p301",5,5,0.25,0.25,0,5.55111512312578e-17,2.22044604925031e-16
"p301",4,4,0.55,0.4,0,-0.15,-0.272727272727273
"p301",5,5,0.4,0.3,0,-0.1,-0.25
"p301",5,5,0.4,0.25,0,-0.15,-0.375
"p301",3,2,0.4,0.4,-1,-5.55111512312578e-17,-1.38777878078145e-16
"p301",5,5,0.25,0.2,0,-0.0499999999999999,-0.2
"p301",5,5,0.55,0.45,0,-0.1,-0.181818181818182
"p301",5,5,0.55,0.45,0,-0.1,-0.181818181818182
"p301",4,4,0.4,0.3,0,-0.1,-0.25
"p301",5,5,0.25,0.15,0,-0.0999999999999999,-0.4
"p301",4,4,0.25,0.1,0,-0.15,-0.6
"p301",3,3,0.25,0.1,0,-0.15,-0.6
"p301",3,3,0.4,0.25,0,-0.15,-0.375
"p301",5,5,0.4,0.35,0,-0.05,-0.125
"p301",5,5,0.25,0.15,0,-0.0999999999999999,-0.4
"p301",4,3,0.25,0.2,-1,-0.0499999999999999,-0.2
"p301",4,4,0.25,0.15,0,-0.1,-0.4
"p301",3,2,0.4,0.3,-1,-0.1,-0.25
"p301",4,3,0.55,0.5,-1,-0.05,-0.090909090909091
"p301",3,2,0.55,0.45,-1,-0.1,-0.181818181818182
"p301",4,4,0.25,0.2,0,-0.05,-0.2
"p301",3,2,0.55,0.5,-1,-0.0500000000000001,-0.0909090909090911
"p301",3,3,0.25,0.2,0,-0.0499999999999999,-0.2
"p301",3,3,0.4,0.35,0,-0.05,-0.125
"p301",5,5,0.4,0.25,0,-0.15,-0.375
"p301",5,5,0.25,0.2,0,-0.05,-0.2
"p301",5,5,0.25,0.2,0,-0.05,-0.2
"p301",4,4,0.55,0.4,0,-0.15,-0.272727272727273
"p301",4,3,0.4,0.3,-1,-0.1,-0.25
"p301",4,4,0.4,0.45,0,0.0499999999999999,0.125
"p301",3,2,0.25,0.25,-1,0,0
"p301",3,3,0.25,0.15,0,-0.0999999999999999,-0.4
"p301",4,4,0.4,0.35,0,-0.05,-0.125
"p301",5,4,0.25,0.25,-1,5.55111512312578e-17,2.22044604925031e-16
"p301",3,3,0.55,0.5,0,-0.05,-0.090909090909091
"p301",5,5,0.25,0.25,0,5.55111512312578e-17,2.22044604925031e-16
"p301",4,5,0.4,0.35,1,-0.05,-0.125
"p301",5,5,0.55,0.35,0,-0.2,-0.363636363636364
"p301",4,3,0.25,0.2,-1,-0.0499999999999999,-0.2
"p301",5,4,0.4,0.2,-1,-0.2,-0.5
"p301",3,3,0.55,0.4,0,-0.15,-0.272727272727273
"p301",5,5,0.25,0.1,0,-0.15,-0.6
"p301",4,3,0.55,0.4,-1,-0.15,-0.272727272727273
"p301",3,2,0.25,0.25,-1,5.55111512312578e-17,2.22044604925031e-16
"p301",3,2,0.25,0.2,-1,-0.0499999999999999,-0.2
"p301",4,4,0.55,0.4,0,-0.15,-0.272727272727273
"p301",5,4,0.55,0.45,-1,-0.1,-0.181818181818182
"p301",4,3,0.55,0.5,-1,-0.0500000000000001,-0.0909090909090911
"p301",3,2,0.4,0.45,-1,0.0499999999999999,0.125
"p301",3,2,0.25,0.15,-1,-0.1,-0.4
"p301",4,3,0.55,0.45,-1,-0.1,-0.181818181818182
"p301",4,3,0.25,0.2,-1,-0.05,-0.2
"p301",3,2,0.4,0.25,-1,-0.15,-0.375
"p301",4,4,0.4,0.2,0,-0.2,-0.5
"p301",5,5,0.4,0.4,0,0,0
"p301",5,4,0.25,0.25,-1,0,0
"p301",4,4,0.25,0.2,0,-0.0499999999999999,-0.2
"p301",5,5,0.4,0.35,0,-0.05,-0.125
"p301",3,4,0.25,0.2,1,-0.0499999999999999,-0.2
"p301",3,3,0.55,0.5,0,-0.05,-0.090909090909091
"p301",5,5,0.4,0.4,0,0,0
"p301",5,4,0.25,0.15,-1,-0.0999999999999999,-0.4
"p301",3,2,0.25,0.15,-1,-0.1,-0.4
"p301",3,2,0.55,0.35,-1,-0.2,-0.363636363636364
"p301",4,4,0.55,0.45,0,-0.1,-0.181818181818182
"p301",3,2,0.55,0.4,-1,-0.15,-0.272727272727273
"p301",3,3,0.4,0.35,0,-0.05,-0.125
"p301",3,2,0.55,0.4,-1,-0.15,-0.272727272727273
"p301",4,3,0.25,0.35,-1,0.1,0.4
"p301",5,5,0.55,0.45,0,-0.1,-0.181818181818182
"p301",4,3,0.4,0.3,-1,-0.1,-0.25
"p301",4,4,0.25,0.15,0,-0.0999999999999999,-0.4
"p301",3,4,0.4,0.2,1,-0.2,-0.5
"p301",4,5,0.25,0.2,1,-0.0499999999999999,-0.2
"p301",3,2,0.25,0.2,-1,-0.0499999999999999,-0.2
"p301",5,5,0.55,0.45,0,-0.1,-0.181818181818182
"p301",5,5,0.25,0.15,0,-0.0999999999999999,-0.4
"p301",5,5,0.55,0.5,0,-0.0500000000000001,-0.0909090909090911
"p301",4,5,0.4,0.45,1,0.0499999999999999,0.125
"p301",5,5,0.4,0.45,0,0.0499999999999999,0.125
"p301",3,2,0.4,0.35,-1,-0.05,-0.125
"p301",4,3,0.25,0.3,-1,0.05,0.2
"p301",3,4,0.25,0.15,1,-0.1,-0.4
"p301",5,5,0.25,0.1,0,-0.15,-0.6
"p302",5,4,0.4,0.4,-1,0,0
"p302",3,2,0.25,0.25,-1,5.55111512312578e-17,2.22044604925031e-16
"p302",3,3,0.25,0.25,0,0,0
"p302",5,5,0.55,0.35,0,-0.2,-0.363636363636364
"p302",5,3,0.4,0.4,-2,-5.55111512312578e-17,-1.38777878078145e-16
"p302",3,2,0.55,0.65,-1,0.1,0.181818181818182
"p302",4,4,0.25,0.25,0,5.55111512312578e-17,2.22044604925031e-16
"p302",3,2,0.55,0.45,-1,-0.1,-0.181818181818182
"p302",4,3,0.4,0.4,-1,-5.55111512312578e-17,-1.38777878078145e-16
"p302",5,3,0.55,0.6,-2,0.0499999999999999,0.0909090909090908
"p302",4,4,0.4,0.5,0,0.0999999999999999,0.25
"p302",5,5,0.4,0.45,0,0.05,0.125
"p302",5,5,0.4,0.45,0,0.05,0.125
"p302",5,4,0.4,0.5,-1,0.0999999999999999,0.25
"p302",4,3,0.55,0.45,-1,-0.1,-0.181818181818182
"p302",3,2,0.25,0.25,-1,5.55111512312578e-17,2.22044604925031e-16
"p302",3,2,0.4,0.45,-1,0.0499999999999999,0.125
"p302",5,4,0.25,0.2,-1,-0.05,-0.2
"p302",4,4,0.4,0.4,0,0,0
"p302",3,2,0.4,0.45,-1,0.05,0.125
"p302",3,2,0.55,0.55,-1,-1.11022302462516e-16,-2.01858731750028e-16
"p302",4,4,0.4,0.55,0,0.15,0.375
"p302",3,2,0.25,0.15,-1,-0.1,-0.4
"p302",5,5,0.25,0.2,0,-0.05,-0.2
"p302",4,3,0.25,0.15,-1,-0.0999999999999999,-0.4
"p302",4,3,0.55,0.6,-1,0.0499999999999999,0.0909090909090908
"p302",4,3,0.25,0.2,-1,-0.05,-0.2
"p302",5,5,0.55,0.55,0,0,0
"p302",4,3,0.55,0.65,-1,0.1,0.181818181818182
"p302",4,4,0.25,0.2,0,-0.0499999999999999,-0.2
"p302",5,6,0.25,0.2,1,-0.05,-0.2
"p302",4,4,0.25,0.2,0,-0.0499999999999999,-0.2
"p302",3,2,0.4,0.4,-1,-5.55111512312578e-17,-1.38777878078145e-16
"p302",3,3,0.55,0.6,0,0.05,0.090909090909091
"p302",3,2,0.25,0.35,-1,0.1,0.4
"p302",5,5,0.25,0.2,0,-0.05,-0.2
"p302",4,3,0.55,0.55,-1,-1.11022302462516e-16,-2.01858731750028e-16
"p302",5,5,0.55,0.65,0,0.1,0.181818181818182
"p302",4,4,0.55,0.6,0,0.05,0.090909090909091
"p302",5,6,0.55,0.55,1,-1.11022302462516e-16,-2.01858731750028e-16
"p302",5,5,0.25,0.15,0,-0.0999999999999999,-0.4
"p302",3,2,0.25,0.15,-1,-0.0999999999999999,-0.4
"p302",3,2,0.4,0.3,-1,-0.1,-0.25
"p302",3,2,0.4,0.4,-1,-5.55111512312578e-17,-1.38777878078145e-16
"p302",4,4,0.25,0.25,0,5.55111512312578e-17,2.22044604925031e-16
"p302",3,2,0.55,0.5,-1,-0.0500000000000001,-0.0909090909090911
"p302",3,2,0.55,0.5,-1,-0.0500000000000001,-0.0909090909090911
"p302",4,4,0.4,0.6,0,0.2,0.5
"p302",4,2,0.25,0.15,-2,-0.1,-0.4
"p302",3,2,0.25,0.1,-1,-0.15,-0.6
"p302",5,5,0.25,0.1,0,-0.15,-0.6
"p302",5,5,0.25,0.2,0,-0.0499999999999999,-0.2
"p302",5,5,0.25,0.25,0,5.55111512312578e-17,2.22044604925031e-16
"p302",5,5,0.25,0.3,0,0.05,0.2
"p302",3,2,0.25,0.15,-1,-0.1,-0.4
"p302",5,5,0.25,0.2,0,-0.0499999999999999,-0.2
"p302",5,6,0.25,0.2,1,-0.0499999999999999,-0.2
"p302",4,4,0.55,0.5,0,-0.0500000000000001,-0.0909090909090911
"p302",4,3,0.25,0.3,-1,0.05,0.2
"p302",5,5,0.4,0.35,0,-0.05,-0.125
"p302",5,4,0.55,0.45,-1,-0.1,-0.181818181818182
"p302",5,4,0.4,0.5,-1,0.0999999999999999,0.25
"p302",3,2,0.4,0.4,-1,-5.55111512312578e-17,-1.38777878078145e-16
"p302",5,6,0.25,0.15,1,-0.1,-0.4
"p302",3,2,0.25,0.15,-1,-0.1,-0.4
"p302",5,4,0.4,0.35,-1,-0.05,-0.125
"p302",3,2,0.25,0.2,-1,-0.05,-0.2
"p302",4,3,0.25,0.15,-1,-0.0999999999999999,-0.4
"p302",4,3,0.4,0.4,-1,-5.55111512312578e-17,-1.38777878078145e-16
"p302",4,3,0.4,0.45,-1,0.0499999999999999,0.125
"p302",4,2,0.25,0.2,-2,-0.0499999999999999,-0.2
"p302",4,3,0.55,0.55,-1,0,0
"p302",3,2,0.55,0.6,-1,0.05,0.090909090909091
"p302",3,2,0.55,0.55,-1,-1.11022302462516e-16,-2.01858731750028e-16
"p302",3,3,0.4,0.45,0,0.0499999999999999,0.125
"p302",4,4,0.4,0.4,0,-5.55111512312578e-17,-1.38777878078145e-16
"p302",3,3,0.4,0.45,0,0.0499999999999999,0.125
"p302",5,5,0.25,0.15,0,-0.0999999999999999,-0.4
"p302",4,4,0.4,0.3,0,-0.1,-0.25
"p302",3,3,0.25,0.2,0,-0.05,-0.2
"p302",4,4,0.4,0.3,0,-0.1,-0.25
"p302",3,2,0.25,0.2,-1,-0.0499999999999999,-0.2
"p302",5,4,0.55,0.55,-1,0,0
"p302",3,2,0.4,0.45,-1,0.05,0.125
"p302",3,2,0.55,0.6,-1,0.05,0.090909090909091
"p302",3,2,0.4,0.45,-1,0.0499999999999999,0.125
"p302",3,2,0.55,0.65,-1,0.1,0.181818181818182
"p302",5,5,0.4,0.5,0,0.0999999999999999,0.25
"p302",4,4,0.25,0.25,0,0,0
"p302",3,2,0.25,0.2,-1,-0.0499999999999999,-0.2
"p302",4,3,0.55,0.55,-1,0,0
"p302",4,3,0.55,0.55,-1,0,0
"p302",5,4,0.25,0.15,-1,-0.1,-0.4
"p302",5,5,0.55,0.35,0,-0.2,-0.363636363636364
"p302",4,5,0.25,0.15,1,-0.1,-0.4
"p302",3,2,0.55,0.45,-1,-0.1,-0.181818181818182
"p302",5,5,0.4,0.5,0,0.1,0.25
"p302",5,5,0.55,0.45,0,-0.1,-0.181818181818182
"p302",5,6,0.55,0.5,1,-0.0500000000000001,-0.0909090909090911
"p302",4,4,0.25,0.1,0,-0.15,-0.6
"p302",3,2,0.55,0.5,-1,-0.05,-0.090909090909091
"p302",4,2,0.55,0.6,-2,0.05,0.090909090909091
"p302",4,3,0.25,0.15,-1,-0.1,-0.4
"p302",3,2,0.25,0.1,-1,-0.15,-0.6
"p302",5,5,0.4,0.35,0,-0.05,-0.125
"p302",3,2,0.55,0.55,-1,0,0
"p302",5,5,0.25,0.25,0,0,0
"p302",4,4,0.4,0.3,0,-0.1,-0.25
"p302",5,5,0.25,0.15,0,-0.1,-0.4
"p302",4,4,0.25,0.15,0,-0.1,-0.4
"p302",4,4,0.4,0.35,0,-0.05,-0.125
"p302",3,2,0.4,0.4,-1,-5.55111512312578e-17,-1.38777878078145e-16
"p302",5,6,0.25,0.25,1,5.55111512312578e-17,2.22044604925031e-16
"p302",4,3,0.4,0.35,-1,-0.05,-0.125
"p302",4,4,0.25,0.25,0,5.55111512312578e-17,2.22044604925031e-16
"p302",5,5,0.25,0.2,0,-0.05,-0.2
"p302",5,6,0.25,0.15,1,-0.1,-0.4
"p302",5,6,0.55,0.35,1,-0.2,-0.363636363636364
"p302",3,2,0.55,0.45,-1,-0.1,-0.181818181818182
"p302",5,6,0.55,0.45,1,-0.1,-0.181818181818182
"p302",3,2,0.4,0.45,-1,0.0499999999999999,0.125
"p302",4,5,0.25,0.25,1,5.55111512312578e-17,2.22044604925031e-16
"p302",4,3,0.55,0.65,-1,0.1,0.181818181818182
"p302",4,3,0.55,0.65,-1,0.1,0.181818181818182
"p302",4,4,0.25,0.2,0,-0.05,-0.2
"p302",3,2,0.25,0.2,-1,-0.05,-0.2
"p302",3,2,0.55,0.45,-1,-0.1,-0.181818181818182
"p302",4,5,0.25,0.25,1,5.55111512312578e-17,2.22044604925031e-16
"p302",3,2,0.55,0.5,-1,-0.05,-0.090909090909091
"p302",4,5,0.55,0.5,1,-0.0500000000000001,-0.0909090909090911
"p302",3,2,0.25,0.15,-1,-0.0999999999999999,-0.4
"p302",4,4,0.4,0.35,0,-0.05,-0.125
"p302",3,2,0.4,0.4,-1,-5.55111512312578e-17,-1.38777878078145e-16
"p302",3,2,0.25,0.2,-1,-0.0499999999999999,-0.2
"p302",3,2,0.4,0.4,-1,-5.55111512312578e-17,-1.38777878078145e-16
"p302",3,2,0.55,0.6,-1,0.05,0.090909090909091
"p302",3,2,0.25,0.15,-1,-0.1,-0.4
"p302",5,6,0.4,0.25,1,-0.15,-0.375
"p302",5,5,0.55,0.4,0,-0.15,-0.272727272727273
"p302",3,2,0.25,0.2,-1,-0.05,-0.2
"p302",3,2,0.25,0.2,-1,-0.0499999999999999,-0.2
"p302",5,7,0.4,0.2,2,-0.2,-0.5
"p302",4,4,0.25,0.15,0,-0.0999999999999999,-0.4
"p302",5,5,0.4,0.3,0,-0.1,-0.25
"p302",5,6,0.55,0.45,1,-0.1,-0.181818181818182
"p302",4,4,0.25,0.25,0,5.55111512312578e-17,2.22044604925031e-16
"p302",4,6,0.55,0.35,2,-0.2,-0.363636363636364
"p302",4,2,0.55,0.3,-2,-0.25,-0.454545454545455
"p302",3,2,0.4,0.35,-1,-0.05,-0.125
"p302",4,4,0.4,0.45,0,0.0499999999999999,0.125
"p302",5,6,0.4,0.35,1,-0.05,-0.125
"p302",5,6,0.25,0.35,1,0.1,0.4
"p302",3,2,0.55,0.4,-1,-0.15,-0.272727272727273
"p302",5,6,0.25,0.35,1,0.1,0.4
"p302",5,7,0.55,0.4,2,-0.15,-0.272727272727273
"p302",3,3,0.25,0.35,0,0.1,0.4
"p302",3,2,0.4,0.45,-1,0.0499999999999999,0.125
"p302",5,4,0.55,0.5,-1,-0.05,-0.090909090909091
"p302",3,2,0.55,0.45,-1,-0.1,-0.181818181818182
"p302",5,6,0.25,0.2,1,-0.05,-0.2
"p302",3,2,0.25,0.15,-1,-0.1,-0.4
"p302",5,4,0.4,0.25,-1,-0.15,-0.375
"p302",5,7,0.25,0.15,2,-0.0999999999999999,-0.4
"p302",4,3,0.55,0.6,-1,0.05,0.090909090909091
"p302",4,4,0.25,0.1,0,-0.15,-0.6
"p302",3,3,0.25,0.15,0,-0.0999999999999999,-0.4
"p302",4,4,0.25,0.2,0,-0.05,-0.2
"p302",3,2,0.4,0.35,-1,-0.05,-0.125
"p302",3,2,0.25,0.25,-1,5.55111512312578e-17,2.22044604925031e-16
"p302",5,6,0.25,0.2,1,-0.0499999999999999,-0.2
"p302",3,2,0.4,0.2,-1,-0.2,-0.5
"p302",4,6,0.55,0.4,2,-0.15,-0.272727272727273
"p302",4,3,0.55,0.6,-1,0.0499999999999999,0.0909090909090908
"p302",4,4,0.25,0.2,0,-0.05,-0.2
"p302",4,5,0.55,0.35,1,-0.2,-0.363636363636364
"p302",5,6,0.55,0.4,1,-0.15,-0.272727272727273
"p302",5,7,0.25,0.2,2,-0.05,-0.2
"p302",3,2,0.55,0.65,-1,0.1,0.181818181818182
"p302",4,4,0.25,0.35,0,0.1,0.4
"p302",4,4,0.25,0.25,0,0,0
"p302",3,3,0.25,0.3,0,0.05,0.2
"p302",3,2,0.25,0.15,-1,-0.0999999999999999,-0.4
"p302",4,4,0.25,0.2,0,-0.0499999999999999,-0.2
"p302",5,7,0.4,0.2,2,-0.2,-0.5
"p302",5,6,0.25,0.2,1,-0.0499999999999999,-0.2
"p302",3,2,0.4,0.4,-1,-5.55111512312578e-17,-1.38777878078145e-16
"p302",3,2,0.55,0.8,-1,0.25,0.454545454545455
"p302",5,6,0.25,0.1,1,-0.15,-0.6
"p302",4,3,0.4,0.45,-1,0.05,0.125
"p302",4,6,0.4,0.35,2,-0.05,-0.125
"p302",3,2,0.25,0.2,-1,-0.0499999999999999,-0.2
"p302",3,3,0.4,0.35,0,-0.05,-0.125
"p302",5,5,0.4,0.3,0,-0.1,-0.25
"p302",3,3,0.25,0.2,0,-0.0499999999999999,-0.2
"p302",5,7,0.25,0.2,2,-0.0499999999999999,-0.2
"p302",5,6,0.4,0.3,1,-0.1,-0.25
"p302",4,3,0.55,0.6,-1,0.05,0.090909090909091
"p302",4,3,0.4,0.6,-1,0.2,0.5
"p302",3,2,0.55,0.65,-1,0.1,0.181818181818182
"p302",4,4,0.4,0.45,0,0.0499999999999999,0.125
"p302",5,5,0.55,0.5,0,-0.05,-0.090909090909091
"p302",3,2,0.55,0.55,-1,0,0
"p302",5,6,0.4,0.4,1,0,0
"p302",4,3,0.4,0.65,-1,0.25,0.625
"p302",3,2,0.55,0.7,-1,0.15,0.272727272727273
"p302",4,4,0.25,0.25,0,0,0
"p302",5,6,0.55,0.4,1,-0.15,-0.272727272727273
"p302",5,7,0.55,0.4,2,-0.15,-0.272727272727273
"p302",5,4,0.55,0.65,-1,0.1,0.181818181818182
"p302",3,3,0.25,0.3,0,0.05,0.2
"p302",3,3,0.55,0.55,0,-1.11022302462516e-16,-2.01858731750028e-16
"p302",5,5,0.25,0.2,0,-0.05,-0.2
"p302",3,2,0.4,0.35,-1,-0.05,-0.125
"p302",5,6,0.4,0.3,1,-0.1,-0.25
"p302",5,5,0.55,0.4,0,-0.15,-0.272727272727273
"p302",5,6,0.4,0.35,1,-0.05,-0.125
"p302",5,6,0.55,0.45,1,-0.1,-0.181818181818182
"p302",3,2,0.55,0.4,-1,-0.15,-0.272727272727273
"p302",3,2,0.25,0.1,-1,-0.15,-0.6
"p302",4,5,0.55,0.45,1,-0.1,-0.181818181818182
"p302",3,3,0.55,0.5,0,-0.05,-0.090909090909091
"p302",3,2,0.55,0.4,-1,-0.15,-0.272727272727273
"p302",5,6,0.25,0.2,1,-0.0499999999999999,-0.2
"p302",4,4,0.4,0.35,0,-0.05,-0.125
"p302",5,6,0.25,0.25,1,0,0
"p302",4,3,0.55,0.4,-1,-0.15,-0.272727272727273
"p302",4,6,0.25,0.15,2,-0.1,-0.4
"p302",5,7,0.55,0.25,2,-0.3,-0.545454545454546
"p302",4,4,0.4,0.3,0,-0.1,-0.25
"p302",3,2,0.25,0.2,-1,-0.05,-0.2
"p302",3,3,0.25,0.4,0,0.15,0.6
"p302",4,3,0.25,0.15,-1,-0.0999999999999999,-0.4
"p302",4,5,0.4,0.2,1,-0.2,-0.5
"p302",5,6,0.4,0.2,1,-0.2,-0.5
"p302",4,3,0.25,0.15,-1,-0.0999999999999999,-0.4
"p302",5,5,0.55,0.45,0,-0.1,-0.181818181818182
"p302",5,7,0.4,0.4,2,-5.55111512312578e-17,-1.38777878078145e-16
"p302",4,3,0.25,0.25,-1,5.55111512312578e-17,2.22044604925031e-16
"p302",3,2,0.4,0.3,-1,-0.1,-0.25
"p302",3,3,0.25,0.2,0,-0.05,-0.2
"p302",3,3,0.4,0.4,0,-5.55111512312578e-17,-1.38777878078145e-16
"p302",3,3,0.55,0.3,0,-0.25,-0.454545454545455
"p302",4,3,0.55,0.45,-1,-0.1,-0.181818181818182
"p302",5,3,0.4,0.25,-2,-0.15,-0.375
"p302",4,4,0.4,0.3,0,-0.1,-0.25
"p302",5,7,0.25,0.2,2,-0.05,-0.2
"p302",3,3,0.55,0.3,0,-0.25,-0.454545454545455
"p302",5,7,0.25,0.2,2,-0.05,-0.2
"p302",3,3,0.25,0.15,0,-0.0999999999999999,-0.4
"p302",3,3,0.4,0.5,0,0.0999999999999999,0.25
"p302",5,6,0.25,0.35,1,0.1,0.4
"p302",4,3,0.55,0.6,-1,0.0499999999999999,0.0909090909090908
"p302",4,2,0.4,0.4,-2,0,0
"p302",3,2,0.25,0.1,-1,-0.15,-0.6
"p302",4,4,0.25,0.15,0,-0.1,-0.4
"p302",4,4,0.25,0.15,0,-0.1,-0.4
"p302",3,3,0.4,0.25,0,-0.15,-0.375
"p302",4,3,0.25,0.45,-1,0.2,0.8
"p302",4,4,0.55,0.4,0,-0.15,-0.272727272727273
"p302",5,7,0.25,0.15,2,-0.1,-0.4
"p302",5,5,0.4,0.35,0,-0.05,-0.125
"p302",4,3,0.4,0.35,-1,-0.05,-0.125
"p302",5,5,0.55,0.45,0,-0.1,-0.181818181818182
"p302",4,4,0.55,0.45,0,-0.1,-0.181818181818182
"p302",5,5,0.4,0.35,0,-0.05,-0.125
"p302",5,6,0.25,0.2,1,-0.05,-0.2
"p302",4,3,0.55,0.4,-1,-0.15,-0.272727272727273
"p302",3,2,0.55,0.5,-1,-0.05,-0.090909090909091
"p302",4,3,0.4,0.4,-1,0,0
"p302",3,3,0.4,0.4,0,0,0
"p302",3,2,0.4,0.25,-1,-0.15,-0.375
"p302",3,2,0.25,0.1,-1,-0.15,-0.6
"p302",3,2,0.55,0.55,-1,-1.11022302462516e-16,-2.01858731750028e-16
"p302",3,2,0.55,0.5,-1,-0.05,-0.090909090909091
"p302",4,4,0.4,0.3,0,-0.1,-0.25
"p302",5,7,0.55,0.4,2,-0.15,-0.272727272727273
"p302",3,2,0.55,0.5,-1,-0.05,-0.090909090909091
"p302",5,7,0.4,0.3,2,-0.1,-0.25
"p302",5,7,0.4,0.3,2,-0.1,-0.25
"p302",4,3,0.25,0.15,-1,-0.0999999999999999,-0.4
"p302",3,3,0.25,0.2,0,-0.0499999999999999,-0.2
"p302",5,5,0.25,0.15,0,-0.0999999999999999,-0.4
"p302",3,2,0.55,0.55,-1,-1.11022302462516e-16,-2.01858731750028e-16
"p302",5,7,0.55,0.4,2,-0.15,-0.272727272727273
"p302",5,7,0.4,0.35,2,-0.05,-0.125
"p302",3,2,0.25,0.2,-1,-0.0499999999999999,-0.2
"p302",5,7,0.25,0.15,2,-0.0999999999999999,-0.4
"p302",5,6,0.55,0.3,1,-0.25,-0.454545454545455
"p302",4,3,0.55,0.5,-1,-0.0500000000000001,-0.0909090909090911
"p302",4,3,0.25,0.25,-1,0,0
"p302",5,5,0.25,0.15,0,-0.1,-0.4
"p302",3,2,0.4,0.25,-1,-0.15,-0.375
"p302",3,2,0.4,0.5,-1,0.0999999999999999,0.25
"p302",3,2,0.55,0.6,-1,0.05,0.090909090909091
"p302",4,3,0.55,0.6,-1,0.0499999999999999,0.0909090909090908
"p302",3,2,0.25,0.2,-1,-0.0499999999999999,-0.2
"p302",5,7,0.25,0.2,2,-0.0499999999999999,-0.2
"p302",3,2,0.25,0.35,-1,0.1,0.4
"p302",3,2,0.25,0.2,-1,-0.0499999999999999,-0.2
"p302",4,3,0.4,0.3,-1,-0.1,-0.25
"p302",4,3,0.25,0.2,-1,-0.05,-0.2
"p302",4,4,0.25,0.2,0,-0.0499999999999999,-0.2
"p302",3,2,0.25,0.2,-1,-0.0499999999999999,-0.2
"p302",5,4,0.55,0.15,-1,-0.4,-0.727272727272727
"p302",4,4,0.25,0.2,0,-0.05,-0.2
"p302",4,2,0.4,0.35,-2,-0.05,-0.125
"p302",4,4,0.25,0.3,0,0.05,0.2
"p302",5,6,0.25,0.2,1,-0.05,-0.2
"p302",4,6,0.25,0.25,2,5.55111512312578e-17,2.22044604925031e-16
"p302",3,3,0.4,0.4,0,-5.55111512312578e-17,-1.38777878078145e-16
"p302",5,5,0.25,0.3,0,0.05,0.2
"p302",4,3,0.55,0.65,-1,0.1,0.181818181818182
"p302",5,4,0.25,0.25,-1,5.55111512312578e-17,2.22044604925031e-16
"p302",3,3,0.4,0.4,0,-5.55111512312578e-17,-1.38777878078145e-16
"p302",3,2,0.25,0.2,-1,-0.05,-0.2
"p302",3,2,0.55,0.5,-1,-0.05,-0.090909090909091
"p302",5,5,0.25,0.25,0,5.55111512312578e-17,2.22044604925031e-16
"p302",4,3,0.25,0.2,-1,-0.05,-0.2
"p302",3,2,0.55,0.55,-1,0,0
"p302",4,5,0.4,0.3,1,-0.1,-0.25
"p302",4,2,0.55,0.5,-2,-0.05,-0.090909090909091
"p302",3,2,0.25,0.25,-1,5.55111512312578e-17,2.22044604925031e-16
"p302",4,6,0.4,0.25,2,-0.15,-0.375
"p302",4,6,0.25,0.2,2,-0.0499999999999999,-0.2
"p302",5,7,0.55,0.35,2,-0.2,-0.363636363636364
"p302",3,2,0.55,0.55,-1,-1.11022302462516e-16,-2.01858731750028e-16
"p302",3,2,0.55,0.6,-1,0.0499999999999999,0.0909090909090908
"p302",3,2,0.25,0.15,-1,-0.1,-0.4
"p302",5,6,0.4,0.2,1,-0.2,-0.5
"p302",3,2,0.4,0.3,-1,-0.1,-0.25
"p302",3,2,0.4,0.3,-1,-0.1,-0.25
"p302",4,4,0.25,0.2,0,-0.05,-0.2
"p302",5,5,0.55,0.45,0,-0.1,-0.181818181818182
"p302",3,2,0.25,0.2,-1,-0.05,-0.2
"p302",4,2,0.4,0.25,-2,-0.15,-0.375
"p302",4,5,0.55,0.35,1,-0.2,-0.363636363636364
"p302",3,2,0.25,0.15,-1,-0.1,-0.4
"p302",4,3,0.55,0.4,-1,-0.15,-0.272727272727273
"p302",5,5,0.25,0.2,0,-0.05,-0.2
"p302",5,6,0.25,0.15,1,-0.0999999999999999,-0.4
"p302",4,5,0.55,0.25,1,-0.3,-0.545454545454545
"p302",5,7,0.25,0.2,2,-0.0499999999999999,-0.2
"p302",5,6,0.55,0.35,1,-0.2,-0.363636363636364
"p302",5,4,0.4,0.3,-1,-0.1,-0.25
"p302",3,2,0.25,0.2,-1,-0.0499999999999999,-0.2
"p302",5,4,0.55,0.55,-1,0,0
"p302",3,2,0.55,0.45,-1,-0.1,-0.181818181818182
"p302",4,3,0.25,0.15,-1,-0.0999999999999999,-0.4
"p302",5,6,0.25,0.15,1,-0.1,-0.4
"p302",3,2,0.4,0.3,-1,-0.1,-0.25
"p302",4,4,0.25,0.15,0,-0.1,-0.4
"p302",4,4,0.25,0.1,0,-0.15,-0.6
"p302",5,5,0.55,0.35,0,-0.2,-0.363636363636364
"p302",5,6,0.25,0.2,1,-0.0499999999999999,-0.2
"p302",3,2,0.25,0.2,-1,-0.05,-0.2
"p302",4,3,0.4,0.2,-1,-0.2,-0.5
"p302",4,4,0.4,0.35,0,-0.05,-0.125
"p302",5,6,0.4,0.3,1,-0.1,-0.25
"p302",5,7,0.4,0.4,2,0,0
"p302",3,2,0.55,0.5,-1,-0.05,-0.090909090909091
"p302",3,2,0.4,0.45,-1,0.05,0.125
"p302",4,4,0.25,0.2,0,-0.0499999999999999,-0.2
"p302",4,3,0.55,0.6,-1,0.05,0.090909090909091
"p302",5,5,0.4,0.45,0,0.05,0.125
"p302",4,4,0.55,0.55,0,0,0
"p302",4,5,0.55,0.5,1,-0.0500000000000001,-0.0909090909090911
"p302",5,4,0.4,0.25,-1,-0.15,-0.375
"p302",3,2,0.4,0.25,-1,-0.15,-0.375
"p302",4,3,0.25,0.2,-1,-0.05,-0.2
"p302",4,3,0.25,0.15,-1,-0.1,-0.4
"p302",4,3,0.25,0.15,-1,-0.0999999999999999,-0.4
"p302",4,4,0.25,0.15,0,-0.1,-0.4
"p302",4,4,0.25,0.15,0,-0.1,-0.4
"p302",5,5,0.25,0.15,0,-0.1,-0.4
"p302",5,6,0.25,0.2,1,-0.0499999999999999,-0.2
"p302",3,3,0.25,0.15,0,-0.0999999999999999,-0.4
"p302",3,2,0.4,0.3,-1,-0.1,-0.25
"p302",4,3,0.55,0.5,-1,-0.0500000000000001,-0.0909090909090911
"p302",5,6,0.4,0.4,1,0,0
"p302",5,7,0.55,0.4,2,-0.15,-0.272727272727273
"p302",4,4,0.25,0.25,0,0,0
"p302",5,8,0.55,0.3,3,-0.25,-0.454545454545455
"p302",3,2,0.25,0.15,-1,-0.1,-0.4
"p302",3,2,0.4,0.3,-1,-0.1,-0.25
"p302",5,6,0.4,0.25,1,-0.15,-0.375
"p302",5,6,0.25,0.15,1,-0.1,-0.4
"p302",5,7,0.25,0.15,2,-0.1,-0.4
"p302",3,2,0.25,0.1,-1,-0.15,-0.6
"p302",3,2,0.25,0.15,-1,-0.1,-0.4
"p302",4,4,0.4,0.3,0,-0.1,-0.25
"p302",4,4,0.25,0.2,0,-0.05,-0.2
"p302",3,2,0.55,0.45,-1,-0.1,-0.181818181818182
"p302",3,2,0.4,0.45,-1,0.05,0.125
"p302",5,7,0.25,0.3,2,0.05,0.2
"p302",3,2,0.55,0.45,-1,-0.1,-0.181818181818182
"p302",3,2,0.55,0.45,-1,-0.1,-0.181818181818182
"p302",5,7,0.4,0.45,2,0.05,0.125
"p302",4,3,0.4,0.45,-1,0.0499999999999999,0.125
"p302",4,3,0.4,0.4,-1,-5.55111512312578e-17,-1.38777878078145e-16
"p302",4,3,0.4,0.4,-1,0,0
"p302",3,2,0.25,0.2,-1,-0.05,-0.2
"p302",5,7,0.25,0.15,2,-0.1,-0.4
"p302",3,2,0.55,0.45,-1,-0.1,-0.181818181818182
"p302",3,2,0.25,0.1,-1,-0.15,-0.6
"p302",4,3,0.4,0.35,-1,-0.05,-0.125
"p302",5,6,0.4,0.25,1,-0.15,-0.375
"p302",4,3,0.55,0.55,-1,-1.11022302462516e-16,-2.01858731750028e-16
"p302",3,2,0.55,0.55,-1,0,0
"p302",3,2,0.4,0.45,-1,0.0499999999999999,0.125
"p302",5,7,0.55,0.45,2,-0.1,-0.181818181818182
"p302",3,2,0.55,0.55,-1,0,0
"p302",5,5,0.55,0.5,0,-0.0500000000000001,-0.0909090909090911
"p302",3,2,0.25,0.2,-1,-0.0499999999999999,-0.2
"p302",4,3,0.55,0.55,-1,0,0
"p302",5,5,0.55,0.55,0,0,0
"p302",5,6,0.25,0.2,1,-0.0499999999999999,-0.2
"p302",4,4,0.25,0.2,0,-0.0499999999999999,-0.2
"p302",4,3,0.25,0.2,-1,-0.05,-0.2
"p302",4,2,0.55,0.45,-2,-0.1,-0.181818181818182
"p302",3,2,0.4,0.3,-1,-0.1,-0.25
"p302",4,4,0.25,0.2,0,-0.0499999999999999,-0.2
"p302",5,7,0.25,0.2,2,-0.05,-0.2
"p302",3,2,0.25,0.15,-1,-0.1,-0.4
"p302",4,3,0.55,0.35,-1,-0.2,-0.363636363636364
"p302",3,2,0.25,0.2,-1,-0.0499999999999999,-0.2
"p302",5,6,0.25,0.2,1,-0.05,-0.2
"p302",4,4,0.4,0.2,0,-0.2,-0.5
"p302",3,2,0.25,0.15,-1,-0.0999999999999999,-0.4
"p302",5,5,0.25,0.15,0,-0.0999999999999999,-0.4
"p302",4,4,0.25,0.15,0,-0.0999999999999999,-0.4
"p302",3,2,0.55,0.5,-1,-0.05,-0.090909090909091
"p302",4,3,0.55,0.6,-1,0.0499999999999999,0.0909090909090908
"p302",5,6,0.4,0.4,1,-5.55111512312578e-17,-1.38777878078145e-16
"p302",5,7,0.25,0.2,2,-0.05,-0.2
"p302",3,3,0.25,0.1,0,-0.15,-0.6
"p302",5,5,0.55,0.6,0,0.0499999999999999,0.0909090909090908
"p302",3,3,0.25,0.15,0,-0.0999999999999999,-0.4
"p302",3,3,0.4,0.2,0,-0.2,-0.5
"p302",5,7,0.25,0.2,2,-0.0499999999999999,-0.2
"p302",3,2,0.4,0.3,-1,-0.1,-0.25
"p302",3,2,0.25,0.25,-1,0,0
"p302",5,7,0.55,0.4,2,-0.15,-0.272727272727273
"p302",4,3,0.4,0.3,-1,-0.1,-0.25
"p302",4,3,0.55,0.5,-1,-0.0500000000000001,-0.0909090909090911
"p302",4,5,0.55,0.45,1,-0.1,-0.181818181818182
"p302",4,3,0.25,0.25,-1,0,0
"p302",3,2,0.55,0.45,-1,-0.1,-0.181818181818182
"p302",3,2,0.4,0.4,-1,0,0
"p302",4,4,0.4,0.3,0,-0.1,-0.25
"p302",5,5,0.4,0.3,0,-0.1,-0.25
"p302",5,5,0.55,0.35,0,-0.2,-0.363636363636364
"p302",3,4,0.55,0.4,1,-0.15,-0.272727272727273
"p302",4,3,0.25,0.1,-1,-0.15,-0.6
"p302",3,2,0.55,0.65,-1,0.1,0.181818181818182
"p302",5,4,0.4,0.25,-1,-0.15,-0.375
"p302",3,2,0.25,0.2,-1,-0.05,-0.2
"p302",4,5,0.4,0.3,1,-0.1,-0.25
"p302",5,7,0.55,0.35,2,-0.2,-0.363636363636364
"p302",5,4,0.55,0.5,-1,-0.05,-0.090909090909091
"p302",4,3,0.4,0.35,-1,-0.05,-0.125
"p302",3,2,0.55,0.45,-1,-0.1,-0.181818181818182
"p302",5,7,0.4,0.55,2,0.15,0.375
"p302",5,7,0.25,0.4,2,0.15,0.6
"p302",3,2,0.55,0.4,-1,-0.15,-0.272727272727273
"p302",4,3,0.25,0.3,-1,0.05,0.2
"p302",3,2,0.4,0.3,-1,-0.1,-0.25
"p302",5,7,0.4,0.25,2,-0.15,-0.375
"p302",5,7,0.25,0.15,2,-0.1,-0.4
"p302",5,5,0.25,0.15,0,-0.1,-0.4
"p302",5,6,0.55,0.3,1,-0.25,-0.454545454545455
"p302",5,7,0.4,0.35,2,-0.05,-0.125
"p302",4,3,0.25,0.2,-1,-0.05,-0.2
"p302",3,3,0.55,0.35,0,-0.2,-0.363636363636364
"p302",5,6,0.25,0.15,1,-0.1,-0.4
"p302",3,2,0.25,0.15,-1,-0.0999999999999999,-0.4
"p302",3,2,0.4,0.2,-1,-0.2,-0.5
"p302",4,3,0.25,0.15,-1,-0.1,-0.4
"p302",3,2,0.4,0.25,-1,-0.15,-0.375
"p302",4,3,0.25,0.2,-1,-0.0499999999999999,-0.2
"p302",5,4,0.4,0.25,-1,-0.15,-0.375
"p302",3,2,0.4,0.25,-1,-0.15,-0.375
"p302",3,2,0.25,0.15,-1,-0.1,-0.4
"p302",4,5,0.25,0.2,1,-0.0499999999999999,-0.2
"p302",4,2,0.55,0.35,-2,-0.2,-0.363636363636364
"p302",3,2,0.55,0.4,-1,-0.15,-0.272727272727273
"p302",3,3,0.25,0.1,0,-0.15,-0.6
"p302",3,3,0.55,0.45,0,-0.1,-0.181818181818182
"p302",4,5,0.4,0.3,1,-0.1,-0.25
"p302",5,7,0.25,0.25,2,0,0
"p302",4,4,0.55,0.35,0,-0.2,-0.363636363636364
"p302",3,4,0.55,0.45,1,-0.1,-0.181818181818182
"p302",5,6,0.25,0.15,1,-0.1,-0.4
"p302",3,4,0.25,0.1,1,-0.15,-0.6
"p302",4,5,0.25,0.1,1,-0.15,-0.6
"p302",5,7,0.25,0.2,2,-0.05,-0.2
"p302",5,7,0.25,0.15,2,-0.0999999999999999,-0.4
"p302",3,2,0.4,0.25,-1,-0.15,-0.375
"p302",3,3,0.4,0.25,0,-0.15,-0.375
"p302",4,3,0.55,0.65,-1,0.1,0.181818181818182
"p302",4,6,0.4,0.35,2,-0.05,-0.125
"p302",4,3,0.4,0.35,-1,-0.05,-0.125
"p302",5,6,0.25,0.15,1,-0.0999999999999999,-0.4
"p302",5,7,0.4,0.2,2,-0.2,-0.5
"p302",4,3,0.55,0.25,-1,-0.3,-0.545454545454545
"p302",3,3,0.25,0.15,0,-0.0999999999999999,-0.4
"p302",5,6,0.55,0.3,1,-0.25,-0.454545454545455
"p302",5,8,0.4,0.2,3,-0.2,-0.5
"p302",4,3,0.4,0.3,-1,-0.1,-0.25
"p302",4,3,0.4,0.35,-1,-0.05,-0.125
"p302",3,2,0.25,0.1,-1,-0.15,-0.6
"p302",4,4,0.55,0.5,0,-0.05,-0.090909090909091
"p302",4,5,0.25,0.15,1,-0.0999999999999999,-0.4
"p302",3,2,0.25,0.1,-1,-0.15,-0.6
"p302",3,2,0.55,0.5,-1,-0.05,-0.090909090909091
"p302",3,2,0.55,0.5,-1,-0.0500000000000001,-0.0909090909090911
"p302",5,4,0.55,0.6,-1,0.05,0.090909090909091
"p302",5,4,0.55,0.6,-1,0.05,0.090909090909091
"p302",4,3,0.25,0.15,-1,-0.1,-0.4
"p302",5,6,0.55,0.4,1,-0.15,-0.272727272727273
"p302",5,6,0.4,0.3,1,-0.1,-0.25
"p303",5,4,0.4,0.2,-1,-0.2,-0.5
"p303",3,3,0.25,0.3,0,0.05,0.2
"p303",3,2,0.25,0.2,-1,-0.05,-0.2
"p303",3,2,0.4,0.25,-1,-0.15,-0.375
"p303",3,2,0.55,0.5,-1,-0.05,-0.090909090909091
"p303",5,3,0.4,0.35,-2,-0.05,-0.125
"p303",5,3,0.25,0.3,-2,0.05,0.2
"p303",3,2,0.55,0.4,-1,-0.15,-0.272727272727273
"p303",3,2,0.25,0.25,-1,0,0
"p303",3,2,0.4,0.35,-1,-0.05,-0.125
"p303",5,2,0.4,0.3,-3,-0.1,-0.25
"p303",4,2,0.25,0.3,-2,0.05,0.2
"p303",5,4,0.25,0.25,-1,5.55111512312578e-17,2.22044604925031e-16
"p303",4,3,0.4,0.3,-1,-0.1,-0.25
"p303",3,2,0.55,0.45,-1,-0.1,-0.181818181818182
"p303",3,2,0.4,0.35,-1,-0.05,-0.125
"p303",4,2,0.25,0.25,-2,5.55111512312578e-17,2.22044604925031e-16
"p303",4,4,0.25,0.35,0,0.1,0.4
"p303",3,3,0.55,0.3,0,-0.25,-0.454545454545455
"p303",5,4,0.25,0.2,-1,-0.05,-0.2
"p303",5,5,0.25,0.25,0,0,0
"p303",3,2,0.4,0.25,-1,-0.15,-0.375
"p303",4,2,0.55,0.3,-2,-0.25,-0.454545454545455
"p303",5,3,0.4,0.35,-2,-0.05,-0.125
"p303",4,3,0.55,0.45,-1,-0.1,-0.181818181818182
"p303",3,2,0.55,0.7,-1,0.15,0.272727272727273
"p303",3,3,0.25,0.2,0,-0.0499999999999999,-0.2
"p303",4,2,0.55,0.6,-2,0.05,0.090909090909091
"p303",4,3,0.4,0.35,-1,-0.05,-0.125
"p303",4,2,0.25,0.4,-2,0.15,0.6
"p303",5,3,0.25,0.2,-2,-0.0499999999999999,-0.2
"p303",4,2,0.55,0.8,-2,0.25,0.454545454545455
"p303",5,3,0.4,0.45,-2,0.0499999999999999,0.125
"p303",4,2,0.4,0.45,-2,0.0499999999999999,0.125
"p303",5,3,0.55,0.6,-2,0.05,0.090909090909091
"p303",4,2,0.55,0.5,-2,-0.05,-0.090909090909091
"p303",4,2,0.4,0.55,-2,0.15,0.375
"p303",3,2,0.25,0.2,-1,-0.05,-0.2
"p303",4,3,0.25,0.2,-1,-0.05,-0.2
"p303",5,4,0.55,0.45,-1,-0.1,-0.181818181818182
"p303",5,4,0.25,0.2,-1,-0.0499999999999999,-0.2
"p303",5,3,0.55,0.3,-2,-0.25,-0.454545454545455
"p303",3,2,0.25,0.3,-1,0.05,0.2
"p303",4,2,0.4,0.6,-2,0.2,0.5
"p303",3,2,0.4,0.5,-1,0.0999999999999999,0.25
"p303",5,3,0.55,0.5,-2,-0.0500000000000001,-0.0909090909090911
"p303",3,2,0.25,0.2,-1,-0.05,-0.2
"p303",5,4,0.25,0.1,-1,-0.15,-0.6
"p303",3,3,0.55,0.4,0,-0.15,-0.272727272727273
"p303",4,2,0.25,0.2,-2,-0.0499999999999999,-0.2
"p303",5,3,0.55,0.55,-2,-1.11022302462516e-16,-2.01858731750028e-16
"p303",4,2,0.25,0.15,-2,-0.1,-0.4
"p303",3,2,0.25,0.2,-1,-0.0499999999999999,-0.2
"p303",4,3,0.4,0.2,-1,-0.2,-0.5
"p303",5,3,0.4,0.5,-2,0.1,0.25
"p303",3,2,0.55,0.7,-1,0.15,0.272727272727273
"p303",4,2,0.25,0.15,-2,-0.1,-0.4
"p303",3,2,0.25,0.15,-1,-0.0999999999999999,-0.4
"p303",5,3,0.25,0.15,-2,-0.1,-0.4
"p303",5,3,0.25,0.2,-2,-0.0499999999999999,-0.2
"p303",3,2,0.55,0.55,-1,0,0
"p303",3,2,0.4,0.3,-1,-0.1,-0.25
"p303",5,3,0.4,0.3,-2,-0.1,-0.25
"p303",4,2,0.4,0.3,-2,-0.1,-0.25
"p303",3,3,0.25,0.15,0,-0.0999999999999999,-0.4
"p303",4,2,0.25,0.15,-2,-0.0999999999999999,-0.4
"p303",3,3,0.4,0.15,0,-0.25,-0.625
"p303",4,3,0.25,0.15,-1,-0.0999999999999999,-0.4
"p303",5,3,0.25,0.2,-2,-0.05,-0.2
"p303",5,3,0.25,0.15,-2,-0.1,-0.4
"p303",5,4,0.55,0.4,-1,-0.15,-0.272727272727273
"p303",3,2,0.55,0.7,-1,0.15,0.272727272727273
"p303",4,3,0.25,0.25,-1,0,0
"p303",3,2,0.25,0.1,-1,-0.15,-0.6
"p303",5,3,0.4,0.35,-2,-0.05,-0.125
"p303",3,2,0.25,0.15,-1,-0.1,-0.4
"p303",3,2,0.55,0.65,-1,0.1,0.181818181818182
"p303",4,2,0.25,0.15,-2,-0.1,-0.4
"p303",3,3,0.4,0.25,0,-0.15,-0.375
"p303",3,2,0.55,0.4,-1,-0.15,-0.272727272727273
"p303",5,4,0.55,0.2,-1,-0.35,-0.636363636363636
"p303",5,4,0.25,0.2,-1,-0.05,-0.2
"p303",4,2,0.25,0.3,-2,0.05,0.2
"p303",4,3,0.4,0.25,-1,-0.15,-0.375
"p303",4,3,0.4,0.3,-1,-0.1,-0.25
"p303",4,3,0.55,0.6,-1,0.05,0.090909090909091
"p303",5,3,0.55,0.3,-2,-0.25,-0.454545454545455
"p303",3,3,0.4,0.45,0,0.05,0.125
"p303",5,4,0.25,0.4,-1,0.15,0.6
"p303",4,4,0.55,0.25,0,-0.3,-0.545454545454545
"p303",3,2,0.25,0.3,-1,0.05,0.2
"p303",5,3,0.4,0.25,-2,-0.15,-0.375
"p303",4,2,0.55,0.6,-2,0.05,0.090909090909091
"p303",5,3,0.55,0.6,-2,0.0499999999999999,0.0909090909090908
"p303",3,2,0.55,0.25,-1,-0.3,-0.545454545454545
"p303",5,3,0.55,0.25,-2,-0.3,-0.545454545454545
"p303",4,2,0.25,0.25,-2,5.55111512312578e-17,2.22044604925031e-16
"p303",4,2,0.55,0.45,-2,-0.1,-0.181818181818182
"p303",5,2,0.25,0.3,-3,0.05,0.2
"p303",4,2,0.55,0.5,-2,-0.05,-0.090909090909091
"p303",4,2,0.4,0.45,-2,0.0499999999999999,0.125
"p303",3,2,0.4,0.4,-1,-5.55111512312578e-17,-1.38777878078145e-16
"p303",5,2,0.4,0.35,-3,-0.05,-0.125
"p303",3,2,0.25,0.1,-1,-0.15,-0.6
"p303",5,3,0.4,0.3,-2,-0.1,-0.25
"p303",5,3,0.25,0.15,-2,-0.1,-0.4
"p303",3,2,0.55,0.45,-1,-0.1,-0.181818181818182
"p303",5,3,0.25,0.2,-2,-0.05,-0.2
"p303",4,2,0.4,0.45,-2,0.0499999999999999,0.125
"p303",3,2,0.4,0.3,-1,-0.1,-0.25
"p303",5,4,0.4,0.25,-1,-0.15,-0.375
"p303",3,2,0.25,0.2,-1,-0.0499999999999999,-0.2
"p303",4,3,0.55,0.35,-1,-0.2,-0.363636363636364
"p303",3,2,0.25,0.2,-1,-0.0499999999999999,-0.2
"p303",4,3,0.25,0.15,-1,-0.1,-0.4
"p303",3,2,0.4,0.35,-1,-0.05,-0.125
"p303",3,2,0.25,0.1,-1,-0.15,-0.6
"p303",4,2,0.25,0.2,-2,-0.05,-0.2
"p303",4,3,0.55,0.45,-1,-0.1,-0.181818181818182
"p303",4,2,0.25,0.25,-2,0,0
"p303",5,2,0.55,0.35,-3,-0.2,-0.363636363636364
"p303",3,3,0.4,0.25,0,-0.15,-0.375
"p303",4,2,0.4,0.45,-2,0.0499999999999999,0.125
"p303",5,3,0.4,0.3,-2,-0.1,-0.25
"p303",5,4,0.55,0.3,-1,-0.25,-0.454545454545455
"p303",3,2,0.25,0.25,-1,5.55111512312578e-17,2.22044604925031e-16
"p303",3,2,0.55,0.35,-1,-0.2,-0.363636363636364
"p303",5,3,0.4,0.3,-2,-0.1,-0.25
"p303",5,3,0.4,0.35,-2,-0.05,-0.125
"p303",3,2,0.25,0.15,-1,-0.0999999999999999,-0.4
"p303",3,2,0.55,0.2,-1,-0.35,-0.636363636363636
"p303",4,3,0.55,0.4,-1,-0.15,-0.272727272727273
"p303",5,3,0.25,0.1,-2,-0.15,-0.6
"p303",3,2,0.55,0.15,-1,-0.4,-0.727272727272727
"p303",3,3,0.4,0.3,0,-0.1,-0.25
"p303",4,2,0.25,0.15,-2,-0.0999999999999999,-0.4
"p303",5,4,0.55,0.35,-1,-0.2,-0.363636363636364
"p303",4,2,0.25,0.25,-2,0,0
"p303",5,3,0.25,0.2,-2,-0.05,-0.2
"p303",5,4,0.25,0.2,-1,-0.05,-0.2
"p303",4,3,0.4,0.2,-1,-0.2,-0.5
"p303",4,3,0.25,0.2,-1,-0.0499999999999999,-0.2
"p303",4,3,0.4,0.25,-1,-0.15,-0.375
"p303",5,4,0.55,0.25,-1,-0.3,-0.545454545454546
"p303",4,3,0.4,0.25,-1,-0.15,-0.375
"p303",3,2,0.4,0.4,-1,0,0
"p303",5,4,0.25,0.2,-1,-0.0499999999999999,-0.2
"p303",3,2,0.25,0.1,-1,-0.15,-0.6
"p303",3,2,0.55,0.55,-1,-1.11022302462516e-16,-2.01858731750028e-16
"p303",3,3,0.25,0.15,0,-0.1,-0.4
"p303",4,3,0.55,0.3,-1,-0.25,-0.454545454545455
"p303",4,2,0.55,0.45,-2,-0.1,-0.181818181818182
"p303",5,3,0.55,0.4,-2,-0.15,-0.272727272727273
"p303",5,3,0.25,0.35,-2,0.1,0.4
"p303",4,3,0.25,0.3,-1,0.05,0.2
"p303",3,2,0.55,0.45,-1,-0.1,-0.181818181818182
"p303",5,3,0.25,0.2,-2,-0.0499999999999999,-0.2
"p303",5,3,0.55,0.5,-2,-0.05,-0.090909090909091
"p303",3,2,0.4,0.45,-1,0.05,0.125
"p303",4,3,0.25,0.25,-1,0,0
"p303",3,2,0.55,0.55,-1,0,0
"p303",3,2,0.25,0.3,-1,0.05,0.2
"p303",5,3,0.4,0.3,-2,-0.1,-0.25
"p303",4,3,0.4,0.3,-1,-0.1,-0.25
"p303",4,2,0.55,0.45,-2,-0.1,-0.181818181818182
"p303",3,2,0.4,0.3,-1,-0.1,-0.25
"p303",5,3,0.55,0.45,-2,-0.1,-0.181818181818182
"p303",3,2,0.25,0.2,-1,-0.05,-0.2
"p303",5,3,0.4,0.4,-2,-5.55111512312578e-17,-1.38777878078145e-16
"p303",4,3,0.55,0.3,-1,-0.25,-0.454545454545455
"p303",5,3,0.4,0.35,-2,-0.05,-0.125
"p303",4,3,0.25,0.2,-1,-0.0499999999999999,-0.2
"p303",5,3,0.55,0.35,-2,-0.2,-0.363636363636364
"p303",5,3,0.25,0.15,-2,-0.1,-0.4
"p303",5,3,0.25,0.2,-2,-0.0499999999999999,-0.2
"p303",4,2,0.4,0.4,-2,-5.55111512312578e-17,-1.38777878078145e-16
"p303",5,3,0.55,0.15,-2,-0.4,-0.727272727272727
"p303",3,2,0.4,0.2,-1,-0.2,-0.5
"p303",4,3,0.4,0.2,-1,-0.2,-0.5
"p303",4,3,0.55,0.2,-1,-0.35,-0.636363636363636
"p303",3,2,0.25,0.15,-1,-0.1,-0.4
"p303",4,3,0.4,0.3,-1,-0.1,-0.25
"p303",4,2,0.25,0.1,-2,-0.15,-0.6
"p303",5,3,0.25,0.2,-2,-0.0499999999999999,-0.2
"p303",4,2,0.25,0.2,-2,-0.05,-0.2
"p303",3,2,0.55,0.4,-1,-0.15,-0.272727272727273
"p303",4,2,0.55,0.45,-2,-0.1,-0.181818181818182
"p303",5,3,0.25,0.15,-2,-0.1,-0.4
"p303",4,2,0.25,0.15,-2,-0.1,-0.4
"p303",5,3,0.4,0.2,-2,-0.2,-0.5
"p303",3,2,0.55,0.45,-1,-0.1,-0.181818181818182
"p303",3,2,0.55,0.5,-1,-0.05,-0.090909090909091
"p303",3,2,0.25,0.15,-1,-0.1,-0.4
"p303",3,2,0.25,0.2,-1,-0.05,-0.2
"p303",5,3,0.25,0.25,-2,5.55111512312578e-17,2.22044604925031e-16
"p303",4,2,0.25,0.25,-2,0,0
"p303",4,3,0.4,0.15,-1,-0.25,-0.625
"p303",5,3,0.4,0.3,-2,-0.1,-0.25
"p303",3,2,0.55,0.35,-1,-0.2,-0.363636363636364
"p303",3,2,0.55,0.3,-1,-0.25,-0.454545454545455
"p303",4,3,0.25,0.15,-1,-0.1,-0.4
"p303",3,2,0.4,0.25,-1,-0.15,-0.375
"p303",5,3,0.55,0.35,-2,-0.2,-0.363636363636364
"p303",3,2,0.25,0.15,-1,-0.1,-0.4
"p303",5,3,0.25,0.15,-2,-0.1,-0.4
"p303",4,2,0.55,0.5,-2,-0.05,-0.090909090909091
"p303",3,2,0.4,0.35,-1,-0.05,-0.125
"p303",3,2,0.25,0.2,-1,-0.0499999999999999,-0.2
"p303",4,2,0.25,0.15,-2,-0.1,-0.4
"p303",5,3,0.55,0.55,-2,0,0
"p303",3,2,0.55,0.4,-1,-0.15,-0.272727272727273
"p303",4,2,0.25,0.25,-2,5.55111512312578e-17,2.22044604925031e-16
"p303",5,3,0.25,0.2,-2,-0.0499999999999999,-0.2
"p303",3,2,0.25,0.15,-1,-0.1,-0.4
"p303",5,4,0.4,0.35,-1,-0.05,-0.125
"p303",4,2,0.25,0.2,-2,-0.05,-0.2
"p303",4,3,0.25,0.25,-1,5.55111512312578e-17,2.22044604925031e-16
"p303",4,3,0.55,0.45,-1,-0.1,-0.181818181818182
"p303",3,2,0.4,0.35,-1,-0.05,-0.125
"p303",5,3,0.25,0.15,-2,-0.1,-0.4
"p303",5,3,0.4,0.35,-2,-0.05,-0.125
"p303",4,3,0.55,0.4,-1,-0.15,-0.272727272727273
"p303",4,3,0.4,0.2,-1,-0.2,-0.5
"p303",3,2,0.55,0.45,-1,-0.1,-0.181818181818182
"p303",3,2,0.25,0.25,-1,0,0
"p303",5,3,0.4,0.3,-2,-0.1,-0.25
"p303",4,3,0.25,0.3,-1,0.05,0.2
"p303",5,3,0.4,0.35,-2,-0.05,-0.125
"p303",5,4,0.25,0.25,-1,5.55111512312578e-17,2.22044604925031e-16
"p303",5,4,0.55,0.45,-1,-0.1,-0.181818181818182
"p303",4,3,0.25,0.3,-1,0.05,0.2
"p303",5,3,0.55,0.4,-2,-0.15,-0.272727272727273
"p303",3,2,0.4,0.3,-1,-0.1,-0.25
"p303",3,2,0.55,0.4,-1,-0.15,-0.272727272727273
"p303",4,3,0.55,0.5,-1,-0.05,-0.090909090909091
"p303",3,2,0.25,0.25,-1,5.55111512312578e-17,2.22044604925031e-16
"p303",3,2,0.55,0.4,-1,-0.15,-0.272727272727273
"p303",5,4,0.4,0.3,-1,-0.1,-0.25
"p303",3,2,0.55,0.45,-1,-0.1,-0.181818181818182
"p303",4,2,0.4,0.25,-2,-0.15,-0.375
"p303",3,2,0.25,0.3,-1,0.05,0.2
"p303",5,4,0.55,0.35,-1,-0.2,-0.363636363636364
"p303",4,3,0.4,0.3,-1,-0.1,-0.25
"p303",3,2,0.4,0.4,-1,-5.55111512312578e-17,-1.38777878078145e-16
"p303",3,2,0.25,0.25,-1,5.55111512312578e-17,2.22044604925031e-16
"p303",3,2,0.55,0.3,-1,-0.25,-0.454545454545455
"p303",4,2,0.4,0.3,-2,-0.1,-0.25
"p303",4,2,0.55,0.55,-2,0,0
"p303",4,2,0.55,0.8,-2,0.25,0.454545454545455
"p303",3,2,0.25,0.2,-1,-0.0499999999999999,-0.2
"p303",5,3,0.55,0.4,-2,-0.15,-0.272727272727273
"p303",5,4,0.25,0.25,-1,5.55111512312578e-17,2.22044604925031e-16
"p303",3,2,0.25,0.3,-1,0.05,0.2
"p303",3,2,0.4,0.45,-1,0.0499999999999999,0.125
"p303",5,4,0.25,0.15,-1,-0.1,-0.4
"p303",4,3,0.25,0.2,-1,-0.05,-0.2
"p303",3,3,0.4,0.35,0,-0.05,-0.125
"p303",5,4,0.25,0.3,-1,0.05,0.2
"p303",5,4,0.25,0.15,-1,-0.1,-0.4
"p303",4,3,0.4,0.4,-1,0,0
"p303",3,2,0.25,0.15,-1,-0.1,-0.4
"p303",4,2,0.25,0.2,-2,-0.0499999999999999,-0.2
"p303",3,2,0.55,0.4,-1,-0.15,-0.272727272727273
"p303",5,4,0.25,0.25,-1,5.55111512312578e-17,2.22044604925031e-16
"p303",3,2,0.4,0.3,-1,-0.1,-0.25
"p303",4,2,0.55,0.65,-2,0.1,0.181818181818182
"p303",5,3,0.25,0.25,-2,0,0
"p303",4,2,0.4,0.35,-2,-0.05,-0.125
"p303",5,3,0.4,0.3,-2,-0.1,-0.25
"p303",4,2,0.25,0.3,-2,0.05,0.2
"p303",5,3,0.55,0.3,-2,-0.25,-0.454545454545455
"p303",4,2,0.25,0.3,-2,0.05,0.2
"p303",4,2,0.55,0.4,-2,-0.15,-0.272727272727273
"p303",5,3,0.55,0.5,-2,-0.05,-0.090909090909091
"p303",4,2,0.25,0.25,-2,5.55111512312578e-17,2.22044604925031e-16
"p303",5,3,0.25,0.4,-2,0.15,0.6
"p303",4,2,0.55,0.4,-2,-0.15,-0.272727272727273
"p303",3,2,0.4,0.4,-1,-5.55111512312578e-17,-1.38777878078145e-16
"p303",3,3,0.25,0.3,0,0.05,0.2
"p303",3,2,0.4,0.25,-1,-0.15,-0.375
"p303",3,2,0.55,0.55,-1,0,0
"p303",5,3,0.25,0.35,-2,0.1,0.4
"p303",3,2,0.25,0.25,-1,5.55111512312578e-17,2.22044604925031e-16
"p303",3,2,0.25,0.25,-1,5.55111512312578e-17,2.22044604925031e-16
"p303",5,3,0.4,0.25,-2,-0.15,-0.375
"p303",3,3,0.25,0.2,0,-0.0499999999999999,-0.2
"p303",5,3,0.25,0.1,-2,-0.15,-0.6
"p303",4,4,0.25,0.35,0,0.1,0.4
"p303",4,2,0.4,0.2,-2,-0.2,-0.5
"p303",4,3,0.4,0.3,-1,-0.1,-0.25
"p303",5,4,0.55,0.4,-1,-0.15,-0.272727272727273
"p303",3,2,0.4,0.3,-1,-0.1,-0.25
"p303",5,3,0.55,0.25,-2,-0.3,-0.545454545454546
"p303",4,2,0.55,0.35,-2,-0.2,-0.363636363636364
"p303",3,2,0.55,0.35,-1,-0.2,-0.363636363636364
"p303",3,2,0.55,0.25,-1,-0.3,-0.545454545454546
"p303",5,3,0.25,0.25,-2,5.55111512312578e-17,2.22044604925031e-16
"p303",5,4,0.55,0.4,-1,-0.15,-0.272727272727273
"p303",4,3,0.4,0.25,-1,-0.15,-0.375
"p303",4,2,0.4,0.2,-2,-0.2,-0.5
"p303",3,3,0.4,0.3,0,-0.1,-0.25
"p303",4,2,0.55,0.3,-2,-0.25,-0.454545454545455
"p303",3,3,0.55,0.3,0,-0.25,-0.454545454545455
"p303",5,2,0.25,0.25,-3,5.55111512312578e-17,2.22044604925031e-16
"p303",5,3,0.4,0.25,-2,-0.15,-0.375
"p303",3,2,0.55,0.3,-1,-0.25,-0.454545454545455
"p303",5,3,0.4,0.3,-2,-0.1,-0.25
"p303",4,3,0.25,0.25,-1,5.55111512312578e-17,2.22044604925031e-16
"p303",5,4,0.4,0.2,-1,-0.2,-0.5
"p303",4,2,0.25,0.2,-2,-0.05,-0.2
"p303",3,2,0.25,0.25,-1,5.55111512312578e-17,2.22044604925031e-16
"p303",3,2,0.25,0.25,-1,5.55111512312578e-17,2.22044604925031e-16
"p303",3,3,0.25,0.15,0,-0.1,-0.4
"p303",4,2,0.55,0.4,-2,-0.15,-0.272727272727273
"p303",4,2,0.25,0.35,-2,0.1,0.4
"p303",4,2,0.55,0.45,-2,-0.1,-0.181818181818182
"p303",3,2,0.4,0.25,-1,-0.15,-0.375
"p303",5,3,0.55,0.35,-2,-0.2,-0.363636363636364
"p303",4,2,0.4,0.25,-2,-0.15,-0.375
"p303",4,2,0.25,0.25,-2,5.55111512312578e-17,2.22044604925031e-16
"p303",3,2,0.55,0.4,-1,-0.15,-0.272727272727273
"p303",5,3,0.25,0.15,-2,-0.1,-0.4
"p303",4,2,0.55,0.25,-2,-0.3,-0.545454545454546
"p303",4,2,0.4,0.15,-2,-0.25,-0.625
"p303",3,3,0.4,0.2,0,-0.2,-0.5
"p303",5,3,0.4,0.2,-2,-0.2,-0.5
"p303",5,3,0.25,0.2,-2,-0.05,-0.2
"p303",3,2,0.55,0.2,-1,-0.35,-0.636363636363636
"p303",3,2,0.4,0.25,-1,-0.15,-0.375
"p303",5,4,0.4,0.25,-1,-0.15,-0.375
"p303",5,4,0.4,0.3,-1,-0.1,-0.25
"p303",3,2,0.25,0.15,-1,-0.0999999999999999,-0.4
"p303",4,3,0.4,0.25,-1,-0.15,-0.375
"p303",5,3,0.55,0.35,-2,-0.2,-0.363636363636364
"p303",3,3,0.55,0.25,0,-0.3,-0.545454545454546
"p303",5,4,0.25,0.15,-1,-0.0999999999999999,-0.4
"p303",3,3,0.25,0.2,0,-0.05,-0.2
"p303",5,4,0.55,0.35,-1,-0.2,-0.363636363636364
"p303",5,3,0.25,0.2,-2,-0.05,-0.2
"p303",3,2,0.55,0.35,-1,-0.2,-0.363636363636364
"p303",3,2,0.25,0.2,-1,-0.0499999999999999,-0.2
"p303",4,3,0.4,0.25,-1,-0.15,-0.375
"p303",3,2,0.25,0.2,-1,-0.0499999999999999,-0.2
"p303",5,4,0.25,0.15,-1,-0.0999999999999999,-0.4
"p303",4,3,0.25,0.25,-1,0,0
"p303",4,3,0.25,0.15,-1,-0.1,-0.4
"p303",5,3,0.55,0.55,-2,-1.11022302462516e-16,-2.01858731750028e-16
"p303",4,3,0.55,0.6,-1,0.05,0.090909090909091
"p303",3,2,0.4,0.25,-1,-0.15,-0.375
"p303",4,3,0.25,0.1,-1,-0.15,-0.6
"p303",5,4,0.25,0.2,-1,-0.0499999999999999,-0.2
"p303",5,3,0.25,0.15,-2,-0.1,-0.4
"p303",5,3,0.4,0.25,-2,-0.15,-0.375
"p303",3,2,0.55,0.4,-1,-0.15,-0.272727272727273
"p303",4,2,0.25,0.2,-2,-0.05,-0.2
"p303",4,2,0.25,0.2,-2,-0.0499999999999999,-0.2
"p303",5,4,0.55,0.4,-1,-0.15,-0.272727272727273
"p303",3,2,0.55,0.35,-1,-0.2,-0.363636363636364
"p303",3,2,0.4,0.25,-1,-0.15,-0.375
"p303",4,3,0.4,0.25,-1,-0.15,-0.375
"p303",3,2,0.25,0.2,-1,-0.05,-0.2
"p303",5,3,0.4,0.25,-2,-0.15,-0.375
"p303",4,2,0.55,0.3,-2,-0.25,-0.454545454545455
"p303",3,3,0.25,0.1,0,-0.15,-0.6
"p303",5,2,0.25,0.2,-3,-0.0499999999999999,-0.2
"p303",5,3,0.25,0.2,-2,-0.0499999999999999,-0.2
"p303",4,3,0.4,0.25,-1,-0.15,-0.375
"p303",5,3,0.4,0.4,-2,-5.55111512312578e-17,-1.38777878078145e-16
"p303",4,2,0.4,0.4,-2,-5.55111512312578e-17,-1.38777878078145e-16
"p303",4,3,0.25,0.2,-1,-0.05,-0.2
"p303",3,3,0.4,0.25,0,-0.15,-0.375
"p303",4,3,0.55,0.1,-1,-0.45,-0.818181818181818
"p303",3,2,0.4,0.45,-1,0.05,0.125
"p303",4,3,0.55,0.4,-1,-0.15,-0.272727272727273
"p303",4,2,0.25,0.35,-2,0.1,0.4
"p303",5,3,0.25,0.3,-2,0.05,0.2
"p303",4,3,0.25,0.2,-1,-0.05,-0.2
"p303",5,4,0.25,0.3,-1,0.05,0.2
"p303",3,2,0.55,0.45,-1,-0.1,-0.181818181818182
"p303",5,4,0.25,0.3,-1,0.05,0.2
"p303",5,3,0.4,0.2,-2,-0.2,-0.5
"p303",3,2,0.4,0.35,-1,-0.05,-0.125
"p303",3,2,0.55,0.45,-1,-0.1,-0.181818181818182
"p303",5,4,0.55,0.45,-1,-0.1,-0.181818181818182
"p303",3,2,0.55,0.35,-1,-0.2,-0.363636363636364
"p303",3,2,0.25,0.2,-1,-0.0499999999999999,-0.2
"p303",4,3,0.55,0.35,-1,-0.2,-0.363636363636364
"p303",3,2,0.25,0.25,-1,5.55111512312578e-17,2.22044604925031e-16
"p303",5,3,0.55,0.4,-2,-0.15,-0.272727272727273
"p303",5,3,0.4,0.35,-2,-0.05,-0.125
"p303",5,4,0.4,0.25,-1,-0.15,-0.375
"p303",3,2,0.25,0.2,-1,-0.0499999999999999,-0.2
"p303",3,3,0.55,0.35,0,-0.2,-0.363636363636364
"p303",3,2,0.25,0.2,-1,-0.05,-0.2
"p303",5,3,0.4,0.25,-2,-0.15,-0.375
"p303",3,3,0.25,0.05,0,-0.2,-0.8
"p303",4,3,0.25,0.15,-1,-0.0999999999999999,-0.4
"p303",3,3,0.55,0.5,0,-0.05,-0.090909090909091
"p303",4,2,0.4,0.2,-2,-0.2,-0.5
"p303",4,3,0.25,0.15,-1,-0.0999999999999999,-0.4
"p303",3,3,0.25,0.15,0,-0.0999999999999999,-0.4
"p303",5,4,0.55,0.45,-1,-0.1,-0.181818181818182
"p303",4,2,0.25,0.15,-2,-0.0999999999999999,-0.4
"p303",3,2,0.25,0.15,-1,-0.0999999999999999,-0.4
"p303",4,3,0.25,0.2,-1,-0.05,-0.2
"p303",3,3,0.4,0.4,0,0,0
"p303",5,4,0.55,0.4,-1,-0.15,-0.272727272727273
"p303",4,2,0.55,0.4,-2,-0.15,-0.272727272727273
"p303",4,2,0.55,0.45,-2,-0.1,-0.181818181818182
"p303",5,3,0.25,0.2,-2,-0.05,-0.2
"p303",5,4,0.25,0.2,-1,-0.0499999999999999,-0.2
"p303",5,2,0.55,0.4,-3,-0.15,-0.272727272727273
"p303",4,3,0.4,0.2,-1,-0.2,-0.5
"p303",4,2,0.4,0.25,-2,-0.15,-0.375
"p303",3,2,0.4,0.35,-1,-0.05,-0.125
"p303",3,2,0.55,0.5,-1,-0.05,-0.090909090909091
"p303",3,2,0.55,0.4,-1,-0.15,-0.272727272727273
"p303",5,3,0.55,0.3,-2,-0.25,-0.454545454545455
"p303",3,2,0.25,0.25,-1,5.55111512312578e-17,2.22044604925031e-16
"p303",3,2,0.4,0.25,-1,-0.15,-0.375
"p303",4,3,0.4,0.2,-1,-0.2,-0.5
"p303",3,3,0.25,0.1,0,-0.15,-0.6
"p303",4,2,0.55,0.35,-2,-0.2,-0.363636363636364
"p303",3,3,0.55,0.4,0,-0.15,-0.272727272727273
"p303",3,2,0.25,0.15,-1,-0.1,-0.4
"p303",5,3,0.4,0.3,-2,-0.1,-0.25
"p303",3,2,0.55,0.4,-1,-0.15,-0.272727272727273
"p303",3,2,0.4,0.35,-1,-0.05,-0.125
"p303",5,3,0.25,0.2,-2,-0.0499999999999999,-0.2
"p303",4,3,0.25,0.25,-1,5.55111512312578e-17,2.22044604925031e-16
"p303",3,2,0.4,0.3,-1,-0.1,-0.25
"p303",3,2,0.25,0.15,-1,-0.0999999999999999,-0.4
"p303",5,3,0.55,0.45,-2,-0.1,-0.181818181818182
"p303",3,2,0.25,0.2,-1,-0.05,-0.2
"p303",5,4,0.25,0.25,-1,5.55111512312578e-17,2.22044604925031e-16
"p303",3,2,0.55,0.4,-1,-0.15,-0.272727272727273
"p303",3,2,0.25,0.3,-1,0.05,0.2
"p303",3,2,0.25,0.15,-1,-0.1,-0.4
"p303",4,2,0.4,0.35,-2,-0.05,-0.125
"p303",4,3,0.55,0.45,-1,-0.1,-0.181818181818182
"p303",5,4,0.55,0.4,-1,-0.15,-0.272727272727273
"p303",3,3,0.4,0.3,0,-0.1,-0.25
"p303",4,2,0.25,0.25,-2,5.55111512312578e-17,2.22044604925031e-16
"p303",5,3,0.4,0.35,-2,-0.05,-0.125
"p303",4,2,0.25,0.2,-2,-0.05,-0.2
"p303",4,3,0.4,0.25,-1,-0.15,-0.375
"p303",4,2,0.25,0.25,-2,5.55111512312578e-17,2.22044604925031e-16
"p303",5,4,0.25,0.2,-1,-0.0499999999999999,-0.2
"p303",5,3,0.4,0.25,-2,-0.15,-0.375
"p303",4,2,0.4,0.25,-2,-0.15,-0.375
"p303",4,3,0.25,0.25,-1,5.55111512312578e-17,2.22044604925031e-16
"p303",5,3,0.25,0.2,-2,-0.0499999999999999,-0.2
"p303",5,3,0.25,0.3,-2,0.05,0.2
"p303",4,3,0.55,0.3,-1,-0.25,-0.454545454545455
"p303",5,4,0.4,0.3,-1,-0.1,-0.25
"p303",5,3,0.55,0.3,-2,-0.25,-0.454545454545455
"p303",3,3,0.55,0.4,0,-0.15,-0.272727272727273
"p303",4,3,0.25,0.25,-1,0,0
"p303",5,4,0.25,0.15,-1,-0.1,-0.4
"p303",3,2,0.4,0.3,-1,-0.1,-0.25
"p303",5,3,0.55,0.3,-2,-0.25,-0.454545454545455
"p303",3,2,0.55,0.35,-1,-0.2,-0.363636363636364
"p303",4,4,0.4,0.3,0,-0.1,-0.25
"p303",5,4,0.25,0.2,-1,-0.0499999999999999,-0.2
"p303",5,4,0.4,0.3,-1,-0.1,-0.25
"p303",4,3,0.55,0.35,-1,-0.2,-0.363636363636364
"p303",4,3,0.25,0.25,-1,5.55111512312578e-17,2.22044604925031e-16
"p303",4,4,0.55,0.3,0,-0.25,-0.454545454545455
"p303",5,3,0.4,0.35,-2,-0.05,-0.125
"p303",3,2,0.55,0.4,-1,-0.15,-0.272727272727273
"p303",5,4,0.25,0.2,-1,-0.05,-0.2
"p303",4,2,0.55,0.35,-2,-0.2,-0.363636363636364
"p303",4,3,0.55,0.4,-1,-0.15,-0.272727272727273
"p303",5,3,0.55,0.45,-2,-0.1,-0.181818181818182
"p303",3,2,0.55,0.35,-1,-0.2,-0.363636363636364
"p303",5,3,0.4,0.4,-2,-5.55111512312578e-17,-1.38777878078145e-16
"p303",5,4,0.25,0.25,-1,5.55111512312578e-17,2.22044604925031e-16
"p303",3,3,0.4,0.25,0,-0.15,-0.375
"p303",3,2,0.25,0.2,-1,-0.0499999999999999,-0.2
"p303",4,3,0.55,0.25,-1,-0.3,-0.545454545454546
"p303",4,3,0.25,0.2,-1,-0.0499999999999999,-0.2
"p303",3,2,0.4,0.2,-1,-0.2,-0.5
"p303",3,2,0.25,0.25,-1,5.55111512312578e-17,2.22044604925031e-16
"p303",3,3,0.55,0.4,0,-0.15,-0.272727272727273
"p303",3,2,0.55,0.3,-1,-0.25,-0.454545454545455
"p303",3,3,0.25,0.2,0,-0.0499999999999999,-0.2
"p303",4,2,0.25,0.2,-2,-0.05,-0.2
"p303",5,3,0.25,0.15,-2,-0.1,-0.4
"p303",4,2,0.25,0.25,-2,5.55111512312578e-17,2.22044604925031e-16
"p303",4,3,0.55,0.3,-1,-0.25,-0.454545454545455
"p303",4,3,0.25,0.2,-1,-0.05,-0.2
"p303",3,2,0.25,0.25,-1,5.55111512312578e-17,2.22044604925031e-16
"p303",5,3,0.55,0.4,-2,-0.15,-0.272727272727273
"p303",4,4,0.4,0.25,0,-0.15,-0.375
"p303",4,3,0.4,0.25,-1,-0.15,-0.375
"p303",5,3,0.4,0.25,-2,-0.15,-0.375
"p303",3,3,0.4,0.15,0,-0.25,-0.625
"p303",5,4,0.4,0.3,-1,-0.1,-0.25
"p303",5,3,0.25,0.2,-2,-0.05,-0.2
"p303",4,3,0.25,0.15,-1,-0.1,-0.4
"p303",4,4,0.25,0.15,0,-0.1,-0.4
"p303",4,3,0.4,0.2,-1,-0.2,-0.5
"p303",3,2,0.4,0.15,-1,-0.25,-0.625
"p303",3,2,0.25,0.15,-1,-0.1,-0.4
"p303",4,3,0.4,0.2,-1,-0.2,-0.5
"p303",5,3,0.55,0.2,-2,-0.35,-0.636363636363636
"p303",5,3,0.55,0.45,-2,-0.1,-0.181818181818182
"p303",5,3,0.25,0.2,-2,-0.0499999999999999,-0.2
"p303",3,3,0.55,0.25,0,-0.3,-0.545454545454545
"p303",5,2,0.55,0.45,-3,-0.1,-0.181818181818182
"p303",4,2,0.4,0.3,-2,-0.1,-0.25
"p303",5,3,0.25,0.25,-2,0,0
"p303",4,3,0.55,0.35,-1,-0.2,-0.363636363636364
"p303",4,3,0.25,0.3,-1,0.05,0.2
"p303",5,4,0.4,0.3,-1,-0.1,-0.25
"p303",3,3,0.25,0.25,0,0,0
"p303",3,2,0.4,0.35,-1,-0.05,-0.125
"p303",5,3,0.25,0.2,-2,-0.05,-0.2
"p303",3,2,0.55,0.45,-1,-0.1,-0.181818181818182
"p303",3,2,0.25,0.3,-1,0.05,0.2
"p304",5,4,0.25,0.15,-1,-0.0999999999999999,-0.4
"p304",4,4,0.25,0.15,0,-0.1,-0.4
"p304",3,3,0.55,0.35,0,-0.2,-0.363636363636364
"p304",4,4,0.4,0.25,0,-0.15,-0.375
"p304",4,4,0.25,0.2,0,-0.05,-0.2
"p304",4,4,0.25,0.2,0,-0.05,-0.2
"p304",4,3,0.4,0.35,-1,-0.05,-0.125
"p304",5,4,0.4,0.3,-1,-0.1,-0.25
"p304",3,3,0.55,0.4,0,-0.15,-0.272727272727273
"p304",4,5,0.4,0.3,1,-0.1,-0.25
"p304",3,3,0.25,0.25,0,5.55111512312578e-17,2.22044604925031e-16
"p304",5,5,0.25,0.25,0,5.55111512312578e-17,2.22044604925031e-16
"p304",5,5,0.25,0.25,0,5.55111512312578e-17,2.22044604925031e-16
"p304",4,3,0.25,0.2,-1,-0.05,-0.2
"p304",4,3,0.55,0.4,-1,-0.15,-0.272727272727273
"p304",5,5,0.4,0.35,0,-0.05,-0.125
"p304",5,5,0.55,0.4,0,-0.15,-0.272727272727273
"p304",3,4,0.55,0.45,1,-0.1,-0.181818181818182
"p304",5,6,0.4,0.3,1,-0.1,-0.25
"p304",3,3,0.4,0.35,0,-0.05,-0.125
"p304",4,3,0.25,0.2,-1,-0.0499999999999999,-0.2
"p304",5,5,0.55,0.4,0,-0.15,-0.272727272727273
"p304",3,3,0.55,0.5,0,-0.05,-0.090909090909091
"p304",3,3,0.55,0.45,0,-0.1,-0.181818181818182
"p304",4,4,0.55,0.45,0,-0.1,-0.181818181818182
"p304",4,4,0.4,0.25,0,-0.15,-0.375
"p304",5,5,0.4,0.3,0,-0.1,-0.25
"p304",4,4,0.55,0.4,0,-0.15,-0.272727272727273
"p304",4,4,0.4,0.35,0,-0.05,-0.125
"p304",5,5,0.4,0.3,0,-0.1,-0.25
"p304",4,4,0.55,0.4,0,-0.15,-0.272727272727273
"p304",5,5,0.25,0.15,0,-0.1,-0.4
"p304",4,4,0.25,0.15,0,-0.1,-0.4
"p304",3,2,0.4,0.3,-1,-0.1,-0.25
"p304",5,4,0.55,0.35,-1,-0.2,-0.363636363636364
"p304",3,3,0.25,0.15,0,-0.1,-0.4
"p304",4,4,0.25,0.15,0,-0.0999999999999999,-0.4
"p304",5,5,0.55,0.4,0,-0.15,-0.272727272727273
"p304",3,3,0.4,0.35,0,-0.05,-0.125
"p304",4,4,0.55,0.45,0,-0.1,-0.181818181818182
"p304",3,3,0.25,0.2,0,-0.0499999999999999,-0.2
"p304",3,2,0.25,0.15,-1,-0.0999999999999999,-0.4
"p304",3,3,0.55,0.45,0,-0.1,-0.181818181818182
"p304",3,2,0.25,0.15,-1,-0.0999999999999999,-0.4
"p304",3,3,0.25,0.15,0,-0.0999999999999999,-0.4
"p304",3,3,0.4,0.25,0,-0.15,-0.375
"p304",5,5,0.25,0.25,0,5.55111512312578e-17,2.22044604925031e-16
"p304",5,4,0.25,0.2,-1,-0.05,-0.2
"p304",3,3,0.25,0.2,0,-0.05,-0.2
"p304",5,4,0.25,0.2,-1,-0.05,-0.2
"p304",3,3,0.4,0.25,0,-0.15,-0.375
"p304",5,4,0.55,0.4,-1,-0.15,-0.272727272727273
"p304",5,5,0.55,0.4,0,-0.15,-0.272727272727273
"p304",4,4,0.25,0.15,0,-0.1,-0.4
"p304",4,4,0.25,0.15,0,-0.0999999999999999,-0.4
"p304",3,3,0.55,0.35,0,-0.2,-0.363636363636364
"p304",3,3,0.55,0.55,0,0,0
"p304",3,3,0.55,0.45,0,-0.1,-0.181818181818182
"p304",3,3,0.4,0.35,0,-0.05,-0.125
"p304",3,3,0.25,0.2,0,-0.0499999999999999,-0.2
"p304",3,3,0.55,0.35,0,-0.2,-0.363636363636364
"p304",3,3,0.4,0.2,0,-0.2,-0.5
"p304",5,5,0.25,0.2,0,-0.0499999999999999,-0.2
"p304",5,4,0.4,0.3,-1,-0.1,-0.25
"p304",4,3,0.55,0.55,-1,0,0
"p304",3,3,0.25,0.15,0,-0.0999999999999999,-0.4
"p304",4,3,0.55,0.5,-1,-0.0500000000000001,-0.0909090909090911
"p304",5,4,0.55,0.55,-1,-1.11022302462516e-16,-2.01858731750028e-16
"p304",5,5,0.25,0.15,0,-0.0999999999999999,-0.4
"p304",4,3,0.25,0.2,-1,-0.0499999999999999,-0.2
"p304",5,5,0.25,0.2,0,-0.0499999999999999,-0.2
"p304",4,4,0.4,0.25,0,-0.15,-0.375
"p304",5,4,0.55,0.35,-1,-0.2,-0.363636363636364
"p304",3,3,0.25,0.2,0,-0.05,-0.2
"p304",4,3,0.55,0.4,-1,-0.15,-0.272727272727273
"p304",4,4,0.4,0.25,0,-0.15,-0.375
"p304",3,3,0.25,0.15,0,-0.0999999999999999,-0.4
"p304",3,3,0.4,0.3,0,-0.1,-0.25
"p304",5,4,0.25,0.15,-1,-0.1,-0.4
"p304",5,5,0.55,0.35,0,-0.2,-0.363636363636364
"p304",5,5,0.25,0.2,0,-0.0499999999999999,-0.2
"p304",4,3,0.55,0.4,-1,-0.15,-0.272727272727273
"p304",5,4,0.4,0.25,-1,-0.15,-0.375
"p304",4,4,0.55,0.25,0,-0.3,-0.545454545454546
"p304",5,5,0.4,0.25,0,-0.15,-0.375
"p304",5,5,0.25,0.1,0,-0.15,-0.6
"p304",3,3,0.4,0.35,0,-0.05,-0.125
"p304",4,3,0.25,0.15,-1,-0.1,-0.4
"p304",4,3,0.4,0.35,-1,-0.05,-0.125
"p304",4,4,0.25,0.25,0,5.55111512312578e-17,2.22044604925031e-16
"p304",5,5,0.4,0.3,0,-0.1,-0.25
"p304",3,3,0.25,0.15,0,-0.0999999999999999,-0.4
"p304",3,3,0.4,0.35,0,-0.05,-0.125
"p304",5,5,0.55,0.35,0,-0.2,-0.363636363636364
"p304",4,4,0.4,0.35,0,-0.05,-0.125
"p304",3,3,0.55,0.5,0,-0.05,-0.090909090909091
"p304",4,4,0.4,0.35,0,-0.05,-0.125
"p304",5,5,0.25,0.15,0,-0.1,-0.4
"p304",5,5,0.4,0.3,0,-0.1,-0.25
"p304",4,4,0.25,0.25,0,5.55111512312578e-17,2.22044604925031e-16
"p304",3,3,0.55,0.5,0,-0.05,-0.090909090909091
"p304",3,3,0.25,0.1,0,-0.15,-0.6
"p304",3,2,0.25,0.2,-1,-0.0499999999999999,-0.2
"p304",4,3,0.25,0.15,-1,-0.0999999999999999,-0.4
"p304",4,3,0.25,0.15,-1,-0.1,-0.4
"p304",5,4,0.25,0.15,-1,-0.1,-0.4
"p304",5,5,0.55,0.35,0,-0.2,-0.363636363636364
"p304",3,2,0.25,0.25,-1,5.55111512312578e-17,2.22044604925031e-16
"p304",4,3,0.4,0.3,-1,-0.1,-0.25
"p304",3,3,0.55,0.35,0,-0.2,-0.363636363636364
"p304",3,2,0.25,0.15,-1,-0.0999999999999999,-0.4
"p304",4,3,0.55,0.35,-1,-0.2,-0.363636363636364
"p304",4,3,0.55,0.4,-1,-0.15,-0.272727272727273
"p304",5,4,0.25,0.15,-1,-0.1,-0.4
"p304",5,4,0.25,0.2,-1,-0.0499999999999999,-0.2
"p304",4,3,0.25,0.2,-1,-0.05,-0.2
"p304",4,3,0.4,0.25,-1,-0.15,-0.375
"p304",3,2,0.25,0.2,-1,-0.0499999999999999,-0.2
"p304",3,2,0.55,0.35,-1,-0.2,-0.363636363636364
"p304",3,2,0.55,0.4,-1,-0.15,-0.272727272727273
"p304",4,3,0.25,0.2,-1,-0.05,-0.2
"p304",5,5,0.4,0.35,0,-0.05,-0.125
"p304",3,3,0.4,0.3,0,-0.1,-0.25
"p304",5,4,0.55,0.35,-1,-0.2,-0.363636363636364
"p304",3,3,0.25,0.2,0,-0.0499999999999999,-0.2
"p304",5,4,0.4,0.3,-1,-0.1,-0.25
"p304",3,2,0.55,0.4,-1,-0.15,-0.272727272727273
"p304",4,3,0.4,0.35,-1,-0.05,-0.125
"p304",5,4,0.55,0.4,-1,-0.15,-0.272727272727273
"p304",5,3,0.55,0.45,-2,-0.1,-0.181818181818182
"p304",4,3,0.55,0.4,-1,-0.15,-0.272727272727273
"p304",5,5,0.4,0.3,0,-0.1,-0.25
"p304",5,4,0.25,0.15,-1,-0.1,-0.4
"p304",5,4,0.4,0.3,-1,-0.1,-0.25
"p304",3,3,0.4,0.3,0,-0.1,-0.25
"p304",4,3,0.55,0.35,-1,-0.2,-0.363636363636364
"p304",4,3,0.25,0.15,-1,-0.0999999999999999,-0.4
"p304",5,4,0.4,0.25,-1,-0.15,-0.375
"p304",3,3,0.55,0.35,0,-0.2,-0.363636363636364
"p304",4,3,0.55,0.45,-1,-0.1,-0.181818181818182
"p304",5,5,0.25,0.2,0,-0.0499999999999999,-0.2
"p304",3,3,0.25,0.2,0,-0.0499999999999999,-0.2
"p304",4,3,0.25,0.2,-1,-0.0499999999999999,-0.2
"p304",3,3,0.4,0.35,0,-0.05,-0.125
"p304",3,3,0.4,0.3,0,-0.1,-0.25
"p304",3,2,0.25,0.2,-1,-0.05,-0.2
"p304",3,2,0.55,0.4,-1,-0.15,-0.272727272727273
"p304",4,3,0.25,0.2,-1,-0.0499999999999999,-0.2
"p304",5,4,0.55,0.45,-1,-0.1,-0.181818181818182
"p304",4,4,0.4,0.35,0,-0.05,-0.125
"p304",3,2,0.4,0.35,-1,-0.05,-0.125
"p304",5,5,0.25,0.15,0,-0.0999999999999999,-0.4
"p304",5,5,0.25,0.15,0,-0.1,-0.4
"p304",4,3,0.25,0.15,-1,-0.1,-0.4
"p304",4,4,0.4,0.3,0,-0.1,-0.25
"p304",3,3,0.25,0.15,0,-0.0999999999999999,-0.4
"p304",3,2,0.25,0.2,-1,-0.05,-0.2
"p304",4,3,0.4,0.3,-1,-0.1,-0.25
"p304",3,2,0.25,0.15,-1,-0.0999999999999999,-0.4
"p304",3,3,0.55,0.35,0,-0.2,-0.363636363636364
"p304",5,4,0.25,0.2,-1,-0.0499999999999999,-0.2
"p304",5,4,0.25,0.2,-1,-0.05,-0.2
"p304",3,3,0.55,0.4,0,-0.15,-0.272727272727273
"p304",3,2,0.55,0.4,-1,-0.15,-0.272727272727273
"p304",5,5,0.25,0.2,0,-0.05,-0.2
"p304",4,3,0.55,0.4,-1,-0.15,-0.272727272727273
"p304",5,5,0.55,0.4,0,-0.15,-0.272727272727273
"p304",4,3,0.25,0.2,-1,-0.0499999999999999,-0.2
"p304",4,3,0.4,0.35,-1,-0.05,-0.125
"p304",3,2,0.55,0.45,-1,-0.1,-0.181818181818182
"p304",5,4,0.4,0.4,-1,0,0
"p304",4,3,0.55,0.45,-1,-0.1,-0.181818181818182
"p304",3,2,0.25,0.2,-1,-0.05,-0.2
"p304",4,3,0.25,0.2,-1,-0.0499999999999999,-0.2
"p304",5,5,0.4,0.25,0,-0.15,-0.375
"p304",3,2,0.25,0.2,-1,-0.0499999999999999,-0.2
"p304",5,4,0.25,0.2,-1,-0.0499999999999999,-0.2
"p304",4,3,0.4,0.25,-1,-0.15,-0.375
"p304",3,3,0.4,0.3,0,-0.1,-0.25
"p304",4,3,0.55,0.4,-1,-0.15,-0.272727272727273
"p304",5,4,0.25,0.25,-1,0,0
"p304",4,4,0.25,0.25,0,0,0
"p304",5,4,0.55,0.3,-1,-0.25,-0.454545454545455
"p304",5,5,0.55,0.35,0,-0.2,-0.363636363636364
"p304",3,2,0.25,0.25,-1,5.55111512312578e-17,2.22044604925031e-16
"p304",3,3,0.4,0.3,0,-0.1,-0.25
"p304",5,4,0.4,0.3,-1,-0.1,-0.25
"p304",3,2,0.25,0.2,-1,-0.05,-0.2
"p304",5,4,0.25,0.25,-1,5.55111512312578e-17,2.22044604925031e-16
"p304",3,3,0.55,0.35,0,-0.2,-0.363636363636364
"p304",4,3,0.25,0.2,-1,-0.05,-0.2
"p304",4,3,0.25,0.2,-1,-0.05,-0.2
"p304",4,4,0.55,0.35,0,-0.2,-0.363636363636364
"p304",5,4,0.25,0.15,-1,-0.0999999999999999,-0.4
"p304",4,3,0.25,0.25,-1,0,0
"p304",4,3,0.55,0.4,-1,-0.15,-0.272727272727273
"p304",3,2,0.4,0.4,-1,-5.55111512312578e-17,-1.38777878078145e-16
"p304",3,2,0.4,0.4,-1,-5.55111512312578e-17,-1.38777878078145e-16
"p304",3,2,0.55,0.45,-1,-0.1,-0.181818181818182
"p304",4,3,0.4,0.35,-1,-0.05,-0.125
"p304",4,3,0.25,0.2,-1,-0.05,-0.2
"p304",5,5,0.4,0.35,0,-0.05,-0.125
"p304",4,4,0.4,0.3,0,-0.1,-0.25
"p304",5,4,0.4,0.25,-1,-0.15,-0.375
"p304",3,2,0.25,0.2,-1,-0.0499999999999999,-0.2
"p304",3,2,0.4,0.25,-1,-0.15,-0.375
"p304",5,3,0.55,0.4,-2,-0.15,-0.272727272727273
"p304",5,4,0.55,0.4,-1,-0.15,-0.272727272727273
"p304",5,5,0.55,0.45,0,-0.1,-0.181818181818182
"p304",5,3,0.55,0.3,-2,-0.25,-0.454545454545455
"p304",3,2,0.4,0.35,-1,-0.05,-0.125
"p304",3,2,0.25,0.2,-1,-0.0499999999999999,-0.2
"p304",4,3,0.25,0.2,-1,-0.05,-0.2
"p304",4,3,0.4,0.3,-1,-0.1,-0.25
"p304",3,2,0.55,0.45,-1,-0.1,-0.181818181818182
"p304",3,2,0.25,0.2,-1,-0.05,-0.2
"p304",3,2,0.4,0.3,-1,-0.1,-0.25
"p304",5,4,0.25,0.2,-1,-0.0499999999999999,-0.2
"p304",3,3,0.4,0.3,0,-0.1,-0.25
"p304",4,3,0.55,0.45,-1,-0.1,-0.181818181818182
"p304",3,2,0.25,0.2,-1,-0.05,-0.2
"p304",5,4,0.25,0.2,-1,-0.0499999999999999,-0.2
"p304",4,3,0.55,0.45,-1,-0.1,-0.181818181818182
"p304",4,3,0.25,0.2,-1,-0.0499999999999999,-0.2
"p304",4,3,0.25,0.3,-1,0.05,0.2
"p304",3,2,0.55,0.4,-1,-0.15,-0.272727272727273
"p304",3,2,0.55,0.45,-1,-0.1,-0.181818181818182
"p304",5,4,0.55,0.45,-1,-0.1,-0.181818181818182
"p304",5,4,0.25,0.25,-1,5.55111512312578e-17,2.22044604925031e-16
"p304",5,4,0.55,0.45,-1,-0.1,-0.181818181818182
"p304",5,4,0.25,0.2,-1,-0.0499999999999999,-0.2
"p304",4,3,0.4,0.25,-1,-0.15,-0.375
"p304",4,3,0.55,0.5,-1,-0.05,-0.090909090909091
"p304",5,5,0.25,0.2,0,-0.05,-0.2
"p304",4,4,0.25,0.2,0,-0.0499999999999999,-0.2
"p304",4,3,0.25,0.15,-1,-0.0999999999999999,-0.4
"p304",4,3,0.4,0.3,-1,-0.1,-0.25
"p304",5,4,0.4,0.25,-1,-0.15,-0.375
"p304",5,4,0.25,0.2,-1,-0.0499999999999999,-0.2
"p304",5,4,0.4,0.35,-1,-0.05,-0.125
"p304",5,4,0.4,0.3,-1,-0.1,-0.25
"p304",4,3,0.25,0.15,-1,-0.1,-0.4
"p304",3,2,0.25,0.15,-1,-0.0999999999999999,-0.4
"p304",5,3,0.25,0.2,-2,-0.05,-0.2
"p304",4,3,0.4,0.3,-1,-0.1,-0.25
"p304",5,4,0.4,0.35,-1,-0.05,-0.125
"p304",4,3,0.4,0.3,-1,-0.1,-0.25
"p304",3,2,0.55,0.5,-1,-0.0500000000000001,-0.0909090909090911
"p304",4,3,0.55,0.5,-1,-0.05,-0.090909090909091
"p304",5,4,0.55,0.45,-1,-0.1,-0.181818181818182
"p304",5,5,0.4,0.35,0,-0.05,-0.125
"p304",3,2,0.55,0.45,-1,-0.1,-0.181818181818182
"p304",3,3,0.55,0.45,0,-0.1,-0.181818181818182
"p304",3,2,0.4,0.3,-1,-0.1,-0.25
"p304",3,2,0.4,0.3,-1,-0.1,-0.25
"p304",4,3,0.55,0.4,-1,-0.15,-0.272727272727273
"p304",3,2,0.25,0.2,-1,-0.0499999999999999,-0.2
"p304",3,2,0.25,0.15,-1,-0.1,-0.4
"p304",4,3,0.25,0.15,-1,-0.1,-0.4
"p304",3,2,0.25,0.15,-1,-0.1,-0.4
"p304",5,4,0.25,0.15,-1,-0.1,-0.4
"p304",3,2,0.55,0.35,-1,-0.2,-0.363636363636364
"p304",5,4,0.4,0.3,-1,-0.1,-0.25
"p304",3,2,0.4,0.35,-1,-0.05,-0.125
"p304",5,5,0.55,0.35,0,-0.2,-0.363636363636364
"p304",5,3,0.25,0.25,-2,5.55111512312578e-17,2.22044604925031e-16
"p304",4,3,0.55,0.45,-1,-0.1,-0.181818181818182
"p304",5,4,0.55,0.45,-1,-0.1,-0.181818181818182
"p304",5,5,0.4,0.4,0,-5.55111512312578e-17,-1.38777878078145e-16
"p304",5,4,0.25,0.25,-1,5.55111512312578e-17,2.22044604925031e-16
"p304",3,2,0.25,0.2,-1,-0.0499999999999999,-0.2
"p304",4,3,0.55,0.55,-1,0,0
"p304",5,4,0.55,0.5,-1,-0.0500000000000001,-0.0909090909090911
"p304",3,3,0.25,0.2,0,-0.0499999999999999,-0.2
"p304",4,4,0.25,0.2,0,-0.0499999999999999,-0.2
"p304",4,3,0.4,0.4,-1,-5.55111512312578e-17,-1.38777878078145e-16
"p304",5,5,0.4,0.35,0,-0.05,-0.125
"p304",4,3,0.4,0.4,-1,-5.55111512312578e-17,-1.38777878078145e-16
"p304",3,2,0.55,0.5,-1,-0.05,-0.090909090909091
"p304",3,2,0.25,0.2,-1,-0.05,-0.2
"p304",4,3,0.25,0.2,-1,-0.05,-0.2
"p304",3,2,0.55,0.45,-1,-0.1,-0.181818181818182
"p304",5,4,0.4,0.35,-1,-0.05,-0.125
"p304",3,2,0.25,0.2,-1,-0.0499999999999999,-0.2
"p304",3,2,0.25,0.2,-1,-0.05,-0.2
"p304",4,3,0.55,0.45,-1,-0.1,-0.181818181818182
"p304",4,3,0.25,0.25,-1,0,0
"p304",4,3,0.25,0.15,-1,-0.0999999999999999,-0.4
"p304",5,4,0.25,0.2,-1,-0.0499999999999999,-0.2
"p304",3,2,0.25,0.2,-1,-0.0499999999999999,-0.2
"p304",4,3,0.25,0.15,-1,-0.1,-0.4
"p304",3,2,0.4,0.25,-1,-0.15,-0.375
"p304",4,4,0.25,0.15,0,-0.0999999999999999,-0.4
"p304",4,3,0.4,0.3,-1,-0.1,-0.25
"p304",3,2,0.25,0.15,-1,-0.1,-0.4
"p304",5,5,0.25,0.15,0,-0.0999999999999999,-0.4
"p304",3,3,0.55,0.35,0,-0.2,-0.363636363636364
"p304",4,4,0.25,0.2,0,-0.0499999999999999,-0.2
"p304",5,4,0.4,0.4,-1,-5.55111512312578e-17,-1.38777878078145e-16
"p304",4,4,0.4,0.35,0,-0.05,-0.125
"p304",5,5,0.55,0.5,0,-0.05,-0.090909090909091
"p304",4,3,0.55,0.55,-1,0,0
"p304",3,2,0.4,0.4,-1,0,0
"p304",3,3,0.55,0.45,0,-0.1,-0.181818181818182
"p304",5,5,0.25,0.2,0,-0.05,-0.2
"p304",4,3,0.55,0.4,-1,-0.15,-0.272727272727273
"p304",5,4,0.55,0.5,-1,-0.05,-0.090909090909091
"p304",3,2,0.55,0.4,-1,-0.15,-0.272727272727273
"p304",3,3,0.4,0.35,0,-0.05,-0.125
"p304",4,3,0.4,0.35,-1,-0.05,-0.125
"p304",3,2,0.4,0.25,-1,-0.15,-0.375
"p304",5,4,0.25,0.2,-1,-0.05,-0.2
"p304",5,4,0.55,0.4,-1,-0.15,-0.272727272727273
"p304",5,5,0.55,0.4,0,-0.15,-0.272727272727273
"p304",5,4,0.4,0.3,-1,-0.1,-0.25
"p304",3,3,0.55,0.4,0,-0.15,-0.272727272727273
"p304",5,4,0.55,0.4,-1,-0.15,-0.272727272727273
"p304",3,2,0.4,0.4,-1,-5.55111512312578e-17,-1.38777878078145e-16
"p304",3,2,0.4,0.3,-1,-0.1,-0.25
"p304",4,3,0.25,0.2,-1,-0.0499999999999999,-0.2
"p304",5,5,0.25,0.15,0,-0.0999999999999999,-0.4
"p304",5,4,0.4,0.3,-1,-0.1,-0.25
"p304",4,3,0.4,0.35,-1,-0.05,-0.125
"p304",4,3,0.25,0.2,-1,-0.0499999999999999,-0.2
"p304",3,2,0.25,0.2,-1,-0.05,-0.2
"p304",3,3,0.4,0.25,0,-0.15,-0.375
"p304",4,3,0.25,0.15,-1,-0.0999999999999999,-0.4
"p304",4,3,0.55,0.4,-1,-0.15,-0.272727272727273
"p304",4,4,0.55,0.4,0,-0.15,-0.272727272727273
"p304",3,3,0.4,0.35,0,-0.05,-0.125
"p304",4,3,0.4,0.35,-1,-0.05,-0.125
"p304",3,3,0.25,0.15,0,-0.0999999999999999,-0.4
"p304",3,3,0.4,0.25,0,-0.15,-0.375
"p304",3,3,0.55,0.45,0,-0.1,-0.181818181818182
"p304",4,3,0.4,0.3,-1,-0.1,-0.25
"p304",3,3,0.25,0.2,0,-0.0499999999999999,-0.2
"p304",4,3,0.55,0.5,-1,-0.0500000000000001,-0.0909090909090911
"p304",3,2,0.25,0.15,-1,-0.0999999999999999,-0.4
"p304",4,3,0.55,0.3,-1,-0.25,-0.454545454545455
"p304",3,3,0.25,0.15,0,-0.1,-0.4
"p304",3,2,0.55,0.4,-1,-0.15,-0.272727272727273
"p304",5,4,0.25,0.15,-1,-0.0999999999999999,-0.4
"p304",5,5,0.4,0.25,0,-0.15,-0.375
"p304",3,2,0.55,0.35,-1,-0.2,-0.363636363636364
"p304",3,3,0.55,0.35,0,-0.2,-0.363636363636364
"p304",5,4,0.25,0.2,-1,-0.0499999999999999,-0.2
"p304",5,4,0.4,0.25,-1,-0.15,-0.375
"p304",5,5,0.4,0.3,0,-0.1,-0.25
"p304",4,3,0.4,0.3,-1,-0.1,-0.25
"p304",5,5,0.25,0.15,0,-0.1,-0.4
"p304",4,3,0.55,0.35,-1,-0.2,-0.363636363636364
"p304",5,4,0.55,0.4,-1,-0.15,-0.272727272727273
"p304",4,3,0.25,0.2,-1,-0.05,-0.2
"p304",3,2,0.55,0.4,-1,-0.15,-0.272727272727273
"p304",4,4,0.25,0.2,0,-0.05,-0.2
"p304",5,4,0.55,0.4,-1,-0.15,-0.272727272727273
"p304",3,2,0.25,0.1,-1,-0.15,-0.6
"p304",4,3,0.4,0.25,-1,-0.15,-0.375
"p304",3,2,0.25,0.15,-1,-0.1,-0.4
"p304",5,4,0.25,0.15,-1,-0.1,-0.4
"p304",5,4,0.25,0.15,-1,-0.1,-0.4
"p304",4,3,0.25,0.15,-1,-0.0999999999999999,-0.4
"p304",4,3,0.25,0.2,-1,-0.05,-0.2
"p304",5,4,0.25,0.15,-1,-0.1,-0.4
"p304",4,3,0.4,0.35,-1,-0.05,-0.125
"p304",4,3,0.4,0.35,-1,-0.05,-0.125
"p304",3,2,0.4,0.25,-1,-0.15,-0.375
"p304",3,3,0.25,0.25,0,0,0
"p304",3,2,0.55,0.4,-1,-0.15,-0.272727272727273
"p304",3,2,0.4,0.35,-1,-0.05,-0.125
"p304",4,3,0.55,0.45,-1,-0.1,-0.181818181818182
"p304",5,4,0.25,0.15,-1,-0.0999999999999999,-0.4
"p304",4,3,0.25,0.15,-1,-0.0999999999999999,-0.4
"p304",3,2,0.55,0.4,-1,-0.15,-0.272727272727273
"p304",3,3,0.4,0.3,0,-0.1,-0.25
"p304",5,5,0.25,0.2,0,-0.0499999999999999,-0.2
"p304",5,5,0.55,0.35,0,-0.2,-0.363636363636364
"p304",5,4,0.25,0.2,-1,-0.0499999999999999,-0.2
"p304",3,3,0.4,0.25,0,-0.15,-0.375
"p304",3,3,0.25,0.2,0,-0.05,-0.2
"p304",4,3,0.55,0.4,-1,-0.15,-0.272727272727273
"p304",3,2,0.25,0.15,-1,-0.0999999999999999,-0.4
"p304",4,3,0.25,0.15,-1,-0.1,-0.4
"p304",4,3,0.55,0.4,-1,-0.15,-0.272727272727273
"p304",5,5,0.25,0.15,0,-0.0999999999999999,-0.4
"p304",3,2,0.55,0.5,-1,-0.05,-0.090909090909091
"p304",5,4,0.4,0.3,-1,-0.1,-0.25
"p304",3,3,0.25,0.2,0,-0.05,-0.2
"p304",5,4,0.55,0.35,-1,-0.2,-0.363636363636364
"p304",5,4,0.55,0.4,-1,-0.15,-0.272727272727273
"p304",3,2,0.25,0.2,-1,-0.0499999999999999,-0.2
"p304",4,4,0.55,0.4,0,-0.15,-0.272727272727273
"p304",3,3,0.4,0.3,0,-0.1,-0.25
"p304",4,3,0.4,0.3,-1,-0.1,-0.25
"p304",4,3,0.55,0.35,-1,-0.2,-0.363636363636364
"p304",5,4,0.55,0.4,-1,-0.15,-0.272727272727273
"p304",4,3,0.25,0.2,-1,-0.0499999999999999,-0.2
"p304",5,4,0.4,0.3,-1,-0.1,-0.25
"p304",4,3,0.4,0.35,-1,-0.05,-0.125
"p304",3,3,0.55,0.45,0,-0.1,-0.181818181818182
"p304",5,4,0.25,0.15,-1,-0.0999999999999999,-0.4
"p304",4,3,0.25,0.2,-1,-0.05,-0.2
"p304",3,3,0.25,0.2,0,-0.0499999999999999,-0.2
"p304",4,3,0.25,0.25,-1,0,0
"p304",5,4,0.25,0.2,-1,-0.0499999999999999,-0.2
"p304",5,5,0.4,0.3,0,-0.1,-0.25
"p304",5,4,0.55,0.4,-1,-0.15,-0.272727272727273
"p304",5,4,0.4,0.35,-1,-0.05,-0.125
"p304",5,4,0.25,0.2,-1,-0.05,-0.2
"p304",4,3,0.25,0.2,-1,-0.0499999999999999,-0.2
"p304",3,3,0.55,0.5,0,-0.05,-0.090909090909091
"p304",5,4,0.4,0.35,-1,-0.05,-0.125
"p304",4,3,0.25,0.25,-1,0,0
"p304",4,4,0.4,0.3,0,-0.1,-0.25
"p304",3,2,0.25,0.25,-1,0,0
"p304",3,3,0.55,0.4,0,-0.15,-0.272727272727273
"p304",4,3,0.4,0.3,-1,-0.1,-0.25
"p304",3,2,0.55,0.4,-1,-0.15,-0.272727272727273
"p304",5,4,0.25,0.2,-1,-0.05,-0.2
"p304",4,3,0.25,0.25,-1,5.55111512312578e-17,2.22044604925031e-16
"p304",5,4,0.4,0.3,-1,-0.1,-0.25
"p304",4,3,0.25,0.2,-1,-0.0499999999999999,-0.2
"p304",5,4,0.55,0.35,-1,-0.2,-0.363636363636364
"p304",5,5,0.25,0.25,0,5.55111512312578e-17,2.22044604925031e-16
"p304",4,3,0.25,0.2,-1,-0.05,-0.2
"p304",3,2,0.25,0.2,-1,-0.0499999999999999,-0.2
"p304",5,4,0.55,0.45,-1,-0.1,-0.181818181818182
"p304",3,2,0.55,0.45,-1,-0.1,-0.181818181818182
"p304",5,5,0.4,0.35,0,-0.05,-0.125
"p304",5,4,0.25,0.25,-1,0,0
"p304",3,2,0.4,0.3,-1,-0.1,-0.25
"p304",3,2,0.55,0.5,-1,-0.05,-0.090909090909091
"p304",3,2,0.55,0.5,-1,-0.0500000000000001,-0.0909090909090911
"p304",3,3,0.55,0.55,0,0,0
"p304",5,4,0.4,0.45,-1,0.05,0.125
"p304",3,2,0.25,0.15,-1,-0.0999999999999999,-0.4
"p304",4,3,0.25,0.15,-1,-0.1,-0.4
"p304",5,4,0.25,0.2,-1,-0.0499999999999999,-0.2
"p304",4,3,0.25,0.2,-1,-0.05,-0.2
"p304",4,4,0.55,0.5,0,-0.0500000000000001,-0.0909090909090911
"p304",4,2,0.55,0.5,-2,-0.05,-0.090909090909091
"p304",5,5,0.55,0.55,0,0,0
"p304",4,3,0.4,0.35,-1,-0.05,-0.125
"p304",4,3,0.55,0.5,-1,-0.05,-0.090909090909091
"p304",4,3,0.4,0.35,-1,-0.05,-0.125
"p304",3,2,0.25,0.2,-1,-0.05,-0.2
"p304",4,3,0.25,0.15,-1,-0.0999999999999999,-0.4
"p304",4,3,0.55,0.4,-1,-0.15,-0.272727272727273
"p304",4,4,0.4,0.35,0,-0.05,-0.125
"p304",4,3,0.25,0.15,-1,-0.0999999999999999,-0.4
"p304",3,2,0.4,0.35,-1,-0.05,-0.125
"p304",5,4,0.4,0.35,-1,-0.05,-0.125
"p304",5,4,0.25,0.2,-1,-0.0499999999999999,-0.2
"p304",3,3,0.25,0.2,0,-0.0499999999999999,-0.2
"p304",4,3,0.4,0.3,-1,-0.1,-0.25
"p304",3,3,0.4,0.35,0,-0.05,-0.125
"p304",5,5,0.25,0.15,0,-0.0999999999999999,-0.4
"p304",3,2,0.25,0.15,-1,-0.1,-0.4
"p304",3,3,0.4,0.35,0,-0.05,-0.125
"p304",3,2,0.25,0.2,-1,-0.05,-0.2
"p304",3,2,0.4,0.3,-1,-0.1,-0.25
"p304",3,2,0.25,0.2,-1,-0.05,-0.2
"p304",5,3,0.25,0.25,-2,5.55111512312578e-17,2.22044604925031e-16
"p304",3,2,0.55,0.45,-1,-0.1,-0.181818181818182
"p304",5,4,0.55,0.4,-1,-0.15,-0.272727272727273
"p304",5,4,0.55,0.45,-1,-0.1,-0.181818181818182
"p304",4,3,0.55,0.35,-1,-0.2,-0.363636363636364
"p304",5,4,0.4,0.35,-1,-0.05,-0.125
"p304",3,2,0.25,0.15,-1,-0.1,-0.4
"p304",4,3,0.25,0.15,-1,-0.1,-0.4
"p304",3,2,0.4,0.3,-1,-0.1,-0.25
"p304",3,2,0.25,0.2,-1,-0.0499999999999999,-0.2
"p304",3,2,0.25,0.2,-1,-0.0499999999999999,-0.2
"p304",3,2,0.55,0.5,-1,-0.05,-0.090909090909091
"p304",4,3,0.4,0.35,-1,-0.05,-0.125
"p304",4,3,0.4,0.4,-1,-5.55111512312578e-17,-1.38777878078145e-16
"p304",4,3,0.55,0.45,-1,-0.1,-0.181818181818182
"p304",4,3,0.55,0.5,-1,-0.05,-0.090909090909091
"p304",5,4,0.55,0.45,-1,-0.1,-0.181818181818182
"p304",3,2,0.55,0.45,-1,-0.1,-0.181818181818182
"p304",3,2,0.55,0.55,-1,0,0
"p304",4,3,0.25,0.2,-1,-0.0499999999999999,-0.2
"p304",3,2,0.25,0.1,-1,-0.15,-0.6
"p304",4,3,0.25,0.1,-1,-0.15,-0.6
"p304",3,2,0.55,0.5,-1,-0.0500000000000001,-0.0909090909090911
"p304",5,4,0.25,0.15,-1,-0.1,-0.4
"p304",4,3,0.25,0.2,-1,-0.0499999999999999,-0.2
"p304",5,4,0.4,0.3,-1,-0.1,-0.25
"p304",4,4,0.25,0.25,0,5.55111512312578e-17,2.22044604925031e-16
"p304",3,3,0.55,0.45,0,-0.1,-0.181818181818182
"p304",5,4,0.4,0.3,-1,-0.1,-0.25
"p304",5,4,0.55,0.4,-1,-0.15,-0.272727272727273
"p304",3,3,0.4,0.35,0,-0.05,-0.125
"p304",4,3,0.4,0.3,-1,-0.1,-0.25
"p304",5,4,0.25,0.25,-1,0,0
"p304",3,3,0.55,0.35,0,-0.2,-0.363636363636364
"p304",5,5,0.25,0.2,0,-0.05,-0.2
"p304",5,5,0.25,0.2,0,-0.0499999999999999,-0.2
"p304",4,3,0.55,0.4,-1,-0.15,-0.272727272727273
"p304",5,4,0.25,0.2,-1,-0.0499999999999999,-0.2
"p304",5,4,0.4,0.3,-1,-0.1,-0.25
"p304",5,4,0.55,0.4,-1,-0.15,-0.272727272727273
"p304",5,5,0.4,0.35,0,-0.05,-0.125
"p304",5,4,0.25,0.2,-1,-0.0499999999999999,-0.2
"p304",3,3,0.25,0.2,0,-0.05,-0.2
"p304",4,3,0.55,0.4,-1,-0.15,-0.272727272727273
"p304",5,4,0.25,0.2,-1,-0.05,-0.2
"p304",3,2,0.25,0.15,-1,-0.0999999999999999,-0.4
"p304",3,2,0.4,0.35,-1,-0.05,-0.125
"p304",3,2,0.4,0.3,-1,-0.1,-0.25
"p304",4,3,0.25,0.2,-1,-0.0499999999999999,-0.2
"p304",4,3,0.55,0.45,-1,-0.1,-0.181818181818182
"p304",3,2,0.4,0.35,-1,-0.05,-0.125
"p304",5,5,0.4,0.35,0,-0.05,-0.125
"p304",4,3,0.4,0.35,-1,-0.05,-0.125
"p304",4,4,0.25,0.2,0,-0.0499999999999999,-0.2
"p304",3,2,0.25,0.15,-1,-0.1,-0.4
"p304",4,3,0.4,0.25,-1,-0.15,-0.375
"p304",5,4,0.55,0.35,-1,-0.2,-0.363636363636364
"p304",5,5,0.55,0.3,0,-0.25,-0.454545454545455
"p305",4,3,0.25,0.2,-1,-0.0499999999999999,-0.2
"p305",5,4,0.25,0.25,-1,5.55111512312578e-17,2.22044604925031e-16
"p305",3,4,0.4,0.35,1,-0.05,-0.125
"p305",5,3,0.4,0.35,-2,-0.05,-0.125
"p305",3,3,0.4,0.35,0,-0.05,-0.125
"p305",4,3,0.25,0.25,-1,0,0
"p305",3,3,0.25,0.25,0,5.55111512312578e-17,2.22044604925031e-16
"p305",5,4,0.4,0.3,-1,-0.1,-0.25
"p305",5,4,0.25,0.25,-1,5.55111512312578e-17,2.22044604925031e-16
"p305",5,5,0.25,0.25,0,0,0
"p305",5,5,0.55,0.5,0,-0.0500000000000001,-0.0909090909090911
"p305",4,4,0.4,0.3,0,-0.1,-0.25
"p305",4,4,0.4,0.35,0,-0.05,-0.125
"p305",3,3,0.25,0.25,0,0,0
"p305",4,3,0.25,0.25,-1,0,0
"p305",3,3,0.4,0.3,0,-0.1,-0.25
"p305",5,5,0.55,0.45,0,-0.1,-0.181818181818182
"p305",5,5,0.4,0.55,0,0.15,0.375
"p305",3,3,0.55,0.3,0,-0.25,-0.454545454545455
"p305",5,4,0.25,0.25,-1,5.55111512312578e-17,2.22044604925031e-16
"p305",4,4,0.4,0.3,0,-0.1,-0.25
"p305",5,5,0.55,0.45,0,-0.1,-0.181818181818182
"p305",5,5,0.25,0.2,0,-0.05,-0.2
"p305",3,3,0.55,0.45,0,-0.1,-0.181818181818182
"p305",5,4,0.25,0.25,-1,0,0
"p305",3,3,0.25,0.25,0,5.55111512312578e-17,2.22044604925031e-16
"p305",3,3,0.55,0.5,0,-0.05,-0.090909090909091
"p305",3,3,0.25,0.3,0,0.05,0.2
"p305",4,4,0.4,0.5,0,0.1,0.25
"p305",3,3,0.55,0.45,0,-0.1,-0.181818181818182
"p305",4,3,0.55,0.75,-1,0.2,0.363636363636364
"p305",4,3,0.4,0.5,-1,0.1,0.25
"p305",4,3,0.55,0.55,-1,0,0
"p305",4,4,0.55,0.45,0,-0.1,-0.181818181818182
"p305",4,4,0.25,0.25,0,0,0
"p305",5,4,0.4,0.4,-1,0,0
"p305",5,5,0.55,0.45,0,-0.1,-0.181818181818182
"p305",5,4,0.4,0.45,-1,0.05,0.125
"p305",3,3,0.4,0.45,0,0.05,0.125
"p305",3,3,0.25,0.3,0,0.05,0.2
"p305",3,3,0.25,0.25,0,5.55111512312578e-17,2.22044604925031e-16
"p305",5,4,0.25,0.2,-1,-0.05,-0.2
"p305",4,4,0.25,0.25,0,0,0
"p305",4,4,0.55,0.55,0,0,0
"p305",4,4,0.55,0.5,0,-0.0500000000000001,-0.0909090909090911
"p305",3,3,0.4,0.45,0,0.05,0.125
"p305",4,3,0.25,0.3,-1,0.05,0.2
"p305",3,3,0.55,0.4,0,-0.15,-0.272727272727273
"p305",5,5,0.55,0.45,0,-0.1,-0.181818181818182
"p305",4,4,0.25,0.3,0,0.05,0.2
"p305",3,3,0.55,0.4,0,-0.15,-0.272727272727273
"p305",4,4,0.4,0.4,0,0,0
"p305",4,4,0.4,0.35,0,-0.05,-0.125
"p305",4,4,0.4,0.35,0,-0.05,-0.125
"p305",3,3,0.25,0.35,0,0.1,0.4
"p305",5,3,0.4,0.45,-2,0.0499999999999999,0.125
"p305",4,4,0.55,0.45,0,-0.1,-0.181818181818182
"p305",4,3,0.4,0.65,-1,0.25,0.625
"p305",3,2,0.55,0.65,-1,0.1,0.181818181818182
"p305",3,3,0.4,0.35,0,-0.05,-0.125
"p305",3,3,0.55,0.55,0,-1.11022302462516e-16,-2.01858731750028e-16
"p305",3,2,0.25,0.35,-1,0.1,0.4
"p305",5,4,0.4,0.4,-1,0,0
"p305",3,3,0.25,0.35,0,0.1,0.4
"p305",5,5,0.4,0.45,0,0.05,0.125
"p305",4,5,0.25,0.45,1,0.2,0.8
"p305",4,4,0.4,0.4,0,-5.55111512312578e-17,-1.38777878078145e-16
"p305",5,4,0.25,0.3,-1,0.05,0.2
"p305",3,2,0.55,0.6,-1,0.0499999999999999,0.0909090909090908
"p305",5,4,0.55,0.65,-1,0.1,0.181818181818182
"p305",5,4,0.55,0.5,-1,-0.05,-0.090909090909091
"p305",3,2,0.25,0.45,-1,0.2,0.8
"p305",4,3,0.55,0.45,-1,-0.1,-0.181818181818182
"p305",3,2,0.55,0.55,-1,0,0
"p305",3,2,0.25,0.45,-1,0.2,0.8
"p305",5,4,0.25,0.3,-1,0.05,0.2
"p305",3,2,0.4,0.35,-1,-0.05,-0.125
"p305",5,4,0.55,0.55,-1,0,0
"p305",4,3,0.25,0.3,-1,0.05,0.2
"p305",4,2,0.55,0.8,-2,0.25,0.454545454545455
"p305",3,2,0.4,0.6,-1,0.2,0.5
"p305",5,3,0.25,0.35,-2,0.1,0.4
"p305",3,3,0.55,0.4,0,-0.15,-0.272727272727273
"p305",5,3,0.25,0.45,-2,0.2,0.8
"p305",4,4,0.55,0.45,0,-0.1,-0.181818181818182
"p305",4,4,0.25,0.35,0,0.1,0.4
"p305",4,3,0.25,0.35,-1,0.1,0.4
"p305",5,4,0.55,0.45,-1,-0.1,-0.181818181818182
"p305",5,4,0.25,0.35,-1,0.1,0.4
"p305",3,2,0.4,0.55,-1,0.15,0.375
"p305",3,3,0.25,0.3,0,0.05,0.2
"p305",3,2,0.25,0.25,-1,0,0
"p305",3,3,0.55,0.35,0,-0.2,-0.363636363636364
"p305",4,3,0.25,0.3,-1,0.05,0.2
"p305",4,4,0.55,0.45,0,-0.1,-0.181818181818182
"p305",5,4,0.25,0.3,-1,0.05,0.2
"p305",4,4,0.25,0.25,0,0,0
"p305",4,4,0.25,0.2,0,-0.05,-0.2
"p305",3,2,0.4,0.4,-1,-5.55111512312578e-17,-1.38777878078145e-16
"p305",5,4,0.4,0.3,-1,-0.1,-0.25
"p305",5,4,0.25,0.3,-1,0.05,0.2
"p305",5,4,0.55,0.35,-1,-0.2,-0.363636363636364
"p305",5,4,0.4,0.4,-1,0,0
"p305",4,4,0.25,0.4,0,0.15,0.6
"p305",3,2,0.25,0.3,-1,0.05,0.2
"p305",3,3,0.55,0.4,0,-0.15,-0.272727272727273
"p305",5,5,0.55,0.45,0,-0.1,-0.181818181818182
"p305",5,4,0.55,0.45,-1,-0.1,-0.181818181818182
"p305",3,2,0.25,0.25,-1,0,0
"p305",4,4,0.25,0.3,0,0.05,0.2
"p305",3,3,0.25,0.3,0,0.05,0.2
"p305",3,2,0.55,0.55,-1,-1.11022302462516e-16,-2.01858731750028e-16
"p305",4,4,0.25,0.3,0,0.05,0.2
"p305",5,4,0.4,0.4,-1,0,0
"p305",5,4,0.25,0.3,-1,0.05,0.2
"p305",3,3,0.55,0.55,0,0,0
"p305",3,2,0.55,0.5,-1,-0.0500000000000001,-0.0909090909090911
"p305",4,4,0.4,0.5,0,0.1,0.25
"p305",4,4,0.4,0.45,0,0.0499999999999999,0.125
"p305",5,4,0.55,0.45,-1,-0.1,-0.181818181818182
"p305",5,5,0.4,0.4,0,-5.55111512312578e-17,-1.38777878078145e-16
"p305",5,4,0.55,0.55,-1,0,0
"p305",4,3,0.55,0.45,-1,-0.1,-0.181818181818182
"p305",4,4,0.55,0.45,0,-0.1,-0.181818181818182
"p305",4,3,0.4,0.6,-1,0.2,0.5
"p305",3,2,0.4,0.35,-1,-0.05,-0.125
"p305",5,5,0.4,0.45,0,0.0499999999999999,0.125
"p305",5,5,0.4,0.4,0,-5.55111512312578e-17,-1.38777878078145e-16
"p305",3,3,0.4,0.35,0,-0.05,-0.125
"p305",5,4,0.25,0.25,-1,5.55111512312578e-17,2.22044604925031e-16
"p305",3,2,0.4,0.45,-1,0.05,0.125
"p305",4,4,0.25,0.3,0,0.05,0.2
"p305",4,4,0.55,0.45,0,-0.1,-0.181818181818182
"p305",4,3,0.25,0.3,-1,0.05,0.2
"p305",4,4,0.4,0.35,0,-0.05,-0.125
"p305",4,3,0.55,0.55,-1,0,0
"p305",4,4,0.4,0.45,0,0.0499999999999999,0.125
"p305",3,3,0.4,0.45,0,0.05,0.125
"p305",5,4,0.55,0.45,-1,-0.1,-0.181818181818182
"p305",3,3,0.25,0.3,0,0.05,0.2
"p305",3,3,0.4,0.5,0,0.1,0.25
"p305",3,2,0.25,0.35,-1,0.1,0.4
"p305",3,3,0.55,0.4,0,-0.15,-0.272727272727273
"p305",4,4,0.55,0.5,0,-0.05,-0.090909090909091
"p305",5,4,0.25,0.25,-1,5.55111512312578e-17,2.22044604925031e-16
"p305",5,4,0.25,0.25,-1,5.55111512312578e-17,2.22044604925031e-16
"p305",3,3,0.25,0.25,0,0,0
"p305",3,3,0.55,0.4,0,-0.15,-0.272727272727273
"p305",3,3,0.25,0.35,0,0.1,0.4
"p305",4,4,0.25,0.25,0,0,0
"p305",5,4,0.25,0.3,-1,0.05,0.2
"p305",5,4,0.25,0.25,-1,0,0
"p305",5,4,0.4,0.35,-1,-0.05,-0.125
"p305",5,4,0.25,0.35,-1,0.1,0.4
"p305",4,4,0.25,0.3,0,0.05,0.2
"p305",3,2,0.55,0.4,-1,-0.15,-0.272727272727273
"p305",4,3,0.4,0.45,-1,0.05,0.125
"p305",3,3,0.55,0.4,0,-0.15,-0.272727272727273
"p305",5,4,0.25,0.35,-1,0.1,0.4
"p305",3,3,0.25,0.35,0,0.1,0.4
"p305",4,3,0.55,0.7,-1,0.15,0.272727272727273
"p305",3,2,0.25,0.35,-1,0.1,0.4
"p305",4,3,0.55,0.4,-1,-0.15,-0.272727272727273
"p305",3,3,0.25,0.35,0,0.1,0.4
"p305",3,3,0.25,0.35,0,0.1,0.4
"p305",5,4,0.4,0.3,-1,-0.1,-0.25
"p305",3,2,0.25,0.25,-1,5.55111512312578e-17,2.22044604925031e-16
"p305",3,3,0.4,0.4,0,0,0
"p305",5,4,0.25,0.3,-1,0.05,0.2
"p305",5,4,0.4,0.35,-1,-0.05,-0.125
"p305",5,3,0.55,0.65,-2,0.1,0.181818181818182
"p305",3,3,0.4,0.6,0,0.2,0.5
"p305",4,4,0.55,0.45,0,-0.1,-0.181818181818182
"p305",4,3,0.55,0.5,-1,-0.05,-0.090909090909091
"p305",5,5,0.55,0.55,0,0,0
"p305",5,4,0.25,0.3,-1,0.05,0.2
"p305",5,4,0.25,0.25,-1,5.55111512312578e-17,2.22044604925031e-16
"p305",5,5,0.25,0.2,0,-0.05,-0.2
"p305",5,4,0.4,0.4,-1,-5.55111512312578e-17,-1.38777878078145e-16
"p305",4,4,0.25,0.3,0,0.05,0.2
"p305",5,5,0.55,0.5,0,-0.0500000000000001,-0.0909090909090911
"p305",4,4,0.25,0.35,0,0.1,0.4
"p305",4,4,0.25,0.45,0,0.2,0.8
"p305",4,3,0.55,0.5,-1,-0.05,-0.090909090909091
"p305",4,4,0.4,0.45,0,0.05,0.125
"p305",3,3,0.25,0.35,0,0.1,0.4
"p305",3,3,0.4,0.35,0,-0.05,-0.125
"p305",3,3,0.4,0.35,0,-0.05,-0.125
"p305",5,4,0.4,0.4,-1,-5.55111512312578e-17,-1.38777878078145e-16
"p305",4,4,0.4,0.6,0,0.2,0.5
"p305",4,4,0.25,0.35,0,0.1,0.4
"p305",4,4,0.25,0.5,0,0.25,1
"p305",3,3,0.55,0.5,0,-0.05,-0.090909090909091
"p305",5,5,0.55,0.55,0,-1.11022302462516e-16,-2.01858731750028e-16
"p305",3,2,0.55,0.4,-1,-0.15,-0.272727272727273
"p305",4,3,0.4,0.45,-1,0.0499999999999999,0.125
"p305",3,2,0.55,0.7,-1,0.15,0.272727272727273
"p305",4,4,0.25,0.25,0,0,0
"p305",4,4,0.25,0.2,0,-0.05,-0.2
"p305",5,4,0.25,0.25,-1,5.55111512312578e-17,2.22044604925031e-16
"p305",3,3,0.25,0.2,0,-0.0499999999999999,-0.2
"p305",5,4,0.55,0.55,-1,-1.11022302462516e-16,-2.01858731750028e-16
"p305",3,3,0.4,0.4,0,0,0
"p305",5,5,0.4,0.4,0,-5.55111512312578e-17,-1.38777878078145e-16
"p305",4,4,0.4,0.5,0,0.0999999999999999,0.25
"p305",5,4,0.25,0.25,-1,5.55111512312578e-17,2.22044604925031e-16
"p305",3,3,0.55,0.55,0,0,0
"p305",3,3,0.25,0.25,0,0,0
"p305",4,3,0.4,0.3,-1,-0.1,-0.25
"p305",4,3,0.4,0.3,-1,-0.1,-0.25
"p305",5,4,0.25,0.25,-1,0,0
"p305",3,4,0.55,0.5,1,-0.05,-0.090909090909091
"p305",3,2,0.55,0.55,-1,-1.11022302462516e-16,-2.01858731750028e-16
"p305",4,3,0.4,0.6,-1,0.2,0.5
"p305",5,4,0.55,0.4,-1,-0.15,-0.272727272727273
"p305",4,4,0.4,0.6,0,0.2,0.5
"p305",4,3,0.55,0.6,-1,0.0499999999999999,0.0909090909090908
"p305",5,4,0.4,0.45,-1,0.0499999999999999,0.125
"p305",3,3,0.25,0.3,0,0.05,0.2
"p305",3,2,0.4,0.5,-1,0.0999999999999999,0.25
"p305",5,4,0.4,0.5,-1,0.1,0.25
"p305",5,3,0.55,0.65,-2,0.1,0.181818181818182
"p305",3,2,0.4,0.6,-1,0.2,0.5
"p305",5,4,0.4,0.45,-1,0.0499999999999999,0.125
"p305",5,4,0.25,0.35,-1,0.1,0.4
"p305",4,4,0.25,0.35,0,0.1,0.4
"p305",4,4,0.25,0.35,0,0.1,0.4
"p305",4,4,0.25,0.35,0,0.1,0.4
"p305",4,4,0.55,0.9,0,0.35,0.636363636363637
"p305",4,4,0.25,0.25,0,0,0
"p305",5,4,0.25,0.25,-1,5.55111512312578e-17,2.22044604925031e-16
"p305",5,4,0.55,0.3,-1,-0.25,-0.454545454545455
"p305",5,4,0.55,0.4,-1,-0.15,-0.272727272727273
"p305",3,3,0.55,0.5,0,-0.0500000000000001,-0.0909090909090911
"p305",3,2,0.25,0.4,-1,0.15,0.6
"p305",3,2,0.55,0.4,-1,-0.15,-0.272727272727273
"p305",3,3,0.4,0.35,0,-0.05,-0.125
"p305",3,3,0.25,0.45,0,0.2,0.8
"p305",3,3,0.55,0.55,0,-1.11022302462516e-16,-2.01858731750028e-16
"p305",5,4,0.4,0.5,-1,0.0999999999999999,0.25
"p305",4,4,0.55,0.45,0,-0.1,-0.181818181818182
"p305",4,4,0.4,0.45,0,0.05,0.125
"p305",5,4,0.25,0.25,-1,0,0
"p305",4,4,0.55,0.45,0,-0.1,-0.181818181818182
"p305",4,4,0.25,0.3,0,0.05,0.2
"p305",4,4,0.55,0.35,0,-0.2,-0.363636363636364
"p305",5,4,0.55,0.45,-1,-0.1,-0.181818181818182
"p305",3,2,0.25,0.3,-1,0.05,0.2
"p305",4,3,0.25,0.35,-1,0.1,0.4
"p305",3,3,0.4,0.35,0,-0.05,-0.125
"p305",3,2,0.55,0.3,-1,-0.25,-0.454545454545455
"p305",5,4,0.25,0.3,-1,0.05,0.2
"p305",3,3,0.4,0.4,0,0,0
"p305",5,5,0.25,0.25,0,5.55111512312578e-17,2.22044604925031e-16
"p305",5,4,0.4,0.3,-1,-0.1,-0.25
"p305",5,4,0.25,0.35,-1,0.1,0.4
"p305",4,4,0.25,0.3,0,0.05,0.2
"p305",3,3,0.25,0.25,0,5.55111512312578e-17,2.22044604925031e-16
"p305",3,3,0.25,0.2,0,-0.05,-0.2
"p305",3,3,0.25,0.4,0,0.15,0.6
"p305",3,2,0.25,0.25,-1,0,0
"p305",4,4,0.4,0.35,0,-0.05,-0.125
"p305",5,4,0.25,0.3,-1,0.05,0.2
"p305",4,4,0.4,0.35,0,-0.05,-0.125
"p305",5,4,0.55,0.45,-1,-0.1,-0.181818181818182
"p305",4,4,0.4,0.4,0,-5.55111512312578e-17,-1.38777878078145e-16
"p305",5,4,0.55,0.55,-1,0,0
"p305",5,4,0.55,0.55,-1,-1.11022302462516e-16,-2.01858731750028e-16
"p305",4,4,0.25,0.35,0,0.1,0.4
"p305",4,4,0.25,0.55,0,0.3,1.2
"p305",5,5,0.4,0.4,0,-5.55111512312578e-17,-1.38777878078145e-16
"p305",3,3,0.25,0.35,0,0.1,0.4
"p305",5,4,0.25,0.4,-1,0.15,0.6
"p305",5,5,0.25,0.3,0,0.05,0.2
"p305",4,4,0.25,0.3,0,0.05,0.2
"p305",5,4,0.25,0.3,-1,0.05,0.2
"p305",3,2,0.55,0.65,-1,0.1,0.181818181818182
"p305",3,2,0.4,0.55,-1,0.15,0.375
"p305",5,4,0.4,0.6,-1,0.2,0.5
"p305",5,5,0.4,0.55,0,0.15,0.375
"p305",5,4,0.25,0.35,-1,0.1,0.4
"p305",3,3,0.55,0.55,0,0,0
"p305",3,3,0.25,0.35,0,0.1,0.4
"p305",5,4,0.25,0.3,-1,0.05,0.2
"p305",4,3,0.4,0.55,-1,0.15,0.375
"p305",3,2,0.25,0.35,-1,0.1,0.4
"p305",4,3,0.25,0.2,-1,-0.05,-0.2
"p305",3,2,0.55,0.5,-1,-0.05,-0.090909090909091
"p305",3,2,0.25,0.4,-1,0.15,0.6
"p305",5,4,0.4,0.35,-1,-0.05,-0.125
"p305",3,2,0.4,0.45,-1,0.05,0.125
"p305",5,5,0.55,0.45,0,-0.1,-0.181818181818182
"p305",4,2,0.55,0.65,-2,0.1,0.181818181818182
"p305",4,3,0.55,0.5,-1,-0.05,-0.090909090909091
"p305",4,4,0.25,0.3,0,0.05,0.2
"p305",4,3,0.4,0.35,-1,-0.05,-0.125
"p305",4,4,0.55,0.4,0,-0.15,-0.272727272727273
"p305",3,3,0.4,0.35,0,-0.05,-0.125
"p305",3,3,0.55,0.55,0,0,0
"p305",4,3,0.25,0.4,-1,0.15,0.6
"p305",5,4,0.55,0.65,-1,0.1,0.181818181818182
"p305",3,3,0.25,0.35,0,0.1,0.4
"p305",3,3,0.55,0.45,0,-0.1,-0.181818181818182
"p305",3,3,0.4,0.5,0,0.1,0.25
"p305",5,3,0.4,0.7,-2,0.3,0.75
"p305",4,3,0.25,0.35,-1,0.1,0.4
"p305",3,3,0.55,0.6,0,0.05,0.090909090909091
"p305",3,3,0.4,0.45,0,0.0499999999999999,0.125
"p305",5,4,0.25,0.35,-1,0.1,0.4
"p305",4,3,0.55,0.55,-1,-1.11022302462516e-16,-2.01858731750028e-16
"p305",4,4,0.55,0.6,0,0.05,0.090909090909091
"p305",5,5,0.55,0.55,0,0,0
"p305",3,2,0.55,0.55,-1,0,0
"p305",3,2,0.55,0.55,-1,-1.11022302462516e-16,-2.01858731750028e-16
"p305",4,4,0.25,0.2,0,-0.05,-0.2
"p305",3,3,0.4,0.3,0,-0.1,-0.25
"p305",3,3,0.4,0.3,0,-0.1,-0.25
"p305",4,3,0.4,0.4,-1,0,0
"p305",4,3,0.55,0.6,-1,0.05,0.090909090909091
"p305",4,3,0.25,0.4,-1,0.15,0.6
"p305",5,4,0.4,0.4,-1,0,0
"p305",3,3,0.25,0.3,0,0.05,0.2
"p305",4,3,0.25,0.3,-1,0.05,0.2
"p305",5,4,0.25,0.25,-1,0,0
"p305",5,5,0.4,0.25,0,-0.15,-0.375
"p305",4,3,0.25,0.35,-1,0.1,0.4
"p305",4,3,0.4,0.6,-1,0.2,0.5
"p305",3,3,0.55,0.55,0,0,0
"p305",5,4,0.4,0.6,-1,0.2,0.5
"p305",5,4,0.4,0.5,-1,0.1,0.25
"p305",4,4,0.25,0.45,0,0.2,0.8
"p305",3,3,0.25,0.35,0,0.1,0.4
"p305",5,5,0.25,0.5,0,0.25,1
"p305",3,2,0.25,0.35,-1,0.1,0.4
"p305",3,2,0.25,0.35,-1,0.1,0.4
"p305",3,3,0.25,0.15,0,-0.1,-0.4
"p305",4,3,0.55,0.6,-1,0.0499999999999999,0.0909090909090908
"p305",3,3,0.4,0.35,0,-0.05,-0.125
"p305",5,4,0.55,0.5,-1,-0.0500000000000001,-0.0909090909090911
"p305",3,3,0.55,0.45,0,-0.1,-0.181818181818182
"p305",3,3,0.55,0.5,0,-0.05,-0.090909090909091
"p305",3,2,0.25,0.3,-1,0.05,0.2
"p305",4,3,0.4,0.4,-1,-5.55111512312578e-17,-1.38777878078145e-16
"p305",4,4,0.55,0.5,0,-0.05,-0.090909090909091
"p305",5,4,0.55,0.4,-1,-0.15,-0.272727272727273
"p305",4,4,0.55,0.45,0,-0.1,-0.181818181818182
"p305",4,4,0.4,0.3,0,-0.1,-0.25
"p305",3,2,0.25,0.4,-1,0.15,0.6
"p305",4,4,0.25,0.2,0,-0.05,-0.2
"p305",3,2,0.4,0.5,-1,0.1,0.25
"p305",5,5,0.55,0.35,0,-0.2,-0.363636363636364
"p305",4,4,0.4,0.5,0,0.1,0.25
"p305",3,3,0.55,0.6,0,0.05,0.090909090909091
"p305",5,5,0.25,0.35,0,0.1,0.4
"p305",4,4,0.25,0.3,0,0.05,0.2
"p305",4,3,0.55,0.7,-1,0.15,0.272727272727273
"p305",5,5,0.25,0.25,0,5.55111512312578e-17,2.22044604925031e-16
"p305",5,4,0.55,0.5,-1,-0.05,-0.090909090909091
"p305",5,5,0.25,0.25,0,5.55111512312578e-17,2.22044604925031e-16
"p305",3,3,0.4,0.45,0,0.05,0.125
"p305",5,4,0.25,0.35,-1,0.1,0.4
"p305",5,4,0.25,0.25,-1,0,0
"p305",5,4,0.4,0.4,-1,-5.55111512312578e-17,-1.38777878078145e-16
"p305",5,4,0.55,0.4,-1,-0.15,-0.272727272727273
"p305",5,3,0.4,0.45,-2,0.0499999999999999,0.125
"p305",5,4,0.25,0.3,-1,0.05,0.2
"p305",3,3,0.4,0.4,0,-5.55111512312578e-17,-1.38777878078145e-16
"p305",3,3,0.4,0.4,0,0,0
"p305",5,5,0.4,0.4,0,-5.55111512312578e-17,-1.38777878078145e-16
"p305",5,4,0.25,0.25,-1,0,0
"p305",4,3,0.25,0.35,-1,0.1,0.4
"p305",3,3,0.55,0.5,0,-0.0500000000000001,-0.0909090909090911
"p305",4,3,0.4,0.4,-1,-5.55111512312578e-17,-1.38777878078145e-16
"p305",4,3,0.4,0.6,-1,0.2,0.5
"p305",3,3,0.55,0.5,0,-0.05,-0.090909090909091
"p305",5,4,0.55,0.55,-1,-1.11022302462516e-16,-2.01858731750028e-16
"p305",3,2,0.4,0.45,-1,0.05,0.125
"p305",3,2,0.25,0.35,-1,0.1,0.4
"p305",4,3,0.55,0.55,-1,-1.11022302462516e-16,-2.01858731750028e-16
"p305",4,4,0.55,0.4,0,-0.15,-0.272727272727273
"p305",3,3,0.25,0.3,0,0.05,0.2
"p305",3,2,0.25,0.3,-1,0.05,0.2
"p305",4,3,0.25,0.2,-1,-0.05,-0.2
"p305",4,4,0.25,0.3,0,0.05,0.2
"p305",5,4,0.4,0.3,-1,-0.1,-0.25
"p305",5,5,0.55,0.45,0,-0.1,-0.181818181818182
"p305",4,4,0.4,0.5,0,0.1,0.25
"p305",3,3,0.55,0.5,0,-0.0500000000000001,-0.0909090909090911
"p305",5,3,0.25,0.4,-2,0.15,0.6
"p305",4,4,0.4,0.45,0,0.05,0.125
"p305",4,3,0.25,0.3,-1,0.05,0.2
"p305",5,5,0.55,0.45,0,-0.1,-0.181818181818182
"p305",3,2,0.55,0.6,-1,0.0499999999999999,0.0909090909090908
"p305",3,3,0.4,0.45,0,0.05,0.125
"p305",4,4,0.55,0.5,0,-0.0500000000000001,-0.0909090909090911
"p305",4,3,0.25,0.4,-1,0.15,0.6
"p305",3,3,0.25,0.35,0,0.1,0.4
"p305",5,4,0.25,0.3,-1,0.05,0.2
"p305",4,4,0.55,0.55,0,0,0
"p305",4,4,0.25,0.25,0,0,0
"p305",5,4,0.25,0.3,-1,0.05,0.2
"p305",3,3,0.55,0.55,0,0,0
"p305",4,4,0.55,0.45,0,-0.1,-0.181818181818182
"p305",3,3,0.25,0.4,0,0.15,0.6
"p305",5,4,0.55,0.55,-1,0,0
"p305",3,3,0.25,0.35,0,0.1,0.4
"p305",5,5,0.4,0.5,0,0.1,0.25
"p305",3,3,0.4,0.35,0,-0.05,-0.125
"p305",5,4,0.25,0.3,-1,0.05,0.2
"p305",5,5,0.25,0.25,0,0,0
"p305",5,4,0.4,0.35,-1,-0.05,-0.125
"p305",3,2,0.25,0.3,-1,0.05,0.2
"p305",4,4,0.4,0.45,0,0.05,0.125
"p305",4,2,0.25,0.6,-2,0.35,1.4
"p305",3,2,0.55,0.65,-1,0.1,0.181818181818182
"p305",5,4,0.25,0.2,-1,-0.05,-0.2
"p305",4,3,0.25,0.25,-1,0,0
"p305",3,2,0.4,0.45,-1,0.05,0.125
"p305",3,3,0.55,0.55,0,0,0
"p305",4,3,0.25,0.25,-1,5.55111512312578e-17,2.22044604925031e-16
"p305",3,2,0.55,0.5,-1,-0.0500000000000001,-0.0909090909090911
"p305",4,2,0.4,0.55,-2,0.15,0.375
"p305",4,3,0.55,0.6,-1,0.0499999999999999,0.0909090909090908
"p305",5,4,0.25,0.25,-1,5.55111512312578e-17,2.22044604925031e-16
"p305",5,5,0.25,0.25,0,0,0
"p305",3,3,0.55,0.45,0,-0.1,-0.181818181818182
"p305",3,3,0.55,0.45,0,-0.1,-0.181818181818182
"p305",5,5,0.25,0.25,0,0,0
"p305",4,4,0.4,0.35,0,-0.05,-0.125
"p305",3,3,0.25,0.3,0,0.05,0.2
"p305",3,3,0.25,0.35,0,0.1,0.4
"p305",5,4,0.25,0.3,-1,0.05,0.2
"p305",4,4,0.4,0.35,0,-0.05,-0.125
"p305",4,4,0.25,0.35,0,0.1,0.4
"p305",5,4,0.4,0.3,-1,-0.1,-0.25
"p305",4,4,0.55,0.35,0,-0.2,-0.363636363636364
"p305",3,3,0.25,0.25,0,0,0
"p305",3,3,0.4,0.45,0,0.05,0.125
"p305",4,4,0.25,0.3,0,0.05,0.2
"p305",4,4,0.25,0.3,0,0.05,0.2
"p305",3,4,0.55,0.25,1,-0.3,-0.545454545454546
"p305",3,2,0.55,0.65,-1,0.1,0.181818181818182
"p305",5,5,0.4,0.4,0,-5.55111512312578e-17,-1.38777878078145e-16
"p305",5,4,0.55,0.4,-1,-0.15,-0.272727272727273
"p305",5,4,0.4,0.4,-1,-5.55111512312578e-17,-1.38777878078145e-16
"p305",5,4,0.55,0.45,-1,-0.1,-0.181818181818182
"p305",5,4,0.55,0.5,-1,-0.05,-0.090909090909091
"p305",4,4,0.55,0.3,0,-0.25,-0.454545454545455
"p305",5,5,0.55,0.4,0,-0.15,-0.272727272727273
"p305",4,4,0.55,0.45,0,-0.1,-0.181818181818182
"p305",5,5,0.4,0.4,0,-5.55111512312578e-17,-1.38777878078145e-16
"p305",3,3,0.25,0.35,0,0.1,0.4
"p305",3,3,0.25,0.65,0,0.4,1.6
"p305",5,4,0.25,0.4,-1,0.15,0.6
"p305",3,2,0.4,0.5,-1,0.0999999999999999,0.25
"p305",4,3,0.55,0.65,-1,0.1,0.181818181818182
"p305",3,3,0.25,0.3,0,0.05,0.2
"p305",4,4,0.4,0.6,0,0.2,0.5
"p305",4,4,0.25,0.4,0,0.15,0.6
"p305",5,4,0.55,0.4,-1,-0.15,-0.272727272727273
"p305",4,3,0.25,0.45,-1,0.2,0.8
"p305",5,4,0.25,0.25,-1,5.55111512312578e-17,2.22044604925031e-16
"p305",3,3,0.4,0.5,0,0.1,0.25
"p305",3,3,0.25,0.45,0,0.2,0.8
"p305",4,4,0.4,0.3,0,-0.1,-0.25
"p305",3,4,0.4,0.35,1,-0.05,-0.125
"p305",5,4,0.4,0.35,-1,-0.05,-0.125
"p305",4,3,0.25,0.35,-1,0.1,0.4
"p305",4,3,0.55,0.4,-1,-0.15,-0.272727272727273
"p305",4,3,0.25,0.4,-1,0.15,0.6
"p305",3,2,0.55,0.5,-1,-0.0500000000000001,-0.0909090909090911
"p305",5,4,0.4,0.4,-1,0,0
"p305",5,4,0.55,0.35,-1,-0.2,-0.363636363636364
"p305",5,4,0.25,0.35,-1,0.1,0.4
"p305",4,4,0.4,0.4,0,0,0
"p305",4,4,0.25,0.25,0,0,0
"p305",5,4,0.25,0.4,-1,0.15,0.6
"p305",5,4,0.55,0.35,-1,-0.2,-0.363636363636364
"p305",3,3,0.4,0.4,0,-5.55111512312578e-17,-1.38777878078145e-16
"p305",4,3,0.55,0.55,-1,-1.11022302462516e-16,-2.01858731750028e-16
"p305",3,2,0.4,0.6,-1,0.2,0.5
"p305",4,3,0.4,0.65,-1,0.25,0.625
"p305",4,2,0.25,0.45,-2,0.2,0.8
"p305",3,2,0.55,0.5,-1,-0.0500000000000001,-0.0909090909090911
"p305",5,3,0.4,0.5,-2,0.0999999999999999,0.25
"p305",5,4,0.25,0.45,-1,0.2,0.8
"p305",3,2,0.25,0.45,-1,0.2,0.8
"p305",5,4,0.4,0.3,-1,-0.1,-0.25
"p305",3,2,0.4,0.4,-1,-5.55111512312578e-17,-1.38777878078145e-16
"p305",5,4,0.25,0.25,-1,0,0
"p305",3,3,0.25,0.35,0,0.1,0.4
"p305",4,3,0.25,0.35,-1,0.1,0.4
"p305",3,3,0.55,0.4,0,-0.15,-0.272727272727273
"p305",4,3,0.55,0.5,-1,-0.05,-0.090909090909091
"p305",3,3,0.25,0.25,0,5.55111512312578e-17,2.22044604925031e-16
"p305",3,3,0.55,0.55,0,-1.11022302462516e-16,-2.01858731750028e-16
"p305",4,3,0.25,0.45,-1,0.2,0.8
"p305",3,3,0.25,0.25,0,0,0
"p305",4,4,0.4,0.4,0,0,0
"p305",4,4,0.4,0.35,0,-0.05,-0.125
"p305",3,3,0.25,0.3,0,0.05,0.2
"p305",5,4,0.55,0.45,-1,-0.1,-0.181818181818182
"p305",4,4,0.55,0.55,0,0,0
"p305",5,5,0.25,0.35,0,0.1,0.4
"p305",5,3,0.25,0.45,-2,0.2,0.8
"p305",5,4,0.25,0.65,-1,0.4,1.6
"p305",3,3,0.4,0.45,0,0.05,0.125
"p305",3,3,0.25,0.25,0,0,0
"p305",5,4,0.4,0.35,-1,-0.05,-0.125
"p305",3,3,0.55,0.5,0,-0.05,-0.090909090909091
"p305",3,2,0.55,0.55,-1,0,0
"p305",5,3,0.55,0.6,-2,0.05,0.090909090909091
"p305",4,3,0.55,0.6,-1,0.05,0.090909090909091
"p305",4,4,0.25,0.3,0,0.05,0.2
"p305",5,4,0.55,0.5,-1,-0.05,-0.090909090909091
"p305",5,4,0.4,0.45,-1,0.0499999999999999,0.125
"p305",3,2,0.25,0.3,-1,0.05,0.2
"p305",3,3,0.4,0.4,0,-5.55111512312578e-17,-1.38777878078145e-16
"p305",4,4,0.4,0.4,0,0,0
"p306",4,3,0.4,0.35,-1,-0.05,-0.125
"p306",4,3,0.55,0.45,-1,-0.1,-0.181818181818182
"p306",3,3,0.25,0.15,0,-0.1,-0.4
"p306",4,3,0.55,0.5,-1,-0.05,-0.090909090909091
"p306",3,3,0.25,0.25,0,0,0
"p306",4,3,0.55,0.6,-1,0.0499999999999999,0.0909090909090908
"p306",4,3,0.55,0.6,-1,0.0499999999999999,0.0909090909090908
"p306",5,4,0.4,0.4,-1,-5.55111512312578e-17,-1.38777878078145e-16
"p306",3,3,0.25,0.15,0,-0.0999999999999999,-0.4
"p306",4,3,0.25,0.15,-1,-0.0999999999999999,-0.4
"p306",3,3,0.4,0.4,0,0,0
"p306",5,5,0.25,0.1,0,-0.15,-0.6
"p306",4,4,0.25,0.15,0,-0.1,-0.4
"p306",5,4,0.55,0.5,-1,-0.05,-0.090909090909091
"p306",5,5,0.25,0.2,0,-0.0499999999999999,-0.2
"p306",3,3,0.4,0.45,0,0.05,0.125
"p306",3,3,0.4,0.5,0,0.0999999999999999,0.25
"p306",5,5,0.25,0.15,0,-0.0999999999999999,-0.4
"p306",3,3,0.4,0.25,0,-0.15,-0.375
"p306",3,3,0.25,0.1,0,-0.15,-0.6
"p306",5,5,0.25,0.15,0,-0.0999999999999999,-0.4
"p306",3,3,0.55,0.45,0,-0.1,-0.181818181818182
"p306",4,4,0.4,0.45,0,0.0499999999999999,0.125
"p306",4,4,0.25,0.15,0,-0.1,-0.4
"p306",4,4,0.25,0.15,0,-0.1,-0.4
"p306",5,4,0.55,0.55,-1,-1.11022302462516e-16,-2.01858731750028e-16
"p306",5,4,0.25,0.1,-1,-0.15,-0.6
"p306",3,3,0.4,0.45,0,0.0499999999999999,0.125
"p306",3,3,0.55,0.4,0,-0.15,-0.272727272727273
"p306",5,3,0.55,0.65,-2,0.1,0.181818181818182
"p306",4,3,0.4,0.5,-1,0.0999999999999999,0.25
"p306",5,4,0.55,0.5,-1,-0.05,-0.090909090909091
"p306",3,3,0.55,0.55,0,0,0
"p306",4,3,0.4,0.4,-1,0,0
"p306",3,3,0.25,0.1,0,-0.15,-0.6
"p306",3,3,0.55,0.4,0,-0.15,-0.272727272727273
"p306",5,4,0.4,0.5,-1,0.1,0.25
"p306",4,4,0.55,0.45,0,-0.1,-0.181818181818182
"p306",3,3,0.25,0.15,0,-0.0999999999999999,-0.4
"p306",5,4,0.4,0.25,-1,-0.15,-0.375
"p306",4,4,0.25,0.15,0,-0.0999999999999999,-0.4
"p306",5,4,0.4,0.45,-1,0.05,0.125
"p306",4,4,0.25,0.15,0,-0.1,-0.4
"p306",5,4,0.4,0.4,-1,0,0
"p306",5,4,0.55,0.5,-1,-0.05,-0.090909090909091
"p306",3,3,0.55,0.6,0,0.05,0.090909090909091
"p306",3,2,0.55,0.5,-1,-0.0500000000000001,-0.0909090909090911
"p306",3,3,0.25,0.35,0,0.1,0.4
"p306",5,5,0.25,0.5,0,0.25,1
"p306",4,4,0.4,0.3,0,-0.1,-0.25
"p306",5,5,0.25,0.15,0,-0.0999999999999999,-0.4
"p306",4,4,0.25,0.2,0,-0.0499999999999999,-0.2
"p306",4,3,0.55,0.55,-1,-1.11022302462516e-16,-2.01858731750028e-16
"p306",4,4,0.25,0.15,0,-0.0999999999999999,-0.4
"p306",3,3,0.4,0.15,0,-0.25,-0.625
"p306",5,4,0.4,0.35,-1,-0.05,-0.125
"p306",5,3,0.25,0.15,-2,-0.0999999999999999,-0.4
"p306",5,4,0.55,0.5,-1,-0.0500000000000001,-0.0909090909090911
"p306",5,4,0.4,0.35,-1,-0.05,-0.125
"p306",4,3,0.4,0.3,-1,-0.1,-0.25
"p306",3,3,0.25,0.15,0,-0.0999999999999999,-0.4
"p306",5,4,0.4,0.3,-1,-0.1,-0.25
"p306",5,4,0.55,0.45,-1,-0.1,-0.181818181818182
"p306",3,3,0.55,0.5,0,-0.05,-0.090909090909091
"p306",3,3,0.55,0.5,0,-0.0500000000000001,-0.0909090909090911
"p306",3,3,0.25,0.15,0,-0.0999999999999999,-0.4
"p306",4,3,0.55,0.4,-1,-0.15,-0.272727272727273
"p306",3,3,0.55,0.4,0,-0.15,-0.272727272727273
"p306",3,3,0.4,0.3,0,-0.1,-0.25
"p306",4,3,0.55,0.45,-1,-0.1,-0.181818181818182
"p306",5,5,0.55,0.5,0,-0.05,-0.090909090909091
"p306",4,4,0.25,0.1,0,-0.15,-0.6
"p306",5,4,0.55,0.3,-1,-0.25,-0.454545454545455
"p306",5,4,0.25,0.15,-1,-0.1,-0.4
"p306",3,3,0.4,0.15,0,-0.25,-0.625
"p306",3,3,0.4,0.35,0,-0.05,-0.125
"p306",3,3,0.25,0.1,0,-0.15,-0.6
"p306",3,3,0.25,0.1,0,-0.15,-0.6
"p306",5,4,0.25,0.05,-1,-0.2,-0.8
"p306",3,3,0.55,0.4,0,-0.15,-0.272727272727273
"p306",3,3,0.25,0.1,0,-0.15,-0.6
"p306",4,4,0.4,0.5,0,0.1,0.25
"p306",4,4,0.25,0.25,0,0,0
"p306",4,3,0.55,0.6,-1,0.05,0.090909090909091
"p306",5,4,0.55,0.55,-1,-1.11022302462516e-16,-2.01858731750028e-16
"p306",4,4,0.4,0.5,0,0.0999999999999999,0.25
"p306",5,4,0.25,0.25,-1,0,0
"p306",4,3,0.4,0.2,-1,-0.2,-0.5
"p306",5,4,0.4,0.3,-1,-0.1,-0.25
"p306",5,5,0.4,0.4,0,-5.55111512312578e-17,-1.38777878078145e-16
"p306",3,3,0.55,0.4,0,-0.15,-0.272727272727273
"p306",3,2,0.55,0.6,-1,0.0499999999999999,0.0909090909090908
"p306",3,3,0.25,0.1,0,-0.15,-0.6
"p306",4,4,0.25,0.15,0,-0.0999999999999999,-0.4
"p306",5,5,0.25,0.15,0,-0.0999999999999999,-0.4
"p306",4,3,0.4,0.4,-1,0,0
"p306",3,3,0.25,0.05,0,-0.2,-0.8
"p306",4,4,0.25,0.15,0,-0.1,-0.4
"p306",5,4,0.25,0.15,-1,-0.1,-0.4
"p306",3,3,0.4,0.3,0,-0.1,-0.25
"p306",4,3,0.55,0.3,-1,-0.25,-0.454545454545455
"p306",4,4,0.25,0.2,0,-0.05,-0.2
"p306",5,5,0.25,0.15,0,-0.0999999999999999,-0.4
"p306",4,3,0.25,0.2,-1,-0.0499999999999999,-0.2
"p306",3,3,0.25,0.2,0,-0.05,-0.2
"p306",3,3,0.25,0.15,0,-0.1,-0.4
"p306",3,3,0.4,0.4,0,-5.55111512312578e-17,-1.38777878078145e-16
"p306",4,4,0.25,0.25,0,0,0
"p306",4,3,0.4,0.3,-1,-0.1,-0.25
"p306",5,4,0.25,0.25,-1,0,0
"p306",5,5,0.4,0.4,0,0,0
"p306",3,3,0.55,0.4,0,-0.15,-0.272727272727273
"p306",3,3,0.4,0.4,0,0,0
"p306",4,4,0.25,0.2,0,-0.05,-0.2
"p306",5,4,0.4,0.3,-1,-0.1,-0.25
"p306",4,4,0.55,0.45,0,-0.1,-0.181818181818182
"p306",5,5,0.25,0.2,0,-0.0499999999999999,-0.2
"p306",4,4,0.25,0.2,0,-0.05,-0.2
"p306",5,5,0.25,0.15,0,-0.0999999999999999,-0.4
"p306",5,4,0.25,0.2,-1,-0.0499999999999999,-0.2
"p306",4,3,0.55,0.55,-1,0,0
"p306",4,3,0.55,0.5,-1,-0.0500000000000001,-0.0909090909090911
"p306",3,3,0.25,0.15,0,-0.1,-0.4
"p306",4,4,0.25,0.15,0,-0.1,-0.4
"p306",4,4,0.25,0.2,0,-0.0499999999999999,-0.2
"p306",5,4,0.25,0.2,-1,-0.05,-0.2
"p306",3,3,0.25,0.15,0,-0.0999999999999999,-0.4
"p306",5,3,0.55,0.5,-2,-0.05,-0.090909090909091
"p306",5,5,0.25,0.1,0,-0.15,-0.6
"p306",4,5,0.25,0.1,1,-0.15,-0.6
"p306",4,4,0.4,0.4,0,-5.55111512312578e-17,-1.38777878078145e-16
"p306",3,3,0.4,0.3,0,-0.1,-0.25
"p306",3,3,0.55,0.45,0,-0.1,-0.181818181818182
"p306",3,3,0.25,0.1,0,-0.15,-0.6
"p306",5,4,0.55,0.55,-1,-1.11022302462516e-16,-2.01858731750028e-16
"p306",4,4,0.4,0.45,0,0.0499999999999999,0.125
"p306",3,3,0.55,0.45,0,-0.1,-0.181818181818182
"p306",5,5,0.55,0.55,0,0,0
"p306",5,3,0.4,0.5,-2,0.0999999999999999,0.25
"p306",5,4,0.55,0.45,-1,-0.1,-0.181818181818182
"p306",4,3,0.55,0.55,-1,-1.11022302462516e-16,-2.01858731750028e-16
"p306",4,4,0.4,0.4,0,0,0
"p306",4,4,0.4,0.4,0,0,0
"p306",5,4,0.25,0.25,-1,0,0
"p306",4,3,0.55,0.5,-1,-0.05,-0.090909090909091
"p306",3,3,0.25,0.15,0,-0.1,-0.4
"p306",3,3,0.4,0.45,0,0.0499999999999999,0.125
"p306",3,3,0.55,0.45,0,-0.1,-0.181818181818182
"p306",3,3,0.25,0.15,0,-0.1,-0.4
"p306",5,4,0.4,0.3,-1,-0.1,-0.25
"p306",3,3,0.55,0.5,0,-0.0500000000000001,-0.0909090909090911
"p306",3,3,0.4,0.45,0,0.0499999999999999,0.125
"p306",5,4,0.55,0.55,-1,0,0
"p306",4,4,0.25,0.15,0,-0.1,-0.4
"p306",3,4,0.55,0.4,1,-0.15,-0.272727272727273
"p306",5,4,0.4,0.3,-1,-0.1,-0.25
"p306",4,4,0.25,0.15,0,-0.0999999999999999,-0.4
"p306",3,3,0.55,0.5,0,-0.05,-0.090909090909091
"p306",4,4,0.25,0.1,0,-0.15,-0.6
"p306",4,4,0.25,0.1,0,-0.15,-0.6
"p306",3,3,0.25,0.2,0,-0.05,-0.2
"p306",5,4,0.25,0.2,-1,-0.05,-0.2
"p306",4,3,0.4,0.3,-1,-0.1,-0.25
"p306",3,3,0.55,0.4,0,-0.15,-0.272727272727273
"p306",5,4,0.55,0.4,-1,-0.15,-0.272727272727273
"p306",4,3,0.55,0.45,-1,-0.1,-0.181818181818182
"p306",4,4,0.25,0.15,0,-0.0999999999999999,-0.4
"p306",3,3,0.4,0.35,0,-0.05,-0.125
"p306",5,4,0.25,0.35,-1,0.1,0.4
"p306",3,3,0.55,0.25,0,-0.3,-0.545454545454546
"p306",3,3,0.25,0.1,0,-0.15,-0.6
"p306",3,3,0.25,0.15,0,-0.0999999999999999,-0.4
"p306",5,4,0.4,0.3,-1,-0.1,-0.25
"p306",4,4,0.4,0.4,0,0,0
"p306",5,4,0.55,0.4,-1,-0.15,-0.272727272727273
"p306",3,4,0.25,0.1,1,-0.15,-0.6
"p306",5,4,0.25,0.2,-1,-0.05,-0.2
"p306",5,4,0.4,0.3,-1,-0.1,-0.25
"p306",5,4,0.55,0.35,-1,-0.2,-0.363636363636364
"p306",3,3,0.4,0.45,0,0.0499999999999999,0.125
"p306",3,3,0.4,0.4,0,0,0
"p306",4,4,0.25,0.15,0,-0.1,-0.4
"p306",4,3,0.4,0.3,-1,-0.1,-0.25
"p306",5,4,0.4,0.2,-1,-0.2,-0.5
"p306",4,4,0.4,0.25,0,-0.15,-0.375
"p306",3,3,0.55,0.5,0,-0.0500000000000001,-0.0909090909090911
"p306",5,5,0.25,0.05,0,-0.2,-0.8
"p306",5,3,0.25,0.15,-2,-0.1,-0.4
"p306",4,3,0.25,0.15,-1,-0.0999999999999999,-0.4
"p306",5,4,0.4,0.5,-1,0.0999999999999999,0.25
"p306",3,3,0.25,0.45,0,0.2,0.8
"p306",5,5,0.25,0.1,0,-0.15,-0.6
"p306",5,4,0.25,0.05,-1,-0.2,-0.8
"p306",5,5,0.55,0.35,0,-0.2,-0.363636363636364
"p306",3,2,0.55,0.5,-1,-0.05,-0.090909090909091
"p306",5,5,0.4,0.45,0,0.05,0.125
"p306",3,3,0.4,0.5,0,0.1,0.25
"p306",4,3,0.55,0.55,-1,-1.11022302462516e-16,-2.01858731750028e-16
"p306",3,2,0.55,0.5,-1,-0.0500000000000001,-0.0909090909090911
"p306",5,3,0.55,0.6,-2,0.05,0.090909090909091
"p306",4,3,0.25,0.15,-1,-0.1,-0.4
"p306",3,4,0.4,0.4,1,0,0
"p306",3,3,0.25,0.15,0,-0.1,-0.4
"p306",3,3,0.25,0.1,0,-0.15,-0.6
"p306",4,3,0.55,0.55,-1,0,0
"p306",4,3,0.55,0.55,-1,0,0
"p306",4,4,0.4,0.55,0,0.15,0.375
"p306",4,3,0.55,0.45,-1,-0.1,-0.181818181818182
"p306",5,4,0.25,0.2,-1,-0.0499999999999999,-0.2
"p306",4,3,0.25,0.15,-1,-0.0999999999999999,-0.4
"p306",4,4,0.4,0.35,0,-0.05,-0.125
"p306",3,3,0.25,0.15,0,-0.1,-0.4
"p306",5,4,0.4,0.35,-1,-0.05,-0.125
"p306",5,5,0.25,0.15,0,-0.1,-0.4
"p306",3,3,0.4,0.3,0,-0.1,-0.25
"p306",5,4,0.55,0.5,-1,-0.05,-0.090909090909091
"p306",4,3,0.4,0.5,-1,0.1,0.25
"p306",3,3,0.25,0.15,0,-0.0999999999999999,-0.4
"p306",4,4,0.4,0.3,0,-0.1,-0.25
"p306",3,3,0.4,0.3,0,-0.1,-0.25
"p306",3,3,0.25,0.15,0,-0.0999999999999999,-0.4
"p306",4,4,0.25,0.15,0,-0.1,-0.4
"p306",5,5,0.25,0.1,0,-0.15,-0.6
"p306",3,3,0.55,0.35,0,-0.2,-0.363636363636364
"p306",5,4,0.55,0.5,-1,-0.05,-0.090909090909091
"p306",5,4,0.4,0.45,-1,0.05,0.125
"p306",3,3,0.4,0.5,0,0.0999999999999999,0.25
"p306",5,4,0.55,0.6,-1,0.05,0.090909090909091
"p306",4,4,0.25,0.15,0,-0.1,-0.4
"p306",4,4,0.25,0.2,0,-0.05,-0.2
"p306",4,3,0.55,0.45,-1,-0.1,-0.181818181818182
"p306",5,5,0.25,0.15,0,-0.0999999999999999,-0.4
"p306",5,4,0.4,0.4,-1,0,0
"p306",5,4,0.25,0.15,-1,-0.1,-0.4
"p306",4,3,0.25,0.15,-1,-0.1,-0.4
"p306",3,3,0.25,0.15,0,-0.0999999999999999,-0.4
"p306",5,4,0.55,0.35,-1,-0.2,-0.363636363636364
"p306",5,5,0.4,0.3,0,-0.1,-0.25
"p306",3,3,0.55,0.4,0,-0.15,-0.272727272727273
"p306",3,3,0.4,0.5,0,0.1,0.25
"p306",4,4,0.55,0.45,0,-0.1,-0.181818181818182
"p306",5,5,0.25,0.25,0,5.55111512312578e-17,2.22044604925031e-16
"p306",5,4,0.4,0.35,-1,-0.05,-0.125
"p306",3,3,0.55,0.35,0,-0.2,-0.363636363636364
"p306",3,3,0.25,0.15,0,-0.1,-0.4
"p306",4,3,0.25,0.1,-1,-0.15,-0.6
"p306",4,3,0.55,0.25,-1,-0.3,-0.545454545454546
"p306",4,4,0.55,0.4,0,-0.15,-0.272727272727273
"p306",3,3,0.25,0.1,0,-0.15,-0.6
"p306",5,5,0.25,0.1,0,-0.15,-0.6
"p306",3,3,0.55,0.5,0,-0.0500000000000001,-0.0909090909090911
"p306",4,3,0.4,0.45,-1,0.05,0.125
"p306",3,3,0.25,0.3,0,0.05,0.2
"p306",4,2,0.55,0.75,-2,0.2,0.363636363636364
"p306",4,4,0.25,0.15,0,-0.1,-0.4
"p306",4,3,0.4,0.3,-1,-0.1,-0.25
"p306",3,2,0.55,0.45,-1,-0.1,-0.181818181818182
"p306",3,2,0.55,0.6,-1,0.05,0.090909090909091
"p306",5,4,0.55,0.5,-1,-0.05,-0.090909090909091
"p306",3,2,0.4,0.6,-1,0.2,0.5
"p306",3,2,0.55,0.7,-1,0.15,0.272727272727273
"p306",3,3,0.25,0.2,0,-0.0499999999999999,-0.2
"p306",3,3,0.4,0.3,0,-0.1,-0.25
"p306",5,4,0.4,0.35,-1,-0.05,-0.125
"p306",3,3,0.4,0.35,0,-0.05,-0.125
"p306",4,4,0.25,0.2,0,-0.05,-0.2
"p306",3,4,0.55,0.4,1,-0.15,-0.272727272727273
"p306",5,4,0.55,0.45,-1,-0.1,-0.181818181818182
"p306",5,4,0.4,0.45,-1,0.0499999999999999,0.125
"p306",5,4,0.4,0.45,-1,0.05,0.125
"p306",4,3,0.25,0.2,-1,-0.0499999999999999,-0.2
"p306",5,3,0.55,0.4,-2,-0.15,-0.272727272727273
"p306",4,4,0.25,0.15,0,-0.0999999999999999,-0.4
"p306",3,3,0.4,0.5,0,0.0999999999999999,0.25
"p306",3,3,0.25,0.15,0,-0.0999999999999999,-0.4
"p306",4,4,0.25,0.15,0,-0.1,-0.4
"p306",3,4,0.55,0.45,1,-0.1,-0.181818181818182
"p306",4,3,0.4,0.4,-1,0,0
"p306",4,3,0.25,0.15,-1,-0.1,-0.4
"p306",3,3,0.25,0.15,0,-0.1,-0.4
"p306",3,3,0.4,0.3,0,-0.1,-0.25
"p306",5,4,0.55,0.35,-1,-0.2,-0.363636363636364
"p306",4,4,0.55,0.45,0,-0.1,-0.181818181818182
"p306",3,3,0.55,0.45,0,-0.1,-0.181818181818182
"p306",4,3,0.55,0.55,-1,-1.11022302462516e-16,-2.01858731750028e-16
"p306",4,3,0.25,0.15,-1,-0.1,-0.4
"p306",5,5,0.55,0.45,0,-0.1,-0.181818181818182
"p306",5,4,0.25,0.2,-1,-0.0499999999999999,-0.2
"p306",4,3,0.4,0.3,-1,-0.1,-0.25
"p306",5,5,0.25,0.15,0,-0.0999999999999999,-0.4
"p306",5,4,0.25,0.15,-1,-0.0999999999999999,-0.4
"p306",3,3,0.25,0.15,0,-0.1,-0.4
"p306",5,4,0.55,0.5,-1,-0.05,-0.090909090909091
"p306",5,4,0.25,0.35,-1,0.1,0.4
"p306",4,4,0.4,0.3,0,-0.1,-0.25
"p306",5,5,0.25,0.15,0,-0.0999999999999999,-0.4
"p306",4,4,0.55,0.45,0,-0.1,-0.181818181818182
"p306",4,3,0.4,0.5,-1,0.0999999999999999,0.25
"p306",3,3,0.55,0.4,0,-0.15,-0.272727272727273
"p306",5,5,0.25,0.25,0,0,0
"p306",4,3,0.55,0.5,-1,-0.0500000000000001,-0.0909090909090911
"p306",3,3,0.4,0.4,0,-5.55111512312578e-17,-1.38777878078145e-16
"p306",5,4,0.4,0.5,-1,0.1,0.25
"p306",3,3,0.25,0.2,0,-0.0499999999999999,-0.2
"p306",5,5,0.25,0.25,0,5.55111512312578e-17,2.22044604925031e-16
"p306",4,4,0.4,0.35,0,-0.05,-0.125
"p306",3,3,0.25,0.25,0,0,0
"p306",4,4,0.25,0.25,0,0,0
"p306",5,5,0.4,0.4,0,0,0
"p306",3,3,0.55,0.55,0,-1.11022302462516e-16,-2.01858731750028e-16
"p306",4,4,0.55,0.5,0,-0.0500000000000001,-0.0909090909090911
"p306",3,2,0.25,0.15,-1,-0.1,-0.4
"p306",3,3,0.25,0.15,0,-0.1,-0.4
"p306",5,4,0.4,0.25,-1,-0.15,-0.375
"p306",3,3,0.25,0.15,0,-0.0999999999999999,-0.4
"p306",3,3,0.25,0.25,0,0,0
"p306",4,4,0.4,0.45,0,0.05,0.125
"p306",4,4,0.4,0.45,0,0.05,0.125
"p306",4,4,0.4,0.4,0,0,0
"p306",4,4,0.25,0.2,0,-0.05,-0.2
"p306",3,3,0.25,0.2,0,-0.05,-0.2
"p306",5,4,0.4,0.35,-1,-0.05,-0.125
"p306",4,3,0.55,0.45,-1,-0.1,-0.181818181818182
"p306",4,4,0.25,0.2,0,-0.05,-0.2
"p306",5,4,0.25,0.2,-1,-0.05,-0.2
"p306",3,2,0.55,0.5,-1,-0.0500000000000001,-0.0909090909090911
"p306",3,3,0.55,0.4,0,-0.15,-0.272727272727273
"p306",5,4,0.25,0.2,-1,-0.05,-0.2
"p306",5,3,0.4,0.45,-2,0.0499999999999999,0.125
"p306",3,3,0.4,0.45,0,0.05,0.125
"p306",4,3,0.25,0.2,-1,-0.0499999999999999,-0.2
"p306",5,5,0.25,0.15,0,-0.1,-0.4
"p306",4,4,0.25,0.15,0,-0.1,-0.4
"p306",3,3,0.4,0.35,0,-0.05,-0.125
"p306",3,2,0.4,0.35,-1,-0.05,-0.125
"p306",3,4,0.55,0.45,1,-0.1,-0.181818181818182
"p306",5,4,0.4,0.5,-1,0.1,0.25
"p306",5,4,0.55,0.45,-1,-0.1,-0.181818181818182
"p306",3,3,0.55,0.5,0,-0.0500000000000001,-0.0909090909090911
"p306",3,2,0.55,0.45,-1,-0.1,-0.181818181818182
"p306",3,3,0.4,0.35,0,-0.05,-0.125
"p306",3,3,0.25,0.15,0,-0.0999999999999999,-0.4
"p306",4,4,0.25,0.15,0,-0.1,-0.4
"p306",4,2,0.55,0.45,-2,-0.1,-0.181818181818182
"p306",4,3,0.4,0.4,-1,0,0
"p306",5,4,0.55,0.4,-1,-0.15,-0.272727272727273
"p306",4,3,0.55,0.5,-1,-0.05,-0.090909090909091
"p306",4,4,0.25,0.15,0,-0.0999999999999999,-0.4
"p306",5,5,0.25,0.1,0,-0.15,-0.6
"p306",5,4,0.4,0.4,-1,-5.55111512312578e-17,-1.38777878078145e-16
"p306",4,3,0.25,0.15,-1,-0.1,-0.4
"p306",5,5,0.25,0.15,0,-0.1,-0.4
"p306",5,5,0.25,0.15,0,-0.1,-0.4
"p306",5,4,0.55,0.35,-1,-0.2,-0.363636363636364
"p306",3,3,0.25,0.15,0,-0.0999999999999999,-0.4
"p306",3,3,0.25,0.15,0,-0.1,-0.4
"p306",4,4,0.55,0.3,0,-0.25,-0.454545454545455
"p306",5,4,0.55,0.45,-1,-0.1,-0.181818181818182
"p306",5,4,0.55,0.45,-1,-0.1,-0.181818181818182
"p306",3,3,0.55,0.45,0,-0.1,-0.181818181818182
"p306",3,2,0.4,0.5,-1,0.1,0.25
"p306",4,2,0.55,0.55,-2,0,0
"p306",5,5,0.25,0.15,0,-0.0999999999999999,-0.4
"p306",4,3,0.4,0.2,-1,-0.2,-0.5
"p306",5,4,0.4,0.35,-1,-0.05,-0.125
"p306",5,4,0.55,0.65,-1,0.1,0.181818181818182
"p306",3,3,0.55,0.45,0,-0.1,-0.181818181818182
"p306",4,3,0.55,0.5,-1,-0.05,-0.090909090909091
"p306",4,3,0.55,0.65,-1,0.1,0.181818181818182
"p306",4,3,0.25,0.25,-1,5.55111512312578e-17,2.22044604925031e-16
"p306",3,3,0.4,0.3,0,-0.1,-0.25
"p306",5,4,0.25,0.15,-1,-0.1,-0.4
"p306",4,4,0.25,0.15,0,-0.0999999999999999,-0.4
"p306",3,3,0.4,0.3,0,-0.1,-0.25
"p306",3,3,0.55,0.45,0,-0.1,-0.181818181818182
"p306",4,3,0.4,0.4,-1,-5.55111512312578e-17,-1.38777878078145e-16
"p306",4,4,0.55,0.45,0,-0.1,-0.181818181818182
"p306",3,3,0.55,0.55,0,-1.11022302462516e-16,-2.01858731750028e-16
"p306",3,3,0.4,0.5,0,0.1,0.25
"p306",5,4,0.4,0.45,-1,0.05,0.125
"p306",4,4,0.25,0.15,0,-0.1,-0.4
"p306",5,4,0.55,0.4,-1,-0.15,-0.272727272727273
"p306",4,3,0.4,0.45,-1,0.0499999999999999,0.125
"p306",5,4,0.25,0.15,-1,-0.1,-0.4
"p306",5,5,0.25,0.15,0,-0.0999999999999999,-0.4
"p306",3,3,0.25,0.15,0,-0.1,-0.4
"p306",3,3,0.25,0.15,0,-0.1,-0.4
"p306",5,4,0.55,0.45,-1,-0.1,-0.181818181818182
"p306",3,2,0.4,0.4,-1,-5.55111512312578e-17,-1.38777878078145e-16
"p306",3,2,0.25,0.15,-1,-0.1,-0.4
"p306",4,3,0.25,0.15,-1,-0.0999999999999999,-0.4
"p306",4,3,0.55,0.6,-1,0.05,0.090909090909091
"p306",3,3,0.25,0.25,0,0,0
"p306",5,4,0.25,0.2,-1,-0.0499999999999999,-0.2
"p306",4,4,0.25,0.15,0,-0.1,-0.4
"p306",5,4,0.55,0.75,-1,0.2,0.363636363636364
"p306",3,3,0.25,0.3,0,0.05,0.2
"p306",5,5,0.25,0.15,0,-0.1,-0.4
"p306",3,3,0.55,0.45,0,-0.1,-0.181818181818182
"p306",4,3,0.55,0.55,-1,-1.11022302462516e-16,-2.01858731750028e-16
"p306",4,3,0.4,0.35,-1,-0.05,-0.125
"p306",5,4,0.55,0.45,-1,-0.1,-0.181818181818182
"p306",5,4,0.4,0.45,-1,0.0499999999999999,0.125
"p306",5,4,0.25,0.1,-1,-0.15,-0.6
"p306",3,2,0.55,0.55,-1,-1.11022302462516e-16,-2.01858731750028e-16
"p306",4,3,0.25,0.15,-1,-0.1,-0.4
"p306",3,2,0.4,0.4,-1,0,0
"p306",3,2,0.55,0.4,-1,-0.15,-0.272727272727273
"p306",4,3,0.4,0.5,-1,0.0999999999999999,0.25
"p306",4,3,0.25,0.15,-1,-0.1,-0.4
"p306",4,3,0.4,0.45,-1,0.05,0.125
"p306",5,5,0.4,0.4,0,-5.55111512312578e-17,-1.38777878078145e-16
"p306",3,3,0.25,0.15,0,-0.0999999999999999,-0.4
"p306",3,3,0.25,0.2,0,-0.0499999999999999,-0.2
"p306",5,4,0.25,0.15,-1,-0.1,-0.4
"p306",5,4,0.4,0.35,-1,-0.05,-0.125
"p306",3,3,0.4,0.4,0,-5.55111512312578e-17,-1.38777878078145e-16
"p306",3,2,0.55,0.5,-1,-0.05,-0.090909090909091
"p306",3,2,0.25,0.2,-1,-0.05,-0.2
"p306",3,2,0.25,0.15,-1,-0.0999999999999999,-0.4
"p306",4,2,0.4,0.4,-2,0,0
"p306",4,4,0.25,0.15,0,-0.1,-0.4
"p306",4,3,0.55,0.5,-1,-0.0500000000000001,-0.0909090909090911
"p306",3,3,0.4,0.35,0,-0.05,-0.125
"p306",4,3,0.55,0.5,-1,-0.0500000000000001,-0.0909090909090911
"p306",5,4,0.4,0.4,-1,0,0
"p306",3,3,0.25,0.15,0,-0.0999999999999999,-0.4
"p306",4,3,0.25,0.15,-1,-0.0999999999999999,-0.4
"p306",4,4,0.25,0.15,0,-0.0999999999999999,-0.4
"p306",4,4,0.55,0.55,0,0,0
"p306",5,4,0.4,0.55,-1,0.15,0.375
"p306",4,4,0.4,0.45,0,0.0499999999999999,0.125
"p306",3,3,0.25,0.2,0,-0.05,-0.2
"p306",4,4,0.25,0.2,0,-0.0499999999999999,-0.2
"p306",4,3,0.55,0.55,-1,0,0
"p306",5,4,0.55,0.5,-1,-0.0500000000000001,-0.0909090909090911
"p306",5,4,0.25,0.2,-1,-0.0499999999999999,-0.2
"p306",3,2,0.55,0.55,-1,-1.11022302462516e-16,-2.01858731750028e-16
"p306",3,3,0.25,0.15,0,-0.1,-0.4
"p306",3,3,0.55,0.5,0,-0.05,-0.090909090909091
"p306",4,4,0.25,0.2,0,-0.05,-0.2
"p306",3,3,0.4,0.4,0,-5.55111512312578e-17,-1.38777878078145e-16
"p306",3,3,0.25,0.15,0,-0.1,-0.4
"p306",5,5,0.4,0.4,0,-5.55111512312578e-17,-1.38777878078145e-16
"p306",3,3,0.25,0.25,0,0,0
"p306",5,4,0.4,0.4,-1,0,0
"p306",5,3,0.55,0.5,-2,-0.0500000000000001,-0.0909090909090911
"p306",5,4,0.25,0.2,-1,-0.0499999999999999,-0.2
"p306",5,4,0.25,0.15,-1,-0.0999999999999999,-0.4
"p306",3,3,0.4,0.4,0,-5.55111512312578e-17,-1.38777878078145e-16
"p306",4,3,0.4,0.45,-1,0.0499999999999999,0.125
"p306",5,4,0.25,0.25,-1,0,0
"p306",4,4,0.55,0.55,0,0,0
"p306",4,4,0.25,0.15,0,-0.1,-0.4
"p306",5,4,0.25,0.15,-1,-0.0999999999999999,-0.4
"p306",4,4,0.25,0.15,0,-0.0999999999999999,-0.4
"p306",3,3,0.55,0.5,0,-0.0500000000000001,-0.0909090909090911
"p306",3,3,0.55,0.55,0,0,0
"p306",4,3,0.4,0.5,-1,0.0999999999999999,0.25
"p306",3,3,0.55,0.5,0,-0.0500000000000001,-0.0909090909090911
"p306",5,4,0.55,0.55,-1,0,0
"p306",5,4,0.55,0.6,-1,0.05,0.090909090909091
"p306",3,2,0.4,0.55,-1,0.15,0.375
"p306",5,3,0.4,0.4,-2,0,0
"p306",5,4,0.25,0.2,-1,-0.0499999999999999,-0.2
"p306",5,4,0.55,0.4,-1,-0.15,-0.272727272727273
"p306",4,3,0.4,0.4,-1,0,0
"p306",5,4,0.25,0.2,-1,-0.0499999999999999,-0.2
"p306",3,3,0.55,0.6,0,0.05,0.090909090909091
"p306",5,4,0.25,0.2,-1,-0.0499999999999999,-0.2
"p306",4,3,0.55,0.5,-1,-0.0500000000000001,-0.0909090909090911
"p306",4,3,0.55,0.5,-1,-0.0500000000000001,-0.0909090909090911
"p306",5,4,0.25,0.15,-1,-0.1,-0.4
"p306",5,4,0.4,0.35,-1,-0.05,-0.125
"p306",5,4,0.55,0.5,-1,-0.05,-0.090909090909091
"p306",4,3,0.4,0.45,-1,0.05,0.125
"p306",5,4,0.55,0.5,-1,-0.05,-0.090909090909091
"p306",3,2,0.4,0.45,-1,0.0499999999999999,0.125
"p306",5,4,0.25,0.15,-1,-0.0999999999999999,-0.4
"p306",3,2,0.25,0.15,-1,-0.0999999999999999,-0.4
"p306",5,4,0.55,0.4,-1,-0.15,-0.272727272727273
"p306",3,2,0.55,0.45,-1,-0.1,-0.181818181818182
"p306",4,3,0.25,0.15,-1,-0.1,-0.4
"p306",4,3,0.4,0.35,-1,-0.05,-0.125
"p306",3,2,0.25,0.15,-1,-0.1,-0.4
"p306",4,3,0.55,0.55,-1,0,0
"p306",4,3,0.25,0.25,-1,0,0
"p306",5,4,0.25,0.15,-1,-0.0999999999999999,-0.4
"p306",4,3,0.4,0.4,-1,-5.55111512312578e-17,-1.38777878078145e-16
"p306",4,2,0.55,0.55,-2,-1.11022302462516e-16,-2.01858731750028e-16
"p306",4,4,0.25,0.2,0,-0.05,-0.2
"p306",4,3,0.4,0.3,-1,-0.1,-0.25
"p306",4,3,0.25,0.15,-1,-0.0999999999999999,-0.4
"p306",3,2,0.55,0.35,-1,-0.2,-0.363636363636364
"p306",3,3,0.25,0.15,0,-0.1,-0.4
"p306",4,4,0.25,0.2,0,-0.05,-0.2
"p306",5,5,0.25,0.2,0,-0.0499999999999999,-0.2
"p306",3,3,0.4,0.3,0,-0.1,-0.25
"p306",5,3,0.4,0.45,-2,0.05,0.125
"p306",3,3,0.25,0.15,0,-0.0999999999999999,-0.4
"p306",3,2,0.55,0.45,-1,-0.1,-0.181818181818182
"p306",4,4,0.55,0.55,0,-1.11022302462516e-16,-2.01858731750028e-16
"p306",5,4,0.25,0.15,-1,-0.1,-0.4
"p306",5,5,0.25,0.15,0,-0.1,-0.4
"p306",4,3,0.25,0.15,-1,-0.0999999999999999,-0.4
"p306",3,2,0.25,0.15,-1,-0.1,-0.4
"p306",3,3,0.4,0.35,0,-0.05,-0.125
"p306",5,4,0.55,0.5,-1,-0.05,-0.090909090909091
"p306",4,4,0.4,0.4,0,-5.55111512312578e-17,-1.38777878078145e-16
"p306",3,2,0.25,0.2,-1,-0.0499999999999999,-0.2
"p306",5,5,0.4,0.35,0,-0.05,-0.125
"p306",4,3,0.25,0.2,-1,-0.0499999999999999,-0.2
"p306",3,2,0.4,0.45,-1,0.0499999999999999,0.125
"p306",3,2,0.55,0.5,-1,-0.0500000000000001,-0.0909090909090911
"p306",5,4,0.4,0.5,-1,0.1,0.25
"p306",5,5,0.55,0.5,0,-0.05,-0.090909090909091
"p306",5,4,0.4,0.55,-1,0.15,0.375
"p306",3,3,0.55,0.55,0,0,0
"p306",3,3,0.25,0.1,0,-0.15,-0.6
"p306",3,2,0.4,0.35,-1,-0.05,-0.125
"p307",5,5,0.4,0.45,0,0.05,0.125
"p307",5,5,0.4,0.4,0,0,0
"p307",4,4,0.4,0.35,0,-0.05,-0.125
"p307",3,4,0.55,0.5,1,-0.05,-0.090909090909091
"p307",5,6,0.55,0.45,1,-0.1,-0.181818181818182
"p307",4,5,0.4,0.45,1,0.05,0.125
"p307",3,4,0.25,0.2,1,-0.05,-0.2
"p307",3,3,0.4,0.4,0,0,0
"p307",4,5,0.55,0.45,1,-0.1,-0.181818181818182
"p307",5,6,0.25,0.2,1,-0.05,-0.2
"p307",5,5,0.25,0.25,0,0,0
"p307",3,4,0.4,0.3,1,-0.1,-0.25
"p307",3,4,0.55,0.45,1,-0.1,-0.181818181818182
"p307",4,3,0.25,0.25,-1,0,0
"p307",5,5,0.25,0.2,0,-0.05,-0.2
"p307",5,6,0.25,0.25,1,0,0
"p307",3,3,0.55,0.5,0,-0.05,-0.090909090909091
"p307",4,6,0.4,0.4,2,0,0
"p307",3,3,0.25,0.25,0,0,0
"p307",5,5,0.55,0.45,0,-0.1,-0.181818181818182
"p307",4,4,0.55,0.55,0,0,0
"p307",5,6,0.55,0.45,1,-0.1,-0.181818181818182
"p307",5,5,0.25,0.25,0,0,0
"p307",4,4,0.25,0.2,0,-0.05,-0.2
"p307",4,5,0.55,0.4,1,-0.15,-0.272727272727273
"p307",5,5,0.4,0.35,0,-0.05,-0.125
"p307",4,4,0.25,0.2,0,-0.05,-0.2
"p307",3,4,0.55,0.35,1,-0.2,-0.363636363636364
"p307",4,4,0.55,0.45,0,-0.1,-0.181818181818182
"p307",4,4,0.25,0.2,0,-0.05,-0.2
"p307",4,5,0.4,0.35,1,-0.05,-0.125
"p307",3,3,0.55,0.45,0,-0.1,-0.181818181818182
"p307",4,5,0.25,0.2,1,-0.05,-0.2
"p307",3,3,0.25,0.2,0,-0.05,-0.2
"p307",5,6,0.55,0.4,1,-0.15,-0.272727272727273
"p307",3,3,0.55,0.4,0,-0.15,-0.272727272727273
"p307",4,5,0.4,0.35,1,-0.05,-0.125
"p307",5,6,0.4,0.35,1,-0.05,-0.125
"p307",4,5,0.55,0.45,1,-0.1,-0.181818181818182
"p307",4,5,0.25,0.2,1,-0.05,-0.2
"p307",5,5,0.4,0.4,0,0,0
"p307",4,4,0.25,0.2,0,-0.05,-0.2
"p307",3,3,0.4,0.4,0,0,0
"p307",3,3,0.4,0.45,0,0.05,0.125
"p307",3,3,0.4,0.4,0,0,0
"p307",3,3,0.25,0.3,0,0.05,0.2
"p307",3,3,0.25,0.2,0,-0.05,-0.2
"p307",3,3,0.25,0.25,0,0,0
"p307",5,5,0.25,0.2,0,-0.05,-0.2
"p307",3,3,0.25,0.2,0,-0.05,-0.2
"p307",5,5,0.55,0.4,0,-0.15,-0.272727272727273
"p307",5,5,0.25,0.25,0,0,0
"p307",3,3,0.4,0.35,0,-0.05,-0.125
"p307",4,4,0.55,0.55,0,0,0
"p307",5,5,0.25,0.2,0,-0.05,-0.2
"p307",4,4,0.25,0.2,0,-0.05,-0.2
"p307",4,5,0.4,0.3,1,-0.1,-0.25
"p307",4,4,0.25,0.25,0,0,0
"p307",4,5,0.4,0.3,1,-0.1,-0.25
"p307",3,3,0.25,0.25,0,0,0
"p307",5,5,0.4,0.35,0,-0.05,-0.125
"p307",5,5,0.25,0.25,0,0,0
"p307",4,4,0.25,0.2,0,-0.05,-0.2
"p307",5,5,0.55,0.35,0,-0.2,-0.363636363636364
"p307",3,3,0.25,0.2,0,-0.05,-0.2
"p307",4,5,0.4,0.35,1,-0.05,-0.125
"p307",3,3,0.4,0.5,0,0.1,0.25
"p307",3,3,0.25,0.2,0,-0.05,-0.2
"p307",5,5,0.25,0.2,0,-0.05,-0.2
"p307",3,3,0.55,0.45,0,-0.1,-0.181818181818182
"p307",5,6,0.55,0.45,1,-0.1,-0.181818181818182
"p307",3,3,0.55,0.6,0,0.0499999999999999,0.0909090909090908
"p307",5,6,0.25,0.2,1,-0.05,-0.2
"p307",5,5,0.55,0.45,0,-0.1,-0.181818181818182
"p307",5,5,0.4,0.45,0,0.05,0.125
"p307",3,3,0.4,0.4,0,0,0
"p307",5,5,0.4,0.3,0,-0.1,-0.25
"p307",3,3,0.55,0.6,0,0.0499999999999999,0.0909090909090908
"p307",3,3,0.4,0.4,0,0,0
"p307",4,5,0.4,0.4,1,0,0
"p307",5,5,0.25,0.15,0,-0.1,-0.4
"p307",4,4,0.25,0.2,0,-0.05,-0.2
"p307",4,4,0.4,0.4,0,0,0
"p307",4,4,0.25,0.2,0,-0.05,-0.2
"p307",4,4,0.25,0.15,0,-0.1,-0.4
"p307",4,5,0.25,0.15,1,-0.1,-0.4
"p307",3,3,0.25,0.2,0,-0.05,-0.2
"p307",3,3,0.55,0.45,0,-0.1,-0.181818181818182
"p307",4,4,0.55,0.5,0,-0.05,-0.090909090909091
"p307",5,5,0.25,0.2,0,-0.05,-0.2
"p307",5,5,0.25,0.2,0,-0.05,-0.2
"p307",3,3,0.25,0.2,0,-0.05,-0.2
"p307",5,5,0.55,0.45,0,-0.1,-0.181818181818182
"p307",4,4,0.55,0.6,0,0.0499999999999999,0.0909090909090908
"p307",3,3,0.25,0.15,0,-0.1,-0.4
"p307",3,3,0.55,0.6,0,0.0499999999999999,0.0909090909090908
"p307",3,3,0.25,0.15,0,-0.1,-0.4
"p307",5,5,0.55,0.5,0,-0.05,-0.090909090909091
"p307",4,4,0.55,0.5,0,-0.05,-0.090909090909091
"p307",3,3,0.4,0.45,0,0.05,0.125
"p307",3,3,0.55,0.65,0,0.1,0.181818181818182
"p307",5,6,0.4,0.4,1,0,0
"p307",4,5,0.55,0.5,1,-0.05,-0.090909090909091
"p307",5,6,0.4,0.4,1,0,0
"p307",5,6,0.4,0.35,1,-0.05,-0.125
"p307",3,3,0.4,0.3,0,-0.1,-0.25
"p307",4,4,0.55,0.55,0,0,0
"p307",3,3,0.25,0.2,0,-0.05,-0.2
"p307",3,3,0.55,0.55,0,0,0
"p307",4,4,0.25,0.2,0,-0.05,-0.2
"p307",4,4,0.4,0.3,0,-0.1,-0.25
"p307",4,4,0.25,0.2,0,-0.05,-0.2
"p307",3,3,0.55,0.45,0,-0.1,-0.181818181818182
"p307",4,4,0.55,0.55,0,0,0
"p307",5,6,0.25,0.25,1,0,0
"p307",4,5,0.25,0.25,1,0,0
"p307",3,3,0.25,0.2,0,-0.05,-0.2
"p307",5,5,0.25,0.2,0,-0.05,-0.2
"p307",3,3,0.25,0.2,0,-0.05,-0.2
"p307",3,3,0.55,0.65,0,0.1,0.181818181818182
"p307",3,3,0.25,0.15,0,-0.1,-0.4
"p307",3,3,0.55,0.65,0,0.1,0.181818181818182
"p307",5,5,0.4,0.55,0,0.15,0.375
"p307",5,5,0.25,0.2,0,-0.05,-0.2
"p307",4,4,0.4,0.45,0,0.05,0.125
"p307",5,5,0.4,0.45,0,0.05,0.125
"p307",3,3,0.25,0.2,0,-0.05,-0.2
"p307",5,6,0.55,0.45,1,-0.1,-0.181818181818182
"p307",5,6,0.4,0.35,1,-0.05,-0.125
"p307",3,3,0.4,0.35,0,-0.05,-0.125
"p307",3,3,0.25,0.2,0,-0.05,-0.2
"p307",5,5,0.55,0.45,0,-0.1,-0.181818181818182
"p307",4,4,0.25,0.2,0,-0.05,-0.2
"p307",4,4,0.25,0.2,0,-0.05,-0.2
"p307",5,5,0.55,0.6,0,0.0499999999999999,0.0909090909090908
"p307",4,4,0.55,0.5,0,-0.05,-0.090909090909091
"p307",4,5,0.55,0.5,1,-0.05,-0.090909090909091
"p307",4,4,0.4,0.4,0,0,0
"p307",5,5,0.25,0.2,0,-0.05,-0.2
"p307",5,5,0.55,0.45,0,-0.1,-0.181818181818182
"p307",3,3,0.4,0.3,0,-0.1,-0.25
"p307",5,5,0.25,0.25,0,0,0
"p307",5,5,0.4,0.3,0,-0.1,-0.25
"p307",3,2,0.55,0.5,-1,-0.05,-0.090909090909091
"p307",4,4,0.4,0.3,0,-0.1,-0.25
"p307",3,3,0.55,0.45,0,-0.1,-0.181818181818182
"p307",4,4,0.4,0.3,0,-0.1,-0.25
"p307",5,5,0.25,0.2,0,-0.05,-0.2
"p307",3,3,0.4,0.4,0,0,0
"p307",4,5,0.55,0.35,1,-0.2,-0.363636363636364
"p307",3,3,0.25,0.15,0,-0.1,-0.4
"p307",3,3,0.4,0.35,0,-0.05,-0.125
"p307",4,4,0.25,0.2,0,-0.05,-0.2
"p307",5,5,0.25,0.2,0,-0.05,-0.2
"p307",4,4,0.25,0.2,0,-0.05,-0.2
"p307",5,5,0.55,0.4,0,-0.15,-0.272727272727273
"p307",5,5,0.55,0.45,0,-0.1,-0.181818181818182
"p307",5,5,0.55,0.45,0,-0.1,-0.181818181818182
"p307",3,3,0.55,0.55,0,0,0
"p307",4,4,0.4,0.3,0,-0.1,-0.25
"p307",4,4,0.55,0.55,0,0,0
"p307",4,4,0.25,0.2,0,-0.05,-0.2
"p307",5,5,0.55,0.45,0,-0.1,-0.181818181818182
"p307",5,6,0.25,0.2,1,-0.05,-0.2
"p307",3,3,0.4,0.4,0,0,0
"p307",4,5,0.25,0.2,1,-0.05,-0.2
"p307",5,5,0.25,0.15,0,-0.1,-0.4
"p307",5,6,0.4,0.35,1,-0.05,-0.125
"p307",4,4,0.4,0.35,0,-0.05,-0.125
"p307",5,5,0.55,0.4,0,-0.15,-0.272727272727273
"p307",3,3,0.55,0.5,0,-0.05,-0.090909090909091
"p307",4,4,0.25,0.2,0,-0.05,-0.2
"p307",4,4,0.55,0.35,0,-0.2,-0.363636363636364
"p307",4,4,0.4,0.3,0,-0.1,-0.25
"p307",3,3,0.25,0.15,0,-0.1,-0.4
"p307",5,5,0.25,0.15,0,-0.1,-0.4
"p307",3,3,0.25,0.15,0,-0.1,-0.4
"p307",4,5,0.55,0.45,1,-0.1,-0.181818181818182
"p307",5,5,0.55,0.5,0,-0.05,-0.090909090909091
"p307",3,3,0.55,0.45,0,-0.1,-0.181818181818182
"p307",3,3,0.4,0.35,0,-0.05,-0.125
"p307",3,3,0.4,0.35,0,-0.05,-0.125
"p307",3,3,0.25,0.15,0,-0.1,-0.4
"p307",4,4,0.55,0.45,0,-0.1,-0.181818181818182
"p307",5,5,0.4,0.3,0,-0.1,-0.25
"p307",4,4,0.25,0.2,0,-0.05,-0.2
"p307",3,3,0.4,0.4,0,0,0
"p307",3,3,0.25,0.25,0,0,0
"p307",4,4,0.4,0.4,0,0,0
"p307",4,5,0.55,0.45,1,-0.1,-0.181818181818182
"p307",5,6,0.25,0.2,1,-0.05,-0.2
"p307",4,5,0.4,0.3,1,-0.1,-0.25
"p307",3,3,0.4,0.4,0,0,0
"p307",4,5,0.25,0.2,1,-0.05,-0.2
"p307",5,5,0.4,0.3,0,-0.1,-0.25
"p307",4,4,0.25,0.15,0,-0.1,-0.4
"p307",5,5,0.25,0.2,0,-0.05,-0.2
"p307",3,3,0.25,0.2,0,-0.05,-0.2
"p307",3,3,0.25,0.2,0,-0.05,-0.2
"p307",3,3,0.25,0.2,0,-0.05,-0.2
"p307",5,5,0.4,0.25,0,-0.15,-0.375
"p307",5,5,0.4,0.35,0,-0.05,-0.125
"p307",3,3,0.55,0.65,0,0.1,0.181818181818182
"p307",5,5,0.25,0.15,0,-0.1,-0.4
"p307",4,4,0.25,0.15,0,-0.1,-0.4
"p307",3,3,0.55,0.55,0,0,0
"p307",5,6,0.25,0.15,1,-0.1,-0.4
"p307",3,3,0.55,0.5,0,-0.05,-0.090909090909091
"p307",4,4,0.25,0.25,0,0,0
"p307",4,4,0.55,0.5,0,-0.05,-0.090909090909091
"p307",4,4,0.25,0.2,0,-0.05,-0.2
"p307",5,5,0.25,0.2,0,-0.05,-0.2
"p307",5,5,0.4,0.35,0,-0.05,-0.125
"p307",4,4,0.4,0.35,0,-0.05,-0.125
"p307",5,5,0.55,0.4,0,-0.15,-0.272727272727273
"p307",3,3,0.25,0.25,0,0,0
"p307",5,5,0.55,0.4,0,-0.15,-0.272727272727273
"p307",5,5,0.25,0.3,0,0.05,0.2
"p307",5,6,0.55,0.5,1,-0.05,-0.090909090909091
"p307",4,4,0.55,0.55,0,0,0
"p307",4,4,0.4,0.5,0,0.1,0.25
"p307",4,4,0.25,0.2,0,-0.05,-0.2
"p307",4,4,0.25,0.2,0,-0.05,-0.2
"p307",4,4,0.25,0.15,0,-0.1,-0.4
"p307",3,3,0.25,0.2,0,-0.05,-0.2
"p307",5,5,0.4,0.3,0,-0.1,-0.25
"p307",3,3,0.55,0.6,0,0.0499999999999999,0.0909090909090908
"p307",3,3,0.25,0.15,0,-0.1,-0.4
"p307",3,3,0.4,0.35,0,-0.05,-0.125
"p307",4,4,0.25,0.2,0,-0.05,-0.2
"p307",4,4,0.55,0.45,0,-0.1,-0.181818181818182
"p307",5,4,0.25,0.2,-1,-0.05,-0.2
"p307",3,3,0.55,0.5,0,-0.05,-0.090909090909091
"p307",5,4,0.4,0.4,-1,0,0
"p307",3,3,0.55,0.4,0,-0.15,-0.272727272727273
"p307",3,3,0.55,0.5,0,-0.05,-0.090909090909091
"p307",4,4,0.55,0.6,0,0.0499999999999999,0.0909090909090908
"p307",3,3,0.4,0.35,0,-0.05,-0.125
"p307",3,3,0.4,0.3,0,-0.1,-0.25
"p307",4,4,0.25,0.2,0,-0.05,-0.2
"p307",3,3,0.4,0.3,0,-0.1,-0.25
"p307",5,5,0.55,0.45,0,-0.1,-0.181818181818182
"p307",3,2,0.55,0.45,-1,-0.1,-0.181818181818182
"p307",3,3,0.25,0.25,0,0,0
"p307",5,5,0.25,0.15,0,-0.1,-0.4
"p307",3,3,0.4,0.3,0,-0.1,-0.25
"p307",5,6,0.25,0.2,1,-0.05,-0.2
"p307",5,6,0.4,0.35,1,-0.05,-0.125
"p307",3,3,0.25,0.15,0,-0.1,-0.4
"p307",5,5,0.25,0.2,0,-0.05,-0.2
"p307",3,3,0.25,0.2,0,-0.05,-0.2
"p307",4,4,0.4,0.3,0,-0.1,-0.25
"p307",5,5,0.4,0.3,0,-0.1,-0.25
"p307",5,5,0.55,0.5,0,-0.05,-0.090909090909091
"p307",3,3,0.25,0.15,0,-0.1,-0.4
"p307",4,4,0.4,0.35,0,-0.05,-0.125
"p307",5,5,0.25,0.2,0,-0.05,-0.2
"p307",4,3,0.55,0.6,-1,0.0499999999999999,0.0909090909090908
"p307",3,3,0.55,0.55,0,0,0
"p307",4,4,0.4,0.35,0,-0.05,-0.125
"p307",4,5,0.4,0.35,1,-0.05,-0.125
"p307",4,4,0.4,0.35,0,-0.05,-0.125
"p307",5,6,0.4,0.35,1,-0.05,-0.125
"p307",3,3,0.25,0.2,0,-0.05,-0.2
"p307",5,5,0.55,0.55,0,0,0
"p307",5,5,0.4,0.35,0,-0.05,-0.125
"p307",3,3,0.25,0.2,0,-0.05,-0.2
"p307",5,5,0.25,0.2,0,-0.05,-0.2
"p307",5,6,0.55,0.4,1,-0.15,-0.272727272727273
"p307",4,5,0.4,0.3,1,-0.1,-0.25
"p307",3,3,0.25,0.2,0,-0.05,-0.2
"p307",4,4,0.25,0.2,0,-0.05,-0.2
"p307",4,5,0.55,0.4,1,-0.15,-0.272727272727273
"p307",3,3,0.4,0.4,0,0,0
"p307",3,3,0.55,0.5,0,-0.05,-0.090909090909091
"p307",4,4,0.55,0.55,0,0,0
"p307",5,6,0.4,0.3,1,-0.1,-0.25
"p307",5,5,0.55,0.55,0,0,0
"p307",5,6,0.4,0.3,1,-0.1,-0.25
"p307",5,6,0.25,0.15,1,-0.1,-0.4
"p307",3,3,0.25,0.2,0,-0.05,-0.2
"p307",3,3,0.25,0.2,0,-0.05,-0.2
"p307",3,3,0.55,0.6,0,0.0499999999999999,0.0909090909090908
"p307",5,6,0.55,0.55,1,0,0
"p307",3,3,0.55,0.55,0,0,0
"p307",3,3,0.55,0.6,0,0.0499999999999999,0.0909090909090908
"p307",4,3,0.55,0.6,-1,0.0499999999999999,0.0909090909090908
"p307",5,4,0.25,0.15,-1,-0.1,-0.4
"p307",4,4,0.25,0.15,0,-0.1,-0.4
"p307",4,4,0.25,0.15,0,-0.1,-0.4
"p307",3,3,0.55,0.55,0,0,0
"p307",3,3,0.25,0.15,0,-0.1,-0.4
"p307",5,5,0.55,0.45,0,-0.1,-0.181818181818182
"p307",4,4,0.4,0.3,0,-0.1,-0.25
"p307",3,3,0.4,0.35,0,-0.05,-0.125
"p307",3,3,0.25,0.25,0,0,0
"p307",4,4,0.55,0.45,0,-0.1,-0.181818181818182
"p307",3,3,0.55,0.45,0,-0.1,-0.181818181818182
"p307",4,5,0.25,0.2,1,-0.05,-0.2
"p307",4,4,0.25,0.2,0,-0.05,-0.2
"p307",3,3,0.4,0.3,0,-0.1,-0.25
"p307",4,5,0.25,0.15,1,-0.1,-0.4
"p307",3,3,0.4,0.3,0,-0.1,-0.25
"p307",4,4,0.25,0.2,0,-0.05,-0.2
"p307",5,6,0.4,0.25,1,-0.15,-0.375
"p307",5,5,0.25,0.2,0,-0.05,-0.2
"p307",4,5,0.4,0.3,1,-0.1,-0.25
"p307",4,4,0.55,0.4,0,-0.15,-0.272727272727273
"p307",5,5,0.25,0.2,0,-0.05,-0.2
"p307",5,6,0.25,0.2,1,-0.05,-0.2
"p307",3,3,0.4,0.45,0,0.05,0.125
"p307",5,5,0.25,0.2,0,-0.05,-0.2
"p307",5,5,0.4,0.25,0,-0.15,-0.375
"p307",3,3,0.55,0.45,0,-0.1,-0.181818181818182
"p307",4,4,0.4,0.3,0,-0.1,-0.25
"p307",5,5,0.25,0.25,0,0,0
"p307",3,3,0.25,0.2,0,-0.05,-0.2
"p307",5,5,0.55,0.45,0,-0.1,-0.181818181818182
"p307",4,4,0.4,0.35,0,-0.05,-0.125
"p307",5,5,0.25,0.25,0,0,0
"p307",5,5,0.55,0.45,0,-0.1,-0.181818181818182
"p307",3,3,0.55,0.5,0,-0.05,-0.090909090909091
"p307",4,4,0.25,0.2,0,-0.05,-0.2
"p307",5,5,0.25,0.2,0,-0.05,-0.2
"p307",4,4,0.25,0.2,0,-0.05,-0.2
"p307",3,3,0.4,0.3,0,-0.1,-0.25
"p307",3,3,0.4,0.35,0,-0.05,-0.125
"p307",5,6,0.4,0.35,1,-0.05,-0.125
"p307",4,4,0.55,0.55,0,0,0
"p307",4,4,0.25,0.3,0,0.05,0.2
"p307",3,3,0.55,0.45,0,-0.1,-0.181818181818182
"p307",5,5,0.55,0.45,0,-0.1,-0.181818181818182
"p307",5,5,0.25,0.2,0,-0.05,-0.2
"p307",3,3,0.55,0.5,0,-0.05,-0.090909090909091
"p307",3,3,0.4,0.35,0,-0.05,-0.125
"p307",3,3,0.55,0.45,0,-0.1,-0.181818181818182
"p307",4,4,0.55,0.5,0,-0.05,-0.090909090909091
"p307",5,5,0.55,0.6,0,0.0499999999999999,0.0909090909090908
"p307",4,4,0.25,0.2,0,-0.05,-0.2
"p307",4,5,0.55,0.45,1,-0.1,-0.181818181818182
"p307",4,4,0.25,0.15,0,-0.1,-0.4
"p307",5,6,0.55,0.35,1,-0.2,-0.363636363636364
"p307",3,4,0.25,0.2,1,-0.05,-0.2
"p307",5,5,0.25,0.2,0,-0.05,-0.2
"p307",3,3,0.55,0.45,0,-0.1,-0.181818181818182
"p307",3,3,0.25,0.2,0,-0.05,-0.2
"p307",4,4,0.4,0.25,0,-0.15,-0.375
"p307",3,3,0.25,0.2,0,-0.05,-0.2
"p307",4,4,0.4,0.35,0,-0.05,-0.125
"p307",5,6,0.25,0.2,1,-0.05,-0.2
"p307",4,4,0.55,0.45,0,-0.1,-0.181818181818182
"p307",3,3,0.4,0.3,0,-0.1,-0.25
"p307",3,3,0.25,0.2,0,-0.05,-0.2
"p307",4,4,0.25,0.2,0,-0.05,-0.2
"p307",4,4,0.4,0.35,0,-0.05,-0.125
"p307",5,6,0.4,0.25,1,-0.15,-0.375
"p307",5,5,0.25,0.2,0,-0.05,-0.2
"p307",5,6,0.4,0.25,1,-0.15,-0.375
"p307",3,3,0.25,0.2,0,-0.05,-0.2
"p307",3,3,0.25,0.15,0,-0.1,-0.4
"p307",4,4,0.25,0.2,0,-0.05,-0.2
"p307",4,4,0.55,0.45,0,-0.1,-0.181818181818182
"p307",5,6,0.4,0.4,1,0,0
"p307",3,3,0.4,0.4,0,0,0
"p307",3,3,0.4,0.4,0,0,0
"p307",5,5,0.25,0.25,0,0,0
"p307",5,5,0.25,0.25,0,0,0
"p307",5,5,0.55,0.4,0,-0.15,-0.272727272727273
"p307",4,4,0.25,0.2,0,-0.05,-0.2
"p307",3,3,0.4,0.45,0,0.05,0.125
"p307",3,3,0.25,0.2,0,-0.05,-0.2
"p307",5,5,0.25,0.2,0,-0.05,-0.2
"p307",4,4,0.4,0.3,0,-0.1,-0.25
"p307",4,4,0.55,0.5,0,-0.05,-0.090909090909091
"p307",4,3,0.55,0.55,-1,0,0
"p307",4,4,0.25,0.2,0,-0.05,-0.2
"p307",3,3,0.4,0.3,0,-0.1,-0.25
"p307",3,3,0.4,0.4,0,0,0
"p307",5,5,0.25,0.2,0,-0.05,-0.2
"p307",4,5,0.4,0.3,1,-0.1,-0.25
"p307",3,3,0.25,0.15,0,-0.1,-0.4
"p307",4,5,0.55,0.35,1,-0.2,-0.363636363636364
"p307",5,6,0.4,0.3,1,-0.1,-0.25
"p307",5,6,0.55,0.35,1,-0.2,-0.363636363636364
"p307",4,4,0.25,0.15,0,-0.1,-0.4
"p307",5,5,0.25,0.15,0,-0.1,-0.4
"p307",5,6,0.25,0.15,1,-0.1,-0.4
"p307",3,3,0.25,0.15,0,-0.1,-0.4
"p307",3,3,0.55,0.5,0,-0.05,-0.090909090909091
"p307",5,6,0.4,0.35,1,-0.05,-0.125
"p307",4,5,0.4,0.3,1,-0.1,-0.25
"p307",4,4,0.25,0.2,0,-0.05,-0.2
"p307",4,4,0.4,0.35,0,-0.05,-0.125
"p307",5,5,0.4,0.3,0,-0.1,-0.25
"p307",5,4,0.25,0.2,-1,-0.05,-0.2
"p307",5,6,0.55,0.4,1,-0.15,-0.272727272727273
"p307",4,4,0.4,0.4,0,0,0
"p307",3,3,0.55,0.5,0,-0.05,-0.090909090909091
"p307",4,5,0.55,0.55,1,0,0
"p307",5,5,0.55,0.55,0,0,0
"p307",3,3,0.25,0.15,0,-0.1,-0.4
"p307",3,3,0.55,0.55,0,0,0
"p307",3,3,0.55,0.45,0,-0.1,-0.181818181818182
"p307",3,2,0.55,0.55,-1,0,0
"p307",3,3,0.25,0.15,0,-0.1,-0.4
"p307",4,4,0.25,0.15,0,-0.1,-0.4
"p307",4,4,0.55,0.45,0,-0.1,-0.181818181818182
"p307",3,3,0.55,0.55,0,0,0
"p307",3,3,0.25,0.2,0,-0.05,-0.2
"p307",3,3,0.25,0.2,0,-0.05,-0.2
"p307",4,4,0.25,0.15,0,-0.1,-0.4
"p307",5,5,0.4,0.25,0,-0.15,-0.375
"p307",4,4,0.25,0.15,0,-0.1,-0.4
"p307",5,6,0.55,0.45,1,-0.1,-0.181818181818182
"p307",3,3,0.4,0.35,0,-0.05,-0.125
"p307",5,6,0.4,0.3,1,-0.1,-0.25
"p307",3,3,0.25,0.25,0,0,0
"p307",5,5,0.25,0.25,0,0,0
"p307",5,5,0.25,0.2,0,-0.05,-0.2
"p307",4,4,0.25,0.2,0,-0.05,-0.2
"p307",4,4,0.4,0.35,0,-0.05,-0.125
"p307",4,5,0.4,0.35,1,-0.05,-0.125
"p307",4,4,0.55,0.45,0,-0.1,-0.181818181818182
"p307",4,5,0.55,0.4,1,-0.15,-0.272727272727273
"p307",3,3,0.55,0.45,0,-0.1,-0.181818181818182
"p307",3,3,0.4,0.3,0,-0.1,-0.25
"p307",4,4,0.4,0.3,0,-0.1,-0.25
"p307",5,5,0.55,0.55,0,0,0
"p307",4,3,0.55,0.5,-1,-0.05,-0.090909090909091
"p307",3,3,0.25,0.2,0,-0.05,-0.2
"p307",3,3,0.25,0.2,0,-0.05,-0.2
"p307",5,6,0.25,0.15,1,-0.1,-0.4
"p307",5,6,0.4,0.25,1,-0.15,-0.375
"p307",4,4,0.25,0.2,0,-0.05,-0.2
"p307",4,5,0.4,0.3,1,-0.1,-0.25
"p307",5,5,0.55,0.4,0,-0.15,-0.272727272727273
"p307",5,6,0.55,0.4,1,-0.15,-0.272727272727273
"p307",3,3,0.55,0.45,0,-0.1,-0.181818181818182
"p307",4,5,0.55,0.5,1,-0.05,-0.090909090909091
"p307",4,4,0.25,0.15,0,-0.1,-0.4
"p307",3,3,0.25,0.15,0,-0.1,-0.4
"p307",5,5,0.25,0.15,0,-0.1,-0.4
"p307",3,3,0.4,0.45,0,0.05,0.125
"p307",5,5,0.25,0.15,0,-0.1,-0.4
"p307",4,4,0.4,0.35,0,-0.05,-0.125
"p307",4,4,0.25,0.2,0,-0.05,-0.2
"p307",4,4,0.25,0.2,0,-0.05,-0.2
"p307",4,4,0.25,0.2,0,-0.05,-0.2
"p307",3,3,0.4,0.4,0,0,0
"p307",3,3,0.55,0.5,0,-0.05,-0.090909090909091
"p307",5,5,0.55,0.5,0,-0.05,-0.090909090909091
"p307",4,5,0.25,0.2,1,-0.05,-0.2
"p307",5,5,0.25,0.2,0,-0.05,-0.2
"p307",3,3,0.55,0.45,0,-0.1,-0.181818181818182
"p307",5,5,0.55,0.4,0,-0.15,-0.272727272727273
"p307",3,3,0.4,0.35,0,-0.05,-0.125
"p307",3,3,0.25,0.15,0,-0.1,-0.4
"p307",3,3,0.25,0.15,0,-0.1,-0.4
"p307",3,2,0.55,0.55,-1,0,0
"p307",3,3,0.55,0.5,0,-0.05,-0.090909090909091
"p307",5,5,0.4,0.35,0,-0.05,-0.125
"p307",3,3,0.25,0.25,0,0,0
"p307",5,6,0.4,0.3,1,-0.1,-0.25
"p307",5,6,0.25,0.2,1,-0.05,-0.2
"p307",5,5,0.4,0.3,0,-0.1,-0.25
"p307",3,3,0.4,0.3,0,-0.1,-0.25
"p307",5,5,0.4,0.25,0,-0.15,-0.375
"p307",4,5,0.55,0.55,1,0,0
"p307",3,3,0.55,0.45,0,-0.1,-0.181818181818182
"p307",3,3,0.25,0.25,0,0,0
"p307",4,5,0.4,0.3,1,-0.1,-0.25
"p307",5,5,0.25,0.2,0,-0.05,-0.2
"p307",4,4,0.25,0.2,0,-0.05,-0.2
"p307",4,4,0.4,0.3,0,-0.1,-0.25
"p307",3,3,0.25,0.2,0,-0.05,-0.2
"p307",4,4,0.55,0.4,0,-0.15,-0.272727272727273
"p307",5,5,0.55,0.4,0,-0.15,-0.272727272727273
"p307",4,5,0.55,0.45,1,-0.1,-0.181818181818182
"p307",4,4,0.25,0.2,0,-0.05,-0.2
"p307",3,3,0.55,0.45,0,-0.1,-0.181818181818182
"p307",5,6,0.25,0.2,1,-0.05,-0.2
"p307",4,5,0.4,0.35,1,-0.05,-0.125
"p307",5,6,0.4,0.35,1,-0.05,-0.125
"p307",4,3,0.4,0.35,-1,-0.05,-0.125
"p307",5,6,0.55,0.4,1,-0.15,-0.272727272727273
"p307",5,6,0.4,0.3,1,-0.1,-0.25
"p307",4,5,0.4,0.3,1,-0.1,-0.25
"p307",3,3,0.25,0.15,0,-0.1,-0.4
"p307",5,6,0.4,0.25,1,-0.15,-0.375
"p307",3,3,0.25,0.2,0,-0.05,-0.2
"p307",4,4,0.55,0.4,0,-0.15,-0.272727272727273
"p307",3,3,0.4,0.35,0,-0.05,-0.125
"p307",3,2,0.55,0.5,-1,-0.05,-0.090909090909091
"p307",3,3,0.25,0.2,0,-0.05,-0.2
"p307",3,3,0.25,0.2,0,-0.05,-0.2
"p307",5,5,0.25,0.15,0,-0.1,-0.4
"p307",5,5,0.25,0.15,0,-0.1,-0.4
"p307",5,6,0.55,0.45,1,-0.1,-0.181818181818182
"p307",3,3,0.55,0.55,0,0,0
"p307",4,3,0.55,0.5,-1,-0.05,-0.090909090909091
"p307",3,3,0.55,0.6,0,0.0499999999999999,0.0909090909090908
"p307",3,3,0.4,0.4,0,0,0
"p307",3,3,0.4,0.3,0,-0.1,-0.25
"p307",5,6,0.25,0.2,1,-0.05,-0.2
"p307",3,3,0.4,0.35,0,-0.05,-0.125
"p307",4,4,0.25,0.15,0,-0.1,-0.4
"p307",5,5,0.55,0.5,0,-0.05,-0.090909090909091
"p307",5,6,0.4,0.4,1,0,0
"p307",4,4,0.55,0.45,0,-0.1,-0.181818181818182
"p307",5,6,0.25,0.2,1,-0.05,-0.2
"p307",4,4,0.25,0.15,0,-0.1,-0.4
"p307",4,4,0.25,0.2,0,-0.05,-0.2
"p307",5,5,0.4,0.35,0,-0.05,-0.125
"p307",3,3,0.4,0.3,0,-0.1,-0.25
"p307",3,3,0.25,0.25,0,0,0
"p307",5,6,0.55,0.45,1,-0.1,-0.181818181818182
"p307",4,4,0.25,0.15,0,-0.1,-0.4
"p307",5,6,0.25,0.15,1,-0.1,-0.4
"p307",4,5,0.25,0.2,1,-0.05,-0.2
"p307",3,4,0.55,0.5,1,-0.05,-0.090909090909091
"p308",5,4,0.25,0.15,-1,-0.1,-0.4
"p308",5,4,0.4,0.35,-1,-0.05,-0.125
"p308",4,4,0.4,0.3,0,-0.1,-0.25
"p308",4,3,0.4,0.25,-1,-0.15,-0.375
"p308",5,4,0.4,0.35,-1,-0.05,-0.125
"p308",3,3,0.55,0.25,0,-0.3,-0.545454545454546
"p308",4,3,0.25,0.2,-1,-0.05,-0.2
"p308",3,3,0.4,0.25,0,-0.15,-0.375
"p308",5,5,0.25,0.25,0,5.55111512312578e-17,2.22044604925031e-16
"p308",3,3,0.4,0.4,0,-5.55111512312578e-17,-1.38777878078145e-16
"p308",5,5,0.55,0.45,0,-0.1,-0.181818181818182
"p308",5,6,0.25,0.25,1,0,0
"p308",3,3,0.55,0.4,0,-0.15,-0.272727272727273
"p308",4,4,0.25,0.3,0,0.05,0.2
"p308",5,5,0.4,0.35,0,-0.05,-0.125
"p308",4,4,0.25,0.3,0,0.05,0.2
"p308",3,3,0.25,0.2,0,-0.05,-0.2
"p308",4,4,0.4,0.35,0,-0.05,-0.125
"p308",4,4,0.25,0.3,0,0.05,0.2
"p308",4,4,0.55,0.35,0,-0.2,-0.363636363636364
"p308",4,3,0.55,0.6,-1,0.05,0.090909090909091
"p308",3,2,0.25,0.2,-1,-0.05,-0.2
"p308",5,4,0.25,0.2,-1,-0.05,-0.2
"p308",3,2,0.4,0.35,-1,-0.05,-0.125
"p308",5,4,0.55,0.4,-1,-0.15,-0.272727272727273
"p308",3,3,0.4,0.35,0,-0.05,-0.125
"p308",5,5,0.25,0.3,0,0.05,0.2
"p308",4,3,0.25,0.3,-1,0.05,0.2
"p308",5,5,0.25,0.3,0,0.05,0.2
"p308",5,5,0.4,0.5,0,0.1,0.25
"p308",3,3,0.55,0.55,0,0,0
"p308",5,5,0.4,0.4,0,0,0
"p308",4,4,0.55,0.45,0,-0.1,-0.181818181818182
"p308",3,3,0.25,0.25,0,0,0
"p308",4,4,0.25,0.3,0,0.05,0.2
"p308",4,3,0.55,0.4,-1,-0.15,-0.272727272727273
"p308",4,4,0.25,0.3,0,0.05,0.2
"p308",5,4,0.55,0.45,-1,-0.1,-0.181818181818182
"p308",5,5,0.25,0.2,0,-0.05,-0.2
"p308",4,3,0.4,0.45,-1,0.05,0.125
"p308",3,3,0.25,0.25,0,0,0
"p308",3,2,0.4,0.3,-1,-0.1,-0.25
"p308",4,4,0.55,0.45,0,-0.1,-0.181818181818182
"p308",5,4,0.55,0.45,-1,-0.1,-0.181818181818182
"p308",3,3,0.55,0.5,0,-0.05,-0.090909090909091
"p308",3,3,0.25,0.25,0,0,0
"p308",3,3,0.25,0.25,0,5.55111512312578e-17,2.22044604925031e-16
"p308",3,3,0.55,0.5,0,-0.0500000000000001,-0.0909090909090911
"p308",3,3,0.25,0.3,0,0.05,0.2
"p308",3,3,0.55,0.35,0,-0.2,-0.363636363636364
"p308",5,6,0.55,0.35,1,-0.2,-0.363636363636364
"p308",4,3,0.4,0.65,-1,0.25,0.625
"p308",4,4,0.4,0.4,0,0,0
"p308",5,4,0.55,0.5,-1,-0.05,-0.090909090909091
"p308",3,3,0.25,0.25,0,0,0
"p308",4,4,0.25,0.3,0,0.05,0.2
"p308",5,5,0.25,0.25,0,5.55111512312578e-17,2.22044604925031e-16
"p308",5,5,0.55,0.55,0,-1.11022302462516e-16,-2.01858731750028e-16
"p308",3,3,0.4,0.25,0,-0.15,-0.375
"p308",5,5,0.55,0.35,0,-0.2,-0.363636363636364
"p308",5,4,0.4,0.3,-1,-0.1,-0.25
"p308",3,3,0.4,0.35,0,-0.05,-0.125
"p308",4,4,0.55,0.4,0,-0.15,-0.272727272727273
"p308",3,3,0.55,0.45,0,-0.1,-0.181818181818182
"p308",3,3,0.25,0.35,0,0.1,0.4
"p308",5,4,0.4,0.5,-1,0.1,0.25
"p308",3,3,0.55,0.45,0,-0.1,-0.181818181818182
"p308",3,3,0.4,0.45,0,0.05,0.125
"p308",5,4,0.25,0.25,-1,5.55111512312578e-17,2.22044604925031e-16
"p308",5,4,0.25,0.25,-1,0,0
"p308",3,3,0.25,0.3,0,0.05,0.2
"p308",3,3,0.55,0.4,0,-0.15,-0.272727272727273
"p308",3,3,0.25,0.3,0,0.05,0.2
"p308",3,3,0.55,0.45,0,-0.1,-0.181818181818182
"p308",5,4,0.55,0.5,-1,-0.0500000000000001,-0.0909090909090911
"p308",4,4,0.25,0.2,0,-0.05,-0.2
"p308",4,3,0.55,0.5,-1,-0.0500000000000001,-0.0909090909090911
"p308",5,4,0.25,0.2,-1,-0.05,-0.2
"p308",4,3,0.4,0.4,-1,0,0
"p308",5,5,0.4,0.35,0,-0.05,-0.125
"p308",3,3,0.4,0.35,0,-0.05,-0.125
"p308",5,4,0.55,0.5,-1,-0.05,-0.090909090909091
"p308",3,3,0.25,0.35,0,0.1,0.4
"p308",4,4,0.25,0.25,0,5.55111512312578e-17,2.22044604925031e-16
"p308",3,4,0.25,0.2,1,-0.05,-0.2
"p308",4,2,0.25,0.2,-2,-0.05,-0.2
"p308",4,4,0.55,0.6,0,0.05,0.090909090909091
"p308",4,3,0.25,0.35,-1,0.1,0.4
"p308",3,3,0.4,0.4,0,0,0
"p308",4,3,0.55,0.4,-1,-0.15,-0.272727272727273
"p308",4,3,0.55,0.5,-1,-0.0500000000000001,-0.0909090909090911
"p308",5,5,0.25,0.25,0,0,0
"p308",4,4,0.25,0.3,0,0.05,0.2
"p308",5,4,0.4,0.25,-1,-0.15,-0.375
"p308",3,3,0.55,0.45,0,-0.1,-0.181818181818182
"p308",3,2,0.25,0.25,-1,0,0
"p308",4,3,0.4,0.5,-1,0.0999999999999999,0.25
"p308",3,3,0.55,0.4,0,-0.15,-0.272727272727273
"p308",5,5,0.25,0.3,0,0.05,0.2
"p308",5,5,0.4,0.4,0,0,0
"p308",5,5,0.25,0.4,0,0.15,0.6
"p308",4,4,0.25,0.3,0,0.05,0.2
"p308",4,3,0.4,0.35,-1,-0.05,-0.125
"p308",4,4,0.4,0.35,0,-0.05,-0.125
"p308",5,4,0.4,0.35,-1,-0.05,-0.125
"p308",4,4,0.25,0.25,0,5.55111512312578e-17,2.22044604925031e-16
"p308",3,3,0.25,0.25,0,0,0
"p308",4,3,0.4,0.55,-1,0.15,0.375
"p308",3,3,0.55,0.55,0,-1.11022302462516e-16,-2.01858731750028e-16
"p308",5,4,0.4,0.35,-1,-0.05,-0.125
"p308",3,3,0.55,0.5,0,-0.0500000000000001,-0.0909090909090911
"p308",4,4,0.55,0.55,0,0,0
"p308",5,4,0.25,0.35,-1,0.1,0.4
"p308",3,3,0.25,0.3,0,0.05,0.2
"p308",4,4,0.25,0.25,0,5.55111512312578e-17,2.22044604925031e-16
"p308",3,3,0.55,0.45,0,-0.1,-0.181818181818182
"p308",4,5,0.25,0.3,1,0.05,0.2
"p308",5,5,0.55,0.5,0,-0.0500000000000001,-0.0909090909090911
"p308",4,3,0.55,0.65,-1,0.1,0.181818181818182
"p308",3,3,0.25,0.25,0,0,0
"p308",4,4,0.4,0.4,0,0,0
"p308",4,4,0.25,0.3,0,0.05,0.2
"p308",5,5,0.25,0.3,0,0.05,0.2
"p308",4,4,0.4,0.4,0,0,0
"p308",5,5,0.4,0.45,0,0.05,0.125
"p308",3,3,0.4,0.45,0,0.05,0.125
"p308",3,3,0.25,0.35,0,0.1,0.4
"p308",5,5,0.55,0.5,0,-0.05,-0.090909090909091
"p308",4,3,0.4,0.3,-1,-0.1,-0.25
"p308",3,3,0.55,0.55,0,0,0
"p308",3,3,0.4,0.4,0,0,0
"p308",3,3,0.4,0.35,0,-0.05,-0.125
"p308",3,3,0.4,0.55,0,0.15,0.375
"p308",5,5,0.4,0.4,0,0,0
"p308",4,4,0.25,0.25,0,0,0
"p308",4,4,0.55,0.55,0,0,0
"p308",5,3,0.25,0.4,-2,0.15,0.6
"p308",4,4,0.55,0.5,0,-0.05,-0.090909090909091
"p308",5,5,0.4,0.45,0,0.05,0.125
"p308",4,4,0.25,0.25,0,0,0
"p308",3,3,0.25,0.3,0,0.05,0.2
"p308",5,4,0.55,0.5,-1,-0.05,-0.090909090909091
"p308",5,5,0.25,0.25,0,5.55111512312578e-17,2.22044604925031e-16
"p308",5,4,0.55,0.45,-1,-0.1,-0.181818181818182
"p308",3,2,0.55,0.45,-1,-0.1,-0.181818181818182
"p308",3,2,0.25,0.25,-1,5.55111512312578e-17,2.22044604925031e-16
"p308",3,2,0.55,0.6,-1,0.05,0.090909090909091
"p308",5,3,0.25,0.3,-2,0.05,0.2
"p308",4,4,0.4,0.4,0,0,0
"p308",5,4,0.25,0.2,-1,-0.0499999999999999,-0.2
"p308",5,4,0.25,0.25,-1,5.55111512312578e-17,2.22044604925031e-16
"p308",4,4,0.25,0.3,0,0.05,0.2
"p308",3,2,0.4,0.45,-1,0.0499999999999999,0.125
"p308",4,4,0.55,0.55,0,0,0
"p308",5,5,0.55,0.5,0,-0.0500000000000001,-0.0909090909090911
"p308",3,2,0.25,0.3,-1,0.05,0.2
"p308",4,4,0.25,0.3,0,0.05,0.2
"p308",4,4,0.4,0.4,0,-5.55111512312578e-17,-1.38777878078145e-16
"p308",5,4,0.4,0.45,-1,0.05,0.125
"p308",5,4,0.25,0.25,-1,0,0
"p308",3,3,0.55,0.4,0,-0.15,-0.272727272727273
"p308",5,5,0.55,0.4,0,-0.15,-0.272727272727273
"p308",5,5,0.4,0.35,0,-0.05,-0.125
"p308",5,5,0.55,0.45,0,-0.1,-0.181818181818182
"p308",3,3,0.55,0.45,0,-0.1,-0.181818181818182
"p308",4,4,0.4,0.35,0,-0.05,-0.125
"p308",5,5,0.25,0.25,0,5.55111512312578e-17,2.22044604925031e-16
"p308",5,4,0.4,0.3,-1,-0.1,-0.25
"p308",3,2,0.4,0.3,-1,-0.1,-0.25
"p308",3,2,0.25,0.35,-1,0.1,0.4
"p308",3,3,0.25,0.2,0,-0.0499999999999999,-0.2
"p308",3,3,0.55,0.5,0,-0.0500000000000001,-0.0909090909090911
"p308",4,3,0.25,0.35,-1,0.1,0.4
"p308",3,3,0.25,0.3,0,0.05,0.2
"p308",4,4,0.25,0.3,0,0.05,0.2
"p308",4,4,0.25,0.25,0,0,0
"p308",3,3,0.55,0.45,0,-0.1,-0.181818181818182
"p308",4,4,0.4,0.4,0,-5.55111512312578e-17,-1.38777878078145e-16
"p308",4,4,0.55,0.4,0,-0.15,-0.272727272727273
"p308",4,4,0.55,0.5,0,-0.05,-0.090909090909091
"p308",3,3,0.25,0.25,0,0,0
"p308",4,4,0.55,0.45,0,-0.1,-0.181818181818182
"p308",4,4,0.4,0.45,0,0.05,0.125
"p308",5,4,0.25,0.35,-1,0.1,0.4
"p308",4,4,0.55,0.4,0,-0.15,-0.272727272727273
"p308",5,5,0.55,0.45,0,-0.1,-0.181818181818182
"p308",4,3,0.25,0.35,-1,0.1,0.4
"p308",5,5,0.4,0.35,0,-0.05,-0.125
"p308",3,3,0.4,0.35,0,-0.05,-0.125
"p308",4,3,0.55,0.6,-1,0.05,0.090909090909091
"p308",5,4,0.55,0.45,-1,-0.1,-0.181818181818182
"p308",3,3,0.55,0.5,0,-0.0500000000000001,-0.0909090909090911
"p308",3,3,0.25,0.25,0,0,0
"p308",3,3,0.25,0.35,0,0.1,0.4
"p308",3,3,0.25,0.25,0,5.55111512312578e-17,2.22044604925031e-16
"p308",5,5,0.4,0.35,0,-0.05,-0.125
"p308",4,3,0.25,0.25,-1,5.55111512312578e-17,2.22044604925031e-16
"p308",5,5,0.55,0.45,0,-0.1,-0.181818181818182
"p308",5,4,0.25,0.4,-1,0.15,0.6
"p308",3,3,0.4,0.35,0,-0.05,-0.125
"p308",5,4,0.25,0.25,-1,0,0
"p308",3,3,0.55,0.45,0,-0.1,-0.181818181818182
"p308",4,4,0.25,0.3,0,0.05,0.2
"p308",5,5,0.25,0.35,0,0.1,0.4
"p308",3,3,0.4,0.35,0,-0.05,-0.125
"p308",4,4,0.4,0.35,0,-0.05,-0.125
"p308",3,2,0.4,0.4,-1,0,0
"p308",3,3,0.4,0.35,0,-0.05,-0.125
"p308",5,4,0.4,0.4,-1,-5.55111512312578e-17,-1.38777878078145e-16
"p308",4,3,0.25,0.2,-1,-0.05,-0.2
"p308",4,4,0.25,0.3,0,0.05,0.2
"p308",3,3,0.25,0.3,0,0.05,0.2
"p308",3,3,0.55,0.45,0,-0.1,-0.181818181818182
"p308",5,5,0.55,0.45,0,-0.1,-0.181818181818182
"p308",5,5,0.4,0.4,0,0,0
"p308",5,5,0.55,0.4,0,-0.15,-0.272727272727273
"p308",4,3,0.25,0.3,-1,0.05,0.2
"p308",4,4,0.55,0.5,0,-0.05,-0.090909090909091
"p308",3,3,0.55,0.5,0,-0.0500000000000001,-0.0909090909090911
"p308",5,4,0.4,0.35,-1,-0.05,-0.125
"p308",3,3,0.55,0.45,0,-0.1,-0.181818181818182
"p308",4,4,0.25,0.35,0,0.1,0.4
"p308",3,3,0.25,0.35,0,0.1,0.4
"p308",5,5,0.25,0.35,0,0.1,0.4
"p308",4,4,0.4,0.45,0,0.05,0.125
"p308",4,4,0.25,0.4,0,0.15,0.6
"p308",4,4,0.4,0.4,0,0,0
"p308",5,5,0.55,0.45,0,-0.1,-0.181818181818182
"p308",4,4,0.55,0.5,0,-0.0500000000000001,-0.0909090909090911
"p308",3,3,0.55,0.45,0,-0.1,-0.181818181818182
"p308",4,3,0.55,0.6,-1,0.0499999999999999,0.0909090909090908
"p308",4,3,0.25,0.35,-1,0.1,0.4
"p308",3,3,0.25,0.2,0,-0.0499999999999999,-0.2
"p308",4,4,0.4,0.3,0,-0.1,-0.25
"p308",3,3,0.4,0.35,0,-0.05,-0.125
"p308",5,4,0.25,0.45,-1,0.2,0.8
"p308",3,2,0.55,0.25,-1,-0.3,-0.545454545454546
"p308",4,4,0.55,0.3,0,-0.25,-0.454545454545455
"p308",3,2,0.4,0.35,-1,-0.05,-0.125
"p308",5,5,0.4,0.35,0,-0.05,-0.125
"p308",3,3,0.4,0.3,0,-0.1,-0.25
"p308",3,3,0.25,0.3,0,0.05,0.2
"p308",4,4,0.4,0.35,0,-0.05,-0.125
"p308",5,4,0.25,0.4,-1,0.15,0.6
"p308",5,5,0.25,0.25,0,0,0
"p308",3,2,0.25,0.3,-1,0.05,0.2
"p308",4,3,0.25,0.2,-1,-0.05,-0.2
"p308",5,4,0.4,0.25,-1,-0.15,-0.375
"p308",5,5,0.25,0.3,0,0.05,0.2
"p308",5,4,0.55,0.5,-1,-0.05,-0.090909090909091
"p308",3,3,0.25,0.3,0,0.05,0.2
"p308",3,3,0.4,0.3,0,-0.1,-0.25
"p308",5,4,0.25,0.2,-1,-0.05,-0.2
"p308",5,5,0.55,0.45,0,-0.1,-0.181818181818182
"p308",3,3,0.55,0.4,0,-0.15,-0.272727272727273
"p308",3,2,0.25,0.35,-1,0.1,0.4
"p308",4,3,0.4,0.45,-1,0.0499999999999999,0.125
"p308",5,4,0.25,0.25,-1,0,0
"p308",4,3,0.55,0.35,-1,-0.2,-0.363636363636364
"p308",5,4,0.55,0.4,-1,-0.15,-0.272727272727273
"p308",3,3,0.4,0.5,0,0.1,0.25
"p308",5,4,0.4,0.55,-1,0.15,0.375
"p308",5,4,0.25,0.3,-1,0.05,0.2
"p308",5,5,0.25,0.25,0,0,0
"p308",4,4,0.55,0.5,0,-0.05,-0.090909090909091
"p308",3,3,0.55,0.5,0,-0.05,-0.090909090909091
"p308",5,5,0.25,0.35,0,0.1,0.4
"p308",3,3,0.25,0.3,0,0.05,0.2
"p308",5,5,0.25,0.35,0,0.1,0.4
"p308",3,3,0.25,0.25,0,5.55111512312578e-17,2.22044604925031e-16
"p308",5,5,0.55,0.4,0,-0.15,-0.272727272727273
"p308",4,4,0.25,0.35,0,0.1,0.4
"p308",3,3,0.55,0.5,0,-0.05,-0.090909090909091
"p308",4,4,0.4,0.35,0,-0.05,-0.125
"p308",4,4,0.55,0.45,0,-0.1,-0.181818181818182
"p308",4,4,0.25,0.25,0,5.55111512312578e-17,2.22044604925031e-16
"p308",3,4,0.4,0.2,1,-0.2,-0.5
"p308",3,3,0.25,0.35,0,0.1,0.4
"p308",5,4,0.4,0.35,-1,-0.05,-0.125
"p308",5,5,0.4,0.4,0,-5.55111512312578e-17,-1.38777878078145e-16
"p308",4,4,0.25,0.25,0,0,0
"p308",3,3,0.55,0.45,0,-0.1,-0.181818181818182
"p308",4,4,0.55,0.5,0,-0.05,-0.090909090909091
"p308",4,4,0.25,0.35,0,0.1,0.4
"p308",4,4,0.4,0.35,0,-0.05,-0.125
"p308",5,4,0.55,0.4,-1,-0.15,-0.272727272727273
"p308",4,4,0.55,0.35,0,-0.2,-0.363636363636364
"p308",3,3,0.4,0.4,0,0,0
"p308",3,3,0.25,0.3,0,0.05,0.2
"p308",5,5,0.25,0.25,0,5.55111512312578e-17,2.22044604925031e-16
"p308",4,4,0.4,0.35,0,-0.05,-0.125
"p308",5,5,0.55,0.45,0,-0.1,-0.181818181818182
"p308",3,3,0.25,0.3,0,0.05,0.2
"p308",4,4,0.4,0.3,0,-0.1,-0.25
"p308",5,4,0.25,0.25,-1,0,0
"p308",3,3,0.55,0.45,0,-0.1,-0.181818181818182
"p308",3,3,0.4,0.35,0,-0.05,-0.125
"p308",4,4,0.4,0.35,0,-0.05,-0.125
"p308",5,5,0.4,0.4,0,0,0
"p308",4,4,0.25,0.3,0,0.05,0.2
"p308",4,4,0.25,0.4,0,0.15,0.6
"p308",5,4,0.4,0.3,-1,-0.1,-0.25
"p308",5,5,0.55,0.4,0,-0.15,-0.272727272727273
"p308",4,3,0.25,0.35,-1,0.1,0.4
"p308",3,3,0.25,0.25,0,0,0
"p308",3,3,0.4,0.45,0,0.05,0.125
"p308",3,2,0.55,0.3,-1,-0.25,-0.454545454545455
"p308",5,5,0.25,0.35,0,0.1,0.4
"p308",3,2,0.25,0.3,-1,0.05,0.2
"p308",4,3,0.55,0.35,-1,-0.2,-0.363636363636364
"p308",3,3,0.55,0.4,0,-0.15,-0.272727272727273
"p308",3,3,0.25,0.3,0,0.05,0.2
"p308",5,5,0.55,0.55,0,0,0
"p308",4,4,0.4,0.35,0,-0.05,-0.125
"p308",4,4,0.55,0.45,0,-0.1,-0.181818181818182
"p308",3,3,0.55,0.35,0,-0.2,-0.363636363636364
"p308",3,3,0.55,0.4,0,-0.15,-0.272727272727273
"p308",4,3,0.25,0.3,-1,0.05,0.2
"p308",4,4,0.55,0.45,0,-0.1,-0.181818181818182
"p308",3,3,0.4,0.35,0,-0.05,-0.125
"p308",4,4,0.4,0.45,0,0.05,0.125
"p308",4,4,0.25,0.2,0,-0.05,-0.2
"p308",3,3,0.25,0.25,0,5.55111512312578e-17,2.22044604925031e-16
"p308",5,5,0.4,0.4,0,-5.55111512312578e-17,-1.38777878078145e-16
"p308",3,3,0.25,0.2,0,-0.05,-0.2
"p308",5,5,0.55,0.4,0,-0.15,-0.272727272727273
"p308",4,4,0.55,0.4,0,-0.15,-0.272727272727273
"p308",4,4,0.55,0.4,0,-0.15,-0.272727272727273
"p308",3,3,0.25,0.25,0,0,0
"p308",5,4,0.25,0.3,-1,0.05,0.2
"p308",5,5,0.25,0.35,0,0.1,0.4
"p308",3,4,0.4,0.2,1,-0.2,-0.5
"p308",5,5,0.25,0.25,0,0,0
"p308",5,5,0.4,0.4,0,0,0
"p308",3,3,0.25,0.25,0,0,0
"p308",5,5,0.25,0.3,0,0.05,0.2
"p308",3,3,0.4,0.3,0,-0.1,-0.25
"p308",5,5,0.55,0.5,0,-0.05,-0.090909090909091
"p308",3,3,0.25,0.25,0,0,0
"p308",5,5,0.4,0.4,0,0,0
"p308",5,4,0.55,0.45,-1,-0.1,-0.181818181818182
"p308",4,3,0.25,0.4,-1,0.15,0.6
"p308",4,4,0.55,0.45,0,-0.1,-0.181818181818182
"p308",5,5,0.4,0.4,0,-5.55111512312578e-17,-1.38777878078145e-16
"p308",3,3,0.25,0.35,0,0.1,0.4
"p308",4,4,0.4,0.3,0,-0.1,-0.25
"p308",3,3,0.4,0.3,0,-0.1,-0.25
"p308",4,4,0.25,0.35,0,0.1,0.4
"p308",5,5,0.25,0.25,0,5.55111512312578e-17,2.22044604925031e-16
"p308",4,4,0.25,0.3,0,0.05,0.2
"p308",5,4,0.4,0.4,-1,0,0
"p308",3,3,0.55,0.5,0,-0.05,-0.090909090909091
"p308",3,3,0.55,0.25,0,-0.3,-0.545454545454546
"p308",4,4,0.4,0.4,0,-5.55111512312578e-17,-1.38777878078145e-16
"p308",5,4,0.25,0.2,-1,-0.05,-0.2
"p308",3,3,0.4,0.35,0,-0.05,-0.125
"p308",5,4,0.55,0.35,-1,-0.2,-0.363636363636364
"p308",4,4,0.25,0.25,0,5.55111512312578e-17,2.22044604925031e-16
"p308",4,4,0.4,0.3,0,-0.1,-0.25
"p308",3,4,0.55,0.2,1,-0.35,-0.636363636363636
"p308",4,4,0.25,0.3,0,0.05,0.2
"p308",5,3,0.25,0.2,-2,-0.05,-0.2
"p308",3,3,0.55,0.55,0,0,0
"p308",5,5,0.25,0.35,0,0.1,0.4
"p308",5,4,0.4,0.4,-1,0,0
"p308",4,4,0.55,0.6,0,0.05,0.090909090909091
"p308",5,5,0.25,0.35,0,0.1,0.4
"p308",4,4,0.4,0.35,0,-0.05,-0.125
"p308",5,5,0.55,0.45,0,-0.1,-0.181818181818182
"p308",3,3,0.55,0.35,0,-0.2,-0.363636363636364
"p308",3,3,0.25,0.35,0,0.1,0.4
"p308",3,3,0.4,0.35,0,-0.05,-0.125
"p308",4,4,0.4,0.35,0,-0.05,-0.125
"p308",4,4,0.25,0.25,0,0,0
"p308",4,4,0.25,0.25,0,5.55111512312578e-17,2.22044604925031e-16
"p308",5,5,0.4,0.3,0,-0.1,-0.25
"p308",3,3,0.55,0.35,0,-0.2,-0.363636363636364
"p308",3,3,0.25,0.25,0,0,0
"p308",4,4,0.55,0.4,0,-0.15,-0.272727272727273
"p308",5,4,0.25,0.3,-1,0.05,0.2
"p308",3,3,0.25,0.3,0,0.05,0.2
"p308",5,4,0.25,0.3,-1,0.05,0.2
"p308",5,5,0.4,0.3,0,-0.1,-0.25
"p308",4,4,0.25,0.25,0,5.55111512312578e-17,2.22044604925031e-16
"p308",5,4,0.55,0.3,-1,-0.25,-0.454545454545455
"p308",3,3,0.4,0.35,0,-0.05,-0.125
"p308",4,4,0.25,0.3,0,0.05,0.2
"p308",3,3,0.25,0.35,0,0.1,0.4
"p308",4,4,0.25,0.3,0,0.05,0.2
"p308",5,5,0.55,0.5,0,-0.0500000000000001,-0.0909090909090911
"p308",5,5,0.25,0.3,0,0.05,0.2
"p308",5,5,0.55,0.45,0,-0.1,-0.181818181818182
"p308",4,4,0.55,0.45,0,-0.1,-0.181818181818182
"p308",5,4,0.25,0.35,-1,0.1,0.4
"p308",5,4,0.4,0.3,-1,-0.1,-0.25
"p308",3,2,0.25,0.3,-1,0.05,0.2
"p308",3,3,0.4,0.3,0,-0.1,-0.25
"p308",4,3,0.55,0.6,-1,0.0499999999999999,0.0909090909090908
"p308",3,2,0.25,0.35,-1,0.1,0.4
"p308",4,4,0.25,0.3,0,0.05,0.2
"p308",4,4,0.25,0.25,0,5.55111512312578e-17,2.22044604925031e-16
"p308",4,4,0.55,0.3,0,-0.25,-0.454545454545455
"p308",4,4,0.4,0.4,0,-5.55111512312578e-17,-1.38777878078145e-16
"p308",3,3,0.55,0.4,0,-0.15,-0.272727272727273
"p308",4,4,0.4,0.25,0,-0.15,-0.375
"p308",3,3,0.55,0.4,0,-0.15,-0.272727272727273
"p308",3,2,0.4,0.3,-1,-0.1,-0.25
"p308",3,3,0.55,0.45,0,-0.1,-0.181818181818182
"p308",5,4,0.25,0.25,-1,0,0
"p308",5,5,0.55,0.4,0,-0.15,-0.272727272727273
"p308",3,3,0.55,0.5,0,-0.05,-0.090909090909091
"p308",5,4,0.4,0.35,-1,-0.05,-0.125
"p308",3,3,0.25,0.25,0,0,0
"p308",3,3,0.4,0.2,0,-0.2,-0.5
"p308",4,3,0.4,0.4,-1,0,0
"p308",4,4,0.4,0.35,0,-0.05,-0.125
"p308",5,4,0.55,0.4,-1,-0.15,-0.272727272727273
"p308",5,4,0.25,0.55,-1,0.3,1.2
"p308",5,4,0.25,0.35,-1,0.1,0.4
"p308",5,5,0.4,0.3,0,-0.1,-0.25
"p308",3,3,0.55,0.4,0,-0.15,-0.272727272727273
"p308",4,3,0.4,0.5,-1,0.1,0.25
"p308",5,5,0.55,0.4,0,-0.15,-0.272727272727273
"p308",4,3,0.25,0.3,-1,0.05,0.2
"p308",5,5,0.25,0.35,0,0.1,0.4
"p308",3,3,0.55,0.5,0,-0.0500000000000001,-0.0909090909090911
"p308",3,3,0.25,0.3,0,0.05,0.2
"p308",5,4,0.4,0.4,-1,0,0
"p308",3,3,0.25,0.35,0,0.1,0.4
"p308",4,4,0.55,0.5,0,-0.05,-0.090909090909091
"p308",3,3,0.55,0.5,0,-0.05,-0.090909090909091
"p308",5,5,0.25,0.3,0,0.05,0.2
"p308",4,4,0.25,0.3,0,0.05,0.2
"p308",3,4,0.4,0.55,1,0.15,0.375
"p308",5,4,0.55,0.4,-1,-0.15,-0.272727272727273
"p308",3,4,0.4,0.5,1,0.1,0.25
"p308",5,4,0.25,0.3,-1,0.05,0.2
"p308",3,4,0.25,0.3,1,0.05,0.2
"p308",4,3,0.25,0.35,-1,0.1,0.4
"p308",5,4,0.25,0.3,-1,0.05,0.2
"p308",4,3,0.55,0.55,-1,0,0
"p308",4,4,0.4,0.4,0,0,0
"p308",4,4,0.4,0.45,0,0.05,0.125
"p308",3,3,0.55,0.5,0,-0.05,-0.090909090909091
"p308",3,3,0.25,0.25,0,0,0
"p308",3,3,0.55,0.4,0,-0.15,-0.272727272727273
"p308",3,3,0.25,0.3,0,0.05,0.2
"p308",5,4,0.4,0.4,-1,0,0
"p308",3,3,0.4,0.45,0,0.0499999999999999,0.125
"p308",3,3,0.55,0.55,0,0,0
"p308",5,4,0.4,0.45,-1,0.05,0.125
"p308",4,4,0.25,0.35,0,0.1,0.4
"p308",3,3,0.25,0.3,0,0.05,0.2
"p308",4,3,0.25,0.3,-1,0.05,0.2
"p308",5,4,0.4,0.35,-1,-0.05,-0.125
"p308",3,3,0.4,0.4,0,-5.55111512312578e-17,-1.38777878078145e-16
"p308",4,4,0.25,0.3,0,0.05,0.2
"p308",4,4,0.55,0.35,0,-0.2,-0.363636363636364
"p308",4,4,0.4,0.35,0,-0.05,-0.125
"p308",3,3,0.4,0.35,0,-0.05,-0.125
"p308",4,4,0.55,0.4,0,-0.15,-0.272727272727273
"p308",4,3,0.25,0.35,-1,0.1,0.4
"p308",3,3,0.25,0.25,0,0,0
"p308",5,3,0.25,0.25,-2,0,0
"p308",5,4,0.55,0.5,-1,-0.05,-0.090909090909091
"p308",5,4,0.55,0.5,-1,-0.05,-0.090909090909091
"p308",4,4,0.55,0.35,0,-0.2,-0.363636363636364
"p308",4,4,0.25,0.3,0,0.05,0.2
"p308",5,5,0.55,0.45,0,-0.1,-0.181818181818182
"p308",3,3,0.25,0.4,0,0.15,0.6
"p308",3,3,0.55,0.4,0,-0.15,-0.272727272727273
"p308",4,4,0.25,0.2,0,-0.05,-0.2
"p308",5,5,0.4,0.45,0,0.0499999999999999,0.125
"p308",4,4,0.4,0.4,0,0,0
"p308",4,4,0.4,0.3,0,-0.1,-0.25
"p308",5,4,0.25,0.3,-1,0.05,0.2
"p308",3,3,0.55,0.5,0,-0.05,-0.090909090909091
"p308",4,4,0.55,0.35,0,-0.2,-0.363636363636364
"p308",4,4,0.25,0.35,0,0.1,0.4
"p308",3,3,0.4,0.35,0,-0.05,-0.125
"p308",5,5,0.4,0.4,0,0,0
"p308",3,3,0.55,0.45,0,-0.1,-0.181818181818182
"p308",3,3,0.25,0.25,0,0,0
"p308",4,4,0.25,0.25,0,0,0
"p308",5,4,0.25,0.25,-1,0,0
"p308",4,4,0.55,0.4,0,-0.15,-0.272727272727273
"p308",5,4,0.4,0.4,-1,-5.55111512312578e-17,-1.38777878078145e-16
"p308",4,4,0.25,0.25,0,0,0
"p308",5,5,0.55,0.45,0,-0.1,-0.181818181818182
"p308",3,4,0.55,0.3,1,-0.25,-0.454545454545455
"p308",3,4,0.55,0.45,1,-0.1,-0.181818181818182
"p308",4,4,0.4,0.4,0,0,0
"p308",3,3,0.4,0.5,0,0.1,0.25
"p308",5,5,0.25,0.2,0,-0.05,-0.2
"p308",5,5,0.25,0.25,0,0,0
"p308",4,4,0.55,0.4,0,-0.15,-0.272727272727273
"p308",4,4,0.4,0.25,0,-0.15,-0.375
"p308",3,3,0.4,0.4,0,-5.55111512312578e-17,-1.38777878078145e-16
"p308",5,4,0.25,0.25,-1,0,0
"p308",3,3,0.4,0.4,0,0,0
"p308",5,5,0.55,0.45,0,-0.1,-0.181818181818182
"p308",3,4,0.55,0.4,1,-0.15,-0.272727272727273
"p308",5,4,0.55,0.4,-1,-0.15,-0.272727272727273
"p308",4,4,0.55,0.35,0,-0.2,-0.363636363636364
"p308",3,3,0.4,0.45,0,0.05,0.125
"p308",5,4,0.25,0.3,-1,0.05,0.2
"p308",5,5,0.55,0.4,0,-0.15,-0.272727272727273
"p308",4,4,0.4,0.3,0,-0.1,-0.25
"p308",3,3,0.25,0.25,0,5.55111512312578e-17,2.22044604925031e-16
"p308",4,4,0.25,0.3,0,0.05,0.2
"p308",3,3,0.25,0.3,0,0.05,0.2
"p308",3,3,0.25,0.45,0,0.2,0.8
"p308",4,4,0.55,0.45,0,-0.1,-0.181818181818182
"p308",5,5,0.25,0.25,0,5.55111512312578e-17,2.22044604925031e-16
"p308",3,3,0.25,0.2,0,-0.05,-0.2
"p308",3,3,0.25,0.15,0,-0.0999999999999999,-0.4
"p308",5,5,0.4,0.35,0,-0.05,-0.125
"p308",4,4,0.25,0.3,0,0.05,0.2
"p308",5,5,0.4,0.6,0,0.2,0.5
"p309",5,4,0.25,0.2,-1,-0.0499999999999999,-0.2
"p309",4,4,0.25,0.2,0,-0.05,-0.2
"p309",4,4,0.4,0.45,0,0.05,0.125
"p309",3,4,0.25,0.3,1,0.05,0.2
"p309",3,3,0.55,0.4,0,-0.15,-0.272727272727273
"p309",5,5,0.55,0.4,0,-0.15,-0.272727272727273
"p309",5,5,0.55,0.4,0,-0.15,-0.272727272727273
"p309",3,3,0.4,0.35,0,-0.05,-0.125
"p309",4,4,0.25,0.25,0,5.55111512312578e-17,2.22044604925031e-16
"p309",5,5,0.25,0.25,0,0,0
"p309",4,4,0.4,0.35,0,-0.05,-0.125
"p309",5,5,0.55,0.45,0,-0.1,-0.181818181818182
"p309",4,4,0.4,0.35,0,-0.05,-0.125
"p309",3,3,0.25,0.25,0,5.55111512312578e-17,2.22044604925031e-16
"p309",3,3,0.55,0.4,0,-0.15,-0.272727272727273
"p309",3,3,0.4,0.35,0,-0.05,-0.125
"p309",3,3,0.25,0.2,0,-0.05,-0.2
"p309",3,3,0.25,0.25,0,0,0
"p309",4,4,0.25,0.25,0,0,0
"p309",3,4,0.55,0.45,1,-0.1,-0.181818181818182
"p309",4,3,0.55,0.4,-1,-0.15,-0.272727272727273
"p309",3,3,0.25,0.25,0,5.55111512312578e-17,2.22044604925031e-16
"p309",4,3,0.55,0.5,-1,-0.0500000000000001,-0.0909090909090911
"p309",3,3,0.4,0.45,0,0.0499999999999999,0.125
"p309",4,4,0.4,0.45,0,0.0499999999999999,0.125
"p309",4,4,0.25,0.25,0,5.55111512312578e-17,2.22044604925031e-16
"p309",3,3,0.55,0.45,0,-0.1,-0.181818181818182
"p309",5,4,0.55,0.5,-1,-0.0500000000000001,-0.0909090909090911
"p309",5,5,0.4,0.35,0,-0.05,-0.125
"p309",3,3,0.55,0.55,0,0,0
"p309",5,5,0.4,0.45,0,0.0499999999999999,0.125
"p309",5,5,0.25,0.2,0,-0.05,-0.2
"p309",4,4,0.25,0.2,0,-0.0499999999999999,-0.2
"p309",3,3,0.25,0.2,0,-0.05,-0.2
"p309",5,5,0.4,0.3,0,-0.1,-0.25
"p309",5,4,0.25,0.25,-1,5.55111512312578e-17,2.22044604925031e-16
"p309",5,5,0.25,0.2,0,-0.05,-0.2
"p309",3,3,0.4,0.35,0,-0.05,-0.125
"p309",4,4,0.25,0.25,0,0,0
"p309",3,3,0.25,0.2,0,-0.0499999999999999,-0.2
"p309",4,3,0.55,0.55,-1,-1.11022302462516e-16,-2.01858731750028e-16
"p309",4,3,0.4,0.4,-1,-5.55111512312578e-17,-1.38777878078145e-16
"p309",3,3,0.4,0.4,0,-5.55111512312578e-17,-1.38777878078145e-16
"p309",5,4,0.25,0.25,-1,0,0
"p309",4,4,0.25,0.2,0,-0.05,-0.2
"p309",4,5,0.55,0.45,1,-0.1,-0.181818181818182
"p309",5,5,0.25,0.25,0,0,0
"p309",4,4,0.55,0.45,0,-0.1,-0.181818181818182
"p309",3,3,0.55,0.45,0,-0.1,-0.181818181818182
"p309",5,5,0.4,0.45,0,0.0499999999999999,0.125
"p309",5,4,0.55,0.55,-1,0,0
"p309",5,5,0.4,0.35,0,-0.05,-0.125
"p309",3,3,0.25,0.2,0,-0.0499999999999999,-0.2
"p309",3,3,0.25,0.25,0,5.55111512312578e-17,2.22044604925031e-16
"p309",3,3,0.4,0.45,0,0.0499999999999999,0.125
"p309",4,3,0.55,0.55,-1,-1.11022302462516e-16,-2.01858731750028e-16
"p309",5,4,0.25,0.2,-1,-0.0499999999999999,-0.2
"p309",4,3,0.55,0.45,-1,-0.1,-0.181818181818182
"p309",5,4,0.55,0.6,-1,0.05,0.090909090909091
"p309",5,4,0.25,0.2,-1,-0.0499999999999999,-0.2
"p309",5,5,0.25,0.2,0,-0.05,-0.2
"p309",5,5,0.25,0.2,0,-0.05,-0.2
"p309",3,3,0.25,0.25,0,5.55111512312578e-17,2.22044604925031e-16
"p309",5,4,0.4,0.35,-1,-0.05,-0.125
"p309",3,3,0.4,0.35,0,-0.05,-0.125
"p309",3,3,0.4,0.4,0,-5.55111512312578e-17,-1.38777878078145e-16
"p309",5,5,0.4,0.4,0,-5.55111512312578e-17,-1.38777878078145e-16
"p309",5,5,0.4,0.4,0,0,0
"p309",4,5,0.55,0.35,1,-0.2,-0.363636363636364
"p309",3,3,0.55,0.4,0,-0.15,-0.272727272727273
"p309",3,3,0.55,0.5,0,-0.0500000000000001,-0.0909090909090911
"p309",4,4,0.25,0.3,0,0.05,0.2
"p309",3,4,0.55,0.45,1,-0.1,-0.181818181818182
"p309",4,4,0.25,0.45,0,0.2,0.8
"p309",5,5,0.25,0.25,0,5.55111512312578e-17,2.22044604925031e-16
"p309",5,5,0.55,0.4,0,-0.15,-0.272727272727273
"p309",3,3,0.4,0.35,0,-0.05,-0.125
"p309",4,5,0.25,0.3,1,0.05,0.2
"p309",5,5,0.25,0.25,0,5.55111512312578e-17,2.22044604925031e-16
"p309",3,3,0.55,0.4,0,-0.15,-0.272727272727273
"p309",4,4,0.25,0.3,0,0.05,0.2
"p309",4,4,0.55,0.4,0,-0.15,-0.272727272727273
"p309",4,4,0.4,0.35,0,-0.05,-0.125
"p309",4,4,0.25,0.25,0,5.55111512312578e-17,2.22044604925031e-16
"p309",3,3,0.25,0.25,0,5.55111512312578e-17,2.22044604925031e-16
"p309",5,5,0.55,0.4,0,-0.15,-0.272727272727273
"p309",4,4,0.4,0.35,0,-0.05,-0.125
"p309",3,3,0.25,0.2,0,-0.05,-0.2
"p309",3,3,0.25,0.2,0,-0.05,-0.2
"p309",5,4,0.25,0.2,-1,-0.0499999999999999,-0.2
"p309",4,4,0.55,0.35,0,-0.2,-0.363636363636364
"p309",4,4,0.4,0.35,0,-0.05,-0.125
"p309",3,3,0.55,0.25,0,-0.3,-0.545454545454546
"p309",4,3,0.4,0.45,-1,0.05,0.125
"p309",4,3,0.4,0.45,-1,0.05,0.125
"p309",4,3,0.25,0.45,-1,0.2,0.8
"p309",3,2,0.4,0.35,-1,-0.05,-0.125
"p309",5,5,0.4,0.3,0,-0.1,-0.25
"p309",5,4,0.55,0.4,-1,-0.15,-0.272727272727273
"p309",5,5,0.4,0.4,0,0,0
"p309",5,5,0.55,0.4,0,-0.15,-0.272727272727273
"p309",3,3,0.55,0.6,0,0.05,0.090909090909091
"p309",4,4,0.25,0.3,0,0.05,0.2
"p309",3,3,0.25,0.3,0,0.05,0.2
"p309",4,3,0.4,0.3,-1,-0.1,-0.25
"p309",4,3,0.4,0.4,-1,-5.55111512312578e-17,-1.38777878078145e-16
"p309",3,3,0.55,0.45,0,-0.1,-0.181818181818182
"p309",3,3,0.55,0.5,0,-0.05,-0.090909090909091
"p309",3,3,0.25,0.25,0,5.55111512312578e-17,2.22044604925031e-16
"p309",4,4,0.25,0.2,0,-0.05,-0.2
"p309",5,4,0.4,0.35,-1,-0.05,-0.125
"p309",3,3,0.4,0.25,0,-0.15,-0.375
"p309",3,3,0.4,0.35,0,-0.05,-0.125
"p309",4,3,0.25,0.2,-1,-0.0499999999999999,-0.2
"p309",4,4,0.4,0.35,0,-0.05,-0.125
"p309",5,5,0.25,0.2,0,-0.0499999999999999,-0.2
"p309",5,6,0.4,0.25,1,-0.15,-0.375
"p309",3,3,0.4,0.35,0,-0.05,-0.125
"p309",4,4,0.25,0.2,0,-0.0499999999999999,-0.2
"p309",4,3,0.4,0.4,-1,0,0
"p309",3,3,0.25,0.2,0,-0.05,-0.2
"p309",5,3,0.4,0.5,-2,0.1,0.25
"p309",4,4,0.4,0.45,0,0.05,0.125
"p309",4,4,0.55,0.4,0,-0.15,-0.272727272727273
"p309",4,4,0.25,0.2,0,-0.05,-0.2
"p309",3,3,0.25,0.2,0,-0.0499999999999999,-0.2
"p309",3,3,0.55,0.5,0,-0.05,-0.090909090909091
"p309",5,5,0.25,0.2,0,-0.05,-0.2
"p309",3,3,0.25,0.25,0,5.55111512312578e-17,2.22044604925031e-16
"p309",3,3,0.55,0.4,0,-0.15,-0.272727272727273
"p309",3,3,0.4,0.45,0,0.0499999999999999,0.125
"p309",4,3,0.55,0.4,-1,-0.15,-0.272727272727273
"p309",5,3,0.55,0.55,-2,0,0
"p309",5,5,0.25,0.25,0,0,0
"p309",5,4,0.25,0.25,-1,0,0
"p309",4,3,0.55,0.65,-1,0.1,0.181818181818182
"p309",4,3,0.25,0.25,-1,5.55111512312578e-17,2.22044604925031e-16
"p309",4,4,0.55,0.35,0,-0.2,-0.363636363636364
"p309",5,5,0.25,0.25,0,0,0
"p309",5,5,0.25,0.3,0,0.05,0.2
"p309",3,4,0.25,0.15,1,-0.1,-0.4
"p309",5,5,0.25,0.25,0,5.55111512312578e-17,2.22044604925031e-16
"p309",5,4,0.55,0.45,-1,-0.1,-0.181818181818182
"p309",5,5,0.55,0.45,0,-0.1,-0.181818181818182
"p309",4,3,0.55,0.55,-1,0,0
"p309",3,2,0.4,0.5,-1,0.1,0.25
"p309",3,3,0.55,0.45,0,-0.1,-0.181818181818182
"p309",5,5,0.55,0.45,0,-0.1,-0.181818181818182
"p309",5,4,0.4,0.4,-1,-5.55111512312578e-17,-1.38777878078145e-16
"p309",5,5,0.55,0.4,0,-0.15,-0.272727272727273
"p309",5,5,0.4,0.45,0,0.05,0.125
"p309",3,3,0.25,0.35,0,0.1,0.4
"p309",4,4,0.25,0.15,0,-0.1,-0.4
"p309",3,3,0.25,0.35,0,0.1,0.4
"p309",4,3,0.25,0.3,-1,0.05,0.2
"p309",3,3,0.55,0.45,0,-0.1,-0.181818181818182
"p309",4,3,0.25,0.3,-1,0.05,0.2
"p309",5,5,0.55,0.35,0,-0.2,-0.363636363636364
"p309",5,5,0.25,0.4,0,0.15,0.6
"p309",5,5,0.4,0.35,0,-0.05,-0.125
"p309",3,3,0.55,0.4,0,-0.15,-0.272727272727273
"p309",3,3,0.25,0.2,0,-0.0499999999999999,-0.2
"p309",3,2,0.25,0.15,-1,-0.1,-0.4
"p309",4,3,0.4,0.4,-1,0,0
"p309",3,3,0.25,0.25,0,5.55111512312578e-17,2.22044604925031e-16
"p309",5,5,0.25,0.3,0,0.05,0.2
"p309",5,5,0.25,0.25,0,0,0
"p309",5,5,0.4,0.3,0,-0.1,-0.25
"p309",5,5,0.55,0.35,0,-0.2,-0.363636363636364
"p309",3,3,0.25,0.2,0,-0.0499999999999999,-0.2
"p309",5,5,0.25,0.2,0,-0.0499999999999999,-0.2
"p309",5,5,0.4,0.2,0,-0.2,-0.5
"p309",3,3,0.4,0.4,0,-5.55111512312578e-17,-1.38777878078145e-16
"p309",3,3,0.25,0.25,0,0,0
"p309",4,3,0.55,0.35,-1,-0.2,-0.363636363636364
"p309",3,3,0.55,0.45,0,-0.1,-0.181818181818182
"p309",4,3,0.55,0.55,-1,0,0
"p309",5,5,0.55,0.45,0,-0.1,-0.181818181818182
"p309",4,4,0.25,0.2,0,-0.05,-0.2
"p309",3,3,0.4,0.35,0,-0.05,-0.125
"p309",3,2,0.55,0.45,-1,-0.1,-0.181818181818182
"p309",4,4,0.55,0.5,0,-0.0500000000000001,-0.0909090909090911
"p309",4,4,0.25,0.3,0,0.05,0.2
"p309",4,4,0.25,0.3,0,0.05,0.2
"p309",4,4,0.4,0.4,0,-5.55111512312578e-17,-1.38777878078145e-16
"p309",3,3,0.4,0.45,0,0.0499999999999999,0.125
"p309",5,4,0.25,0.3,-1,0.05,0.2
"p309",3,3,0.25,0.4,0,0.15,0.6
"p309",4,3,0.4,0.3,-1,-0.1,-0.25
"p309",4,3,0.25,0.25,-1,0,0
"p309",5,5,0.25,0.2,0,-0.05,-0.2
"p309",3,3,0.4,0.35,0,-0.05,-0.125
"p309",4,3,0.25,0.3,-1,0.05,0.2
"p309",5,5,0.55,0.35,0,-0.2,-0.363636363636364
"p309",4,3,0.55,0.4,-1,-0.15,-0.272727272727273
"p309",4,3,0.4,0.4,-1,0,0
"p309",3,3,0.55,0.4,0,-0.15,-0.272727272727273
"p309",3,3,0.55,0.4,0,-0.15,-0.272727272727273
"p309",4,3,0.4,0.5,-1,0.1,0.25
"p309",3,3,0.55,0.5,0,-0.0500000000000001,-0.0909090909090911
"p309",3,3,0.4,0.6,0,0.2,0.5
"p309",5,5,0.55,0.55,0,-1.11022302462516e-16,-2.01858731750028e-16
"p309",3,3,0.25,0.15,0,-0.1,-0.4
"p309",4,4,0.55,0.6,0,0.05,0.090909090909091
"p309",5,5,0.25,0.25,0,0,0
"p309",5,5,0.4,0.5,0,0.1,0.25
"p309",5,5,0.4,0.3,0,-0.1,-0.25
"p309",4,4,0.25,0.25,0,5.55111512312578e-17,2.22044604925031e-16
"p309",5,5,0.55,0.25,0,-0.3,-0.545454545454546
"p309",3,3,0.55,0.45,0,-0.1,-0.181818181818182
"p309",3,3,0.4,0.3,0,-0.1,-0.25
"p309",5,5,0.25,0.25,0,5.55111512312578e-17,2.22044604925031e-16
"p309",3,3,0.55,0.45,0,-0.1,-0.181818181818182
"p309",4,4,0.25,0.2,0,-0.05,-0.2
"p309",4,4,0.25,0.2,0,-0.05,-0.2
"p309",5,4,0.25,0.25,-1,5.55111512312578e-17,2.22044604925031e-16
"p309",5,5,0.25,0.3,0,0.05,0.2
"p309",3,3,0.55,0.4,0,-0.15,-0.272727272727273
"p309",4,3,0.25,0.2,-1,-0.05,-0.2
"p309",5,5,0.25,0.2,0,-0.05,-0.2
"p309",3,2,0.55,0.65,-1,0.1,0.181818181818182
"p309",4,2,0.4,0.5,-2,0.0999999999999999,0.25
"p309",4,3,0.4,0.5,-1,0.0999999999999999,0.25
"p309",3,3,0.25,0.25,0,0,0
"p309",5,3,0.25,0.25,-2,5.55111512312578e-17,2.22044604925031e-16
"p309",3,3,0.25,0.25,0,5.55111512312578e-17,2.22044604925031e-16
"p309",4,4,0.4,0.4,0,-5.55111512312578e-17,-1.38777878078145e-16
"p309",5,4,0.55,0.45,-1,-0.1,-0.181818181818182
"p309",4,3,0.55,0.45,-1,-0.1,-0.181818181818182
"p309",5,5,0.4,0.35,0,-0.05,-0.125
"p309",5,5,0.25,0.2,0,-0.0499999999999999,-0.2
"p309",4,4,0.25,0.25,0,5.55111512312578e-17,2.22044604925031e-16
"p309",5,5,0.4,0.45,0,0.0499999999999999,0.125
"p309",4,3,0.25,0.2,-1,-0.05,-0.2
"p309",5,5,0.25,0.2,0,-0.0499999999999999,-0.2
"p309",4,4,0.4,0.3,0,-0.1,-0.25
"p309",3,3,0.25,0.25,0,0,0
"p309",3,3,0.55,0.4,0,-0.15,-0.272727272727273
"p309",4,3,0.4,0.4,-1,-5.55111512312578e-17,-1.38777878078145e-16
"p309",4,4,0.25,0.2,0,-0.05,-0.2
"p309",4,4,0.25,0.3,0,0.05,0.2
"p309",5,4,0.4,0.35,-1,-0.05,-0.125
"p309",5,4,0.4,0.45,-1,0.0499999999999999,0.125
"p309",3,2,0.25,0.2,-1,-0.0499999999999999,-0.2
"p309",5,5,0.55,0.4,0,-0.15,-0.272727272727273
"p309",3,2,0.4,0.4,-1,-5.55111512312578e-17,-1.38777878078145e-16
"p309",3,2,0.4,0.45,-1,0.0499999999999999,0.125
"p309",3,2,0.25,0.2,-1,-0.05,-0.2
"p309",3,3,0.4,0.45,0,0.05,0.125
"p309",4,3,0.55,0.45,-1,-0.1,-0.181818181818182
"p309",4,4,0.55,0.45,0,-0.1,-0.181818181818182
"p309",5,5,0.4,0.4,0,-5.55111512312578e-17,-1.38777878078145e-16
"p309",4,4,0.55,0.55,0,0,0
"p309",4,4,0.55,0.4,0,-0.15,-0.272727272727273
"p309",5,5,0.55,0.45,0,-0.1,-0.181818181818182
"p309",5,4,0.55,0.45,-1,-0.1,-0.181818181818182
"p309",3,3,0.25,0.25,0,5.55111512312578e-17,2.22044604925031e-16
"p309",3,3,0.25,0.2,0,-0.0499999999999999,-0.2
"p309",3,3,0.55,0.4,0,-0.15,-0.272727272727273
"p309",3,3,0.4,0.35,0,-0.05,-0.125
"p309",5,4,0.25,0.25,-1,5.55111512312578e-17,2.22044604925031e-16
"p309",5,5,0.4,0.4,0,0,0
"p309",3,3,0.4,0.4,0,0,0
"p309",4,4,0.25,0.35,0,0.1,0.4
"p309",4,3,0.55,0.4,-1,-0.15,-0.272727272727273
"p309",5,4,0.25,0.35,-1,0.1,0.4
"p309",3,4,0.25,0.25,1,0,0
"p309",3,2,0.4,0.3,-1,-0.1,-0.25
"p309",3,2,0.25,0.25,-1,0,0
"p309",3,3,0.4,0.35,0,-0.05,-0.125
"p309",4,4,0.4,0.35,0,-0.05,-0.125
"p309",5,5,0.25,0.2,0,-0.05,-0.2
"p309",5,5,0.4,0.4,0,0,0
"p309",4,4,0.55,0.45,0,-0.1,-0.181818181818182
"p309",5,5,0.25,0.3,0,0.05,0.2
"p309",5,4,0.55,0.5,-1,-0.05,-0.090909090909091
"p309",4,4,0.4,0.35,0,-0.05,-0.125
"p309",3,3,0.4,0.3,0,-0.1,-0.25
"p309",3,3,0.55,0.45,0,-0.1,-0.181818181818182
"p309",5,5,0.4,0.35,0,-0.05,-0.125
"p309",5,5,0.25,0.3,0,0.05,0.2
"p309",4,4,0.55,0.35,0,-0.2,-0.363636363636364
"p309",5,5,0.4,0.3,0,-0.1,-0.25
"p309",3,2,0.55,0.4,-1,-0.15,-0.272727272727273
"p309",5,5,0.55,0.4,0,-0.15,-0.272727272727273
"p309",4,4,0.25,0.25,0,5.55111512312578e-17,2.22044604925031e-16
"p309",3,2,0.25,0.25,-1,5.55111512312578e-17,2.22044604925031e-16
"p309",4,2,0.25,0.25,-2,5.55111512312578e-17,2.22044604925031e-16
"p309",4,2,0.25,0.2,-2,-0.05,-0.2
"p309",4,3,0.4,0.4,-1,0,0
"p309",4,3,0.55,0.4,-1,-0.15,-0.272727272727273
"p309",3,3,0.25,0.3,0,0.05,0.2
"p309",5,5,0.4,0.4,0,-5.55111512312578e-17,-1.38777878078145e-16
"p309",4,3,0.4,0.4,-1,-5.55111512312578e-17,-1.38777878078145e-16
"p309",3,2,0.25,0.3,-1,0.05,0.2
"p309",3,3,0.55,0.3,0,-0.25,-0.454545454545455
"p309",3,3,0.4,0.35,0,-0.05,-0.125
"p309",5,5,0.55,0.35,0,-0.2,-0.363636363636364
"p309",3,3,0.55,0.4,0,-0.15,-0.272727272727273
"p309",4,4,0.25,0.3,0,0.05,0.2
"p309",5,5,0.55,0.4,0,-0.15,-0.272727272727273
"p309",4,4,0.25,0.2,0,-0.05,-0.2
"p309",4,4,0.25,0.25,0,5.55111512312578e-17,2.22044604925031e-16
"p309",3,3,0.25,0.25,0,0,0
"p309",3,3,0.25,0.25,0,0,0
"p309",3,3,0.55,0.35,0,-0.2,-0.363636363636364
"p309",5,5,0.25,0.25,0,0,0
"p309",4,4,0.55,0.45,0,-0.1,-0.181818181818182
"p309",4,4,0.4,0.4,0,0,0
"p309",3,3,0.55,0.35,0,-0.2,-0.363636363636364
"p309",5,4,0.55,0.45,-1,-0.1,-0.181818181818182
"p309",5,3,0.25,0.35,-2,0.1,0.4
"p309",3,3,0.55,0.45,0,-0.1,-0.181818181818182
"p309",3,3,0.55,0.4,0,-0.15,-0.272727272727273
"p309",3,3,0.25,0.2,0,-0.05,-0.2
"p309",5,4,0.4,0.35,-1,-0.05,-0.125
"p309",3,3,0.25,0.25,0,0,0
"p309",4,3,0.55,0.45,-1,-0.1,-0.181818181818182
"p309",5,4,0.25,0.2,-1,-0.05,-0.2
"p309",5,3,0.25,0.25,-2,0,0
"p309",4,3,0.25,0.3,-1,0.05,0.2
"p309",5,4,0.4,0.15,-1,-0.25,-0.625
"p309",3,3,0.25,0.2,0,-0.05,-0.2
"p309",4,4,0.25,0.2,0,-0.05,-0.2
"p309",4,3,0.4,0.4,-1,-5.55111512312578e-17,-1.38777878078145e-16
"p309",5,5,0.4,0.35,0,-0.05,-0.125
"p309",4,4,0.4,0.4,0,-5.55111512312578e-17,-1.38777878078145e-16
"p309",4,4,0.55,0.4,0,-0.15,-0.272727272727273
"p309",5,5,0.55,0.4,0,-0.15,-0.272727272727273
"p309",3,3,0.25,0.25,0,5.55111512312578e-17,2.22044604925031e-16
"p309",5,5,0.55,0.3,0,-0.25,-0.454545454545455
"p309",5,5,0.25,0.3,0,0.05,0.2
"p309",4,4,0.4,0.35,0,-0.05,-0.125
"p309",3,3,0.4,0.4,0,0,0
"p309",4,4,0.25,0.35,0,0.1,0.4
"p309",4,3,0.55,0.45,-1,-0.1,-0.181818181818182
"p309",5,5,0.25,0.35,0,0.1,0.4
"p309",4,4,0.4,0.4,0,0,0
"p309",3,3,0.55,0.35,0,-0.2,-0.363636363636364
"p309",3,3,0.25,0.3,0,0.05,0.2
"p309",5,5,0.4,0.3,0,-0.1,-0.25
"p309",3,3,0.4,0.4,0,-5.55111512312578e-17,-1.38777878078145e-16
"p309",5,5,0.55,0.4,0,-0.15,-0.272727272727273
"p309",3,3,0.4,0.4,0,0,0
"p309",5,5,0.55,0.4,0,-0.15,-0.272727272727273
"p309",3,2,0.25,0.25,-1,0,0
"p309",4,3,0.25,0.2,-1,-0.05,-0.2
"p309",5,4,0.25,0.35,-1,0.1,0.4
"p309",4,4,0.55,0.45,0,-0.1,-0.181818181818182
"p309",3,3,0.55,0.35,0,-0.2,-0.363636363636364
"p309",4,4,0.25,0.2,0,-0.05,-0.2
"p309",3,3,0.55,0.4,0,-0.15,-0.272727272727273
"p309",5,3,0.55,0.3,-2,-0.25,-0.454545454545455
"p309",4,4,0.25,0.3,0,0.05,0.2
"p309",4,4,0.4,0.35,0,-0.05,-0.125
"p309",5,4,0.4,0.45,-1,0.0499999999999999,0.125
"p309",4,4,0.25,0.25,0,5.55111512312578e-17,2.22044604925031e-16
"p309",3,3,0.4,0.35,0,-0.05,-0.125
"p309",3,3,0.4,0.35,0,-0.05,-0.125
"p309",4,4,0.55,0.55,0,0,0
"p309",5,5,0.25,0.3,0,0.05,0.2
"p309",3,3,0.25,0.2,0,-0.05,-0.2
"p309",3,3,0.55,0.35,0,-0.2,-0.363636363636364
"p309",5,5,0.25,0.15,0,-0.1,-0.4
"p309",3,3,0.55,0.45,0,-0.1,-0.181818181818182
"p309",4,3,0.25,0.25,-1,5.55111512312578e-17,2.22044604925031e-16
"p309",4,3,0.4,0.4,-1,-5.55111512312578e-17,-1.38777878078145e-16
"p309",5,5,0.4,0.4,0,0,0
"p309",4,5,0.25,0.25,1,0,0
"p309",5,6,0.25,0.3,1,0.05,0.2
"p309",4,5,0.25,0.3,1,0.05,0.2
"p309",5,6,0.25,0.1,1,-0.15,-0.6
"p309",3,3,0.55,0.4,0,-0.15,-0.272727272727273
"p309",5,4,0.4,0.25,-1,-0.15,-0.375
"p309",4,4,0.25,0.1,0,-0.15,-0.6
"p309",5,4,0.55,0.4,-1,-0.15,-0.272727272727273
"p309",4,4,0.25,0.3,0,0.05,0.2
"p309",5,5,0.25,0.3,0,0.05,0.2
"p309",3,3,0.55,0.4,0,-0.15,-0.272727272727273
"p309",4,3,0.4,0.4,-1,-5.55111512312578e-17,-1.38777878078145e-16
"p309",3,3,0.55,0.55,0,0,0
"p309",5,5,0.4,0.4,0,0,0
"p309",3,3,0.55,0.45,0,-0.1,-0.181818181818182
"p309",3,3,0.25,0.3,0,0.05,0.2
"p309",4,5,0.4,0.3,1,-0.1,-0.25
"p309",5,5,0.25,0.2,0,-0.0499999999999999,-0.2
"p309",5,5,0.25,0.3,0,0.05,0.2
"p309",4,4,0.25,0.25,0,5.55111512312578e-17,2.22044604925031e-16
"p309",4,4,0.4,0.35,0,-0.05,-0.125
"p309",4,4,0.55,0.3,0,-0.25,-0.454545454545455
"p309",4,4,0.4,0.35,0,-0.05,-0.125
"p309",3,4,0.4,0.35,1,-0.05,-0.125
"p309",3,3,0.25,0.3,0,0.05,0.2
"p309",4,4,0.55,0.6,0,0.05,0.090909090909091
"p309",5,5,0.55,0.6,0,0.05,0.090909090909091
"p309",3,3,0.25,0.35,0,0.1,0.4
"p309",3,3,0.4,0.35,0,-0.05,-0.125
"p309",5,5,0.55,0.4,0,-0.15,-0.272727272727273
"p309",5,5,0.55,0.45,0,-0.1,-0.181818181818182
"p309",3,3,0.25,0.25,0,5.55111512312578e-17,2.22044604925031e-16
"p309",5,5,0.4,0.3,0,-0.1,-0.25
"p309",5,5,0.25,0.25,0,0,0
"p309",3,3,0.25,0.1,0,-0.15,-0.6
"p309",4,3,0.55,0.45,-1,-0.1,-0.181818181818182
"p309",4,3,0.25,0.2,-1,-0.05,-0.2
"p309",5,5,0.4,0.35,0,-0.05,-0.125
"p309",3,3,0.25,0.25,0,0,0
"p309",3,3,0.55,0.5,0,-0.05,-0.090909090909091
"p309",5,5,0.55,0.55,0,0,0
"p309",4,3,0.55,0.4,-1,-0.15,-0.272727272727273
"p309",4,4,0.55,0.45,0,-0.1,-0.181818181818182
"p309",5,5,0.25,0.2,0,-0.05,-0.2
"p309",3,3,0.4,0.55,0,0.15,0.375
"p309",3,3,0.4,0.45,0,0.05,0.125
"p309",3,3,0.4,0.45,0,0.05,0.125
"p309",3,3,0.25,0.2,0,-0.05,-0.2
"p309",4,3,0.55,0.4,-1,-0.15,-0.272727272727273
"p309",5,5,0.55,0.45,0,-0.1,-0.181818181818182
"p309",4,3,0.25,0.2,-1,-0.05,-0.2
"p309",3,3,0.55,0.65,0,0.1,0.181818181818182
"p309",5,5,0.4,0.45,0,0.05,0.125
"p309",3,3,0.4,0.4,0,0,0
"p309",5,5,0.25,0.25,0,0,0
"p309",4,4,0.25,0.3,0,0.05,0.2
"p309",4,4,0.55,0.4,0,-0.15,-0.272727272727273
"p309",5,5,0.25,0.25,0,0,0
"p309",4,3,0.55,0.5,-1,-0.05,-0.090909090909091
"p309",3,3,0.25,0.25,0,0,0
"p309",5,5,0.55,0.4,0,-0.15,-0.272727272727273
"p309",3,3,0.55,0.65,0,0.1,0.181818181818182
"p309",5,5,0.25,0.1,0,-0.15,-0.6
"p309",5,5,0.4,0.35,0,-0.05,-0.125
"p309",5,4,0.25,0.4,-1,0.15,0.6
"p309",5,5,0.25,0.3,0,0.05,0.2
"p309",4,4,0.25,0.15,0,-0.1,-0.4
"p309",5,5,0.55,0.35,0,-0.2,-0.363636363636364
"p309",3,3,0.4,0.35,0,-0.05,-0.125
"p309",4,4,0.4,0.35,0,-0.05,-0.125
"p309",5,5,0.4,0.35,0,-0.05,-0.125
"p309",3,3,0.25,0.3,0,0.05,0.2
"p309",5,4,0.25,0.25,-1,5.55111512312578e-17,2.22044604925031e-16
"p309",4,4,0.25,0.2,0,-0.05,-0.2
"p309",3,3,0.25,0.25,0,0,0
"p309",3,3,0.25,0.2,0,-0.05,-0.2
"p309",3,3,0.4,0.4,0,-5.55111512312578e-17,-1.38777878078145e-16
"p309",4,4,0.4,0.2,0,-0.2,-0.5
"p309",4,4,0.25,0.15,0,-0.1,-0.4
"p309",4,3,0.4,0.35,-1,-0.05,-0.125
"p309",3,3,0.55,0.45,0,-0.1,-0.181818181818182
"p309",3,3,0.55,0.5,0,-0.0500000000000001,-0.0909090909090911
"p309",5,4,0.55,0.5,-1,-0.0500000000000001,-0.0909090909090911
"p309",3,3,0.55,0.5,0,-0.0500000000000001,-0.0909090909090911
"p309",4,4,0.4,0.45,0,0.0499999999999999,0.125
"p309",3,3,0.25,0.25,0,5.55111512312578e-17,2.22044604925031e-16
"p309",4,4,0.55,0.4,0,-0.15,-0.272727272727273
"p309",4,4,0.25,0.25,0,0,0
"p309",4,4,0.55,0.45,0,-0.1,-0.181818181818182
"p309",5,5,0.4,0.4,0,0,0
"p309",5,6,0.4,0.3,1,-0.1,-0.25
"p309",5,6,0.25,0.25,1,0,0
"p309",3,3,0.55,0.45,0,-0.1,-0.181818181818182
"p309",5,5,0.55,0.4,0,-0.15,-0.272727272727273
"p309",3,3,0.4,0.35,0,-0.05,-0.125
"p309",4,4,0.4,0.35,0,-0.05,-0.125
"p309",3,3,0.25,0.35,0,0.1,0.4
"p309",3,3,0.25,0.25,0,5.55111512312578e-17,2.22044604925031e-16
"p309",4,4,0.25,0.3,0,0.05,0.2
"p309",3,3,0.4,0.35,0,-0.05,-0.125
"p309",4,3,0.25,0.25,-1,5.55111512312578e-17,2.22044604925031e-16
"p309",5,4,0.55,0.5,-1,-0.05,-0.090909090909091
"p309",4,3,0.4,0.35,-1,-0.05,-0.125
"p309",5,3,0.25,0.2,-2,-0.05,-0.2
"p309",4,4,0.55,0.35,0,-0.2,-0.363636363636364
"p309",3,4,0.4,0.2,1,-0.2,-0.5
"p309",3,3,0.4,0.3,0,-0.1,-0.25
"p309",4,3,0.25,0.2,-1,-0.05,-0.2
"p309",4,4,0.55,0.4,0,-0.15,-0.272727272727273
"p309",4,4,0.4,0.4,0,-5.55111512312578e-17,-1.38777878078145e-16
"p309",3,3,0.25,0.2,0,-0.05,-0.2
"p309",4,4,0.55,0.25,0,-0.3,-0.545454545454546
"p309",5,4,0.4,0.15,-1,-0.25,-0.625
"p309",5,5,0.25,0.4,0,0.15,0.6
"p309",4,4,0.55,0.45,0,-0.1,-0.181818181818182
"p309",4,4,0.55,0.35,0,-0.2,-0.363636363636364
"p309",3,3,0.4,0.15,0,-0.25,-0.625
"p309",5,5,0.4,0.4,0,0,0
"p309",4,4,0.25,0.25,0,5.55111512312578e-17,2.22044604925031e-16
"p309",5,5,0.4,0.35,0,-0.05,-0.125
"p309",3,2,0.4,0.3,-1,-0.1,-0.25
"p309",5,5,0.25,0.3,0,0.05,0.2
"p309",3,3,0.25,0.25,0,5.55111512312578e-17,2.22044604925031e-16
"p309",4,3,0.4,0.3,-1,-0.1,-0.25
"p309",3,4,0.4,0.3,1,-0.1,-0.25
"p309",4,3,0.25,0.25,-1,5.55111512312578e-17,2.22044604925031e-16
"p309",4,4,0.25,0.15,0,-0.1,-0.4
"p309",5,5,0.25,0.25,0,5.55111512312578e-17,2.22044604925031e-16
"p309",5,5,0.55,0.4,0,-0.15,-0.272727272727273
"p309",3,3,0.25,0.25,0,0,0
"p309",5,4,0.55,0.3,-1,-0.25,-0.454545454545455
"p309",3,3,0.25,0.25,0,0,0
"p309",5,5,0.25,0.45,0,0.2,0.8
"p309",3,3,0.55,0.4,0,-0.15,-0.272727272727273
"p309",4,3,0.4,0.35,-1,-0.05,-0.125
"p309",5,4,0.55,0.5,-1,-0.05,-0.090909090909091
"p309",5,5,0.4,0.4,0,0,0
"p309",3,3,0.55,0.5,0,-0.0500000000000001,-0.0909090909090911
"p309",5,4,0.4,0.45,-1,0.0499999999999999,0.125
"p309",4,4,0.25,0.35,0,0.1,0.4
"p309",3,3,0.55,0.45,0,-0.1,-0.181818181818182
"p309",5,5,0.25,0.35,0,0.1,0.4
"p309",4,4,0.25,0.25,0,0,0
"p309",3,3,0.55,0.35,0,-0.2,-0.363636363636364
"p309",3,3,0.25,0.35,0,0.1,0.4
"p309",5,4,0.25,0.35,-1,0.1,0.4
"p309",5,4,0.55,0.45,-1,-0.1,-0.181818181818182
"p309",3,2,0.25,0.2,-1,-0.05,-0.2
"p309",3,3,0.55,0.45,0,-0.1,-0.181818181818182
"p309",3,3,0.55,0.45,0,-0.1,-0.181818181818182
"p309",3,3,0.25,0.15,0,-0.1,-0.4
"p309",4,3,0.4,0.4,-1,0,0
"p310",5,4,0.55,0.5,-1,-0.0500000000000001,-0.0909090909090911
"p310",3,3,0.25,0.2,0,-0.0499999999999999,-0.2
"p310",3,3,0.4,0.4,0,-5.55111512312578e-17,-1.38777878078145e-16
"p310",5,4,0.55,0.5,-1,-0.05,-0.090909090909091
"p310",3,3,0.25,0.2,0,-0.0499999999999999,-0.2
"p310",3,3,0.25,0.2,0,-0.0499999999999999,-0.2
"p310",4,4,0.4,0.4,0,-5.55111512312578e-17,-1.38777878078145e-16
"p310",5,4,0.25,0.3,-1,0.05,0.2
"p310",4,4,0.55,0.6,0,0.05,0.090909090909091
"p310",3,3,0.55,0.55,0,0,0
"p310",5,4,0.4,0.45,-1,0.0499999999999999,0.125
"p310",3,3,0.4,0.35,0,-0.05,-0.125
"p310",3,3,0.4,0.4,0,0,0
"p310",5,4,0.25,0.25,-1,0,0
"p310",3,4,0.55,0.3,1,-0.25,-0.454545454545455
"p310",5,5,0.4,0.35,0,-0.05,-0.125
"p310",4,4,0.4,0.25,0,-0.15,-0.375
"p310",5,5,0.4,0.25,0,-0.15,-0.375
"p310",3,3,0.4,0.35,0,-0.05,-0.125
"p310",4,4,0.4,0.4,0,0,0
"p310",3,3,0.55,0.5,0,-0.05,-0.090909090909091
"p310",5,4,0.25,0.3,-1,0.05,0.2
"p310",3,3,0.55,0.55,0,-1.11022302462516e-16,-2.01858731750028e-16
"p310",5,5,0.55,0.5,0,-0.0500000000000001,-0.0909090909090911
"p310",4,4,0.25,0.3,0,0.05,0.2
"p310",3,3,0.25,0.25,0,0,0
"p310",5,4,0.25,0.3,-1,0.05,0.2
"p310",4,4,0.25,0.25,0,5.55111512312578e-17,2.22044604925031e-16
"p310",4,3,0.4,0.45,-1,0.0499999999999999,0.125
"p310",4,4,0.25,0.3,0,0.05,0.2
"p310",4,4,0.25,0.25,0,0,0
"p310",5,4,0.25,0.25,-1,0,0
"p310",4,4,0.55,0.4,0,-0.15,-0.272727272727273
"p310",3,3,0.55,0.4,0,-0.15,-0.272727272727273
"p310",4,3,0.4,0.35,-1,-0.05,-0.125
"p310",5,4,0.4,0.45,-1,0.05,0.125
"p310",3,3,0.25,0.3,0,0.05,0.2
"p310",4,3,0.55,0.5,-1,-0.0500000000000001,-0.0909090909090911
"p310",5,5,0.55,0.4,0,-0.15,-0.272727272727273
"p310",4,3,0.25,0.3,-1,0.05,0.2
"p310",4,3,0.55,0.65,-1,0.1,0.181818181818182
"p310",4,3,0.25,0.4,-1,0.15,0.6
"p310",4,3,0.25,0.25,-1,0,0
"p310",3,3,0.4,0.4,0,-5.55111512312578e-17,-1.38777878078145e-16
"p310",3,3,0.25,0.2,0,-0.0499999999999999,-0.2
"p310",5,4,0.25,0.2,-1,-0.0499999999999999,-0.2
"p310",5,5,0.55,0.5,0,-0.0500000000000001,-0.0909090909090911
"p310",3,3,0.55,0.5,0,-0.05,-0.090909090909091
"p310",4,4,0.55,0.5,0,-0.0500000000000001,-0.0909090909090911
"p310",5,4,0.25,0.3,-1,0.05,0.2
"p310",3,3,0.25,0.25,0,0,0
"p310",5,4,0.4,0.3,-1,-0.1,-0.25
"p310",5,5,0.55,0.5,0,-0.05,-0.090909090909091
"p310",5,5,0.4,0.5,0,0.1,0.25
"p310",3,2,0.25,0.3,-1,0.05,0.2
"p310",4,4,0.25,0.3,0,0.05,0.2
"p310",5,4,0.25,0.25,-1,5.55111512312578e-17,2.22044604925031e-16
"p310",5,5,0.55,0.55,0,-1.11022302462516e-16,-2.01858731750028e-16
"p310",5,5,0.25,0.3,0,0.05,0.2
"p310",4,4,0.55,0.5,0,-0.05,-0.090909090909091
"p310",5,4,0.25,0.3,-1,0.05,0.2
"p310",4,3,0.25,0.3,-1,0.05,0.2
"p310",3,3,0.4,0.5,0,0.1,0.25
"p310",5,4,0.25,0.3,-1,0.05,0.2
"p310",3,3,0.25,0.3,0,0.05,0.2
"p310",4,3,0.4,0.45,-1,0.05,0.125
"p310",5,4,0.25,0.3,-1,0.05,0.2
"p310",3,3,0.25,0.25,0,0,0
"p310",4,4,0.55,0.5,0,-0.05,-0.090909090909091
"p310",5,4,0.4,0.4,-1,-5.55111512312578e-17,-1.38777878078145e-16
"p310",3,3,0.55,0.45,0,-0.1,-0.181818181818182
"p310",4,4,0.4,0.4,0,0,0
"p310",5,4,0.55,0.45,-1,-0.1,-0.181818181818182
"p310",4,3,0.25,0.35,-1,0.1,0.4
"p310",3,3,0.25,0.0500000000000001,0,-0.2,-0.8
"p310",3,3,0.55,0.55,0,0,0
"p310",3,3,0.4,0.4,0,0,0
"p310",3,3,0.55,0.6,0,0.05,0.090909090909091
"p310",5,4,0.25,0.35,-1,0.1,0.4
"p310",4,4,0.4,0.25,0,-0.15,-0.375
"p310",5,5,0.25,0.25,0,0,0
"p310",4,3,0.55,0.6,-1,0.05,0.090909090909091
"p310",4,4,0.4,0.5,0,0.0999999999999999,0.25
"p310",3,3,0.25,0.3,0,0.05,0.2
"p310",5,5,0.4,0.35,0,-0.05,-0.125
"p310",4,4,0.25,0.1,0,-0.15,-0.6
"p310",4,4,0.25,0.2,0,-0.0499999999999999,-0.2
"p310",3,3,0.25,0.25,0,0,0
"p310",3,3,0.4,0.45,0,0.0499999999999999,0.125
"p310",5,4,0.55,0.55,-1,0,0
"p310",3,3,0.55,0.5,0,-0.0500000000000001,-0.0909090909090911
"p310",4,3,0.25,0.25,-1,0,0
"p310",4,3,0.55,0.5,-1,-0.05,-0.090909090909091
"p310",5,5,0.4,0.45,0,0.0499999999999999,0.125
"p310",3,4,0.55,0.5,1,-0.0500000000000001,-0.0909090909090911
"p310",3,3,0.55,0.55,0,0,0
"p310",4,4,0.55,0.55,0,0,0
"p310",3,2,0.25,0.25,-1,0,0
"p310",4,2,0.25,0.2,-2,-0.0499999999999999,-0.2
"p310",3,2,0.4,0.4,-1,0,0
"p310",4,4,0.4,0.35,0,-0.05,-0.125
"p310",5,4,0.55,0.5,-1,-0.05,-0.090909090909091
"p310",3,3,0.4,0.35,0,-0.05,-0.125
"p310",5,4,0.4,0.35,-1,-0.05,-0.125
"p310",5,4,0.55,0.45,-1,-0.1,-0.181818181818182
"p310",3,2,0.55,0.6,-1,0.05,0.090909090909091
"p310",5,5,0.4,0.4,0,-5.55111512312578e-17,-1.38777878078145e-16
"p310",5,4,0.4,0.4,-1,-5.55111512312578e-17,-1.38777878078145e-16
"p310",4,4,0.4,0.35,0,-0.05,-0.125
"p310",5,4,0.25,0.2,-1,-0.0499999999999999,-0.2
"p310",4,4,0.4,0.35,0,-0.05,-0.125
"p310",4,4,0.25,0.2,0,-0.05,-0.2
"p310",4,4,0.25,0.25,0,0,0
"p310",5,4,0.55,0.5,-1,-0.0500000000000001,-0.0909090909090911
"p310",3,3,0.4,0.4,0,0,0
"p310",5,4,0.55,0.45,-1,-0.1,-0.181818181818182
"p310",3,3,0.55,0.6,0,0.0499999999999999,0.0909090909090908
"p310",5,4,0.25,0.35,-1,0.1,0.4
"p310",4,3,0.55,0.6,-1,0.05,0.090909090909091
"p310",3,3,0.4,0.35,0,-0.05,-0.125
"p310",4,3,0.4,0.6,-1,0.2,0.5
"p310",4,3,0.25,0.35,-1,0.1,0.4
"p310",5,4,0.4,0.4,-1,-5.55111512312578e-17,-1.38777878078145e-16
"p310",4,4,0.55,0.5,0,-0.05,-0.090909090909091
"p310",4,4,0.4,0.45,0,0.05,0.125
"p310",3,3,0.25,0.3,0,0.05,0.2
"p310",5,5,0.25,0.25,0,0,0
"p310",3,3,0.55,0.45,0,-0.1,-0.181818181818182
"p310",5,5,0.4,0.4,0,0,0
"p310",5,4,0.4,0.45,-1,0.0499999999999999,0.125
"p310",3,3,0.25,0.25,0,0,0
"p310",5,5,0.25,0.25,0,5.55111512312578e-17,2.22044604925031e-16
"p310",3,3,0.55,0.55,0,0,0
"p310",3,3,0.25,0.25,0,0,0
"p310",3,2,0.55,0.55,-1,0,0
"p310",3,2,0.25,0.3,-1,0.05,0.2
"p310",3,3,0.25,0.25,0,0,0
"p310",4,4,0.4,0.25,0,-0.15,-0.375
"p310",5,4,0.55,0.55,-1,-1.11022302462516e-16,-2.01858731750028e-16
"p310",3,3,0.25,0.3,0,0.05,0.2
"p310",4,3,0.55,0.6,-1,0.05,0.090909090909091
"p310",5,4,0.25,0.25,-1,5.55111512312578e-17,2.22044604925031e-16
"p310",5,3,0.55,0.65,-2,0.1,0.181818181818182
"p310",4,3,0.25,0.25,-1,5.55111512312578e-17,2.22044604925031e-16
"p310",3,3,0.55,0.75,0,0.2,0.363636363636364
"p310",4,3,0.55,0.7,-1,0.15,0.272727272727273
"p310",4,3,0.25,0.2,-1,-0.0499999999999999,-0.2
"p310",5,5,0.25,0.2,0,-0.05,-0.2
"p310",5,4,0.25,0.25,-1,5.55111512312578e-17,2.22044604925031e-16
"p310",3,3,0.4,0.4,0,-5.55111512312578e-17,-1.38777878078145e-16
"p310",3,3,0.25,0.2,0,-0.05,-0.2
"p310",4,2,0.55,0.8,-2,0.25,0.454545454545455
"p310",4,3,0.25,0.35,-1,0.1,0.4
"p310",3,2,0.4,0.45,-1,0.05,0.125
"p310",4,3,0.25,0.4,-1,0.15,0.6
"p310",3,3,0.4,0.55,0,0.15,0.375
"p310",4,4,0.4,0.45,0,0.05,0.125
"p310",3,3,0.25,0.4,0,0.15,0.6
"p310",3,2,0.4,0.45,-1,0.05,0.125
"p310",4,3,0.25,0.25,-1,5.55111512312578e-17,2.22044604925031e-16
"p310",3,3,0.55,0.7,0,0.15,0.272727272727273
"p310",4,3,0.55,0.65,-1,0.1,0.181818181818182
"p310",4,3,0.25,0.35,-1,0.1,0.4
"p310",4,4,0.25,0.3,0,0.05,0.2
"p310",5,5,0.25,0.3,0,0.05,0.2
"p310",3,2,0.25,0.3,-1,0.05,0.2
"p310",5,5,0.4,0.4,0,-5.55111512312578e-17,-1.38777878078145e-16
"p310",5,4,0.55,0.7,-1,0.15,0.272727272727273
"p310",5,4,0.55,0.75,-1,0.2,0.363636363636364
"p310",4,2,0.55,0.8,-2,0.25,0.454545454545455
"p310",3,2,0.55,0.75,-1,0.2,0.363636363636364
"p310",3,3,0.25,0.2,0,-0.0499999999999999,-0.2
"p310",5,4,0.55,0.8,-1,0.25,0.454545454545455
"p310",4,3,0.55,0.75,-1,0.2,0.363636363636364
"p310",5,5,0.4,0.45,0,0.05,0.125
"p310",4,4,0.55,0.65,0,0.1,0.181818181818182
"p310",3,3,0.4,0.55,0,0.15,0.375
"p310",5,5,0.25,0.35,0,0.1,0.4
"p310",3,2,0.25,0.3,-1,0.05,0.2
"p310",5,4,0.55,0.55,-1,0,0
"p310",4,3,0.4,0.5,-1,0.1,0.25
"p310",3,3,0.4,0.35,0,-0.05,-0.125
"p310",3,3,0.4,0.5,0,0.1,0.25
"p310",5,4,0.25,0.4,-1,0.15,0.6
"p310",5,4,0.25,0.25,-1,0,0
"p310",5,4,0.4,0.45,-1,0.0499999999999999,0.125
"p310",5,4,0.4,0.5,-1,0.1,0.25
"p310",3,3,0.25,0.25,0,0,0
"p310",4,3,0.25,0.2,-1,-0.0499999999999999,-0.2
"p310",4,4,0.4,0.5,0,0.1,0.25
"p310",3,2,0.55,0.6,-1,0.0499999999999999,0.0909090909090908
"p310",5,4,0.25,0.25,-1,5.55111512312578e-17,2.22044604925031e-16
"p310",3,2,0.55,0.65,-1,0.1,0.181818181818182
"p310",4,3,0.55,0.65,-1,0.1,0.181818181818182
"p310",5,4,0.4,0.45,-1,0.05,0.125
"p310",3,3,0.55,0.7,0,0.15,0.272727272727273
"p310",5,4,0.25,0.25,-1,5.55111512312578e-17,2.22044604925031e-16
"p310",3,3,0.55,0.65,0,0.1,0.181818181818182
"p310",3,3,0.25,0.25,0,5.55111512312578e-17,2.22044604925031e-16
"p310",3,3,0.4,0.45,0,0.05,0.125
"p310",5,3,0.55,0.95,-2,0.4,0.727272727272728
"p310",4,3,0.4,0.6,-1,0.2,0.5
"p310",4,3,0.25,0.35,-1,0.1,0.4
"p310",4,3,0.25,0.35,-1,0.1,0.4
"p310",3,3,0.25,0.25,0,5.55111512312578e-17,2.22044604925031e-16
"p310",4,4,0.25,0.25,0,0,0
"p310",4,3,0.4,0.5,-1,0.1,0.25
"p310",5,5,0.25,0.25,0,5.55111512312578e-17,2.22044604925031e-16
"p310",4,3,0.25,0.3,-1,0.05,0.2
"p310",3,3,0.25,0.25,0,5.55111512312578e-17,2.22044604925031e-16
"p310",5,4,0.25,0.25,-1,0,0
"p310",5,5,0.4,0.55,0,0.15,0.375
"p310",5,4,0.25,0.3,-1,0.05,0.2
"p310",4,4,0.4,0.45,0,0.05,0.125
"p310",3,4,0.25,0.3,1,0.05,0.2
"p310",5,4,0.25,0.4,-1,0.15,0.6
"p310",4,2,0.55,0.75,-2,0.2,0.363636363636364
"p310",3,3,0.4,0.5,0,0.1,0.25
"p310",5,3,0.55,0.8,-2,0.25,0.454545454545455
"p310",5,5,0.55,0.75,0,0.2,0.363636363636364
"p310",5,4,0.25,0.25,-1,0,0
"p310",4,4,0.55,0.65,0,0.1,0.181818181818182
"p310",4,4,0.4,0.5,0,0.0999999999999999,0.25
"p310",5,4,0.25,0.35,-1,0.1,0.4
"p310",3,3,0.25,0.25,0,0,0
"p310",5,5,0.25,0.2,0,-0.05,-0.2
"p310",3,4,0.4,0.3,1,-0.1,-0.25
"p310",3,3,0.4,0.45,0,0.0499999999999999,0.125
"p310",5,4,0.4,0.6,-1,0.2,0.5
"p310",4,4,0.4,0.25,0,-0.15,-0.375
"p310",4,2,0.55,0.75,-2,0.2,0.363636363636364
"p310",3,2,0.4,0.6,-1,0.2,0.5
"p310",3,2,0.4,0.55,-1,0.15,0.375
"p310",5,4,0.4,0.45,-1,0.05,0.125
"p310",3,2,0.25,0.35,-1,0.1,0.4
"p310",5,4,0.55,0.7,-1,0.15,0.272727272727273
"p310",4,3,0.25,0.3,-1,0.05,0.2
"p310",3,3,0.25,0.2,0,-0.05,-0.2
"p310",4,4,0.25,0.2,0,-0.05,-0.2
"p310",4,4,0.25,0.15,0,-0.1,-0.4
"p310",3,3,0.55,0.75,0,0.2,0.363636363636364
"p310",5,4,0.4,0.5,-1,0.1,0.25
"p310",3,3,0.25,0.35,0,0.1,0.4
"p310",4,2,0.4,0.8,-2,0.4,1
"p310",3,3,0.55,0.85,0,0.3,0.545454545454546
"p310",4,3,0.25,0.5,-1,0.25,1
"p310",4,4,0.4,0.55,0,0.15,0.375
"p310",4,3,0.55,0.65,-1,0.1,0.181818181818182
"p310",4,3,0.25,0.4,-1,0.15,0.6
"p310",3,2,0.25,0.4,-1,0.15,0.6
"p310",3,2,0.55,0.7,-1,0.15,0.272727272727273
"p310",5,4,0.55,0.65,-1,0.1,0.181818181818182
"p310",3,2,0.55,0.75,-1,0.2,0.363636363636364
"p310",5,5,0.25,0.35,0,0.1,0.4
"p310",3,3,0.55,0.7,0,0.15,0.272727272727273
"p310",3,3,0.55,0.65,0,0.1,0.181818181818182
"p310",5,4,0.4,0.4,-1,-5.55111512312578e-17,-1.38777878078145e-16
"p310",4,4,0.25,0.3,0,0.05,0.2
"p310",5,4,0.55,0.65,-1,0.1,0.181818181818182
"p310",4,2,0.55,0.65,-2,0.1,0.181818181818182
"p310",5,4,0.4,0.4,-1,0,0
"p310",3,3,0.4,0.45,0,0.0499999999999999,0.125
"p310",5,4,0.25,0.3,-1,0.05,0.2
"p310",4,4,0.55,0.55,0,-1.11022302462516e-16,-2.01858731750028e-16
"p310",4,4,0.25,0.35,0,0.1,0.4
"p310",5,4,0.55,0.55,-1,0,0
"p310",5,4,0.4,0.45,-1,0.05,0.125
"p310",5,5,0.4,0.35,0,-0.05,-0.125
"p310",5,5,0.55,0.55,0,-1.11022302462516e-16,-2.01858731750028e-16
"p310",3,4,0.25,0.2,1,-0.0499999999999999,-0.2
"p310",4,4,0.25,0.2,0,-0.0499999999999999,-0.2
"p310",5,4,0.25,0.2,-1,-0.0499999999999999,-0.2
"p310",4,3,0.55,0.7,-1,0.15,0.272727272727273
"p310",3,3,0.25,0.35,0,0.1,0.4
"p310",3,3,0.55,0.45,0,-0.1,-0.181818181818182
"p310",3,3,0.55,0.55,0,0,0
"p310",4,3,0.25,0.2,-1,-0.0499999999999999,-0.2
"p310",3,2,0.55,0.55,-1,0,0
"p310",3,3,0.4,0.5,0,0.1,0.25
"p310",5,4,0.25,0.3,-1,0.05,0.2
"p310",3,3,0.25,0.2,0,-0.0499999999999999,-0.2
"p310",4,4,0.4,0.4,0,0,0
"p310",5,4,0.25,0.2,-1,-0.0499999999999999,-0.2
"p310",3,3,0.25,0.2,0,-0.0499999999999999,-0.2
"p310",5,5,0.55,0.6,0,0.0499999999999999,0.0909090909090908
"p310",3,2,0.4,0.5,-1,0.0999999999999999,0.25
"p310",4,4,0.4,0.45,0,0.0499999999999999,0.125
"p310",3,3,0.25,0.3,0,0.05,0.2
"p310",3,2,0.25,0.25,-1,5.55111512312578e-17,2.22044604925031e-16
"p310",4,4,0.25,0.3,0,0.05,0.2
"p310",5,4,0.25,0.25,-1,5.55111512312578e-17,2.22044604925031e-16
"p310",4,3,0.55,0.55,-1,0,0
"p310",3,3,0.55,0.5,0,-0.05,-0.090909090909091
"p310",4,3,0.4,0.4,-1,-5.55111512312578e-17,-1.38777878078145e-16
"p310",4,3,0.25,0.25,-1,5.55111512312578e-17,2.22044604925031e-16
"p310",5,5,0.25,0.2,0,-0.0499999999999999,-0.2
"p310",5,4,0.4,0.45,-1,0.0499999999999999,0.125
"p310",4,4,0.55,0.55,0,0,0
"p310",4,4,0.55,0.5,0,-0.0500000000000001,-0.0909090909090911
"p310",3,4,0.25,0.3,1,0.05,0.2
"p310",3,2,0.55,0.5,-1,-0.05,-0.090909090909091
"p310",5,4,0.55,0.5,-1,-0.0500000000000001,-0.0909090909090911
"p310",5,4,0.4,0.5,-1,0.1,0.25
"p310",5,4,0.25,0.3,-1,0.05,0.2
"p310",4,4,0.4,0.4,0,-5.55111512312578e-17,-1.38777878078145e-16
"p310",3,2,0.4,0.55,-1,0.15,0.375
"p310",4,3,0.25,0.25,-1,0,0
"p310",3,3,0.4,0.3,0,-0.1,-0.25
"p310",5,4,0.55,0.45,-1,-0.1,-0.181818181818182
"p310",3,3,0.55,0.55,0,-1.11022302462516e-16,-2.01858731750028e-16
"p310",4,3,0.25,0.2,-1,-0.0499999999999999,-0.2
"p310",4,3,0.4,0.4,-1,-5.55111512312578e-17,-1.38777878078145e-16
"p310",5,4,0.25,0.1,-1,-0.15,-0.6
"p310",3,3,0.55,0.55,0,-1.11022302462516e-16,-2.01858731750028e-16
"p310",4,4,0.55,0.5,0,-0.0500000000000001,-0.0909090909090911
"p310",3,4,0.25,0.25,1,0,0
"p310",5,4,0.25,0.15,-1,-0.0999999999999999,-0.4
"p310",3,3,0.4,0.35,0,-0.05,-0.125
"p310",5,4,0.25,0.3,-1,0.05,0.2
"p310",3,3,0.55,0.6,0,0.05,0.090909090909091
"p310",5,4,0.25,0.4,-1,0.15,0.6
"p310",3,3,0.25,0.25,0,5.55111512312578e-17,2.22044604925031e-16
"p310",3,3,0.55,0.5,0,-0.0500000000000001,-0.0909090909090911
"p310",3,2,0.25,0.35,-1,0.1,0.4
"p310",5,4,0.55,0.55,-1,-1.11022302462516e-16,-2.01858731750028e-16
"p310",3,3,0.25,0.35,0,0.1,0.4
"p310",5,4,0.25,0.5,-1,0.25,1
"p310",3,2,0.4,0.5,-1,0.1,0.25
"p310",5,3,0.4,0.55,-2,0.15,0.375
"p310",3,3,0.55,0.6,0,0.0499999999999999,0.0909090909090908
"p310",4,4,0.4,0.5,0,0.0999999999999999,0.25
"p310",4,4,0.55,0.55,0,0,0
"p310",4,3,0.25,0.25,-1,0,0
"p310",5,4,0.4,0.5,-1,0.0999999999999999,0.25
"p310",3,3,0.25,0.3,0,0.05,0.2
"p310",4,3,0.55,0.7,-1,0.15,0.272727272727273
"p310",4,4,0.4,0.55,0,0.15,0.375
"p310",5,4,0.55,0.6,-1,0.0499999999999999,0.0909090909090908
"p310",4,4,0.55,0.65,0,0.1,0.181818181818182
"p310",5,4,0.4,0.55,-1,0.15,0.375
"p310",4,4,0.25,0.25,0,0,0
"p310",4,4,0.4,0.5,0,0.0999999999999999,0.25
"p310",4,4,0.25,0.25,0,5.55111512312578e-17,2.22044604925031e-16
"p310",3,3,0.25,0.3,0,0.05,0.2
"p310",5,3,0.25,0.25,-2,5.55111512312578e-17,2.22044604925031e-16
"p310",4,4,0.25,0.2,0,-0.05,-0.2
"p310",3,3,0.55,0.5,0,-0.0500000000000001,-0.0909090909090911
"p310",3,3,0.4,0.35,0,-0.05,-0.125
"p310",5,4,0.4,0.35,-1,-0.05,-0.125
"p310",4,4,0.25,0.3,0,0.05,0.2
"p310",5,4,0.25,0.3,-1,0.05,0.2
"p310",5,4,0.55,0.65,-1,0.1,0.181818181818182
"p310",3,4,0.4,0.4,1,-5.55111512312578e-17,-1.38777878078145e-16
"p310",3,3,0.25,0.2,0,-0.05,-0.2
"p310",5,4,0.4,0.35,-1,-0.05,-0.125
"p310",3,3,0.55,0.3,0,-0.25,-0.454545454545455
"p310",4,2,0.55,0.7,-2,0.15,0.272727272727273
"p310",4,3,0.4,0.45,-1,0.0499999999999999,0.125
"p310",5,4,0.55,0.5,-1,-0.0500000000000001,-0.0909090909090911
"p310",4,4,0.25,0.3,0,0.05,0.2
"p310",4,4,0.25,0.3,0,0.05,0.2
"p310",5,4,0.55,0.45,-1,-0.1,-0.181818181818182
"p310",4,4,0.4,0.45,0,0.0499999999999999,0.125
"p310",3,2,0.4,0.35,-1,-0.05,-0.125
"p310",5,4,0.25,0.3,-1,0.05,0.2
"p310",3,2,0.4,0.45,-1,0.05,0.125
"p310",5,4,0.25,0.15,-1,-0.0999999999999999,-0.4
"p310",3,2,0.25,0.2,-1,-0.05,-0.2
"p310",5,4,0.25,0.15,-1,-0.1,-0.4
"p310",5,3,0.4,0.5,-2,0.1,0.25
"p310",3,3,0.55,0.55,0,-1.11022302462516e-16,-2.01858731750028e-16
"p310",4,3,0.25,0.25,-1,0,0
"p310",4,4,0.55,0.55,0,0,0
"p310",4,3,0.55,0.6,-1,0.0499999999999999,0.0909090909090908
"p310",3,3,0.4,0.4,0,-5.55111512312578e-17,-1.38777878078145e-16
"p310",3,3,0.25,0.2,0,-0.0499999999999999,-0.2
"p310",3,3,0.25,0.2,0,-0.05,-0.2
"p310",3,3,0.55,0.6,0,0.05,0.090909090909091
"p310",4,3,0.25,0.35,-1,0.1,0.4
"p310",4,3,0.55,0.6,-1,0.0499999999999999,0.0909090909090908
"p310",4,2,0.55,0.7,-2,0.15,0.272727272727273
"p310",4,2,0.4,0.7,-2,0.3,0.75
"p310",4,3,0.4,0.55,-1,0.15,0.375
"p310",5,4,0.4,0.55,-1,0.15,0.375
"p310",3,3,0.25,0.4,0,0.15,0.6
"p310",5,4,0.55,0.65,-1,0.1,0.181818181818182
"p310",5,4,0.55,0.65,-1,0.1,0.181818181818182
"p310",5,4,0.25,0.3,-1,0.05,0.2
"p310",5,4,0.25,0.3,-1,0.05,0.2
"p310",3,3,0.25,0.15,0,-0.0999999999999999,-0.4
"p310",3,3,0.25,0.2,0,-0.0499999999999999,-0.2
"p310",3,3,0.55,0.65,0,0.1,0.181818181818182
"p310",4,3,0.25,0.25,-1,5.55111512312578e-17,2.22044604925031e-16
"p310",4,3,0.4,0.4,-1,-5.55111512312578e-17,-1.38777878078145e-16
"p310",4,3,0.4,0.45,-1,0.0499999999999999,0.125
"p310",4,3,0.25,0.25,-1,5.55111512312578e-17,2.22044604925031e-16
"p310",3,3,0.55,0.8,0,0.25,0.454545454545455
"p310",5,3,0.55,0.7,-2,0.15,0.272727272727273
"p310",4,3,0.4,0.6,-1,0.2,0.5
"p310",5,4,0.55,0.65,-1,0.1,0.181818181818182
"p310",3,3,0.4,0.45,0,0.0499999999999999,0.125
"p310",3,3,0.25,0.35,0,0.1,0.4
"p310",4,3,0.55,0.55,-1,0,0
"p310",3,2,0.4,0.5,-1,0.1,0.25
"p310",5,5,0.4,0.65,0,0.25,0.625
"p310",5,4,0.55,0.55,-1,-1.11022302462516e-16,-2.01858731750028e-16
"p310",5,4,0.25,0.4,-1,0.15,0.6
"p310",4,4,0.25,0.4,0,0.15,0.6
"p310",4,4,0.25,0.25,0,0,0
"p310",3,3,0.55,0.5,0,-0.0500000000000001,-0.0909090909090911
"p310",3,3,0.4,0.5,0,0.0999999999999999,0.25
"p310",5,4,0.25,0.3,-1,0.05,0.2
"p310",3,2,0.55,0.7,-1,0.15,0.272727272727273
"p310",5,3,0.4,0.45,-2,0.05,0.125
"p310",4,3,0.25,0.25,-1,0,0
"p310",5,4,0.4,0.35,-1,-0.05,-0.125
"p310",5,4,0.4,0.45,-1,0.0499999999999999,0.125
"p310",4,3,0.25,0.3,-1,0.05,0.2
"p310",3,3,0.25,0.3,0,0.05,0.2
"p310",4,3,0.55,0.55,-1,-1.11022302462516e-16,-2.01858731750028e-16
"p310",4,3,0.25,0.3,-1,0.05,0.2
"p310",5,3,0.55,0.75,-2,0.2,0.363636363636364
"p310",5,5,0.25,0.35,0,0.1,0.4
"p310",5,5,0.25,0.2,0,-0.05,-0.2
"p310",3,3,0.25,0.2,0,-0.0499999999999999,-0.2
"p310",3,3,0.25,0.2,0,-0.0499999999999999,-0.2
"p310",4,4,0.4,0.35,0,-0.05,-0.125
"p310",4,4,0.25,0.25,0,5.55111512312578e-17,2.22044604925031e-16
"p310",3,2,0.4,0.4,-1,-5.55111512312578e-17,-1.38777878078145e-16
"p310",4,3,0.55,0.55,-1,0,0
"p310",4,3,0.4,0.4,-1,-5.55111512312578e-17,-1.38777878078145e-16
"p310",5,4,0.4,0.45,-1,0.0499999999999999,0.125
"p310",3,4,0.25,0.2,1,-0.0499999999999999,-0.2
"p310",4,4,0.4,0.35,0,-0.05,-0.125
"p310",3,3,0.4,0.4,0,-5.55111512312578e-17,-1.38777878078145e-16
"p310",4,3,0.55,0.75,-1,0.2,0.363636363636364
"p310",5,4,0.55,0.6,-1,0.0499999999999999,0.0909090909090908
"p310",3,4,0.55,0.7,1,0.15,0.272727272727273
"p310",5,4,0.25,0.2,-1,-0.0499999999999999,-0.2
"p310",4,4,0.55,0.45,0,-0.1,-0.181818181818182
"p310",3,4,0.25,0.25,1,5.55111512312578e-17,2.22044604925031e-16
"p310",4,3,0.4,0.5,-1,0.1,0.25
"p310",5,4,0.25,0.3,-1,0.05,0.2
"p310",3,3,0.4,0.4,0,0,0
"p310",3,4,0.55,0.65,1,0.1,0.181818181818182
"p310",4,4,0.25,0.3,0,0.05,0.2
"p310",3,3,0.4,0.45,0,0.0499999999999999,0.125
"p310",4,3,0.55,0.7,-1,0.15,0.272727272727273
"p310",3,3,0.4,0.3,0,-0.1,-0.25
"p310",3,3,0.55,0.65,0,0.1,0.181818181818182
"p310",5,5,0.4,0.4,0,0,0
"p310",5,4,0.4,0.4,-1,-5.55111512312578e-17,-1.38777878078145e-16
"p310",4,3,0.25,0.15,-1,-0.0999999999999999,-0.4
"p310",5,4,0.55,0.5,-1,-0.05,-0.090909090909091
"p310",5,3,0.4,0.35,-2,-0.05,-0.125
"p310",4,3,0.25,0.3,-1,0.05,0.2
"p310",3,3,0.55,0.35,0,-0.2,-0.363636363636364
"p310",5,4,0.25,0.2,-1,-0.0499999999999999,-0.2
"p310",3,3,0.55,0.5,0,-0.0500000000000001,-0.0909090909090911
"p310",5,4,0.25,0.3,-1,0.05,0.2
"p310",4,4,0.4,0.3,0,-0.1,-0.25
"p310",5,4,0.55,0.75,-1,0.2,0.363636363636364
"p310",5,5,0.55,0.65,0,0.1,0.181818181818182
"p310",5,5,0.25,0.3,0,0.05,0.2
"p310",4,4,0.25,0.2,0,-0.05,-0.2
"p310",3,3,0.25,0.15,0,-0.0999999999999999,-0.4
"p310",3,2,0.55,0.6,-1,0.0499999999999999,0.0909090909090908
"p310",3,2,0.25,0.3,-1,0.05,0.2
"p310",4,3,0.25,0.35,-1,0.1,0.4
"p310",4,2,0.55,1,-2,0.45,0.818181818181818
"p310",5,3,0.4,0.6,-2,0.2,0.5
"p310",3,3,0.55,0.7,0,0.15,0.272727272727273
"p310",3,2,0.25,0.3,-1,0.05,0.2
"p310",5,4,0.25,0.35,-1,0.1,0.4
"p310",3,3,0.25,0.25,0,5.55111512312578e-17,2.22044604925031e-16
"p310",3,3,0.55,0.65,0,0.1,0.181818181818182
"p310",4,3,0.55,0.6,-1,0.0499999999999999,0.0909090909090908
"p310",3,2,0.55,0.55,-1,-1.11022302462516e-16,-2.01858731750028e-16
"p310",3,2,0.4,0.45,-1,0.05,0.125
"p310",4,3,0.55,0.55,-1,0,0
"p310",3,2,0.55,0.6,-1,0.0499999999999999,0.0909090909090908
"p310",4,3,0.55,0.6,-1,0.05,0.090909090909091
"p310",3,2,0.4,0.6,-1,0.2,0.5
"p310",3,3,0.55,0.55,0,0,0
"p310",5,4,0.4,0.5,-1,0.0999999999999999,0.25
"p310",4,4,0.4,0.45,0,0.0499999999999999,0.125
"p310",5,4,0.55,0.55,-1,0,0
"p310",5,4,0.25,0.25,-1,0,0
"p310",5,4,0.4,0.5,-1,0.0999999999999999,0.25
"p310",4,4,0.4,0.25,0,-0.15,-0.375
"p310",5,5,0.55,0.5,0,-0.05,-0.090909090909091
"p310",3,3,0.4,0.4,0,-5.55111512312578e-17,-1.38777878078145e-16
"p310",3,3,0.25,0.2,0,-0.0499999999999999,-0.2
"p310",3,3,0.4,0.3,0,-0.1,-0.25
"p310",3,3,0.25,0.15,0,-0.0999999999999999,-0.4
"p310",3,3,0.25,0.15,0,-0.0999999999999999,-0.4
"p310",5,4,0.4,0.45,-1,0.05,0.125
"p310",4,3,0.25,0.35,-1,0.1,0.4
"p310",4,3,0.25,0.35,-1,0.1,0.4
"p310",4,4,0.25,0.25,0,5.55111512312578e-17,2.22044604925031e-16
"p310",5,4,0.25,0.3,-1,0.05,0.2
"p310",5,5,0.25,0.2,0,-0.0499999999999999,-0.2
"p310",4,4,0.4,0.35,0,-0.05,-0.125
"p310",3,3,0.25,0.4,0,0.15,0.6
"p310",3,3,0.25,0.25,0,5.55111512312578e-17,2.22044604925031e-16
"p310",4,3,0.4,0.4,-1,0,0
"p310",5,4,0.25,0.3,-1,0.05,0.2
"p310",4,3,0.25,0.3,-1,0.05,0.2
"p310",5,4,0.4,0.4,-1,-5.55111512312578e-17,-1.38777878078145e-16
"p310",5,5,0.25,0.25,0,5.55111512312578e-17,2.22044604925031e-16
"p310",5,4,0.55,0.5,-1,-0.0500000000000001,-0.0909090909090911
"p310",4,4,0.25,0.4,0,0.15,0.6
"p310",4,4,0.25,0.4,0,0.15,0.6
"p310",4,4,0.55,0.6,0,0.05,0.090909090909091
"p310",4,4,0.4,0.4,0,-5.55111512312578e-17,-1.38777878078145e-16
"p310",3,3,0.4,0.4,0,0,0
"p310",5,5,0.55,0.65,0,0.1,0.181818181818182
"p310",3,2,0.55,0.55,-1,0,0
"p310",5,5,0.55,0.7,0,0.15,0.272727272727273
"p310",5,4,0.25,0.4,-1,0.15,0.6
"p311",5,5,0.55,0.35,0,-0.2,-0.363636363636364
"p311",4,4,0.4,0.35,0,-0.05,-0.125
"p311",3,3,0.25,0.25,0,0,0
"p311",3,4,0.55,0.35,1,-0.2,-0.363636363636364
"p311",5,5,0.4,0.45,0,0.05,0.125
"p311",5,6,0.25,0.4,1,0.15,0.6
"p311",5,6,0.25,0.3,1,0.05,0.2
"p311",5,5,0.25,0.3,0,0.05,0.2
"p311",4,4,0.4,0.35,0,-0.05,-0.125
"p311",3,3,0.4,0.45,0,0.05,0.125
"p311",4,5,0.25,0.25,1,0,0
"p311",4,4,0.55,0.4,0,-0.15,-0.272727272727273
"p311",4,4,0.4,0.45,0,0.05,0.125
"p311",4,5,0.25,0.3,1,0.05,0.2
"p311",3,4,0.25,0.2,1,-0.05,-0.2
"p311",3,3,0.55,0.5,0,-0.05,-0.090909090909091
"p311",3,3,0.55,0.4,0,-0.15,-0.272727272727273
"p311",5,6,0.4,0.35,1,-0.05,-0.125
"p311",3,3,0.4,0.4,0,0,0
"p311",3,4,0.55,0.45,1,-0.1,-0.181818181818182
"p311",5,6,0.55,0.45,1,-0.1,-0.181818181818182
"p311",5,7,0.4,0.35,2,-0.05,-0.125
"p311",4,4,0.55,0.4,0,-0.15,-0.272727272727273
"p311",3,4,0.25,0.2,1,-0.0499999999999999,-0.2
"p311",5,6,0.25,0.2,1,-0.0499999999999999,-0.2
"p311",4,4,0.25,0.25,0,5.55111512312578e-17,2.22044604925031e-16
"p311",5,5,0.25,0.25,0,0,0
"p311",3,4,0.25,0.25,1,0,0
"p311",4,4,0.55,0.4,0,-0.15,-0.272727272727273
"p311",5,6,0.4,0.3,1,-0.1,-0.25
"p311",5,6,0.55,0.4,1,-0.15,-0.272727272727273
"p311",4,5,0.25,0.25,1,0,0
"p311",4,4,0.25,0.25,0,0,0
"p311",3,3,0.25,0.2,0,-0.05,-0.2
"p311",4,5,0.4,0.3,1,-0.1,-0.25
"p311",4,3,0.55,0.5,-1,-0.05,-0.090909090909091
"p311",3,2,0.4,0.45,-1,0.05,0.125
"p311",4,4,0.25,0.35,0,0.1,0.4
"p311",3,2,0.55,0.5,-1,-0.05,-0.090909090909091
"p311",4,4,0.4,0.35,0,-0.05,-0.125
"p311",5,6,0.55,0.5,1,-0.05,-0.090909090909091
"p311",5,6,0.4,0.35,1,-0.05,-0.125
"p311",3,3,0.25,0.3,0,0.05,0.2
"p311",3,3,0.4,0.3,0,-0.1,-0.25
"p311",3,3,0.25,0.35,0,0.1,0.4
"p311",4,4,0.55,0.4,0,-0.15,-0.272727272727273
"p311",3,4,0.55,0.35,1,-0.2,-0.363636363636364
"p311",3,3,0.4,0.35,0,-0.05,-0.125
"p311",5,5,0.25,0.15,0,-0.0999999999999999,-0.4
"p311",5,6,0.25,0.1,1,-0.15,-0.6
"p311",5,5,0.55,0.4,0,-0.15,-0.272727272727273
"p311",4,5,0.25,0.2,1,-0.05,-0.2
"p311",5,5,0.55,0.5,0,-0.05,-0.090909090909091
"p311",5,6,0.25,0.25,1,0,0
"p311",4,4,0.25,0.2,0,-0.05,-0.2
"p311",5,7,0.25,0.2,2,-0.05,-0.2
"p311",5,5,0.4,0.35,0,-0.05,-0.125
"p311",3,3,0.25,0.25,0,5.55111512312578e-17,2.22044604925031e-16
"p311",4,4,0.25,0.25,0,0,0
"p311",4,4,0.4,0.25,0,-0.15,-0.375
"p311",3,4,0.55,0.3,1,-0.25,-0.454545454545455
"p311",4,5,0.55,0.35,1,-0.2,-0.363636363636364
"p311",5,7,0.4,0.35,2,-0.05,-0.125
"p311",5,5,0.4,0.3,0,-0.1,-0.25
"p311",3,3,0.25,0.2,0,-0.05,-0.2
"p311",5,7,0.55,0.4,2,-0.15,-0.272727272727273
"p311",3,3,0.25,0.25,0,0,0
"p311",3,3,0.55,0.35,0,-0.2,-0.363636363636364
"p311",4,4,0.4,0.35,0,-0.05,-0.125
"p311",4,5,0.25,0.25,1,0,0
"p311",5,6,0.4,0.3,1,-0.1,-0.25
"p311",3,3,0.4,0.35,0,-0.05,-0.125
"p311",3,3,0.4,0.35,0,-0.05,-0.125
"p311",3,3,0.55,0.45,0,-0.1,-0.181818181818182
"p311",4,4,0.25,0.25,0,5.55111512312578e-17,2.22044604925031e-16
"p311",3,2,0.55,0.45,-1,-0.1,-0.181818181818182
"p311",5,5,0.25,0.2,0,-0.05,-0.2
"p311",5,6,0.25,0.2,1,-0.05,-0.2
"p311",3,4,0.25,0.2,1,-0.0499999999999999,-0.2
"p311",4,4,0.4,0.3,0,-0.1,-0.25
"p311",4,5,0.25,0.25,1,0,0
"p311",3,4,0.4,0.3,1,-0.1,-0.25
"p311",3,3,0.4,0.35,0,-0.05,-0.125
"p311",4,4,0.4,0.4,0,-5.55111512312578e-17,-1.38777878078145e-16
"p311",4,5,0.55,0.4,1,-0.15,-0.272727272727273
"p311",4,3,0.55,0.55,-1,-1.11022302462516e-16,-2.01858731750028e-16
"p311",4,4,0.55,0.55,0,0,0
"p311",5,5,0.25,0.25,0,5.55111512312578e-17,2.22044604925031e-16
"p311",5,5,0.55,0.45,0,-0.1,-0.181818181818182
"p311",5,6,0.25,0.25,1,5.55111512312578e-17,2.22044604925031e-16
"p311",3,5,0.55,0.3,2,-0.25,-0.454545454545455
"p311",3,3,0.25,0.2,0,-0.05,-0.2
"p311",3,2,0.4,0.3,-1,-0.1,-0.25
"p311",5,5,0.25,0.25,0,5.55111512312578e-17,2.22044604925031e-16
"p311",5,5,0.55,0.4,0,-0.15,-0.272727272727273
"p311",5,6,0.55,0.55,1,0,0
"p311",4,4,0.25,0.3,0,0.05,0.2
"p311",3,4,0.25,0.25,1,5.55111512312578e-17,2.22044604925031e-16
"p311",3,3,0.55,0.45,0,-0.1,-0.181818181818182
"p311",4,3,0.25,0.2,-1,-0.0499999999999999,-0.2
"p311",4,5,0.4,0.25,1,-0.15,-0.375
"p311",3,3,0.25,0.2,0,-0.0499999999999999,-0.2
"p311",4,3,0.55,0.5,-1,-0.05,-0.090909090909091
"p311",5,7,0.4,0.4,2,-5.55111512312578e-17,-1.38777878078145e-16
"p311",3,3,0.25,0.25,0,0,0
"p311",3,3,0.55,0.45,0,-0.1,-0.181818181818182
"p311",3,3,0.55,0.4,0,-0.15,-0.272727272727273
"p311",5,5,0.4,0.35,0,-0.05,-0.125
"p311",5,4,0.55,0.5,-1,-0.05,-0.090909090909091
"p311",4,5,0.25,0.25,1,0,0
"p311",4,5,0.4,0.3,1,-0.1,-0.25
"p311",5,6,0.25,0.2,1,-0.05,-0.2
"p311",5,5,0.25,0.2,0,-0.0499999999999999,-0.2
"p311",5,5,0.55,0.4,0,-0.15,-0.272727272727273
"p311",4,5,0.55,0.45,1,-0.1,-0.181818181818182
"p311",3,3,0.4,0.4,0,0,0
"p311",3,3,0.25,0.3,0,0.05,0.2
"p311",4,4,0.55,0.6,0,0.05,0.090909090909091
"p311",3,3,0.4,0.4,0,-5.55111512312578e-17,-1.38777878078145e-16
"p311",5,6,0.25,0.45,1,0.2,0.8
"p311",4,4,0.4,0.45,0,0.05,0.125
"p311",5,7,0.25,0.25,2,0,0
"p311",3,4,0.4,0.35,1,-0.05,-0.125
"p311",3,3,0.4,0.35,0,-0.05,-0.125
"p311",4,4,0.55,0.4,0,-0.15,-0.272727272727273
"p311",4,4,0.4,0.4,0,-5.55111512312578e-17,-1.38777878078145e-16
"p311",5,5,0.25,0.25,0,0,0
"p311",5,5,0.55,0.4,0,-0.15,-0.272727272727273
"p311",3,4,0.25,0.3,1,0.05,0.2
"p311",4,5,0.25,0.25,1,5.55111512312578e-17,2.22044604925031e-16
"p311",3,3,0.25,0.2,0,-0.0499999999999999,-0.2
"p311",4,4,0.25,0.25,0,5.55111512312578e-17,2.22044604925031e-16
"p311",4,4,0.4,0.35,0,-0.05,-0.125
"p311",3,3,0.55,0.35,0,-0.2,-0.363636363636364
"p311",5,5,0.4,0.25,0,-0.15,-0.375
"p311",5,6,0.25,0.2,1,-0.0499999999999999,-0.2
"p311",3,2,0.25,0.15,-1,-0.1,-0.4
"p311",5,6,0.4,0.3,1,-0.1,-0.25
"p311",3,3,0.55,0.45,0,-0.1,-0.181818181818182
"p311",4,4,0.55,0.35,0,-0.2,-0.363636363636364
"p311",3,4,0.55,0.4,1,-0.15,-0.272727272727273
"p311",3,2,0.25,0.3,-1,0.05,0.2
"p311",4,4,0.25,0.2,0,-0.0499999999999999,-0.2
"p311",5,7,0.25,0.25,2,0,0
"p311",4,5,0.25,0.25,1,0,0
"p311",5,5,0.55,0.35,0,-0.2,-0.363636363636364
"p311",3,3,0.55,0.5,0,-0.05,-0.090909090909091
"p311",4,5,0.25,0.2,1,-0.0499999999999999,-0.2
"p311",5,7,0.55,0.3,2,-0.25,-0.454545454545455
"p311",3,3,0.4,0.35,0,-0.05,-0.125
"p311",4,4,0.25,0.25,0,5.55111512312578e-17,2.22044604925031e-16
"p311",5,6,0.4,0.35,1,-0.05,-0.125
"p311",4,4,0.55,0.4,0,-0.15,-0.272727272727273
"p311",3,4,0.25,0.2,1,-0.0499999999999999,-0.2
"p311",5,8,0.4,0.25,3,-0.15,-0.375
"p311",4,6,0.4,0.35,2,-0.05,-0.125
"p311",5,5,0.55,0.45,0,-0.1,-0.181818181818182
"p311",5,5,0.4,0.35,0,-0.05,-0.125
"p311",5,6,0.25,0.2,1,-0.05,-0.2
"p311",4,4,0.25,0.3,0,0.05,0.2
"p311",3,3,0.25,0.25,0,5.55111512312578e-17,2.22044604925031e-16
"p311",3,3,0.25,0.2,0,-0.0499999999999999,-0.2
"p311",4,4,0.25,0.2,0,-0.0499999999999999,-0.2
"p311",4,3,0.55,0.25,-1,-0.3,-0.545454545454546
"p311",3,3,0.25,0.25,0,0,0
"p311",3,3,0.4,0.35,0,-0.05,-0.125
"p311",3,3,0.25,0.25,0,5.55111512312578e-17,2.22044604925031e-16
"p311",3,3,0.25,0.3,0,0.05,0.2
"p311",4,4,0.4,0.35,0,-0.05,-0.125
"p311",5,5,0.4,0.45,0,0.0499999999999999,0.125
"p311",4,5,0.55,0.45,1,-0.1,-0.181818181818182
"p311",5,5,0.4,0.4,0,0,0
"p311",3,3,0.55,0.45,0,-0.1,-0.181818181818182
"p311",5,5,0.55,0.45,0,-0.1,-0.181818181818182
"p311",5,6,0.55,0.5,1,-0.05,-0.090909090909091
"p311",4,5,0.25,0.25,1,5.55111512312578e-17,2.22044604925031e-16
"p311",4,5,0.25,0.2,1,-0.0499999999999999,-0.2
"p311",3,3,0.25,0.2,0,-0.05,-0.2
"p311",4,4,0.25,0.2,0,-0.0499999999999999,-0.2
"p311",4,5,0.4,0.35,1,-0.05,-0.125
"p311",4,4,0.4,0.4,0,-5.55111512312578e-17,-1.38777878078145e-16
"p311",4,6,0.55,0.4,2,-0.15,-0.272727272727273
"p311",3,3,0.4,0.35,0,-0.05,-0.125
"p311",3,3,0.25,0.25,0,0,0
"p311",4,4,0.25,0.2,0,-0.05,-0.2
"p311",3,3,0.55,0.35,0,-0.2,-0.363636363636364
"p311",5,6,0.25,0.2,1,-0.0499999999999999,-0.2
"p311",5,7,0.4,0.35,2,-0.05,-0.125
"p311",5,7,0.25,0.3,2,0.05,0.2
"p311",3,4,0.55,0.45,1,-0.1,-0.181818181818182
"p311",3,3,0.55,0.4,0,-0.15,-0.272727272727273
"p311",4,3,0.55,0.55,-1,0,0
"p311",5,6,0.25,0.25,1,0,0
"p311",4,3,0.55,0.6,-1,0.05,0.090909090909091
"p311",5,5,0.25,0.25,0,0,0
"p311",3,2,0.55,0.5,-1,-0.05,-0.090909090909091
"p311",5,6,0.4,0.5,1,0.1,0.25
"p311",3,4,0.55,0.5,1,-0.05,-0.090909090909091
"p311",4,7,0.4,0.25,3,-0.15,-0.375
"p311",5,5,0.25,0.3,0,0.05,0.2
"p311",3,3,0.4,0.3,0,-0.1,-0.25
"p311",3,4,0.4,0.3,1,-0.1,-0.25
"p311",3,3,0.4,0.4,0,0,0
"p311",4,4,0.25,0.25,0,5.55111512312578e-17,2.22044604925031e-16
"p311",5,4,0.25,0.25,-1,0,0
"p311",4,3,0.4,0.4,-1,-5.55111512312578e-17,-1.38777878078145e-16
"p311",5,6,0.55,0.5,1,-0.05,-0.090909090909091
"p311",5,4,0.55,0.6,-1,0.05,0.090909090909091
"p311",5,5,0.25,0.2,0,-0.0499999999999999,-0.2
"p311",5,5,0.4,0.35,0,-0.05,-0.125
"p311",3,3,0.55,0.45,0,-0.1,-0.181818181818182
"p311",5,6,0.4,0.4,1,-5.55111512312578e-17,-1.38777878078145e-16
"p311",5,5,0.55,0.4,0,-0.15,-0.272727272727273
"p311",4,5,0.25,0.25,1,5.55111512312578e-17,2.22044604925031e-16
"p311",3,3,0.25,0.25,0,5.55111512312578e-17,2.22044604925031e-16
"p311",5,5,0.4,0.2,0,-0.2,-0.5
"p311",3,3,0.55,0.35,0,-0.2,-0.363636363636364
"p311",5,5,0.55,0.5,0,-0.05,-0.090909090909091
"p311",4,5,0.55,0.45,1,-0.1,-0.181818181818182
"p311",4,5,0.25,0.2,1,-0.0499999999999999,-0.2
"p311",3,3,0.25,0.25,0,5.55111512312578e-17,2.22044604925031e-16
"p311",5,6,0.4,0.3,1,-0.1,-0.25
"p311",4,6,0.55,0.45,2,-0.1,-0.181818181818182
"p311",5,6,0.55,0.5,1,-0.0500000000000001,-0.0909090909090911
"p311",4,5,0.4,0.3,1,-0.1,-0.25
"p311",3,3,0.55,0.45,0,-0.1,-0.181818181818182
"p311",4,4,0.25,0.3,0,0.05,0.2
"p311",3,3,0.4,0.3,0,-0.1,-0.25
"p311",4,5,0.4,0.35,1,-0.05,-0.125
"p311",4,5,0.25,0.25,1,5.55111512312578e-17,2.22044604925031e-16
"p311",3,3,0.55,0.55,0,-1.11022302462516e-16,-2.01858731750028e-16
"p311",5,6,0.4,0.4,1,0,0
"p311",3,3,0.25,0.2,0,-0.05,-0.2
"p311",5,4,0.25,0.2,-1,-0.0499999999999999,-0.2
"p311",4,4,0.4,0.35,0,-0.05,-0.125
"p311",3,2,0.55,0.5,-1,-0.05,-0.090909090909091
"p311",3,3,0.55,0.5,0,-0.0500000000000001,-0.0909090909090911
"p311",5,8,0.25,0.25,3,5.55111512312578e-17,2.22044604925031e-16
"p311",4,3,0.55,0.25,-1,-0.3,-0.545454545454546
"p311",3,3,0.4,0.4,0,0,0
"p311",4,3,0.55,0.55,-1,-1.11022302462516e-16,-2.01858731750028e-16
"p311",5,5,0.25,0.35,0,0.1,0.4
"p311",3,3,0.25,0.2,0,-0.0499999999999999,-0.2
"p311",4,4,0.25,0.25,0,0,0
"p311",3,3,0.25,0.2,0,-0.0499999999999999,-0.2
"p311",3,4,0.25,0.2,1,-0.05,-0.2
"p311",3,3,0.4,0.25,0,-0.15,-0.375
"p311",4,4,0.4,0.35,0,-0.05,-0.125
"p311",4,4,0.25,0.3,0,0.05,0.2
"p311",3,3,0.4,0.4,0,-5.55111512312578e-17,-1.38777878078145e-16
"p311",3,3,0.4,0.4,0,-5.55111512312578e-17,-1.38777878078145e-16
"p311",4,4,0.4,0.4,0,-5.55111512312578e-17,-1.38777878078145e-16
"p311",3,3,0.25,0.3,0,0.05,0.2
"p311",5,7,0.25,0.3,2,0.05,0.2
"p311",5,7,0.25,0.3,2,0.05,0.2
"p311",4,3,0.55,0.55,-1,0,0
"p311",5,4,0.25,0.4,-1,0.15,0.6
"p311",5,6,0.55,0.45,1,-0.1,-0.181818181818182
"p311",4,6,0.25,0.35,2,0.1,0.4
"p311",5,5,0.55,0.4,0,-0.15,-0.272727272727273
"p311",5,4,0.55,0.5,-1,-0.05,-0.090909090909091
"p311",3,3,0.25,0.3,0,0.05,0.2
"p311",4,4,0.25,0.35,0,0.1,0.4
"p311",3,3,0.25,0.25,0,5.55111512312578e-17,2.22044604925031e-16
"p311",4,5,0.55,0.6,1,0.05,0.090909090909091
"p311",4,5,0.4,0.35,1,-0.05,-0.125
"p311",4,4,0.4,0.45,0,0.05,0.125
"p311",3,3,0.55,0.5,0,-0.05,-0.090909090909091
"p311",3,3,0.25,0.35,0,0.1,0.4
"p311",5,6,0.25,0.3,1,0.05,0.2
"p311",4,4,0.25,0.25,0,0,0
"p311",3,3,0.25,0.2,0,-0.05,-0.2
"p311",3,3,0.55,0.4,0,-0.15,-0.272727272727273
"p311",5,4,0.55,0.45,-1,-0.1,-0.181818181818182
"p311",5,4,0.55,0.5,-1,-0.05,-0.090909090909091
"p311",4,5,0.55,0.5,1,-0.05,-0.090909090909091
"p311",3,3,0.55,0.45,0,-0.1,-0.181818181818182
"p311",5,6,0.25,0.25,1,5.55111512312578e-17,2.22044604925031e-16
"p311",3,4,0.4,0.3,1,-0.1,-0.25
"p311",5,5,0.25,0.3,0,0.05,0.2
"p311",3,2,0.55,0.45,-1,-0.1,-0.181818181818182
"p311",5,6,0.4,0.4,1,0,0
"p311",5,5,0.4,0.4,0,-5.55111512312578e-17,-1.38777878078145e-16
"p311",4,3,0.25,0.25,-1,0,0
"p311",3,3,0.4,0.4,0,0,0
"p311",4,3,0.55,0.45,-1,-0.1,-0.181818181818182
"p311",3,2,0.55,0.45,-1,-0.1,-0.181818181818182
"p311",3,3,0.25,0.25,0,0,0
"p311",5,6,0.25,0.3,1,0.05,0.2
"p311",4,2,0.4,0.35,-2,-0.05,-0.125
"p311",5,6,0.55,0.4,1,-0.15,-0.272727272727273
"p311",3,4,0.4,0.35,1,-0.05,-0.125
"p311",4,6,0.25,0.35,2,0.1,0.4
"p311",5,4,0.25,0.25,-1,0,0
"p311",4,5,0.4,0.4,1,0,0
"p311",5,7,0.4,0.35,2,-0.05,-0.125
"p311",5,5,0.55,0.3,0,-0.25,-0.454545454545455
"p311",5,5,0.25,0.45,0,0.2,0.8
"p311",4,3,0.55,0.6,-1,0.0499999999999999,0.0909090909090908
"p311",4,3,0.25,0.3,-1,0.05,0.2
"p311",4,4,0.25,0.4,0,0.15,0.6
"p311",3,2,0.25,0.3,-1,0.05,0.2
"p311",4,4,0.4,0.3,0,-0.1,-0.25
"p311",3,3,0.4,0.4,0,-5.55111512312578e-17,-1.38777878078145e-16
"p311",3,3,0.4,0.45,0,0.05,0.125
"p311",3,3,0.55,0.5,0,-0.05,-0.090909090909091
"p311",5,7,0.4,0.4,2,-5.55111512312578e-17,-1.38777878078145e-16
"p311",4,5,0.25,0.3,1,0.05,0.2
"p311",5,5,0.4,0.35,0,-0.05,-0.125
"p311",5,7,0.25,0.3,2,0.05,0.2
"p311",3,5,0.25,0.25,2,5.55111512312578e-17,2.22044604925031e-16
"p311",4,4,0.55,0.55,0,-1.11022302462516e-16,-2.01858731750028e-16
"p311",4,4,0.25,0.25,0,5.55111512312578e-17,2.22044604925031e-16
"p311",5,6,0.4,0.3,1,-0.1,-0.25
"p311",4,4,0.25,0.25,0,0,0
"p311",5,7,0.4,0.3,2,-0.1,-0.25
"p311",5,5,0.4,0.35,0,-0.05,-0.125
"p311",5,5,0.55,0.55,0,0,0
"p311",4,3,0.4,0.4,-1,-5.55111512312578e-17,-1.38777878078145e-16
"p311",5,5,0.55,0.5,0,-0.0500000000000001,-0.0909090909090911
"p311",5,4,0.55,0.35,-1,-0.2,-0.363636363636364
"p311",5,6,0.25,0.25,1,0,0
"p311",4,4,0.55,0.5,0,-0.0500000000000001,-0.0909090909090911
"p311",4,4,0.55,0.5,0,-0.05,-0.090909090909091
"p311",4,4,0.25,0.3,0,0.05,0.2
"p311",5,6,0.25,0.2,1,-0.05,-0.2
"p311",3,3,0.25,0.2,0,-0.0499999999999999,-0.2
"p311",5,5,0.55,0.5,0,-0.05,-0.090909090909091
"p311",3,2,0.4,0.4,-1,0,0
"p311",5,5,0.4,0.35,0,-0.05,-0.125
"p311",4,3,0.55,0.45,-1,-0.1,-0.181818181818182
"p311",3,3,0.4,0.4,0,0,0
"p311",3,2,0.55,0.5,-1,-0.05,-0.090909090909091
"p311",5,5,0.4,0.4,0,-5.55111512312578e-17,-1.38777878078145e-16
"p311",3,3,0.25,0.2,0,-0.05,-0.2
"p311",3,2,0.4,0.3,-1,-0.1,-0.25
"p311",5,7,0.25,0.2,2,-0.05,-0.2
"p311",5,4,0.25,0.2,-1,-0.0499999999999999,-0.2
"p311",4,5,0.4,0.35,1,-0.05,-0.125
"p311",3,4,0.25,0.2,1,-0.0499999999999999,-0.2
"p311",4,5,0.55,0.45,1,-0.1,-0.181818181818182
"p311",4,4,0.25,0.25,0,5.55111512312578e-17,2.22044604925031e-16
"p311",5,7,0.25,0.35,2,0.1,0.4
"p311",5,8,0.55,0.4,3,-0.15,-0.272727272727273
"p311",4,4,0.25,0.3,0,0.05,0.2
"p311",3,4,0.25,0.2,1,-0.05,-0.2
"p311",4,6,0.4,0.3,2,-0.1,-0.25
"p311",3,3,0.55,0.4,0,-0.15,-0.272727272727273
"p311",4,4,0.4,0.35,0,-0.05,-0.125
"p311",4,3,0.55,0.55,-1,0,0
"p311",3,4,0.55,0.4,1,-0.15,-0.272727272727273
"p311",5,6,0.25,0.2,1,-0.0499999999999999,-0.2
"p311",3,3,0.4,0.35,0,-0.05,-0.125
"p311",3,3,0.55,0.55,0,0,0
"p311",3,3,0.4,0.3,0,-0.1,-0.25
"p311",3,3,0.25,0.25,0,5.55111512312578e-17,2.22044604925031e-16
"p311",4,4,0.25,0.2,0,-0.05,-0.2
"p311",3,4,0.25,0.3,1,0.05,0.2
"p311",3,3,0.55,0.4,0,-0.15,-0.272727272727273
"p311",4,4,0.25,0.25,0,0,0
"p311",5,6,0.25,0.25,1,5.55111512312578e-17,2.22044604925031e-16
"p311",3,3,0.55,0.45,0,-0.1,-0.181818181818182
"p311",3,3,0.25,0.35,0,0.1,0.4
"p311",4,4,0.4,0.45,0,0.05,0.125
"p311",3,3,0.25,0.25,0,0,0
"p311",3,3,0.25,0.25,0,0,0
"p311",5,8,0.4,0.3,3,-0.1,-0.25
"p311",3,2,0.25,0.2,-1,-0.0499999999999999,-0.2
"p311",4,3,0.25,0.25,-1,0,0
"p311",3,3,0.4,0.3,0,-0.1,-0.25
"p311",3,2,0.4,0.35,-1,-0.05,-0.125
"p311",3,3,0.55,0.45,0,-0.1,-0.181818181818182
"p311",5,4,0.55,0.5,-1,-0.05,-0.090909090909091
"p311",3,2,0.55,0.45,-1,-0.1,-0.181818181818182
"p311",5,5,0.25,0.25,0,5.55111512312578e-17,2.22044604925031e-16
"p311",5,5,0.25,0.3,0,0.05,0.2
"p311",5,6,0.25,0.2,1,-0.05,-0.2
"p311",4,7,0.4,0.3,3,-0.1,-0.25
"p311",4,5,0.55,0.3,1,-0.25,-0.454545454545455
"p311",4,4,0.25,0.35,0,0.1,0.4
"p311",4,5,0.25,0.2,1,-0.05,-0.2
"p311",3,3,0.25,0.25,0,5.55111512312578e-17,2.22044604925031e-16
"p311",4,3,0.55,0.5,-1,-0.0500000000000001,-0.0909090909090911
"p311",5,7,0.25,0.2,2,-0.0499999999999999,-0.2
"p311",5,7,0.4,0.35,2,-0.05,-0.125
"p311",5,7,0.55,0.4,2,-0.15,-0.272727272727273
"p311",5,5,0.55,0.4,0,-0.15,-0.272727272727273
"p311",5,7,0.4,0.35,2,-0.05,-0.125
"p311",4,5,0.4,0.4,1,0,0
"p311",3,2,0.55,0.45,-1,-0.1,-0.181818181818182
"p311",5,7,0.25,0.3,2,0.05,0.2
"p311",3,4,0.25,0.2,1,-0.0499999999999999,-0.2
"p311",5,8,0.4,0.25,3,-0.15,-0.375
"p311",4,5,0.55,0.45,1,-0.1,-0.181818181818182
"p311",4,5,0.4,0.4,1,0,0
"p311",5,5,0.25,0.35,0,0.1,0.4
"p311",4,4,0.25,0.25,0,0,0
"p311",4,4,0.4,0.35,0,-0.05,-0.125
"p311",3,3,0.25,0.25,0,0,0
"p311",5,6,0.55,0.45,1,-0.1,-0.181818181818182
"p311",3,2,0.25,0.25,-1,0,0
"p311",4,3,0.55,0.55,-1,0,0
"p311",3,3,0.55,0.4,0,-0.15,-0.272727272727273
"p311",3,2,0.4,0.4,-1,0,0
"p311",5,7,0.25,0.2,2,-0.0499999999999999,-0.2
"p311",4,3,0.55,0.6,-1,0.0499999999999999,0.0909090909090908
"p311",4,3,0.4,0.4,-1,-5.55111512312578e-17,-1.38777878078145e-16
"p311",4,5,0.25,0.3,1,0.05,0.2
"p311",4,5,0.25,0.25,1,0,0
"p311",3,3,0.55,0.35,0,-0.2,-0.363636363636364
"p311",3,3,0.4,0.35,0,-0.05,-0.125
"p311",3,3,0.4,0.35,0,-0.05,-0.125
"p311",4,4,0.25,0.25,0,0,0
"p311",3,6,0.55,0.3,3,-0.25,-0.454545454545455
"p311",5,5,0.55,0.4,0,-0.15,-0.272727272727273
"p311",5,6,0.4,0.5,1,0.1,0.25
"p311",3,3,0.25,0.35,0,0.1,0.4
"p311",3,2,0.25,0.35,-1,0.1,0.4
"p311",4,5,0.55,0.45,1,-0.1,-0.181818181818182
"p311",5,7,0.25,0.25,2,5.55111512312578e-17,2.22044604925031e-16
"p311",5,8,0.25,0.3,3,0.05,0.2
"p311",4,3,0.55,0.6,-1,0.0499999999999999,0.0909090909090908
"p311",3,2,0.55,0.6,-1,0.05,0.090909090909091
"p311",4,4,0.55,0.55,0,0,0
"p311",4,6,0.25,0.3,2,0.05,0.2
"p311",3,2,0.25,0.2,-1,-0.0499999999999999,-0.2
"p311",4,7,0.25,0.25,3,0,0
"p311",5,7,0.4,0.35,2,-0.05,-0.125
"p311",5,5,0.4,0.4,0,-5.55111512312578e-17,-1.38777878078145e-16
"p311",5,5,0.25,0.4,0,0.15,0.6
"p311",3,2,0.4,0.5,-1,0.1,0.25
"p311",3,2,0.25,0.2,-1,-0.0499999999999999,-0.2
"p311",4,5,0.4,0.35,1,-0.05,-0.125
"p311",5,6,0.55,0.45,1,-0.1,-0.181818181818182
"p311",5,7,0.55,0.45,2,-0.1,-0.181818181818182
"p311",5,5,0.55,0.5,0,-0.05,-0.090909090909091
"p311",4,4,0.25,0.25,0,0,0
"p311",4,4,0.25,0.2,0,-0.0499999999999999,-0.2
"p311",4,4,0.55,0.45,0,-0.1,-0.181818181818182
"p311",3,3,0.55,0.6,0,0.05,0.090909090909091
"p311",5,7,0.25,0.25,2,0,0
"p311",4,5,0.4,0.25,1,-0.15,-0.375
"p311",5,7,0.4,0.35,2,-0.05,-0.125
"p311",3,3,0.4,0.4,0,-5.55111512312578e-17,-1.38777878078145e-16
"p311",3,3,0.55,0.45,0,-0.1,-0.181818181818182
"p311",3,3,0.25,0.35,0,0.1,0.4
"p311",4,6,0.4,0.25,2,-0.15,-0.375
"p311",5,4,0.55,0.5,-1,-0.05,-0.090909090909091
"p311",3,3,0.4,0.45,0,0.05,0.125
"p311",3,2,0.55,0.45,-1,-0.1,-0.181818181818182
"p311",3,3,0.4,0.35,0,-0.05,-0.125
"p311",5,6,0.4,0.4,1,-5.55111512312578e-17,-1.38777878078145e-16
"p311",5,7,0.4,0.4,2,-5.55111512312578e-17,-1.38777878078145e-16
"p311",5,6,0.55,0.5,1,-0.05,-0.090909090909091
"p311",3,3,0.25,0.2,0,-0.0499999999999999,-0.2
"p311",5,8,0.25,0.25,3,5.55111512312578e-17,2.22044604925031e-16
"p311",5,5,0.25,0.25,0,5.55111512312578e-17,2.22044604925031e-16
"p311",3,3,0.55,0.55,0,-1.11022302462516e-16,-2.01858731750028e-16
"p311",3,4,0.55,0.45,1,-0.1,-0.181818181818182
"p311",5,8,0.25,0.2,3,-0.05,-0.2
"p311",3,3,0.25,0.15,0,-0.1,-0.4
"p311",4,3,0.25,0.15,-1,-0.0999999999999999,-0.4
"p311",4,3,0.4,0.4,-1,-5.55111512312578e-17,-1.38777878078145e-16
"p311",4,3,0.25,0.4,-1,0.15,0.6
"p311",4,4,0.55,0.5,0,-0.05,-0.090909090909091
"p311",3,3,0.4,0.5,0,0.1,0.25
"p311",4,3,0.4,0.4,-1,0,0
"p311",4,4,0.25,0.25,0,5.55111512312578e-17,2.22044604925031e-16
"p311",3,3,0.25,0.2,0,-0.05,-0.2
"p311",4,5,0.4,0.35,1,-0.05,-0.125
"p311",3,2,0.55,0.5,-1,-0.0500000000000001,-0.0909090909090911
"p311",5,4,0.55,0.45,-1,-0.1,-0.181818181818182
"p311",3,2,0.55,0.45,-1,-0.1,-0.181818181818182
"p311",5,5,0.25,0.2,0,-0.0499999999999999,-0.2
"p311",5,6,0.55,0.45,1,-0.1,-0.181818181818182
"p311",5,7,0.25,0.15,2,-0.0999999999999999,-0.4
"p311",4,5,0.25,0.2,1,-0.0499999999999999,-0.2
"p311",3,3,0.25,0.2,0,-0.05,-0.2
"p311",5,7,0.25,0.2,2,-0.05,-0.2
"p311",3,2,0.25,0.15,-1,-0.0999999999999999,-0.4
"p311",4,3,0.55,0.5,-1,-0.0500000000000001,-0.0909090909090911
"p311",3,2,0.25,0.15,-1,-0.0999999999999999,-0.4
"p311",3,3,0.55,0.45,0,-0.1,-0.181818181818182
"p311",4,3,0.55,0.55,-1,0,0
"p311",4,4,0.55,0.5,0,-0.05,-0.090909090909091
"p311",3,2,0.4,0.4,-1,-5.55111512312578e-17,-1.38777878078145e-16
"p311",4,4,0.25,0.35,0,0.1,0.4
"p311",3,3,0.25,0.35,0,0.1,0.4
"p311",5,7,0.4,0.35,2,-0.05,-0.125
"p311",4,4,0.25,0.2,0,-0.05,-0.2
"p311",5,5,0.4,0.3,0,-0.1,-0.25
"p311",4,5,0.4,0.25,1,-0.15,-0.375
"p311",5,5,0.55,0.4,0,-0.15,-0.272727272727273
"p311",4,4,0.55,0.4,0,-0.15,-0.272727272727273
"p311",4,5,0.25,0.2,1,-0.0499999999999999,-0.2
"p311",3,3,0.55,0.45,0,-0.1,-0.181818181818182
"p311",5,5,0.55,0.4,0,-0.15,-0.272727272727273
"p311",5,8,0.25,0.25,3,5.55111512312578e-17,2.22044604925031e-16
"p311",3,4,0.55,0.35,1,-0.2,-0.363636363636364
"p311",3,3,0.25,0.25,0,5.55111512312578e-17,2.22044604925031e-16
"p311",5,5,0.4,0.4,0,0,0
"p311",5,6,0.4,0.4,1,-5.55111512312578e-17,-1.38777878078145e-16
"p311",4,3,0.4,0.4,-1,0,0
"p311",4,4,0.25,0.3,0,0.05,0.2
"p311",3,3,0.55,0.35,0,-0.2,-0.363636363636364
"p311",4,3,0.55,0.55,-1,-1.11022302462516e-16,-2.01858731750028e-16
"p311",3,2,0.4,0.45,-1,0.0499999999999999,0.125
"p311",5,7,0.25,0.15,2,-0.0999999999999999,-0.4
"p311",3,2,0.25,0.25,-1,0,0
"p311",4,4,0.4,0.35,0,-0.05,-0.125
"p311",4,5,0.25,0.35,1,0.1,0.4
"p311",3,3,0.4,0.35,0,-0.05,-0.125
"p311",5,6,0.25,0.2,1,-0.05,-0.2
"p311",4,4,0.25,0.25,0,5.55111512312578e-17,2.22044604925031e-16
"p311",5,5,0.4,0.3,0,-0.1,-0.25
"p311",5,5,0.25,0.2,0,-0.05,-0.2
"p311",4,5,0.4,0.3,1,-0.1,-0.25
"p311",3,3,0.4,0.35,0,-0.05,-0.125
"p311",3,3,0.4,0.4,0,-5.55111512312578e-17,-1.38777878078145e-16
"p311",5,7,0.55,0.5,2,-0.05,-0.090909090909091
"p312",5,4,0.25,0.2,-1,-0.0499999999999999,-0.2
"p312",3,3,0.4,0.4,0,0,0
"p312",3,3,0.55,0.75,0,0.2,0.363636363636364
"p312",4,4,0.55,0.55,0,-1.11022302462516e-16,-2.01858731750028e-16
"p312",5,5,0.55,0.6,0,0.0499999999999999,0.0909090909090908
"p312",3,2,0.25,0.2,-1,-0.05,-0.2
"p312",5,5,0.55,0.3,0,-0.25,-0.454545454545455
"p312",4,3,0.25,0.3,-1,0.05,0.2
"p312",5,5,0.25,0.25,0,0,0
"p312",5,4,0.25,0.2,-1,-0.05,-0.2
"p312",3,3,0.55,0.35,0,-0.2,-0.363636363636364
"p312",4,4,0.25,0.2,0,-0.05,-0.2
"p312",4,4,0.55,0.35,0,-0.2,-0.363636363636364
"p312",3,4,0.55,0.45,1,-0.1,-0.181818181818182
"p312",3,4,0.25,0.2,1,-0.0499999999999999,-0.2
"p312",4,5,0.25,0.25,1,5.55111512312578e-17,2.22044604925031e-16
"p312",3,4,0.4,0.2,1,-0.2,-0.5
"p312",4,4,0.55,0.5,0,-0.0500000000000001,-0.0909090909090911
"p312",4,4,0.25,0.25,0,0,0
"p312",4,4,0.25,0.25,0,0,0
"p312",3,4,0.55,0.5,1,-0.0500000000000001,-0.0909090909090911
"p312",5,4,0.25,0.4,-1,0.15,0.6
"p312",4,4,0.25,0.25,0,0,0
"p312",5,3,0.55,0.35,-2,-0.2,-0.363636363636364
"p312",4,4,0.25,0.35,0,0.1,0.4
"p312",5,6,0.55,0.7,1,0.15,0.272727272727273
"p312",4,3,0.55,0.55,-1,0,0
"p312",4,4,0.4,0.05,0,-0.35,-0.875
"p312",3,4,0.4,0.45,1,0.05,0.125
"p312",5,4,0.4,0.35,-1,-0.05,-0.125
"p312",3,3,0.55,0.5,0,-0.0500000000000001,-0.0909090909090911
"p312",5,6,0.4,0.4,1,0,0
"p312",5,4,0.4,0.5,-1,0.1,0.25
"p312",5,5,0.4,0.4,0,0,0
"p312",5,4,0.25,0.25,-1,0,0
"p312",5,4,0.55,0.6,-1,0.05,0.090909090909091
"p312",3,3,0.55,0.65,0,0.1,0.181818181818182
"p312",5,3,0.25,0.5,-2,0.25,1
"p312",3,4,0.25,0.3,1,0.05,0.2
"p312",4,4,0.4,0.6,0,0.2,0.5
"p312",3,4,0.25,0.15,1,-0.0999999999999999,-0.4
"p312",4,4,0.55,0.9,0,0.35,0.636363636363637
"p312",3,3,0.25,0.1,0,-0.15,-0.6
"p312",5,4,0.25,0.15,-1,-0.1,-0.4
"p312",4,4,0.4,0.3,0,-0.1,-0.25
"p312",4,4,0.4,0.2,0,-0.2,-0.5
"p312",4,3,0.4,0.6,-1,0.2,0.5
"p312",3,4,0.25,0.15,1,-0.1,-0.4
"p312",3,3,0.4,0.2,0,-0.2,-0.5
"p312",3,4,0.25,0.2,1,-0.05,-0.2
"p312",5,5,0.4,0.3,0,-0.1,-0.25
"p312",3,2,0.4,0.45,-1,0.05,0.125
"p312",5,4,0.25,0.2,-1,-0.0499999999999999,-0.2
"p312",5,5,0.4,0.3,0,-0.1,-0.25
"p312",3,3,0.55,0.35,0,-0.2,-0.363636363636364
"p312",5,5,0.4,0.3,0,-0.1,-0.25
"p312",5,6,0.4,0.3,1,-0.1,-0.25
"p312",5,5,0.55,0.4,0,-0.15,-0.272727272727273
"p312",3,3,0.25,0.15,0,-0.1,-0.4
"p312",4,4,0.4,0.3,0,-0.1,-0.25
"p312",3,3,0.4,0.3,0,-0.1,-0.25
"p312",5,3,0.55,0.55,-2,-1.11022302462516e-16,-2.01858731750028e-16
"p312",5,4,0.4,0.4,-1,0,0
"p312",3,2,0.25,0.25,-1,5.55111512312578e-17,2.22044604925031e-16
"p312",3,3,0.4,0.35,0,-0.05,-0.125
"p312",3,3,0.55,0.6,0,0.0499999999999999,0.0909090909090908
"p312",4,3,0.4,0.55,-1,0.15,0.375
"p312",3,3,0.55,0.55,0,0,0
"p312",4,4,0.25,0.25,0,0,0
"p312",3,3,0.55,0.35,0,-0.2,-0.363636363636364
"p312",4,5,0.4,0.45,1,0.05,0.125
"p312",3,2,0.4,0.45,-1,0.0499999999999999,0.125
"p312",3,2,0.25,0.25,-1,5.55111512312578e-17,2.22044604925031e-16
"p312",4,4,0.25,0.25,0,5.55111512312578e-17,2.22044604925031e-16
"p312",3,3,0.55,0.4,0,-0.15,-0.272727272727273
"p312",5,5,0.55,0.45,0,-0.1,-0.181818181818182
"p312",5,4,0.25,0.2,-1,-0.0499999999999999,-0.2
"p312",5,5,0.25,0.2,0,-0.0499999999999999,-0.2
"p312",3,2,0.4,0.25,-1,-0.15,-0.375
"p312",4,4,0.25,0.25,0,5.55111512312578e-17,2.22044604925031e-16
"p312",4,4,0.4,0.15,0,-0.25,-0.625
"p312",5,4,0.25,0.15,-1,-0.1,-0.4
"p312",3,3,0.25,0.2,0,-0.05,-0.2
"p312",4,4,0.25,0.15,0,-0.1,-0.4
"p312",4,4,0.25,0.2,0,-0.0499999999999999,-0.2
"p312",3,2,0.25,0.2,-1,-0.0499999999999999,-0.2
"p312",4,3,0.55,0.55,-1,-1.11022302462516e-16,-2.01858731750028e-16
"p312",4,4,0.25,0.2,0,-0.05,-0.2
"p312",4,4,0.55,0.5,0,-0.05,-0.090909090909091
"p312",4,4,0.55,0.55,0,0,0
"p312",4,4,0.25,0.25,0,5.55111512312578e-17,2.22044604925031e-16
"p312",4,4,0.4,0.4,0,-5.55111512312578e-17,-1.38777878078145e-16
"p312",3,4,0.25,0.2,1,-0.05,-0.2
"p312",4,3,0.55,0.45,-1,-0.1,-0.181818181818182
"p312",3,3,0.25,0.2,0,-0.0499999999999999,-0.2
"p312",5,4,0.25,0.25,-1,5.55111512312578e-17,2.22044604925031e-16
"p312",3,4,0.4,0.4,1,0,0
"p312",5,6,0.55,0.4,1,-0.15,-0.272727272727273
"p312",5,5,0.55,0.35,0,-0.2,-0.363636363636364
"p312",5,5,0.4,0.35,0,-0.05,-0.125
"p312",3,3,0.55,0.45,0,-0.1,-0.181818181818182
"p312",5,5,0.25,0.35,0,0.1,0.4
"p312",5,5,0.25,0.2,0,-0.05,-0.2
"p312",4,4,0.55,0.4,0,-0.15,-0.272727272727273
"p312",3,3,0.55,0.45,0,-0.1,-0.181818181818182
"p312",5,5,0.55,0.35,0,-0.2,-0.363636363636364
"p312",4,4,0.25,0.35,0,0.1,0.4
"p312",3,3,0.55,0.25,0,-0.3,-0.545454545454546
"p312",5,4,0.25,0.2,-1,-0.05,-0.2
"p312",3,2,0.55,0.5,-1,-0.0500000000000001,-0.0909090909090911
"p312",5,4,0.55,0.55,-1,0,0
"p312",5,5,0.55,0.5,0,-0.05,-0.090909090909091
"p312",4,4,0.25,0.3,0,0.05,0.2
"p312",4,4,0.25,0.2,0,-0.0499999999999999,-0.2
"p312",4,4,0.55,0.4,0,-0.15,-0.272727272727273
"p312",3,3,0.25,0.2,0,-0.0499999999999999,-0.2
"p312",3,2,0.25,0.2,-1,-0.0499999999999999,-0.2
"p312",4,3,0.4,0.5,-1,0.1,0.25
"p312",4,4,0.25,0.35,0,0.1,0.4
"p312",3,3,0.25,0.2,0,-0.0499999999999999,-0.2
"p312",4,4,0.4,0.3,0,-0.1,-0.25
"p312",3,3,0.4,0.5,0,0.1,0.25
"p312",4,4,0.55,0.45,0,-0.1,-0.181818181818182
"p312",4,4,0.4,0.3,0,-0.1,-0.25
"p312",4,4,0.4,0.55,0,0.15,0.375
"p312",5,5,0.25,0.35,0,0.1,0.4
"p312",4,4,0.25,0.2,0,-0.05,-0.2
"p312",5,4,0.25,0.15,-1,-0.1,-0.4
"p312",4,3,0.55,0.55,-1,-1.11022302462516e-16,-2.01858731750028e-16
"p312",3,3,0.55,0.6,0,0.0499999999999999,0.0909090909090908
"p312",5,5,0.25,0.25,0,5.55111512312578e-17,2.22044604925031e-16
"p312",3,3,0.4,0.25,0,-0.15,-0.375
"p312",3,3,0.25,0.35,0,0.1,0.4
"p312",4,5,0.25,0.3,1,0.05,0.2
"p312",3,3,0.4,0.3,0,-0.1,-0.25
"p312",3,3,0.25,0.2,0,-0.05,-0.2
"p312",5,4,0.4,0.25,-1,-0.15,-0.375
"p312",5,5,0.4,0.35,0,-0.05,-0.125
"p312",4,4,0.55,0.25,0,-0.3,-0.545454545454546
"p312",3,3,0.55,0.35,0,-0.2,-0.363636363636364
"p312",5,5,0.25,0.25,0,0,0
"p312",5,5,0.25,0.25,0,0,0
"p312",3,3,0.25,0.25,0,5.55111512312578e-17,2.22044604925031e-16
"p312",4,4,0.4,0.25,0,-0.15,-0.375
"p312",5,4,0.55,0.35,-1,-0.2,-0.363636363636364
"p312",4,4,0.25,0.3,0,0.05,0.2
"p312",4,4,0.55,0.5,0,-0.05,-0.090909090909091
"p312",3,2,0.4,0.4,-1,-5.55111512312578e-17,-1.38777878078145e-16
"p312",5,5,0.4,0.4,0,0,0
"p312",5,5,0.55,0.35,0,-0.2,-0.363636363636364
"p312",5,4,0.25,0.3,-1,0.05,0.2
"p312",3,3,0.25,0.25,0,0,0
"p312",3,3,0.4,0.4,0,0,0
"p312",5,5,0.4,0.25,0,-0.15,-0.375
"p312",3,3,0.55,0.35,0,-0.2,-0.363636363636364
"p312",5,3,0.25,0.45,-2,0.2,0.8
"p312",4,4,0.25,0.3,0,0.05,0.2
"p312",4,4,0.25,0.3,0,0.05,0.2
"p312",5,5,0.55,0.45,0,-0.1,-0.181818181818182
"p312",4,4,0.4,0.35,0,-0.05,-0.125
"p312",5,5,0.4,0.4,0,0,0
"p312",3,4,0.25,0.25,1,5.55111512312578e-17,2.22044604925031e-16
"p312",5,5,0.25,0.3,0,0.05,0.2
"p312",3,3,0.4,0.4,0,0,0
"p312",5,5,0.4,0.15,0,-0.25,-0.625
"p312",3,3,0.25,0.25,0,0,0
"p312",4,3,0.4,0.25,-1,-0.15,-0.375
"p312",3,3,0.4,0.45,0,0.05,0.125
"p312",4,4,0.55,0.35,0,-0.2,-0.363636363636364
"p312",4,4,0.25,0.45,0,0.2,0.8
"p312",4,4,0.25,0.25,0,0,0
"p312",4,4,0.55,0.35,0,-0.2,-0.363636363636364
"p312",5,4,0.25,0.4,-1,0.15,0.6
"p312",3,3,0.55,0.35,0,-0.2,-0.363636363636364
"p312",5,4,0.55,0.35,-1,-0.2,-0.363636363636364
"p312",5,5,0.4,0.4,0,0,0
"p312",3,3,0.25,0.2,0,-0.05,-0.2
"p312",5,4,0.25,0.2,-1,-0.05,-0.2
"p312",4,4,0.25,0.25,0,5.55111512312578e-17,2.22044604925031e-16
"p312",3,4,0.25,0.2,1,-0.0499999999999999,-0.2
"p312",3,4,0.25,0.15,1,-0.1,-0.4
"p312",4,4,0.25,0.15,0,-0.1,-0.4
"p312",3,4,0.55,0.5,1,-0.05,-0.090909090909091
"p312",3,3,0.4,0.4,0,0,0
"p312",5,5,0.4,0.35,0,-0.05,-0.125
"p312",3,4,0.55,0.3,1,-0.25,-0.454545454545455
"p312",3,4,0.55,0.15,1,-0.4,-0.727272727272727
"p312",5,5,0.4,0.3,0,-0.1,-0.25
"p312",3,3,0.4,0.35,0,-0.05,-0.125
"p312",4,4,0.55,0.6,0,0.05,0.090909090909091
"p312",4,5,0.25,0.25,1,0,0
"p312",4,4,0.4,0.3,0,-0.1,-0.25
"p312",4,4,0.4,0.35,0,-0.05,-0.125
"p312",5,5,0.55,0.2,0,-0.35,-0.636363636363636
"p312",3,3,0.55,0.5,0,-0.05,-0.090909090909091
"p312",5,5,0.25,0.25,0,5.55111512312578e-17,2.22044604925031e-16
"p312",5,4,0.55,0.35,-1,-0.2,-0.363636363636364
"p312",4,4,0.4,0.35,0,-0.05,-0.125
"p312",5,4,0.25,0.2,-1,-0.05,-0.2
"p312",4,3,0.55,0.5,-1,-0.0500000000000001,-0.0909090909090911
"p312",4,3,0.55,0.4,-1,-0.15,-0.272727272727273
"p312",5,5,0.25,0.3,0,0.05,0.2
"p312",3,3,0.25,0.25,0,0,0
"p312",3,3,0.25,0.25,0,0,0
"p312",3,3,0.4,0.35,0,-0.05,-0.125
"p312",5,5,0.55,0.45,0,-0.1,-0.181818181818182
"p312",3,3,0.55,0.4,0,-0.15,-0.272727272727273
"p312",3,3,0.4,0.3,0,-0.1,-0.25
"p312",4,3,0.25,0.45,-1,0.2,0.8
"p312",4,4,0.25,0.3,0,0.05,0.2
"p312",4,4,0.25,0.3,0,0.05,0.2
"p312",4,4,0.55,0.45,0,-0.1,-0.181818181818182
"p312",3,3,0.25,0.25,0,5.55111512312578e-17,2.22044604925031e-16
"p312",3,3,0.55,0.55,0,0,0
"p312",4,4,0.25,0.35,0,0.1,0.4
"p312",3,3,0.25,0.25,0,5.55111512312578e-17,2.22044604925031e-16
"p312",3,3,0.4,0.15,0,-0.25,-0.625
"p312",4,4,0.4,0.45,0,0.0499999999999999,0.125
"p312",3,4,0.25,0.35,1,0.1,0.4
"p312",4,4,0.55,0.5,0,-0.0500000000000001,-0.0909090909090911
"p312",3,3,0.25,0.4,0,0.15,0.6
"p312",4,4,0.25,0.25,0,0,0
"p312",5,4,0.25,0.3,-1,0.05,0.2
"p312",5,5,0.25,0.25,0,5.55111512312578e-17,2.22044604925031e-16
"p312",4,4,0.4,0.25,0,-0.15,-0.375
"p312",4,4,0.25,0.25,0,0,0
"p312",5,5,0.25,0.2,0,-0.0499999999999999,-0.2
"p312",5,5,0.55,0.25,0,-0.3,-0.545454545454545
"p312",5,5,0.55,0.15,0,-0.4,-0.727272727272727
"p312",3,3,0.55,0.35,0,-0.2,-0.363636363636364
"p312",3,4,0.4,0.25,1,-0.15,-0.375
"p312",3,3,0.25,0.25,0,5.55111512312578e-17,2.22044604925031e-16
"p312",3,3,0.55,0.5,0,-0.05,-0.090909090909091
"p312",5,5,0.4,0.3,0,-0.1,-0.25
"p312",4,3,0.25,0.3,-1,0.05,0.2
"p312",4,4,0.55,0.4,0,-0.15,-0.272727272727273
"p312",5,5,0.55,0.3,0,-0.25,-0.454545454545455
"p312",4,5,0.4,0.35,1,-0.05,-0.125
"p312",5,4,0.4,0.35,-1,-0.05,-0.125
"p312",4,4,0.55,0.65,0,0.1,0.181818181818182
"p312",3,3,0.4,0.4,0,-5.55111512312578e-17,-1.38777878078145e-16
"p312",3,3,0.55,0.4,0,-0.15,-0.272727272727273
"p312",5,4,0.55,0.5,-1,-0.05,-0.090909090909091
"p312",3,3,0.25,0.45,0,0.2,0.8
"p312",5,5,0.4,0.3,0,-0.1,-0.25
"p312",5,5,0.25,0.25,0,5.55111512312578e-17,2.22044604925031e-16
"p312",5,5,0.25,0.15,0,-0.1,-0.4
"p312",5,3,0.55,0.55,-2,0,0
"p312",3,5,0.55,0.45,2,-0.1,-0.181818181818182
"p312",4,5,0.55,0.4,1,-0.15,-0.272727272727273
"p312",5,3,0.25,0.05,-2,-0.2,-0.8
"p312",4,5,0.4,0.5,1,0.1,0.25
"p312",3,5,0.25,0.6,2,0.35,1.4
"p312",3,5,0.55,0.2,2,-0.35,-0.636363636363636
"p312",5,4,0.4,0.2,-1,-0.2,-0.5
"p312",5,4,0.4,0.7,-1,0.3,0.75
"p312",5,5,0.25,0.35,0,0.1,0.4
"p312",4,4,0.4,0.15,0,-0.25,-0.625
"p312",4,5,0.25,0.3,1,0.05,0.2
"p312",5,5,0.4,0.7,0,0.3,0.75
"p312",5,5,0.25,0.1,0,-0.15,-0.6
"p312",5,3,0.4,0.9,-2,0.5,1.25
"p312",3,5,0.4,0.05,2,-0.35,-0.875
"p312",4,4,0.4,0.75,0,0.35,0.875
"p312",4,4,0.55,0.35,0,-0.2,-0.363636363636364
"p312",3,4,0.25,1.05,1,0.8,3.2
"p312",4,4,0.55,0.3,0,-0.25,-0.454545454545455
"p312",4,4,0.55,0.8,0,0.25,0.454545454545455
"p312",4,4,0.55,0.6,0,0.05,0.090909090909091
"p312",4,4,0.25,0.3,0,0.05,0.2
"p312",3,4,0.55,0.65,1,0.1,0.181818181818182
"p312",5,5,0.55,0.9,0,0.35,0.636363636363637
"p312",3,5,0.25,0.55,2,0.3,1.2
"p312",3,3,0.55,0.5,0,-0.0500000000000001,-0.0909090909090911
"p312",3,4,0.25,0.75,1,0.5,2
"p312",4,4,0.25,0.15,0,-0.1,-0.4
"p312",5,4,0.55,0.5,-1,-0.0500000000000001,-0.0909090909090911
"p312",4,5,0.4,0.7,1,0.3,0.75
"p312",4,4,0.25,0.5,0,0.25,1
"p312",5,5,0.25,0.6,0,0.35,1.4
"p312",3,4,0.4,0.45,1,0.05,0.125
"p312",3,4,0.55,0.8,1,0.25,0.454545454545455
"p312",3,4,0.55,0.0500000000000001,1,-0.5,-0.909090909090909
"p312",5,5,0.25,0.45,0,0.2,0.8
"p312",4,4,0.55,0.45,0,-0.1,-0.181818181818182
"p312",5,5,0.25,0.5,0,0.25,1
"p312",4,4,0.25,0.15,0,-0.1,-0.4
"p312",3,5,0.25,0.7,2,0.45,1.8
"p312",3,4,0.25,0.35,1,0.1,0.4
"p312",5,5,0.25,0.3,0,0.05,0.2
"p312",5,5,0.4,0.3,0,-0.1,-0.25
"p312",5,5,0.25,0.35,0,0.1,0.4
"p312",3,5,0.25,0.35,2,0.1,0.4
"p312",5,4,0.4,0.4,-1,-5.55111512312578e-17,-1.38777878078145e-16
"p312",5,3,0.4,0.3,-2,-0.1,-0.25
"p312",4,4,0.4,0.65,0,0.25,0.625
"p312",4,4,0.4,0.75,0,0.35,0.875
"p312",5,5,0.55,0.35,0,-0.2,-0.363636363636364
"p312",5,5,0.25,0.9,0,0.65,2.6
"p312",4,4,0.25,0.1,0,-0.15,-0.6
"p312",3,5,0.55,0.7,2,0.15,0.272727272727273
"p312",5,4,0.55,0.35,-1,-0.2,-0.363636363636364
"p312",4,5,0.4,0.9,1,0.5,1.25
"p312",3,5,0.4,0.4,2,0,0
"p312",3,3,0.55,0.35,0,-0.2,-0.363636363636364
"p312",3,4,0.25,0.4,1,0.15,0.6
"p312",3,4,0.4,0.6,1,0.2,0.5
"p312",5,5,0.55,0.4,0,-0.15,-0.272727272727273
"p312",3,5,0.4,0.15,2,-0.25,-0.625
"p312",4,5,0.25,0.8,1,0.55,2.2
"p312",3,4,0.25,0.45,1,0.2,0.8
"p312",5,3,0.4,0.35,-2,-0.05,-0.125
"p312",5,4,0.4,0.7,-1,0.3,0.75
"p312",3,4,0.55,0.7,1,0.15,0.272727272727273
"p312",5,4,0.25,0.6,-1,0.35,1.4
"p312",4,3,0.4,0.4,-1,0,0
"p312",5,5,0.25,0.5,0,0.25,1
"p312",4,3,0.55,0.35,-1,-0.2,-0.363636363636364
"p312",3,4,0.25,0.6,1,0.35,1.4
"p312",3,5,0.4,0.55,2,0.15,0.375
"p312",5,4,0.25,0.3,-1,0.05,0.2
"p312",5,4,0.4,0.55,-1,0.15,0.375
"p312",5,5,0.55,0.55,0,-1.11022302462516e-16,-2.01858731750028e-16
"p312",3,5,0.55,0.4,2,-0.15,-0.272727272727273
"p312",3,4,0.25,0.35,1,0.1,0.4
"p312",3,5,0.4,0.4,2,-5.55111512312578e-17,-1.38777878078145e-16
"p312",4,5,0.25,0.6,1,0.35,1.4
"p312",4,5,0.55,0.45,1,-0.1,-0.181818181818182
"p312",3,5,0.25,0.25,2,0,0
"p312",5,5,0.55,1.05,0,0.5,0.90909090909091
"p312",5,5,0.55,0.55,0,0,0
"p312",5,5,0.55,0.45,0,-0.1,-0.181818181818182
"p312",4,5,0.55,0.5,1,-0.0500000000000001,-0.0909090909090911
"p312",3,5,0.25,0.65,2,0.4,1.6
"p312",4,5,0.25,0.55,1,0.3,1.2
"p312",4,5,0.25,0.35,1,0.1,0.4
"p312",5,5,0.4,0.7,0,0.3,0.75
"p312",5,5,0.25,0.2,0,-0.05,-0.2
"p312",5,5,0.55,0.35,0,-0.2,-0.363636363636364
"p312",3,5,0.55,0.6,2,0.05,0.090909090909091
"p312",3,4,0.55,0.45,1,-0.1,-0.181818181818182
"p312",3,5,0.4,0.5,2,0.1,0.25
"p312",3,5,0.25,0.6,2,0.35,1.4
"p312",4,5,0.4,0.25,1,-0.15,-0.375
"p312",4,5,0.25,0.5,1,0.25,1
"p312",4,5,0.4,0.25,1,-0.15,-0.375
"p312",4,5,0.25,0.65,1,0.4,1.6
"p312",4,5,0.4,0.4,1,-5.55111512312578e-17,-1.38777878078145e-16
"p312",4,5,0.55,0.5,1,-0.0500000000000001,-0.0909090909090911
"p312",3,5,0.55,0.55,2,-1.11022302462516e-16,-2.01858731750028e-16
"p312",3,2,0.25,0.45,-1,0.2,0.8
"p312",4,4,0.4,0.8,0,0.4,1
"p312",3,5,0.55,0.25,2,-0.3,-0.545454545454546
"p312",4,5,0.55,0.7,1,0.15,0.272727272727273
"p312",5,5,0.25,0.8,0,0.55,2.2
"p312",3,5,0.4,0.55,2,0.15,0.375
"p312",4,5,0.25,0.65,1,0.4,1.6
"p312",5,5,0.25,0.4,0,0.15,0.6
"p312",5,5,0.25,0.4,0,0.15,0.6
"p312",5,5,0.4,0.6,0,0.2,0.5
"p312",4,5,0.25,0.35,1,0.1,0.4
"p312",3,5,0.4,0.25,2,-0.15,-0.375
"p312",4,4,0.4,0.8,0,0.4,1
"p312",3,4,0.55,1.1,1,0.55,1
"p312",3,4,0.55,0.55,1,0,0
"p312",5,5,0.25,0.65,0,0.4,1.6
"p312",5,5,0.4,0.4,0,-5.55111512312578e-17,-1.38777878078145e-16
"p312",3,4,0.25,0.5,1,0.25,1
"p312",4,5,0.25,0.25,1,5.55111512312578e-17,2.22044604925031e-16
"p312",4,5,0.4,0.55,1,0.15,0.375
"p312",4,5,0.4,0.5,1,0.1,0.25
"p312",4,3,0.25,0.35,-1,0.1,0.4
"p312",5,5,0.25,0.55,0,0.3,1.2
"p312",3,5,0.4,0.05,2,-0.35,-0.875
"p312",5,5,0.55,0.75,0,0.2,0.363636363636364
"p312",5,5,0.4,0.5,0,0.1,0.25
"p312",3,5,0.55,0.25,2,-0.3,-0.545454545454546
"p312",3,5,0.4,0.3,2,-0.1,-0.25
"p312",4,5,0.25,0.55,1,0.3,1.2
"p312",4,5,0.25,0.2,1,-0.0499999999999999,-0.2
"p312",5,5,0.4,0.2,0,-0.2,-0.5
"p312",3,5,0.55,0.4,2,-0.15,-0.272727272727273
"p312",3,5,0.25,0.5,2,0.25,1
"p312",5,5,0.55,0.2,0,-0.35,-0.636363636363636
"p312",4,5,0.55,0.35,1,-0.2,-0.363636363636364
"p312",3,5,0.25,0.65,2,0.4,1.6
"p312",4,5,0.55,0.3,1,-0.25,-0.454545454545455
"p312",3,5,0.4,0.65,2,0.25,0.625
"p312",4,5,0.55,0.3,1,-0.25,-0.454545454545455
"p312",4,4,0.55,0.7,0,0.15,0.272727272727273
"p312",3,5,0.25,0.65,2,0.4,1.6
"p312",4,3,0.25,0.55,-1,0.3,1.2
"p312",5,3,0.25,0.35,-2,0.1,0.4
"p312",5,5,0.55,0.35,0,-0.2,-0.363636363636364
"p312",5,5,0.25,0.65,0,0.4,1.6
"p312",3,4,0.55,0.55,1,-1.11022302462516e-16,-2.01858731750028e-16
"p312",3,5,0.25,0.7,2,0.45,1.8
"p312",4,4,0.25,0.2,0,-0.05,-0.2
"p312",5,4,0.55,0.3,-1,-0.25,-0.454545454545455
"p312",3,5,0.4,0.65,2,0.25,0.625
"p312",5,5,0.4,0.9,0,0.5,1.25
"p312",5,4,0.25,0.55,-1,0.3,1.2
"p312",3,4,0.55,0.5,1,-0.05,-0.090909090909091
"p312",3,4,0.4,0.75,1,0.35,0.875
"p312",5,5,0.25,0.25,0,0,0
"p312",4,4,0.4,0.2,0,-0.2,-0.5
"p312",5,5,0.4,0.35,0,-0.05,-0.125
"p312",3,5,0.25,0.05,2,-0.2,-0.8
"p312",4,5,0.25,0.5,1,0.25,1
"p312",3,3,0.25,0.05,0,-0.2,-0.8
"p312",5,5,0.55,0.5,0,-0.0500000000000001,-0.0909090909090911
"p312",5,5,0.25,0.45,0,0.2,0.8
"p312",4,5,0.55,0.5,1,-0.05,-0.090909090909091
"p312",4,5,0.4,0.5,1,0.0999999999999999,0.25
"p312",4,5,0.55,0.4,1,-0.15,-0.272727272727273
"p312",3,3,0.55,0.3,0,-0.25,-0.454545454545455
"p312",3,5,0.25,0.85,2,0.6,2.4
"p312",3,4,0.55,0.55,1,-1.11022302462516e-16,-2.01858731750028e-16
"p312",3,5,0.4,0.65,2,0.25,0.625
"p312",4,5,0.25,0.05,1,-0.2,-0.8
"p312",3,3,0.55,0.6,0,0.0499999999999999,0.0909090909090908
"p312",3,4,0.25,0.55,1,0.3,1.2
"p312",4,5,0.4,0.7,1,0.3,0.75
"p312",4,5,0.55,0.65,1,0.1,0.181818181818182
"p312",4,5,0.55,1.2,1,0.650000000000001,1.18181818181818
"p312",3,4,0.25,0.35,1,0.1,0.4
"p312",5,4,0.55,0.4,-1,-0.15,-0.272727272727273
"p312",5,5,0.4,0.55,0,0.15,0.375
"p312",4,5,0.55,0.55,1,-1.11022302462516e-16,-2.01858731750028e-16
"p312",5,5,0.55,0.85,0,0.3,0.545454545454546
"p312",3,5,0.25,0.35,2,0.1,0.4
"p312",4,4,0.4,0.25,0,-0.15,-0.375
"p312",4,5,0.25,0.25,1,0,0
"p312",4,5,0.4,0.55,1,0.15,0.375
"p312",4,5,0.25,0.2,1,-0.05,-0.2
"p312",5,3,0.25,0.45,-2,0.2,0.8
"p312",5,5,0.4,0.6,0,0.2,0.5
"p312",3,5,0.4,0.65,2,0.25,0.625
"p312",3,5,0.4,0.75,2,0.35,0.875
"p312",3,5,0.4,0.65,2,0.25,0.625
"p312",3,5,0.55,0.65,2,0.1,0.181818181818182
"p312",5,5,0.25,0.9,0,0.65,2.6
"p312",3,5,0.25,0.85,2,0.6,2.4
"p312",4,5,0.4,0.25,1,-0.15,-0.375
"p312",3,5,0.25,0.85,2,0.6,2.4
"p312",4,5,0.25,0.4,1,0.15,0.6
"p312",3,5,0.25,0.35,2,0.1,0.4
"p312",5,5,0.4,0.55,0,0.15,0.375
"p312",5,5,0.25,0.1,0,-0.15,-0.6
"p312",5,5,0.25,0.4,0,0.15,0.6
"p312",3,5,0.55,0.6,2,0.0499999999999999,0.0909090909090908
"p312",4,5,0.25,0.3,1,0.05,0.2
"p312",4,5,0.4,0.3,1,-0.1,-0.25
"p312",5,5,0.25,0.9,0,0.65,2.6
"p312",5,3,0.25,0.65,-2,0.4,1.6
"p312",4,5,0.25,0.55,1,0.3,1.2
"p312",4,5,0.25,0.65,1,0.4,1.6
"p312",3,3,0.4,0.6,0,0.2,0.5
"p312",5,3,0.25,0.5,-2,0.25,1
"p312",3,4,0.55,0.65,1,0.1,0.181818181818182
"p312",5,3,0.55,0.4,-2,-0.15,-0.272727272727273
"p312",5,5,0.4,0.3,0,-0.1,-0.25
"p312",5,5,0.4,0.45,0,0.0499999999999999,0.125
"p312",5,5,0.55,0.9,0,0.35,0.636363636363637
"p312",4,4,0.55,0.5,0,-0.0500000000000001,-0.0909090909090911
"p312",4,3,0.55,0.4,-1,-0.15,-0.272727272727273
"p312",4,3,0.55,0.45,-1,-0.1,-0.181818181818182
"p312",4,4,0.4,0.4,0,0,0
"p312",4,4,0.25,0.2,0,-0.05,-0.2
"p312",5,5,0.4,0.2,0,-0.2,-0.5
"p312",3,5,0.55,0.15,2,-0.4,-0.727272727272727
"p312",3,2,0.4,0.15,-1,-0.25,-0.625
"p312",5,5,0.25,0.25,0,5.55111512312578e-17,2.22044604925031e-16
"p312",4,4,0.4,0.2,0,-0.2,-0.5
"p312",4,4,0.25,0.15,0,-0.1,-0.4
"p312",3,2,0.25,0.25,-1,5.55111512312578e-17,2.22044604925031e-16
"p312",5,3,0.55,0.45,-2,-0.1,-0.181818181818182
"p312",3,2,0.25,0.25,-1,0,0
"p312",5,4,0.55,0.4,-1,-0.15,-0.272727272727273
"p312",4,4,0.25,0.2,0,-0.0499999999999999,-0.2
"p312",3,3,0.25,0.15,0,-0.1,-0.4
"p312",4,4,0.55,0.15,0,-0.4,-0.727272727272727
"p312",3,2,0.4,0.15,-1,-0.25,-0.625
"p312",5,4,0.25,0.15,-1,-0.1,-0.4
"p312",5,5,0.4,0.35,0,-0.05,-0.125
"p312",5,3,0.4,0.25,-2,-0.15,-0.375
"p312",5,4,0.55,0.3,-1,-0.25,-0.454545454545455
"p312",5,5,0.25,0.2,0,-0.0499999999999999,-0.2
"p312",3,3,0.55,0.35,0,-0.2,-0.363636363636364
"p312",3,3,0.55,0.4,0,-0.15,-0.272727272727273
"p312",4,3,0.25,0.25,-1,0,0
"p312",3,3,0.4,0.45,0,0.05,0.125
"p312",5,5,0.25,0.2,0,-0.05,-0.2
"p312",4,3,0.25,0.2,-1,-0.05,-0.2
"p312",4,3,0.55,0.55,-1,-1.11022302462516e-16,-2.01858731750028e-16
"p312",3,5,0.55,0.4,2,-0.15,-0.272727272727273
"p312",3,3,0.4,0.3,0,-0.1,-0.25
"p312",5,4,0.55,0.3,-1,-0.25,-0.454545454545455
"p312",5,4,0.4,0.35,-1,-0.05,-0.125
"p312",3,3,0.25,0.35,0,0.1,0.4
"p312",4,4,0.25,0.35,0,0.1,0.4
"p312",4,4,0.4,0.25,0,-0.15,-0.375
"p312",5,5,0.25,0.25,0,0,0
"p312",4,3,0.4,0.35,-1,-0.05,-0.125
"p312",5,4,0.4,0.25,-1,-0.15,-0.375
"p312",3,3,0.55,0.45,0,-0.1,-0.181818181818182
"p312",4,4,0.25,0.25,0,0,0
"p312",3,3,0.55,0.2,0,-0.35,-0.636363636363636
"p312",5,5,0.25,0.15,0,-0.1,-0.4
"p312",3,4,0.25,0.25,1,5.55111512312578e-17,2.22044604925031e-16
"p312",3,3,0.25,0.25,0,0,0
"p312",4,4,0.55,0.2,0,-0.35,-0.636363636363636
"p312",5,4,0.55,0.35,-1,-0.2,-0.363636363636364
"p312",3,2,0.25,0.35,-1,0.1,0.4
"p312",5,4,0.25,0.35,-1,0.1,0.4
"p312",3,3,0.4,0.25,0,-0.15,-0.375
"p312",4,3,0.4,0.3,-1,-0.1,-0.25
"p313",3,2,0.25,0.25,-1,5.55111512312578e-17,2.22044604925031e-16
"p313",5,5,0.55,0.3,0,-0.25,-0.454545454545455
"p313",5,6,0.4,0.35,1,-0.05,-0.125
"p313",4,4,0.25,0.3,0,0.05,0.2
"p313",5,5,0.25,0.25,0,5.55111512312578e-17,2.22044604925031e-16
"p313",4,4,0.25,0.3,0,0.05,0.2
"p313",5,7,0.55,0.4,2,-0.15,-0.272727272727273
"p313",3,3,0.4,0.4,0,0,0
"p313",3,3,0.4,0.35,0,-0.05,-0.125
"p313",4,5,0.55,0.4,1,-0.15,-0.272727272727273
"p313",4,5,0.25,0.3,1,0.05,0.2
"p313",3,3,0.25,0.25,0,5.55111512312578e-17,2.22044604925031e-16
"p313",3,3,0.55,0.5,0,-0.05,-0.090909090909091
"p313",4,4,0.4,0.6,0,0.2,0.5
"p313",4,5,0.55,0.5,1,-0.05,-0.090909090909091
"p313",5,5,0.25,0.25,0,5.55111512312578e-17,2.22044604925031e-16
"p313",5,5,0.25,0.25,0,0,0
"p313",5,5,0.25,0.25,0,5.55111512312578e-17,2.22044604925031e-16
"p313",4,4,0.55,0.55,0,0,0
"p313",5,5,0.4,0.45,0,0.0499999999999999,0.125
"p313",5,5,0.4,0.5,0,0.0999999999999999,0.25
"p313",4,4,0.4,0.45,0,0.0499999999999999,0.125
"p313",5,5,0.25,0.25,0,5.55111512312578e-17,2.22044604925031e-16
"p313",3,3,0.25,0.3,0,0.05,0.2
"p313",4,4,0.55,0.55,0,0,0
"p313",4,4,0.25,0.3,0,0.05,0.2
"p313",4,4,0.25,0.3,0,0.05,0.2
"p313",3,3,0.25,0.25,0,0,0
"p313",3,3,0.25,0.25,0,5.55111512312578e-17,2.22044604925031e-16
"p313",5,5,0.25,0.25,0,0,0
"p313",4,4,0.25,0.25,0,0,0
"p313",5,5,0.25,0.25,0,5.55111512312578e-17,2.22044604925031e-16
"p313",5,5,0.55,0.5,0,-0.0500000000000001,-0.0909090909090911
"p313",5,5,0.4,0.4,0,0,0
"p313",4,4,0.4,0.4,0,0,0
"p313",3,3,0.55,0.5,0,-0.05,-0.090909090909091
"p313",5,5,0.4,0.45,0,0.0499999999999999,0.125
"p313",3,3,0.55,0.5,0,-0.0500000000000001,-0.0909090909090911
"p313",3,3,0.55,0.45,0,-0.1,-0.181818181818182
"p313",3,3,0.55,0.5,0,-0.0500000000000001,-0.0909090909090911
"p313",3,3,0.25,0.25,0,5.55111512312578e-17,2.22044604925031e-16
"p313",3,3,0.4,0.4,0,-5.55111512312578e-17,-1.38777878078145e-16
"p313",3,3,0.4,0.4,0,0,0
"p313",4,4,0.55,0.45,0,-0.1,-0.181818181818182
"p313",3,3,0.55,0.55,0,0,0
"p313",3,4,0.25,0.5,1,0.25,1
"p313",4,5,0.25,0.3,1,0.05,0.2
"p313",5,5,0.55,0.5,0,-0.0500000000000001,-0.0909090909090911
"p313",4,4,0.4,0.35,0,-0.05,-0.125
"p313",5,5,0.55,0.5,0,-0.05,-0.090909090909091
"p313",4,4,0.4,0.45,0,0.05,0.125
"p313",3,3,0.4,0.3,0,-0.1,-0.25
"p313",4,4,0.25,0.25,0,5.55111512312578e-17,2.22044604925031e-16
"p313",4,4,0.4,0.3,0,-0.1,-0.25
"p313",4,4,0.25,0.2,0,-0.0499999999999999,-0.2
"p313",4,4,0.55,0.3,0,-0.25,-0.454545454545455
"p313",5,5,0.25,0.25,0,5.55111512312578e-17,2.22044604925031e-16
"p313",3,3,0.25,0.2,0,-0.0499999999999999,-0.2
"p313",5,4,0.4,0.3,-1,-0.1,-0.25
"p313",4,4,0.25,0.3,0,0.05,0.2
"p313",4,4,0.25,0.25,0,5.55111512312578e-17,2.22044604925031e-16
"p313",3,3,0.55,0.4,0,-0.15,-0.272727272727273
"p313",3,3,0.55,0.45,0,-0.1,-0.181818181818182
"p313",5,5,0.4,0.4,0,-5.55111512312578e-17,-1.38777878078145e-16
"p313",5,5,0.4,0.35,0,-0.05,-0.125
"p313",5,5,0.25,0.3,0,0.05,0.2
"p313",4,4,0.25,0.35,0,0.1,0.4
"p313",5,5,0.4,0.4,0,0,0
"p313",4,4,0.55,0.55,0,-1.11022302462516e-16,-2.01858731750028e-16
"p313",5,5,0.4,0.45,0,0.0499999999999999,0.125
"p313",5,5,0.55,0.45,0,-0.1,-0.181818181818182
"p313",4,4,0.55,0.55,0,-1.11022302462516e-16,-2.01858731750028e-16
"p313",5,5,0.55,0.6,0,0.05,0.090909090909091
"p313",4,4,0.25,0.3,0,0.05,0.2
"p313",3,3,0.4,0.3,0,-0.1,-0.25
"p313",3,3,0.25,0.3,0,0.05,0.2
"p313",4,4,0.4,0.35,0,-0.05,-0.125
"p313",5,5,0.55,0.5,0,-0.05,-0.090909090909091
"p313",3,3,0.25,0.25,0,0,0
"p313",3,3,0.4,0.45,0,0.0499999999999999,0.125
"p313",4,4,0.55,0.5,0,-0.0500000000000001,-0.0909090909090911
"p313",3,3,0.25,0.3,0,0.05,0.2
"p313",3,3,0.55,0.5,0,-0.0500000000000001,-0.0909090909090911
"p313",5,5,0.55,0.55,0,-1.11022302462516e-16,-2.01858731750028e-16
"p313",4,4,0.4,0.45,0,0.0499999999999999,0.125
"p313",5,5,0.25,0.2,0,-0.0499999999999999,-0.2
"p313",3,3,0.25,0.3,0,0.05,0.2
"p313",5,5,0.25,0.25,0,0,0
"p313",3,4,0.4,0.3,1,-0.1,-0.25
"p313",3,3,0.4,0.35,0,-0.05,-0.125
"p313",4,4,0.25,0.3,0,0.05,0.2
"p313",5,5,0.25,0.25,0,0,0
"p313",3,3,0.25,0.2,0,-0.0499999999999999,-0.2
"p313",3,3,0.55,0.35,0,-0.2,-0.363636363636364
"p313",5,5,0.25,0.25,0,5.55111512312578e-17,2.22044604925031e-16
"p313",4,4,0.4,0.45,0,0.05,0.125
"p313",3,3,0.55,0.55,0,-1.11022302462516e-16,-2.01858731750028e-16
"p313",5,5,0.25,0.3,0,0.0499999999999997,0.199999999999999
"p313",4,4,0.4,0.35,0,-0.05,-0.125
"p313",5,5,0.55,0.5,0,-0.0500000000000001,-0.0909090909090911
"p313",3,3,0.25,0.2,0,-0.0499999999999999,-0.2
"p313",3,3,0.55,0.5,0,-0.05,-0.090909090909091
"p313",3,3,0.4,0.35,0,-0.05,-0.125
"p313",4,4,0.55,0.5,0,-0.05,-0.090909090909091
"p313",3,3,0.4,0.3,0,-0.1,-0.25
"p313",3,3,0.4,0.35,0,-0.05,-0.125
"p313",4,4,0.4,0.35,0,-0.05,-0.125
"p313",3,3,0.55,0.5,0,-0.05,-0.090909090909091
"p313",3,3,0.25,0.2,0,-0.05,-0.2
"p313",3,3,0.25,0.2,0,-0.0499999999999999,-0.2
"p313",4,4,0.4,0.3,0,-0.1,-0.25
"p313",5,5,0.25,0.25,0,5.55111512312578e-17,2.22044604925031e-16
"p313",4,4,0.55,0.4,0,-0.15,-0.272727272727273
"p313",5,5,0.25,0.25,0,5.55111512312578e-17,2.22044604925031e-16
"p313",3,3,0.25,0.2,0,-0.05,-0.2
"p313",3,3,0.25,0.25,0,5.55111512312578e-17,2.22044604925031e-16
"p313",5,5,0.25,0.25,0,5.55111512312578e-17,2.22044604925031e-16
"p313",5,5,0.4,0.35,0,-0.05,-0.125
"p313",4,4,0.4,0.35,0,-0.05,-0.125
"p313",3,3,0.25,0.3,0,0.05,0.2
"p313",3,3,0.4,0.35,0,-0.05,-0.125
"p313",3,3,0.4,0.35,0,-0.05,-0.125
"p313",5,5,0.55,0.5,0,-0.05,-0.090909090909091
"p313",5,5,0.25,0.25,0,5.55111512312578e-17,2.22044604925031e-16
"p313",4,3,0.4,0.45,-1,0.0499999999999999,0.125
"p313",5,5,0.4,0.4,0,-5.55111512312578e-17,-1.38777878078145e-16
"p313",3,3,0.55,0.5,0,-0.05,-0.090909090909091
"p313",3,3,0.4,0.45,0,0.0499999999999999,0.125
"p313",3,3,0.25,0.3,0,0.05,0.2
"p313",3,3,0.25,0.3,0,0.05,0.2
"p313",5,5,0.25,0.25,0,0,0
"p313",5,5,0.4,0.35,0,-0.05,-0.125
"p313",5,5,0.55,0.5,0,-0.05,-0.090909090909091
"p313",4,4,0.25,0.25,0,0,0
"p313",5,5,0.4,0.35,0,-0.05,-0.125
"p313",5,5,0.4,0.4,0,0,0
"p313",4,4,0.25,0.35,0,0.1,0.4
"p313",4,4,0.25,0.35,0,0.1,0.4
"p313",5,5,0.55,0.3,0,-0.25,-0.454545454545455
"p313",4,4,0.4,0.45,0,0.0499999999999999,0.125
"p313",4,4,0.55,0.45,0,-0.1,-0.181818181818182
"p313",5,5,0.25,0.2,0,-0.05,-0.2
"p313",5,5,0.25,0.3,0,0.05,0.2
"p313",4,4,0.55,0.55,0,-1.11022302462516e-16,-2.01858731750028e-16
"p313",3,3,0.55,0.45,0,-0.1,-0.181818181818182
"p313",4,4,0.25,0.25,0,5.55111512312578e-17,2.22044604925031e-16
"p313",5,5,0.55,0.45,0,-0.1,-0.181818181818182
"p313",4,4,0.55,0.55,0,0,0
"p313",4,4,0.25,0.2,0,-0.05,-0.2
"p313",3,3,0.55,0.55,0,-1.11022302462516e-16,-2.01858731750028e-16
"p313",4,4,0.55,0.5,0,-0.05,-0.090909090909091
"p313",4,4,0.25,0.2,0,-0.05,-0.2
"p313",4,4,0.25,0.2,0,-0.05,-0.2
"p313",3,3,0.55,0.45,0,-0.1,-0.181818181818182
"p313",3,3,0.55,0.55,0,0,0
"p313",5,5,0.55,0.5,0,-0.0500000000000001,-0.0909090909090911
"p313",4,4,0.4,0.35,0,-0.05,-0.125
"p313",3,3,0.25,0.25,0,0,0
"p313",5,5,0.4,0.3,0,-0.1,-0.25
"p313",4,4,0.55,0.3,0,-0.25,-0.454545454545455
"p313",5,5,0.25,0.2,0,-0.0499999999999999,-0.2
"p313",3,3,0.55,0.5,0,-0.05,-0.090909090909091
"p313",4,4,0.55,0.5,0,-0.05,-0.090909090909091
"p313",5,5,0.55,0.5,0,-0.05,-0.090909090909091
"p313",5,5,0.25,0.2,0,-0.05,-0.2
"p313",5,5,0.55,0.45,0,-0.1,-0.181818181818182
"p313",3,3,0.4,0.45,0,0.0499999999999999,0.125
"p313",3,3,0.25,0.3,0,0.05,0.2
"p313",4,4,0.55,0.55,0,-1.11022302462516e-16,-2.01858731750028e-16
"p313",5,5,0.55,0.55,0,0,0
"p313",3,3,0.25,0.25,0,5.55111512312578e-17,2.22044604925031e-16
"p313",4,4,0.25,0.25,0,0,0
"p313",3,3,0.25,0.2,0,-0.05,-0.2
"p313",5,5,0.25,0.25,0,5.55111512312578e-17,2.22044604925031e-16
"p313",3,3,0.55,0.5,0,-0.0500000000000001,-0.0909090909090911
"p313",4,4,0.25,0.25,0,0,0
"p313",3,3,0.4,0.45,0,0.0499999999999999,0.125
"p313",5,5,0.25,0.2,0,-0.0499999999999999,-0.2
"p313",5,5,0.25,0.15,0,-0.1,-0.4
"p313",4,4,0.25,0.2,0,-0.0499999999999999,-0.2
"p313",5,5,0.55,0.65,0,0.1,0.181818181818182
"p313",3,3,0.25,0.2,0,-0.05,-0.2
"p313",5,5,0.4,0.3,0,-0.1,-0.25
"p313",4,4,0.25,0.3,0,0.05,0.2
"p313",5,5,0.4,0.35,0,-0.05,-0.125
"p313",4,4,0.4,0.5,0,0.0999999999999999,0.25
"p313",5,5,0.25,0.2,0,-0.05,-0.2
"p313",3,3,0.25,0.2,0,-0.05,-0.2
"p313",4,4,0.4,0.35,0,-0.05,-0.125
"p313",3,3,0.55,0.4,0,-0.15,-0.272727272727273
"p313",3,3,0.55,0.4,0,-0.15,-0.272727272727273
"p313",3,3,0.55,0.35,0,-0.2,-0.363636363636364
"p313",4,4,0.55,0.5,0,-0.05,-0.090909090909091
"p313",4,4,0.55,0.6,0,0.0499999999999999,0.0909090909090908
"p313",4,4,0.25,0.25,0,0,0
"p313",5,5,0.55,0.6,0,0.0499999999999999,0.0909090909090908
"p313",3,3,0.4,0.5,0,0.0999999999999999,0.25
"p313",3,3,0.4,0.45,0,0.05,0.125
"p313",3,3,0.25,0.25,0,5.55111512312578e-17,2.22044604925031e-16
"p313",5,5,0.4,0.45,0,0.05,0.125
"p313",4,4,0.25,0.25,0,0,0
"p313",4,4,0.4,0.4,0,-5.55111512312578e-17,-1.38777878078145e-16
"p313",4,4,0.25,0.35,0,0.1,0.4
"p313",5,5,0.25,0.25,0,5.55111512312578e-17,2.22044604925031e-16
"p313",3,3,0.55,0.5,0,-0.0500000000000001,-0.0909090909090911
"p313",5,5,0.4,0.45,0,0.05,0.125
"p313",3,3,0.4,0.45,0,0.0499999999999999,0.125
"p313",4,4,0.4,0.45,0,0.0499999999999999,0.125
"p313",3,3,0.4,0.25,0,-0.15,-0.375
"p313",4,4,0.25,0.25,0,5.55111512312578e-17,2.22044604925031e-16
"p313",5,5,0.25,0.25,0,5.55111512312578e-17,2.22044604925031e-16
"p313",5,6,0.4,0.3,1,-0.1,-0.25
"p313",4,4,0.55,0.45,0,-0.1,-0.181818181818182
"p313",5,5,0.55,0.4,0,-0.15,-0.272727272727273
"p313",3,3,0.55,0.4,0,-0.15,-0.272727272727273
"p313",4,4,0.4,0.45,0,0.05,0.125
"p313",5,5,0.4,0.45,0,0.0499999999999999,0.125
"p313",4,4,0.25,0.3,0,0.05,0.2
"p313",3,3,0.25,0.25,0,5.55111512312578e-17,2.22044604925031e-16
"p313",4,4,0.55,0.45,0,-0.1,-0.181818181818182
"p313",3,3,0.55,0.5,0,-0.05,-0.090909090909091
"p313",5,5,0.4,0.35,0,-0.05,-0.125
"p313",4,4,0.25,0.25,0,0,0
"p313",5,5,0.4,0.35,0,-0.05,-0.125
"p313",3,3,0.55,0.45,0,-0.1,-0.181818181818182
"p313",5,5,0.55,0.45,0,-0.1,-0.181818181818182
"p313",4,4,0.25,0.3,0,0.05,0.2
"p313",3,3,0.25,0.25,0,0,0
"p313",5,5,0.25,0.25,0,5.55111512312578e-17,2.22044604925031e-16
"p313",3,3,0.4,0.4,0,0,0
"p313",4,4,0.4,0.35,0,-0.05,-0.125
"p313",3,3,0.25,0.35,0,0.1,0.4
"p313",5,5,0.25,0.3,0,0.05,0.2
"p313",5,5,0.25,0.3,0,0.05,0.2
"p313",4,4,0.55,0.55,0,0,0
"p313",3,3,0.4,0.4,0,0,0
"p313",3,4,0.25,0.4,1,0.15,0.6
"p313",5,5,0.25,0.35,0,0.1,0.4
"p313",3,3,0.55,0.5,0,-0.0500000000000001,-0.0909090909090911
"p313",4,4,0.4,0.35,0,-0.05,-0.125
"p313",4,3,0.4,0.45,-1,0.0499999999999999,0.125
"p313",4,4,0.55,0.5,0,-0.05,-0.090909090909091
"p313",4,4,0.55,0.45,0,-0.1,-0.181818181818182
"p313",5,5,0.55,0.5,0,-0.05,-0.090909090909091
"p313",4,4,0.25,0.3,0,0.05,0.2
"p313",3,3,0.25,0.2,0,-0.05,-0.2
"p313",5,5,0.4,0.3,0,-0.1,-0.25
"p313",5,5,0.25,0.2,0,-0.05,-0.2
"p313",3,3,0.4,0.35,0,-0.05,-0.125
"p313",5,5,0.55,0.55,0,0,0
"p313",3,3,0.25,0.2,0,-0.05,-0.2
"p313",4,4,0.4,0.4,0,-5.55111512312578e-17,-1.38777878078145e-16
"p313",5,5,0.55,0.4,0,-0.15,-0.272727272727273
"p313",3,3,0.4,0.35,0,-0.05,-0.125
"p313",3,3,0.25,0.25,0,5.55111512312578e-17,2.22044604925031e-16
"p313",4,4,0.25,0.25,0,0,0
"p313",3,3,0.55,0.5,0,-0.0500000000000001,-0.0909090909090911
"p313",4,4,0.25,0.25,0,0,0
"p313",3,3,0.55,0.45,0,-0.1,-0.181818181818182
"p313",5,5,0.25,0.2,0,-0.05,-0.2
"p313",4,4,0.4,0.4,0,0,0
"p313",3,3,0.4,0.45,0,0.05,0.125
"p313",5,5,0.55,0.5,0,-0.0500000000000001,-0.0909090909090911
"p313",4,3,0.4,0.45,-1,0.0499999999999999,0.125
"p313",5,5,0.55,0.5,0,-0.0500000000000001,-0.0909090909090911
"p313",5,5,0.25,0.25,0,0,0
"p313",4,4,0.25,0.25,0,5.55111512312578e-17,2.22044604925031e-16
"p313",4,4,0.4,0.3,0,-0.1,-0.25
"p313",5,5,0.4,0.4,0,-5.55111512312578e-17,-1.38777878078145e-16
"p313",5,5,0.4,0.3,0,-0.1,-0.25
"p313",5,5,0.25,0.25,0,0,0
"p313",4,4,0.25,0.3,0,0.05,0.2
"p313",3,3,0.25,0.25,0,0,0
"p313",4,4,0.4,0.35,0,-0.05,-0.125
"p313",5,5,0.55,0.45,0,-0.1,-0.181818181818182
"p313",5,5,0.25,0.2,0,-0.0499999999999999,-0.2
"p313",3,3,0.25,0.2,0,-0.05,-0.2
"p313",4,4,0.55,0.45,0,-0.1,-0.181818181818182
"p313",4,4,0.55,0.5,0,-0.05,-0.090909090909091
"p313",3,3,0.55,0.45,0,-0.1,-0.181818181818182
"p313",3,3,0.55,0.45,0,-0.1,-0.181818181818182
"p313",4,4,0.25,0.2,0,-0.0499999999999999,-0.2
"p313",4,4,0.25,0.25,0,0,0
"p313",3,3,0.25,0.25,0,0,0
"p313",3,3,0.4,0.4,0,0,0
"p313",5,5,0.4,0.4,0,-5.55111512312578e-17,-1.38777878078145e-16
"p313",3,3,0.4,0.35,0,-0.05,-0.125
"p313",3,3,0.25,0.3,0,0.05,0.2
"p313",5,5,0.55,0.55,0,0,0
"p313",5,5,0.25,0.2,0,-0.0499999999999999,-0.2
"p313",5,5,0.4,0.35,0,-0.05,-0.125
"p313",5,6,0.4,0.4,1,0,0
"p313",3,3,0.25,0.3,0,0.05,0.2
"p313",3,3,0.55,0.5,0,-0.0500000000000001,-0.0909090909090911
"p313",3,3,0.55,0.5,0,-0.05,-0.090909090909091
"p313",4,4,0.25,0.2,0,-0.05,-0.2
"p313",3,3,0.55,0.55,0,-1.11022302462516e-16,-2.01858731750028e-16
"p313",4,4,0.25,0.25,0,5.55111512312578e-17,2.22044604925031e-16
"p313",3,3,0.4,0.5,0,0.0999999999999999,0.25
"p313",3,3,0.25,0.3,0,0.05,0.2
"p313",4,4,0.4,0.25,0,-0.15,-0.375
"p313",3,3,0.25,0.3,0,0.05,0.2
"p313",4,4,0.55,0.5,0,-0.05,-0.090909090909091
"p313",4,4,0.25,0.3,0,0.05,0.2
"p313",5,6,0.25,0.3,1,0.05,0.2
"p313",4,4,0.55,0.3,0,-0.25,-0.454545454545455
"p313",5,5,0.25,0.25,0,0,0
"p313",5,5,0.55,0.4,0,-0.15,-0.272727272727273
"p313",3,3,0.55,0.55,0,-1.11022302462516e-16,-2.01858731750028e-16
"p313",3,3,0.4,0.45,0,0.0499999999999999,0.125
"p313",4,4,0.55,0.45,0,-0.1,-0.181818181818182
"p313",5,5,0.25,0.25,0,0,0
"p313",5,4,0.25,0.35,-1,0.1,0.4
"p313",4,4,0.25,0.2,0,-0.05,-0.2
"p313",3,3,0.25,0.3,0,0.05,0.2
"p313",3,3,0.25,0.3,0,0.05,0.2
"p313",5,5,0.25,0.25,0,5.55111512312578e-17,2.22044604925031e-16
"p313",3,3,0.25,0.25,0,5.55111512312578e-17,2.22044604925031e-16
"p313",5,5,0.4,0.35,0,-0.05,-0.125
"p313",4,4,0.25,0.25,0,5.55111512312578e-17,2.22044604925031e-16
"p313",4,4,0.55,0.4,0,-0.15,-0.272727272727273
"p313",5,5,0.4,0.4,0,-5.55111512312578e-17,-1.38777878078145e-16
"p313",5,5,0.4,0.35,0,-0.05,-0.125
"p313",5,5,0.4,0.4,0,-5.55111512312578e-17,-1.38777878078145e-16
"p313",4,4,0.25,0.25,0,0,0
"p313",3,3,0.55,0.5,0,-0.05,-0.090909090909091
"p313",4,4,0.4,0.4,0,-5.55111512312578e-17,-1.38777878078145e-16
"p313",3,3,0.4,0.45,0,0.0499999999999999,0.125
"p313",4,4,0.25,0.3,0,0.05,0.2
"p313",3,3,0.4,0.4,0,-5.55111512312578e-17,-1.38777878078145e-16
"p313",4,4,0.55,0.5,0,-0.0500000000000001,-0.0909090909090911
"p313",4,4,0.4,0.4,0,-5.55111512312578e-17,-1.38777878078145e-16
"p313",3,3,0.4,0.4,0,-5.55111512312578e-17,-1.38777878078145e-16
"p313",5,5,0.4,0.35,0,-0.05,-0.125
"p313",3,3,0.4,0.35,0,-0.05,-0.125
"p313",5,5,0.25,0.25,0,0,0
"p313",5,5,0.25,0.2,0,-0.0499999999999999,-0.2
"p313",3,3,0.55,0.5,0,-0.05,-0.090909090909091
"p313",3,3,0.25,0.2,0,-0.05,-0.2
"p313",5,5,0.55,0.45,0,-0.1,-0.181818181818182
"p313",3,3,0.55,0.5,0,-0.05,-0.090909090909091
"p313",5,5,0.55,0.55,0,-1.11022302462516e-16,-2.01858731750028e-16
"p313",5,5,0.25,0.35,0,0.1,0.4
"p313",3,3,0.25,0.25,0,5.55111512312578e-17,2.22044604925031e-16
"p313",4,4,0.4,0.4,0,-5.55111512312578e-17,-1.38777878078145e-16
"p313",5,5,0.25,0.2,0,-0.05,-0.2
"p313",4,4,0.4,0.4,0,-5.55111512312578e-17,-1.38777878078145e-16
"p313",4,4,0.25,0.2,0,-0.05,-0.2
"p313",5,5,0.55,0.55,0,0,0
"p313",4,4,0.25,0.45,0,0.2,0.8
"p313",3,3,0.25,0.3,0,0.05,0.2
"p313",4,4,0.55,0.4,0,-0.15,-0.272727272727273
"p313",3,3,0.55,0.45,0,-0.1,-0.181818181818182
"p313",4,4,0.25,0.2,0,-0.0499999999999999,-0.2
"p313",5,5,0.25,0.25,0,5.55111512312578e-17,2.22044604925031e-16
"p313",3,3,0.55,0.4,0,-0.15,-0.272727272727273
"p313",3,3,0.4,0.4,0,0,0
"p313",3,3,0.25,0.3,0,0.05,0.2
"p313",4,4,0.55,0.3,0,-0.25,-0.454545454545455
"p313",3,3,0.55,0.45,0,-0.1,-0.181818181818182
"p313",5,5,0.55,0.5,0,-0.0500000000000001,-0.0909090909090911
"p313",4,4,0.55,0.5,0,-0.0500000000000001,-0.0909090909090911
"p313",4,4,0.4,0.35,0,-0.05,-0.125
"p313",5,5,0.55,0.5,0,-0.05,-0.090909090909091
"p313",3,3,0.4,0.3,0,-0.1,-0.25
"p313",3,3,0.25,0.3,0,0.05,0.2
"p313",3,3,0.55,0.45,0,-0.1,-0.181818181818182
"p313",5,5,0.25,0.3,0,0.05,0.2
"p313",5,5,0.25,0.15,0,-0.1,-0.4
"p313",4,3,0.25,0.2,-1,-0.05,-0.2
"p313",3,3,0.25,0.2,0,-0.05,-0.2
"p313",3,3,0.25,0.25,0,0,0
"p313",5,5,0.4,0.45,0,0.05,0.125
"p313",5,5,0.25,0.25,0,5.55111512312578e-17,2.22044604925031e-16
"p313",4,4,0.25,0.3,0,0.05,0.2
"p313",4,4,0.25,0.3,0,0.05,0.2
"p313",4,4,0.55,0.45,0,-0.1,-0.181818181818182
"p313",3,3,0.25,0.3,0,0.05,0.2
"p313",5,5,0.4,0.3,0,-0.1,-0.25
"p313",4,4,0.4,0.35,0,-0.05,-0.125
"p313",4,4,0.4,0.4,0,0,0
"p313",4,3,0.4,0.35,-1,-0.05,-0.125
"p313",3,3,0.55,0.5,0,-0.05,-0.090909090909091
"p313",5,5,0.55,0.5,0,-0.0500000000000001,-0.0909090909090911
"p313",5,5,0.55,0.5,0,-0.05,-0.090909090909091
"p313",4,4,0.55,0.5,0,-0.05,-0.090909090909091
"p313",3,3,0.55,0.55,0,-1.11022302462516e-16,-2.01858731750028e-16
"p313",3,3,0.4,0.55,0,0.15,0.375
"p313",5,5,0.55,0.55,0,-1.11022302462516e-16,-2.01858731750028e-16
"p313",3,3,0.25,0.25,0,0,0
"p313",4,4,0.25,0.2,0,-0.05,-0.2
"p313",4,4,0.4,0.35,0,-0.05,-0.125
"p313",3,3,0.25,0.15,0,-0.1,-0.4
"p313",3,3,0.55,0.55,0,0,0
"p313",5,5,0.25,0.2,0,-0.05,-0.2
"p313",5,5,0.4,0.25,0,-0.15,-0.375
"p313",3,3,0.25,0.25,0,5.55111512312578e-17,2.22044604925031e-16
"p313",4,4,0.4,0.35,0,-0.05,-0.125
"p313",4,4,0.55,0.4,0,-0.15,-0.272727272727273
"p313",4,4,0.55,0.45,0,-0.1,-0.181818181818182
"p313",4,4,0.25,0.25,0,5.55111512312578e-17,2.22044604925031e-16
"p313",3,3,0.4,0.35,0,-0.05,-0.125
"p313",3,3,0.4,0.4,0,-5.55111512312578e-17,-1.38777878078145e-16
"p313",5,5,0.4,0.4,0,0,0
"p313",5,5,0.55,0.45,0,-0.1,-0.181818181818182
"p313",5,5,0.25,0.25,0,0,0
"p313",3,3,0.4,0.35,0,-0.05,-0.125
"p313",4,4,0.25,0.25,0,0,0
"p313",3,3,0.55,0.5,0,-0.05,-0.090909090909091
"p313",5,5,0.25,0.25,0,0,0
"p313",5,5,0.25,0.2,0,-0.05,-0.2
"p313",5,5,0.55,0.4,0,-0.15,-0.272727272727273
"p313",5,5,0.4,0.4,0,0,0
"p313",4,4,0.25,0.25,0,0,0
"p313",4,4,0.55,0.45,0,-0.1,-0.181818181818182
"p313",3,3,0.55,0.6,0,0.05,0.090909090909091
"p313",3,3,0.25,0.35,0,0.1,0.4
"p313",4,4,0.25,0.3,0,0.05,0.2
"p313",5,5,0.4,0.45,0,0.0499999999999999,0.125
"p313",3,3,0.25,0.25,0,5.55111512312578e-17,2.22044604925031e-16
"p313",4,4,0.4,0.35,0,-0.05,-0.125
"p313",3,3,0.4,0.35,0,-0.05,-0.125
"p313",3,3,0.55,0.45,0,-0.1,-0.181818181818182
"p313",5,5,0.4,0.45,0,0.05,0.125
"p313",4,4,0.4,0.4,0,0,0
"p313",5,5,0.4,0.45,0,0.0499999999999999,0.125
"p313",3,3,0.55,0.45,0,-0.1,-0.181818181818182
"p313",4,4,0.25,0.25,0,5.55111512312578e-17,2.22044604925031e-16
"p313",5,5,0.25,0.25,0,5.55111512312578e-17,2.22044604925031e-16
"p313",5,5,0.25,0.25,0,5.55111512312578e-17,2.22044604925031e-16
"p313",4,4,0.55,0.5,0,-0.05,-0.090909090909091
"p313",3,3,0.4,0.45,0,0.0499999999999999,0.125
"p313",4,4,0.4,0.4,0,-5.55111512312578e-17,-1.38777878078145e-16
"p313",5,5,0.25,0.25,0,0,0
"p313",3,3,0.55,0.5,0,-0.05,-0.090909090909091
"p313",3,3,0.4,0.45,0,0.0499999999999999,0.125
"p313",3,3,0.25,0.25,0,5.55111512312578e-17,2.22044604925031e-16
"p313",3,3,0.55,0.5,0,-0.0500000000000001,-0.0909090909090911
"p313",3,3,0.25,0.25,0,5.55111512312578e-17,2.22044604925031e-16
"p313",3,3,0.4,0.4,0,0,0
"p313",5,5,0.55,0.5,0,-0.05,-0.090909090909091
"p313",4,4,0.25,0.25,0,5.55111512312578e-17,2.22044604925031e-16
"p313",3,3,0.55,0.6,0,0.05,0.090909090909091
"p313",5,5,0.25,0.15,0,-0.0999999999999999,-0.4
"p313",3,3,0.25,0.25,0,0,0
"p313",5,5,0.25,0.2,0,-0.0499999999999999,-0.2
"p313",3,3,0.55,0.55,0,0,0
"p313",5,5,0.55,0.45,0,-0.1,-0.181818181818182
"p313",5,5,0.4,0.35,0,-0.05,-0.125
"p313",3,3,0.25,0.35,0,0.1,0.4
"p313",4,5,0.4,0.3,1,-0.1,-0.25
"p313",3,3,0.25,0.3,0,0.05,0.2
"p313",4,4,0.25,0.3,0,0.05,0.2
"p313",5,5,0.55,0.5,0,-0.0500000000000001,-0.0909090909090911
"p313",4,4,0.55,0.45,0,-0.1,-0.181818181818182
"p313",4,4,0.55,0.5,0,-0.0500000000000001,-0.0909090909090911
"p313",4,4,0.25,0.2,0,-0.0499999999999999,-0.2
"p313",4,4,0.55,0.45,0,-0.1,-0.181818181818182
"p313",4,4,0.25,0.2,0,-0.0499999999999999,-0.2
"p313",5,5,0.55,0.5,0,-0.0500000000000001,-0.0909090909090911
"p313",4,4,0.55,0.45,0,-0.1,-0.181818181818182
"p313",4,4,0.4,0.45,0,0.05,0.125
"p313",5,5,0.25,0.3,0,0.05,0.2
"p313",5,5,0.55,0.55,0,-1.11022302462516e-16,-2.01858731750028e-16
"p313",5,5,0.4,0.35,0,-0.05,-0.125
"p313",5,5,0.25,0.25,0,5.55111512312578e-17,2.22044604925031e-16
"p313",3,3,0.4,0.4,0,-5.55111512312578e-17,-1.38777878078145e-16
"p313",4,4,0.25,0.2,0,-0.05,-0.2
"p313",3,3,0.25,0.2,0,-0.0499999999999999,-0.2
"p313",3,3,0.4,0.3,0,-0.1,-0.25
"p313",3,3,0.25,0.25,0,0,0
"p313",3,3,0.25,0.2,0,-0.0499999999999999,-0.2
"p313",5,5,0.55,0.45,0,-0.1,-0.181818181818182
"p313",4,4,0.25,0.3,0,0.05,0.2
"p313",3,3,0.55,0.4,0,-0.15,-0.272727272727273
"p313",4,4,0.25,0.3,0,0.05,0.2
"p313",5,5,0.4,0.35,0,-0.05,-0.125
"p313",3,3,0.55,0.45,0,-0.1,-0.181818181818182
"p313",4,4,0.25,0.3,0,0.05,0.2
"p313",3,3,0.25,0.25,0,0,0
"p313",4,4,0.4,0.35,0,-0.05,-0.125
"p313",5,5,0.4,0.35,0,-0.05,-0.125
"p313",3,3,0.25,0.25,0,5.55111512312578e-17,2.22044604925031e-16
"p313",5,5,0.25,0.25,0,0,0
"p313",4,5,0.25,0.25,1,0,0
"p313",4,4,0.25,0.25,0,5.55111512312578e-17,2.22044604925031e-16
"p313",3,3,0.25,0.25,0,0,0
"p313",5,5,0.25,0.2,0,-0.05,-0.2
"p313",5,5,0.25,0.2,0,-0.0499999999999999,-0.2
"p313",3,3,0.25,0.25,0,0,0
"p313",4,4,0.4,0.4,0,-5.55111512312578e-17,-1.38777878078145e-16
"p313",5,5,0.4,0.35,0,-0.05,-0.125
"p313",5,5,0.25,0.25,0,5.55111512312578e-17,2.22044604925031e-16
"p313",3,3,0.4,0.4,0,-5.55111512312578e-17,-1.38777878078145e-16
"p313",5,5,0.25,0.25,0,0,0
"p313",3,3,0.4,0.4,0,-5.55111512312578e-17,-1.38777878078145e-16
"p313",4,4,0.55,0.5,0,-0.0500000000000001,-0.0909090909090911
"p313",5,5,0.25,0.2,0,-0.0499999999999999,-0.2
"p313",3,3,0.55,0.45,0,-0.1,-0.181818181818182
"p313",5,5,0.25,0.25,0,0,0
"p313",5,5,0.4,0.45,0,0.0499999999999999,0.125
"p313",4,4,0.4,0.4,0,0,0
"p313",4,4,0.25,0.3,0,0.05,0.2
"p313",3,4,0.55,0.35,1,-0.2,-0.363636363636364
"p313",5,5,0.55,0.45,0,-0.1,-0.181818181818182
"p313",4,4,0.25,0.25,0,0,0
"p313",4,4,0.4,0.3,0,-0.1,-0.25
"p313",3,3,0.55,0.4,0,-0.15,-0.272727272727273
"p313",4,4,0.55,0.5,0,-0.05,-0.090909090909091
"p313",4,4,0.55,0.55,0,0,0
"p313",5,6,0.4,0.35,1,-0.05,-0.125
"p313",5,5,0.55,0.45,0,-0.1,-0.181818181818182
"p313",4,4,0.55,0.5,0,-0.0500000000000001,-0.0909090909090911
"p313",3,3,0.4,0.5,0,0.1,0.25
"p313",4,4,0.4,0.4,0,-5.55111512312578e-17,-1.38777878078145e-16
"p313",4,4,0.55,0.5,0,-0.05,-0.090909090909091
"p313",5,5,0.55,0.55,0,-1.11022302462516e-16,-2.01858731750028e-16
"p313",3,3,0.55,0.5,0,-0.0500000000000001,-0.0909090909090911
"p313",5,5,0.55,0.55,0,-1.11022302462516e-16,-2.01858731750028e-16
"p313",3,3,0.4,0.4,0,-5.55111512312578e-17,-1.38777878078145e-16
"p314",4,3,0.25,0.25,-1,5.55111512312578e-17,2.22044604925031e-16
"p314",4,3,0.25,0.3,-1,0.05,0.2
"p314",5,4,0.25,0.25,-1,5.55111512312578e-17,2.22044604925031e-16
"p314",3,3,0.4,0.35,0,-0.05,-0.125
"p314",3,3,0.25,0.25,0,5.55111512312578e-17,2.22044604925031e-16
"p314",4,3,0.4,0.45,-1,0.0499999999999999,0.125
"p314",4,3,0.4,0.5,-1,0.0999999999999999,0.25
"p314",5,4,0.4,0.35,-1,-0.05,-0.125
"p314",3,3,0.25,0.2,0,-0.05,-0.2
"p314",5,4,0.55,0.45,-1,-0.1,-0.181818181818182
"p314",5,4,0.4,0.45,-1,0.05,0.125
"p314",5,4,0.25,0.3,-1,0.05,0.2
"p314",4,4,0.55,0.55,0,0,0
"p314",3,3,0.55,0.6,0,0.05,0.090909090909091
"p314",5,5,0.4,0.45,0,0.05,0.125
"p314",4,4,0.25,0.3,0,0.05,0.2
"p314",3,3,0.25,0.25,0,5.55111512312578e-17,2.22044604925031e-16
"p314",4,3,0.25,0.25,-1,0,0
"p314",3,3,0.55,0.6,0,0.05,0.090909090909091
"p314",3,3,0.25,0.3,0,0.05,0.2
"p314",5,5,0.25,0.15,0,-0.1,-0.4
"p314",4,3,0.55,0.8,-1,0.25,0.454545454545455
"p314",5,4,0.4,0.55,-1,0.15,0.375
"p314",3,2,0.55,0.8,-1,0.25,0.454545454545455
"p314",3,3,0.25,0.2,0,-0.05,-0.2
"p314",4,4,0.4,0.3,0,-0.1,-0.25
"p314",4,4,0.4,0.4,0,-5.55111512312578e-17,-1.38777878078145e-16
"p314",5,5,0.25,0.25,0,5.55111512312578e-17,2.22044604925031e-16
"p314",3,3,0.4,0.35,0,-0.05,-0.125
"p314",5,4,0.55,0.55,-1,0,0
"p314",3,3,0.25,0.1,0,-0.15,-0.6
"p314",5,4,0.55,0.65,-1,0.1,0.181818181818182
"p314",3,3,0.4,0.3,0,-0.1,-0.25
"p314",3,3,0.25,0.2,0,-0.05,-0.2
"p314",3,3,0.4,0.4,0,0,0
"p314",4,4,0.25,0.15,0,-0.1,-0.4
"p314",5,5,0.25,0.2,0,-0.0499999999999999,-0.2
"p314",4,3,0.55,0.6,-1,0.05,0.090909090909091
"p314",3,3,0.55,0.7,0,0.15,0.272727272727273
"p314",3,3,0.55,0.6,0,0.0499999999999999,0.0909090909090908
"p314",3,3,0.4,0.35,0,-0.05,-0.125
"p314",5,5,0.4,0.4,0,-5.55111512312578e-17,-1.38777878078145e-16
"p314",5,5,0.55,0.45,0,-0.1,-0.181818181818182
"p314",4,4,0.55,0.5,0,-0.05,-0.090909090909091
"p314",4,4,0.25,0.2,0,-0.05,-0.2
"p314",3,3,0.55,0.5,0,-0.0500000000000001,-0.0909090909090911
"p314",4,4,0.25,0.25,0,5.55111512312578e-17,2.22044604925031e-16
"p314",4,4,0.4,0.35,0,-0.05,-0.125
"p314",4,4,0.55,0.6,0,0.05,0.090909090909091
"p314",5,5,0.25,0.15,0,-0.1,-0.4
"p314",5,5,0.55,0.5,0,-0.0500000000000001,-0.0909090909090911
"p314",5,4,0.25,0.15,-1,-0.0999999999999999,-0.4
"p314",4,4,0.55,0.55,0,0,0
"p314",3,3,0.25,0.2,0,-0.0499999999999999,-0.2
"p314",5,5,0.25,0.15,0,-0.0999999999999999,-0.4
"p314",5,5,0.55,0.45,0,-0.1,-0.181818181818182
"p314",5,5,0.55,0.55,0,0,0
"p314",4,4,0.55,0.55,0,0,0
"p314",4,4,0.55,0.8,0,0.25,0.454545454545455
"p314",5,5,0.25,0.15,0,-0.1,-0.4
"p314",4,4,0.4,0.4,0,-5.55111512312578e-17,-1.38777878078145e-16
"p314",3,3,0.55,0.55,0,0,0
"p314",3,3,0.4,0.5,0,0.0999999999999999,0.25
"p314",5,4,0.25,0.35,-1,0.1,0.4
"p314",4,4,0.4,0.45,0,0.0499999999999999,0.125
"p314",5,5,0.4,0.45,0,0.05,0.125
"p314",4,4,0.25,0.45,0,0.2,0.8
"p314",4,3,0.25,0.25,-1,5.55111512312578e-17,2.22044604925031e-16
"p314",3,3,0.4,0.4,0,-5.55111512312578e-17,-1.38777878078145e-16
"p314",5,4,0.55,0.55,-1,0,0
"p314",5,5,0.25,0.1,0,-0.15,-0.6
"p314",3,3,0.4,0.35,0,-0.05,-0.125
"p314",3,3,0.25,0.3,0,0.05,0.2
"p314",5,4,0.25,0.25,-1,5.55111512312578e-17,2.22044604925031e-16
"p314",3,3,0.55,0.6,0,0.0499999999999999,0.0909090909090908
"p314",5,5,0.25,0.15,0,-0.1,-0.4
"p314",3,2,0.25,0.2,-1,-0.0499999999999999,-0.2
"p314",3,3,0.25,0.15,0,-0.1,-0.4
"p314",4,4,0.25,0.3,0,0.05,0.2
"p314",5,5,0.4,0.4,0,-5.55111512312578e-17,-1.38777878078145e-16
"p314",4,4,0.25,0.25,0,5.55111512312578e-17,2.22044604925031e-16
"p314",4,4,0.25,0.25,0,5.55111512312578e-17,2.22044604925031e-16
"p314",3,3,0.25,0.15,0,-0.1,-0.4
"p314",4,4,0.4,0.45,0,0.0499999999999999,0.125
"p314",4,4,0.4,0.45,0,0.0499999999999999,0.125
"p314",5,4,0.55,0.6,-1,0.0499999999999999,0.0909090909090908
"p314",3,3,0.25,0.15,0,-0.1,-0.4
"p314",5,5,0.25,0.15,0,-0.1,-0.4
"p314",4,4,0.55,0.35,0,-0.2,-0.363636363636364
"p314",3,3,0.4,0.35,0,-0.05,-0.125
"p314",5,4,0.4,0.55,-1,0.15,0.375
"p314",4,3,0.25,0.2,-1,-0.0499999999999999,-0.2
"p314",5,5,0.55,0.35,0,-0.2,-0.363636363636364
"p314",3,2,0.55,0.65,-1,0.1,0.181818181818182
"p314",3,2,0.55,0.6,-1,0.0499999999999999,0.0909090909090908
"p314",4,4,0.55,0.6,0,0.05,0.090909090909091
"p314",5,4,0.4,0.35,-1,-0.05,-0.125
"p314",4,4,0.4,0.6,0,0.2,0.5
"p314",5,5,0.4,0.55,0,0.15,0.375
"p314",3,3,0.4,0.4,0,0,0
"p314",3,3,0.55,0.4,0,-0.15,-0.272727272727273
"p314",3,2,0.25,0.2,-1,-0.05,-0.2
"p314",4,3,0.25,0.25,-1,5.55111512312578e-17,2.22044604925031e-16
"p314",3,3,0.55,0.35,0,-0.2,-0.363636363636364
"p314",4,4,0.25,0.2,0,-0.05,-0.2
"p314",5,4,0.25,0.2,-1,-0.0499999999999999,-0.2
"p314",3,2,0.55,0.4,-1,-0.15,-0.272727272727273
"p314",3,3,0.55,0.6,0,0.05,0.090909090909091
"p314",4,3,0.25,0.25,-1,5.55111512312578e-17,2.22044604925031e-16
"p314",3,2,0.55,0.6,-1,0.05,0.090909090909091
"p314",3,2,0.25,0.15,-1,-0.1,-0.4
"p314",5,3,0.25,0.4,-2,0.15,0.6
"p314",3,3,0.55,0.7,0,0.15,0.272727272727273
"p314",3,3,0.4,0.55,0,0.15,0.375
"p314",3,3,0.4,0.6,0,0.2,0.5
"p314",5,5,0.55,0.6,0,0.05,0.090909090909091
"p314",5,4,0.4,0.45,-1,0.0499999999999999,0.125
"p314",5,5,0.4,0.45,0,0.05,0.125
"p314",4,5,0.55,0.45,1,-0.1,-0.181818181818182
"p314",4,4,0.4,0.45,0,0.0499999999999999,0.125
"p314",5,6,0.4,0.45,1,0.0499999999999999,0.125
"p314",4,4,0.55,0.45,0,-0.1,-0.181818181818182
"p314",5,6,0.55,0.5,1,-0.05,-0.090909090909091
"p314",3,2,0.4,0.6,-1,0.2,0.5
"p314",4,4,0.25,0.3,0,0.05,0.2
"p314",5,5,0.55,0.45,0,-0.1,-0.181818181818182
"p314",5,5,0.25,0.2,0,-0.05,-0.2
"p314",3,2,0.25,0.2,-1,-0.05,-0.2
"p314",5,5,0.4,0.35,0,-0.05,-0.125
"p314",4,3,0.25,0.2,-1,-0.05,-0.2
"p314",4,4,0.25,0.15,0,-0.1,-0.4
"p314",3,3,0.25,0.15,0,-0.0999999999999999,-0.4
"p314",3,2,0.25,0.15,-1,-0.0999999999999999,-0.4
"p314",3,2,0.4,0.5,-1,0.0999999999999999,0.25
"p314",3,3,0.25,0.25,0,5.55111512312578e-17,2.22044604925031e-16
"p314",5,5,0.25,0.15,0,-0.1,-0.4
"p314",5,5,0.25,0.2,0,-0.0499999999999999,-0.2
"p314",4,3,0.4,0.35,-1,-0.05,-0.125
"p314",4,3,0.25,0.1,-1,-0.15,-0.6
"p314",5,5,0.55,0.35,0,-0.2,-0.363636363636364
"p314",3,3,0.4,0.3,0,-0.1,-0.25
"p314",5,4,0.25,0.2,-1,-0.0499999999999999,-0.2
"p314",4,4,0.55,0.5,0,-0.0500000000000001,-0.0909090909090911
"p314",3,3,0.25,0.2,0,-0.05,-0.2
"p314",3,3,0.25,0.15,0,-0.1,-0.4
"p314",5,5,0.25,0.15,0,-0.0999999999999999,-0.4
"p314",4,3,0.4,0.45,-1,0.0499999999999999,0.125
"p314",3,3,0.55,0.55,0,-1.11022302462516e-16,-2.01858731750028e-16
"p314",4,3,0.55,0.6,-1,0.0499999999999999,0.0909090909090908
"p314",5,5,0.4,0.65,0,0.25,0.625
"p314",5,4,0.55,0.6,-1,0.0499999999999999,0.0909090909090908
"p314",3,2,0.55,0.55,-1,-1.11022302462516e-16,-2.01858731750028e-16
"p314",4,4,0.25,0.0500000000000001,0,-0.2,-0.8
"p314",4,4,0.4,0.3,0,-0.1,-0.25
"p314",4,5,0.4,0.5,1,0.0999999999999999,0.25
"p314",4,5,0.55,0.45,1,-0.1,-0.181818181818182
"p314",3,2,0.25,0.15,-1,-0.0999999999999999,-0.4
"p314",5,4,0.4,0.35,-1,-0.05,-0.125
"p314",3,2,0.4,0.45,-1,0.0499999999999999,0.125
"p314",3,3,0.4,0.4,0,-5.55111512312578e-17,-1.38777878078145e-16
"p314",4,3,0.55,0.45,-1,-0.1,-0.181818181818182
"p314",5,4,0.55,0.5,-1,-0.0500000000000001,-0.0909090909090911
"p314",5,5,0.55,0.45,0,-0.1,-0.181818181818182
"p314",5,5,0.25,0.25,0,5.55111512312578e-17,2.22044604925031e-16
"p314",3,4,0.55,0.45,1,-0.1,-0.181818181818182
"p314",4,3,0.25,0.15,-1,-0.0999999999999999,-0.4
"p314",5,4,0.4,0.4,-1,-5.55111512312578e-17,-1.38777878078145e-16
"p314",3,2,0.4,0.5,-1,0.1,0.25
"p314",3,3,0.55,0.45,0,-0.1,-0.181818181818182
"p314",4,3,0.55,0.45,-1,-0.1,-0.181818181818182
"p314",4,4,0.4,0.65,0,0.25,0.625
"p314",5,5,0.25,0.1,0,-0.15,-0.6
"p314",4,4,0.25,0.15,0,-0.1,-0.4
"p314",4,4,0.4,0.45,0,0.0499999999999999,0.125
"p314",3,2,0.25,0.2,-1,-0.05,-0.2
"p314",3,2,0.25,0.15,-1,-0.0999999999999999,-0.4
"p314",5,4,0.25,0.1,-1,-0.15,-0.6
"p314",4,3,0.25,0.15,-1,-0.0999999999999999,-0.4
"p314",3,2,0.55,0.6,-1,0.0499999999999999,0.0909090909090908
"p314",5,4,0.55,0.45,-1,-0.1,-0.181818181818182
"p314",5,5,0.25,0.2,0,-0.05,-0.2
"p314",3,2,0.4,0.35,-1,-0.05,-0.125
"p314",4,3,0.25,0.25,-1,5.55111512312578e-17,2.22044604925031e-16
"p314",4,3,0.4,0.4,-1,-5.55111512312578e-17,-1.38777878078145e-16
"p314",3,2,0.55,0.45,-1,-0.1,-0.181818181818182
"p314",4,3,0.55,0.6,-1,0.0499999999999999,0.0909090909090908
"p314",4,4,0.55,0.55,0,-1.11022302462516e-16,-2.01858731750028e-16
"p314",3,3,0.55,0.5,0,-0.0500000000000001,-0.0909090909090911
"p314",5,5,0.4,0.5,0,0.0999999999999999,0.25
"p314",5,5,0.55,0.45,0,-0.1,-0.181818181818182
"p314",5,6,0.25,0.1,1,-0.15,-0.6
"p314",5,5,0.25,0.1,0,-0.15,-0.6
"p314",4,4,0.25,0.1,0,-0.15,-0.6
"p314",4,5,0.4,0.25,1,-0.15,-0.375
"p314",3,3,0.55,0.25,0,-0.3,-0.545454545454545
"p314",4,3,0.55,0.45,-1,-0.1,-0.181818181818182
"p314",5,6,0.4,0.35,1,-0.05,-0.125
"p314",5,6,0.4,0.4,1,0,0
"p314",5,5,0.55,0.45,0,-0.1,-0.181818181818182
"p314",3,2,0.25,0.3,-1,0.05,0.2
"p314",4,3,0.25,0.3,-1,0.05,0.2
"p314",5,4,0.25,0.2,-1,-0.05,-0.2
"p314",3,3,0.4,0.4,0,-5.55111512312578e-17,-1.38777878078145e-16
"p314",4,4,0.4,0.35,0,-0.05,-0.125
"p314",4,4,0.25,0.25,0,0,0
"p314",3,3,0.25,0.35,0,0.1,0.4
"p314",3,3,0.25,0.2,0,-0.0499999999999999,-0.2
"p314",3,2,0.25,0.2,-1,-0.05,-0.2
"p314",3,2,0.25,0.15,-1,-0.1,-0.4
"p314",5,4,0.55,0.5,-1,-0.05,-0.090909090909091
"p314",3,2,0.4,0.5,-1,0.1,0.25
"p314",3,3,0.4,0.5,0,0.1,0.25
"p314",3,3,0.55,0.6,0,0.05,0.090909090909091
"p314",4,4,0.25,0.3,0,0.05,0.2
"p314",5,5,0.25,0.2,0,-0.05,-0.2
"p314",5,6,0.4,0.3,1,-0.1,-0.25
"p314",5,5,0.4,0.4,0,-5.55111512312578e-17,-1.38777878078145e-16
"p314",5,5,0.25,0.1,0,-0.15,-0.6
"p314",3,2,0.25,0.15,-1,-0.1,-0.4
"p314",3,2,0.25,0.1,-1,-0.15,-0.6
"p314",3,3,0.25,0.15,0,-0.0999999999999999,-0.4
"p314",4,4,0.25,0.15,0,-0.0999999999999999,-0.4
"p314",5,5,0.4,0.45,0,0.0499999999999999,0.125
"p314",3,3,0.4,0.4,0,0,0
"p314",4,4,0.55,0.55,0,0,0
"p314",5,5,0.25,0.2,0,-0.05,-0.2
"p314",3,2,0.4,0.5,-1,0.1,0.25
"p314",4,3,0.55,0.55,-1,-1.11022302462516e-16,-2.01858731750028e-16
"p314",4,4,0.25,0.2,0,-0.05,-0.2
"p314",3,2,0.55,0.7,-1,0.15,0.272727272727273
"p314",4,4,0.4,0.5,0,0.0999999999999999,0.25
"p314",5,4,0.55,0.65,-1,0.1,0.181818181818182
"p314",4,4,0.4,0.4,0,0,0
"p314",3,2,0.4,0.5,-1,0.1,0.25
"p314",3,2,0.55,0.55,-1,-1.11022302462516e-16,-2.01858731750028e-16
"p314",4,4,0.25,0.2,0,-0.05,-0.2
"p314",4,4,0.4,0.4,0,0,0
"p314",5,5,0.25,0.15,0,-0.0999999999999999,-0.4
"p314",5,5,0.55,0.5,0,-0.05,-0.090909090909091
"p314",3,3,0.55,0.5,0,-0.0500000000000001,-0.0909090909090911
"p314",5,6,0.55,0.5,1,-0.0500000000000001,-0.0909090909090911
"p314",3,2,0.25,0.1,-1,-0.15,-0.6
"p314",4,4,0.4,0.3,0,-0.1,-0.25
"p314",4,3,0.25,0.15,-1,-0.0999999999999999,-0.4
"p314",5,4,0.25,0.15,-1,-0.0999999999999999,-0.4
"p314",4,4,0.25,0.1,0,-0.15,-0.6
"p314",3,2,0.55,0.65,-1,0.1,0.181818181818182
"p314",4,3,0.55,0.65,-1,0.1,0.181818181818182
"p314",5,4,0.25,0.25,-1,0,0
"p314",3,2,0.25,0.15,-1,-0.1,-0.4
"p314",3,2,0.25,0.15,-1,-0.0999999999999999,-0.4
"p314",5,5,0.55,0.65,0,0.1,0.181818181818182
"p314",4,4,0.4,0.3,0,-0.1,-0.25
"p314",4,4,0.55,0.35,0,-0.2,-0.363636363636364
"p314",5,5,0.25,0.15,0,-0.1,-0.4
"p314",4,4,0.55,0.45,0,-0.1,-0.181818181818182
"p314",5,5,0.4,0.4,0,0,0
"p314",5,4,0.4,0.55,-1,0.15,0.375
"p314",3,3,0.55,0.6,0,0.0499999999999999,0.0909090909090908
"p314",4,4,0.25,0.15,0,-0.0999999999999999,-0.4
"p314",4,3,0.55,0.5,-1,-0.0500000000000001,-0.0909090909090911
"p314",5,5,0.4,0.4,0,-5.55111512312578e-17,-1.38777878078145e-16
"p314",4,3,0.25,0.2,-1,-0.0499999999999999,-0.2
"p314",3,2,0.4,0.6,-1,0.2,0.5
"p314",4,3,0.25,0.2,-1,-0.0499999999999999,-0.2
"p314",4,3,0.55,0.6,-1,0.0499999999999999,0.0909090909090908
"p314",3,2,0.25,0.35,-1,0.1,0.4
"p314",3,3,0.4,0.25,0,-0.15,-0.375
"p314",5,4,0.55,0.5,-1,-0.05,-0.090909090909091
"p314",3,3,0.55,0.55,0,-1.11022302462516e-16,-2.01858731750028e-16
"p314",3,2,0.25,0.15,-1,-0.1,-0.4
"p314",5,4,0.25,0.15,-1,-0.1,-0.4
"p314",5,5,0.25,0.15,0,-0.0999999999999999,-0.4
"p314",4,4,0.55,0.5,0,-0.05,-0.090909090909091
"p314",4,4,0.25,0.2,0,-0.0499999999999999,-0.2
"p314",4,3,0.4,0.3,-1,-0.1,-0.25
"p314",3,4,0.4,0.4,1,0,0
"p314",4,3,0.25,0.25,-1,5.55111512312578e-17,2.22044604925031e-16
"p314",4,4,0.4,0.5,0,0.0999999999999999,0.25
"p314",5,5,0.55,0.55,0,-1.11022302462516e-16,-2.01858731750028e-16
"p314",3,4,0.4,0.4,1,0,0
"p314",5,4,0.4,0.35,-1,-0.05,-0.125
"p314",5,6,0.55,0.6,1,0.05,0.090909090909091
"p314",3,2,0.25,0.2,-1,-0.0499999999999999,-0.2
"p314",3,3,0.55,0.45,0,-0.1,-0.181818181818182
"p314",4,3,0.4,0.5,-1,0.1,0.25
"p314",4,4,0.55,0.55,0,-1.11022302462516e-16,-2.01858731750028e-16
"p314",3,2,0.55,0.6,-1,0.05,0.090909090909091
"p314",3,2,0.55,0.65,-1,0.1,0.181818181818182
"p314",3,2,0.25,0.05,-1,-0.2,-0.8
"p314",5,4,0.55,0.5,-1,-0.0500000000000001,-0.0909090909090911
"p314",4,2,0.25,0.15,-2,-0.0999999999999999,-0.4
"p314",5,4,0.25,0.15,-1,-0.0999999999999999,-0.4
"p314",5,4,0.4,0.4,-1,0,0
"p314",3,3,0.25,0.05,0,-0.2,-0.8
"p314",5,5,0.25,0.15,0,-0.1,-0.4
"p314",3,2,0.55,0.35,-1,-0.2,-0.363636363636364
"p314",4,3,0.25,0.1,-1,-0.15,-0.6
"p314",4,4,0.4,0.3,0,-0.1,-0.25
"p314",5,4,0.25,0.1,-1,-0.15,-0.6
"p314",4,5,0.55,0.25,1,-0.3,-0.545454545454546
"p314",5,5,0.25,0.1,0,-0.15,-0.6
"p314",4,4,0.4,0.35,0,-0.05,-0.125
"p314",5,5,0.4,0.3,0,-0.1,-0.25
"p314",3,3,0.25,0.1,0,-0.15,-0.6
"p314",3,2,0.55,0.5,-1,-0.0500000000000001,-0.0909090909090911
"p314",5,5,0.25,0.1,0,-0.15,-0.6
"p314",5,5,0.4,0.35,0,-0.05,-0.125
"p314",5,4,0.55,0.35,-1,-0.2,-0.363636363636364
"p314",3,3,0.25,0.1,0,-0.15,-0.6
"p314",4,4,0.25,0.1,0,-0.15,-0.6
"p314",3,2,0.4,0.3,-1,-0.1,-0.25
"p314",5,5,0.25,0.25,0,5.55111512312578e-17,2.22044604925031e-16
"p314",3,2,0.25,0.15,-1,-0.1,-0.4
"p314",4,3,0.55,0.4,-1,-0.15,-0.272727272727273
"p314",3,2,0.4,0.35,-1,-0.05,-0.125
"p314",4,3,0.4,0.45,-1,0.0499999999999999,0.125
"p314",4,4,0.4,0.45,0,0.05,0.125
"p314",5,5,0.4,0.35,0,-0.05,-0.125
"p314",3,3,0.55,0.4,0,-0.15,-0.272727272727273
"p314",3,3,0.25,0.25,0,5.55111512312578e-17,2.22044604925031e-16
"p314",3,3,0.55,0.45,0,-0.1,-0.181818181818182
"p314",5,5,0.55,0.55,0,0,0
"p314",3,3,0.55,0.45,0,-0.1,-0.181818181818182
"p314",3,3,0.55,0.65,0,0.1,0.181818181818182
"p314",5,5,0.55,0.6,0,0.0499999999999999,0.0909090909090908
"p314",5,5,0.4,0.3,0,-0.1,-0.25
"p314",3,3,0.4,0.4,0,-5.55111512312578e-17,-1.38777878078145e-16
"p314",3,3,0.25,0.15,0,-0.1,-0.4
"p314",5,5,0.25,0.1,0,-0.15,-0.6
"p314",5,4,0.55,0.5,-1,-0.0500000000000001,-0.0909090909090911
"p314",3,3,0.25,0.05,0,-0.2,-0.8
"p314",4,4,0.25,0.15,0,-0.0999999999999999,-0.4
"p314",4,4,0.25,0.15,0,-0.1,-0.4
"p314",5,4,0.25,0.15,-1,-0.0999999999999999,-0.4
"p314",4,4,0.4,0.3,0,-0.1,-0.25
"p314",5,5,0.4,0.3,0,-0.1,-0.25
"p314",4,4,0.25,0.3,0,0.05,0.2
"p314",3,3,0.4,0.4,0,-5.55111512312578e-17,-1.38777878078145e-16
"p314",5,5,0.25,0.1,0,-0.15,-0.6
"p314",3,3,0.55,0.55,0,-1.11022302462516e-16,-2.01858731750028e-16
"p314",4,3,0.55,0.65,-1,0.1,0.181818181818182
"p314",5,4,0.25,0.1,-1,-0.15,-0.6
"p314",3,4,0.25,0.1,1,-0.15,-0.6
"p314",4,4,0.55,0.65,0,0.1,0.181818181818182
"p314",4,4,0.55,0.45,0,-0.1,-0.181818181818182
"p314",5,5,0.4,0.55,0,0.15,0.375
"p314",4,4,0.25,0.25,0,0,0
"p314",3,3,0.25,0.1,0,-0.15,-0.6
"p314",4,4,0.55,0.55,0,0,0
"p314",4,3,0.25,0.2,-1,-0.05,-0.2
"p314",5,5,0.55,0.45,0,-0.1,-0.181818181818182
"p314",3,2,0.25,0.25,-1,0,0
"p314",5,4,0.25,0.25,-1,5.55111512312578e-17,2.22044604925031e-16
"p314",3,4,0.55,0.4,1,-0.15,-0.272727272727273
"p314",4,4,0.4,0.35,0,-0.05,-0.125
"p314",4,4,0.25,0.1,0,-0.15,-0.6
"p314",5,5,0.4,0.4,0,-5.55111512312578e-17,-1.38777878078145e-16
"p314",5,5,0.25,0.25,0,5.55111512312578e-17,2.22044604925031e-16
"p314",4,4,0.4,0.45,0,0.05,0.125
"p314",4,4,0.25,0.3,0,0.05,0.2
"p314",3,3,0.4,0.5,0,0.0999999999999999,0.25
"p314",5,5,0.55,0.5,0,-0.05,-0.090909090909091
"p314",3,2,0.4,0.45,-1,0.05,0.125
"p314",3,2,0.4,0.4,-1,0,0
"p314",4,4,0.4,0.3,0,-0.1,-0.25
"p314",3,3,0.25,0.15,0,-0.1,-0.4
"p314",3,3,0.25,0.25,0,0,0
"p314",4,3,0.25,0.2,-1,-0.05,-0.2
"p314",5,5,0.4,0.25,0,-0.15,-0.375
"p314",5,4,0.25,0.2,-1,-0.05,-0.2
"p314",4,4,0.4,0.45,0,0.0499999999999999,0.125
"p314",4,4,0.25,0.1,0,-0.15,-0.6
"p314",4,5,0.55,0.6,1,0.05,0.090909090909091
"p314",3,3,0.4,0.45,0,0.0499999999999999,0.125
"p314",3,4,0.55,0.65,1,0.1,0.181818181818182
"p314",5,5,0.55,0.55,0,0,0
"p314",4,3,0.4,0.45,-1,0.0499999999999999,0.125
"p314",3,3,0.25,0.15,0,-0.1,-0.4
"p314",3,3,0.55,0.45,0,-0.1,-0.181818181818182
"p314",5,5,0.25,0.05,0,-0.2,-0.8
"p314",5,5,0.25,0.1,0,-0.15,-0.6
"p314",3,2,0.55,0.4,-1,-0.15,-0.272727272727273
"p314",3,2,0.25,0.1,-1,-0.15,-0.6
"p314",5,5,0.4,0.3,0,-0.1,-0.25
"p314",4,4,0.55,0.4,0,-0.15,-0.272727272727273
"p314",3,2,0.4,0.45,-1,0.05,0.125
"p314",4,4,0.25,0.25,0,5.55111512312578e-17,2.22044604925031e-16
"p314",4,4,0.55,0.4,0,-0.15,-0.272727272727273
"p314",5,5,0.4,0.35,0,-0.05,-0.125
"p314",4,4,0.25,0.1,0,-0.15,-0.6
"p314",5,5,0.55,0.4,0,-0.15,-0.272727272727273
"p314",4,3,0.25,0.25,-1,5.55111512312578e-17,2.22044604925031e-16
"p314",4,4,0.55,0.6,0,0.05,0.090909090909091
"p314",5,5,0.55,0.6,0,0.05,0.090909090909091
"p314",5,5,0.55,0.5,0,-0.0500000000000001,-0.0909090909090911
"p314",3,2,0.25,0.25,-1,5.55111512312578e-17,2.22044604925031e-16
"p314",5,6,0.4,0.5,1,0.0999999999999999,0.25
"p314",3,3,0.4,0.4,0,0,0
"p314",4,4,0.4,0.3,0,-0.1,-0.25
"p314",3,3,0.55,0.5,0,-0.0500000000000001,-0.0909090909090911
"p314",5,5,0.25,0.15,0,-0.1,-0.4
"p314",3,2,0.55,0.5,-1,-0.05,-0.090909090909091
"p314",5,4,0.25,0.15,-1,-0.0999999999999999,-0.4
"p314",5,5,0.4,0.4,0,-5.55111512312578e-17,-1.38777878078145e-16
"p314",3,3,0.4,0.35,0,-0.05,-0.125
"p314",3,3,0.55,0.35,0,-0.2,-0.363636363636364
"p314",4,4,0.4,0.4,0,-5.55111512312578e-17,-1.38777878078145e-16
"p314",3,3,0.25,0.1,0,-0.15,-0.6
"p314",3,3,0.25,0.1,0,-0.15,-0.6
"p314",4,4,0.25,0.2,0,-0.0499999999999999,-0.2
"p314",5,4,0.55,0.5,-1,-0.0500000000000001,-0.0909090909090911
"p314",5,6,0.25,0.1,1,-0.15,-0.6
"p314",4,4,0.25,0.05,0,-0.2,-0.8
"p314",4,5,0.55,0.3,1,-0.25,-0.454545454545455
"p314",5,5,0.25,0.1,0,-0.15,-0.6
"p314",3,2,0.25,0.1,-1,-0.15,-0.6
"p314",4,3,0.25,0.1,-1,-0.15,-0.6
"p314",5,5,0.25,0.15,0,-0.0999999999999999,-0.4
"p314",5,4,0.4,0.2,-1,-0.2,-0.5
"p314",3,3,0.55,0.35,0,-0.2,-0.363636363636364
"p314",3,3,0.55,0.45,0,-0.1,-0.181818181818182
"p314",3,2,0.4,0.35,-1,-0.05,-0.125
"p314",5,4,0.25,0.5,-1,0.25,1
"p314",3,2,0.4,0.35,-1,-0.05,-0.125
"p314",5,5,0.25,0.1,0,-0.15,-0.6
"p314",4,3,0.25,0.15,-1,-0.0999999999999999,-0.4
"p314",5,5,0.55,0.4,0,-0.15,-0.272727272727273
"p314",5,5,0.4,0.35,0,-0.05,-0.125
"p314",3,3,0.25,0.2,0,-0.05,-0.2
"p314",4,3,0.4,0.3,-1,-0.1,-0.25
"p314",5,5,0.55,0.4,0,-0.15,-0.272727272727273
"p314",4,3,0.55,0.35,-1,-0.2,-0.363636363636364
"p314",4,3,0.25,0.25,-1,5.55111512312578e-17,2.22044604925031e-16
"p314",4,3,0.25,0.1,-1,-0.15,-0.6
"p314",5,5,0.25,0.15,0,-0.1,-0.4
"p314",4,4,0.25,0.1,0,-0.15,-0.6
"p314",3,3,0.25,0.0500000000000001,0,-0.2,-0.8
"p314",5,5,0.4,0.3,0,-0.1,-0.25
"p314",4,4,0.55,0.35,0,-0.2,-0.363636363636364
"p314",3,3,0.4,0.4,0,-5.55111512312578e-17,-1.38777878078145e-16
"p314",3,2,0.25,0.2,-1,-0.0499999999999999,-0.2
"p314",3,3,0.55,0.5,0,-0.05,-0.090909090909091
"p314",5,4,0.4,0.4,-1,-5.55111512312578e-17,-1.38777878078145e-16
"p314",4,4,0.55,0.4,0,-0.15,-0.272727272727273
"p314",5,6,0.55,0.45,1,-0.1,-0.181818181818182
"p314",4,4,0.55,0.35,0,-0.2,-0.363636363636364
"p314",3,4,0.25,0.15,1,-0.1,-0.4
"p314",4,4,0.4,0.35,0,-0.05,-0.125
"p314",4,4,0.25,0.15,0,-0.1,-0.4
"p314",3,3,0.4,0.35,0,-0.05,-0.125
"p314",5,5,0.55,0.45,0,-0.1,-0.181818181818182
"p314",3,3,0.55,0.45,0,-0.1,-0.181818181818182
"p314",3,3,0.55,0.5,0,-0.0500000000000001,-0.0909090909090911
"p314",4,5,0.55,0.45,1,-0.1,-0.181818181818182
"p314",4,4,0.4,0.35,0,-0.05,-0.125
"p314",3,3,0.4,0.35,0,-0.05,-0.125
"p314",4,5,0.4,0.5,1,0.1,0.25
"p314",5,5,0.25,0.15,0,-0.1,-0.4
"p314",4,4,0.4,0.3,0,-0.1,-0.25
"p314",5,5,0.25,0.1,0,-0.15,-0.6
"p314",5,5,0.25,0.1,0,-0.15,-0.6
"p314",5,6,0.4,0.35,1,-0.05,-0.125
"p314",3,3,0.25,0.1,0,-0.15,-0.6
"p314",3,4,0.25,0.15,1,-0.1,-0.4
"p314",4,5,0.25,0.1,1,-0.15,-0.6
"p314",5,5,0.55,0.3,0,-0.25,-0.454545454545455
"p314",3,3,0.55,0.45,0,-0.1,-0.181818181818182
"p314",5,4,0.4,0.4,-1,0,0
"p314",5,4,0.55,0.45,-1,-0.1,-0.181818181818182
"p314",4,4,0.4,0.35,0,-0.05,-0.125
"p314",5,5,0.4,0.35,0,-0.05,-0.125
"p314",4,4,0.25,0.3,0,0.05,0.2
"p314",5,5,0.4,0.4,0,-5.55111512312578e-17,-1.38777878078145e-16
"p314",3,3,0.55,0.45,0,-0.1,-0.181818181818182
"p314",4,3,0.25,0.2,-1,-0.0499999999999999,-0.2
"p314",3,3,0.55,0.4,0,-0.15,-0.272727272727273
"p314",5,5,0.55,0.55,0,0,0
"p314",4,4,0.55,0.45,0,-0.1,-0.181818181818182
"p314",5,5,0.25,0.2,0,-0.0499999999999999,-0.2
"p314",4,4,0.4,0.45,0,0.05,0.125
"p314",5,5,0.55,0.55,0,-1.11022302462516e-16,-2.01858731750028e-16
"p314",5,6,0.4,0.5,1,0.1,0.25
"p314",3,3,0.25,0.1,0,-0.15,-0.6
"p314",3,3,0.25,0.1,0,-0.15,-0.6
"p314",4,5,0.55,0.45,1,-0.1,-0.181818181818182
"p314",3,3,0.25,0.2,0,-0.0499999999999999,-0.2
"p314",4,3,0.4,0.2,-1,-0.2,-0.5
"p314",5,5,0.25,0.25,0,5.55111512312578e-17,2.22044604925031e-16
"p314",3,2,0.4,0.3,-1,-0.1,-0.25
"p314",5,6,0.4,0.3,1,-0.1,-0.25
"p314",4,3,0.55,0.4,-1,-0.15,-0.272727272727273
"p314",3,2,0.4,0.4,-1,0,0
"p314",3,4,0.55,0.5,1,-0.0500000000000001,-0.0909090909090911
"p314",5,4,0.25,0.3,-1,0.05,0.2
"p314",3,4,0.4,0.35,1,-0.05,-0.125
"p314",3,2,0.55,0.5,-1,-0.0500000000000001,-0.0909090909090911
"p314",5,6,0.55,0.6,1,0.05,0.090909090909091
"p314",3,4,0.25,0.15,1,-0.1,-0.4
"p314",5,5,0.25,0.3,0,0.05,0.2
"p314",3,2,0.25,0.15,-1,-0.1,-0.4
"p314",4,3,0.25,0.3,-1,0.05,0.2
"p314",4,4,0.25,0.15,0,-0.0999999999999999,-0.4
"p314",5,5,0.55,0.3,0,-0.25,-0.454545454545455
"p314",4,3,0.25,0.2,-1,-0.0499999999999999,-0.2
"p314",3,4,0.4,0.2,1,-0.2,-0.5
"p314",3,3,0.25,0.2,0,-0.05,-0.2
"p314",4,3,0.55,0.35,-1,-0.2,-0.363636363636364
"p314",5,5,0.25,0.15,0,-0.1,-0.4
"p314",4,4,0.25,0.2,0,-0.05,-0.2
"p314",4,4,0.25,0.25,0,0,0
"p314",3,4,0.4,0.4,1,0,0
"p314",5,5,0.25,0.3,0,0.05,0.2
"p314",3,2,0.25,0.2,-1,-0.05,-0.2
"p314",3,2,0.55,0.6,-1,0.05,0.090909090909091
"p314",5,5,0.25,0.2,0,-0.05,-0.2
"p314",4,4,0.55,0.45,0,-0.1,-0.181818181818182
"p314",4,5,0.4,0.4,1,-5.55111512312578e-17,-1.38777878078145e-16
"p314",4,3,0.4,0.35,-1,-0.05,-0.125
"p314",3,3,0.55,0.4,0,-0.15,-0.272727272727273
"p315",4,4,0.55,0.4,0,-0.15,-0.272727272727273
"p315",3,4,0.4,0.35,1,-0.05,-0.125
"p315",3,5,0.25,0.25,2,0,0
"p315",5,5,0.4,0.4,0,0,0
"p315",5,6,0.25,0.25,1,0,0
"p315",5,6,0.4,0.3,1,-0.1,-0.25
"p315",3,4,0.4,0.3,1,-0.1,-0.25
"p315",5,6,0.25,0.25,1,5.55111512312578e-17,2.22044604925031e-16
"p315",4,5,0.4,0.2,1,-0.2,-0.5
"p315",3,5,0.4,0.25,2,-0.15,-0.375
"p315",4,4,0.25,0.15,0,-0.1,-0.4
"p315",4,5,0.25,0.2,1,-0.05,-0.2
"p315",3,4,0.55,0.3,1,-0.25,-0.454545454545455
"p315",3,4,0.25,0.2,1,-0.05,-0.2
"p315",5,6,0.25,0.15,1,-0.1,-0.4
"p315",5,6,0.55,0.45,1,-0.1,-0.181818181818182
"p315",4,6,0.4,0.4,2,-5.55111512312578e-17,-1.38777878078145e-16
"p315",5,6,0.55,0.65,1,0.1,0.181818181818182
"p315",3,6,0.55,0.55,3,0,0
"p315",4,6,0.55,0.5,2,-0.0500000000000001,-0.0909090909090911
"p315",4,6,0.25,0.25,2,0,0
"p315",5,7,0.55,0.5,2,-0.0500000000000001,-0.0909090909090911
"p315",4,4,0.55,0.5,0,-0.05,-0.090909090909091
"p315",4,5,0.25,0.15,1,-0.0999999999999999,-0.4
"p315",3,4,0.25,0.2,1,-0.0499999999999999,-0.2
"p315",5,6,0.55,0.5,1,-0.05,-0.090909090909091
"p315",5,7,0.55,0.5,2,-0.05,-0.090909090909091
"p315",5,6,0.25,0.15,1,-0.1,-0.4
"p315",4,4,0.55,0.45,0,-0.1,-0.181818181818182
"p315",4,5,0.55,0.5,1,-0.0500000000000001,-0.0909090909090911
"p315",3,3,0.25,0.25,0,0,0
"p315",3,2,0.4,0.3,-1,-0.1,-0.25
"p315",3,3,0.25,0.15,0,-0.1,-0.4
"p315",5,4,0.4,0.4,-1,-5.55111512312578e-17,-1.38777878078145e-16
"p315",5,5,0.25,0.4,0,0.15,0.6
"p315",4,4,0.4,0.3,0,-0.1,-0.25
"p315",5,6,0.4,0.35,1,-0.05,-0.125
"p315",3,3,0.55,0.65,0,0.1,0.181818181818182
"p315",3,3,0.55,0.7,0,0.15,0.272727272727273
"p315",3,3,0.55,0.6,0,0.0499999999999999,0.0909090909090908
"p315",3,3,0.4,0.6,0,0.2,0.5
"p315",5,4,0.25,0.2,-1,-0.05,-0.2
"p315",3,3,0.55,0.6,0,0.05,0.090909090909091
"p315",4,3,0.25,0.15,-1,-0.1,-0.4
"p315",3,3,0.25,0.15,0,-0.0999999999999999,-0.4
"p315",5,4,0.4,0.25,-1,-0.15,-0.375
"p315",4,4,0.4,0.25,0,-0.15,-0.375
"p315",3,3,0.25,0.15,0,-0.1,-0.4
"p315",5,6,0.25,0.15,1,-0.0999999999999999,-0.4
"p315",4,5,0.4,0.4,1,-5.55111512312578e-17,-1.38777878078145e-16
"p315",4,5,0.25,0.25,1,0,0
"p315",4,4,0.25,0.15,0,-0.0999999999999999,-0.4
"p315",3,3,0.55,0.55,0,0,0
"p315",5,5,0.25,0.2,0,-0.05,-0.2
"p315",4,4,0.25,0.2,0,-0.0499999999999999,-0.2
"p315",4,4,0.55,0.55,0,-1.11022302462516e-16,-2.01858731750028e-16
"p315",3,4,0.4,0.45,1,0.05,0.125
"p315",3,4,0.4,0.3,1,-0.1,-0.25
"p315",3,3,0.55,0.4,0,-0.15,-0.272727272727273
"p315",5,4,0.55,0.55,-1,-1.11022302462516e-16,-2.01858731750028e-16
"p315",5,5,0.25,0.2,0,-0.05,-0.2
"p315",5,6,0.25,0.15,1,-0.1,-0.4
"p315",4,4,0.4,0.3,0,-0.1,-0.25
"p315",3,3,0.55,0.35,0,-0.2,-0.363636363636364
"p315",5,6,0.4,0.35,1,-0.05,-0.125
"p315",3,3,0.25,0.15,0,-0.1,-0.4
"p315",4,4,0.25,0.2,0,-0.05,-0.2
"p315",5,5,0.55,0.55,0,-1.11022302462516e-16,-2.01858731750028e-16
"p315",3,4,0.4,0.25,1,-0.15,-0.375
"p315",5,5,0.55,0.45,0,-0.1,-0.181818181818182
"p315",5,5,0.4,0.35,0,-0.05,-0.125
"p315",3,3,0.4,0.35,0,-0.05,-0.125
"p315",4,5,0.4,0.4,1,-5.55111512312578e-17,-1.38777878078145e-16
"p315",3,3,0.25,0.15,0,-0.0999999999999999,-0.4
"p315",5,5,0.25,0.15,0,-0.1,-0.4
"p315",4,4,0.4,0.3,0,-0.1,-0.25
"p315",4,5,0.55,0.4,1,-0.15,-0.272727272727273
"p315",4,4,0.25,0.15,0,-0.0999999999999999,-0.4
"p315",5,5,0.25,0.25,0,5.55111512312578e-17,2.22044604925031e-16
"p315",4,5,0.25,0.2,1,-0.05,-0.2
"p315",5,6,0.55,0.35,1,-0.2,-0.363636363636364
"p315",3,3,0.25,0.15,0,-0.1,-0.4
"p315",4,4,0.25,0.2,0,-0.0499999999999999,-0.2
"p315",3,3,0.55,0.5,0,-0.0500000000000001,-0.0909090909090911
"p315",3,2,0.25,0.3,-1,0.05,0.2
"p315",4,3,0.55,0.5,-1,-0.05,-0.090909090909091
"p315",3,2,0.4,0.45,-1,0.0499999999999999,0.125
"p315",4,4,0.4,0.45,0,0.05,0.125
"p315",5,5,0.4,0.3,0,-0.1,-0.25
"p315",5,5,0.25,0.15,0,-0.1,-0.4
"p315",3,3,0.55,0.8,0,0.25,0.454545454545455
"p315",3,2,0.25,0.1,-1,-0.15,-0.6
"p315",5,4,0.4,0.4,-1,-5.55111512312578e-17,-1.38777878078145e-16
"p315",4,5,0.55,0.55,1,-1.11022302462516e-16,-2.01858731750028e-16
"p315",5,6,0.55,0.6,1,0.0499999999999999,0.0909090909090908
"p315",4,4,0.25,0.15,0,-0.1,-0.4
"p315",3,3,0.25,0.15,0,-0.1,-0.4
"p315",3,3,0.55,0.4,0,-0.15,-0.272727272727273
"p315",5,5,0.4,0.45,0,0.0499999999999999,0.125
"p315",4,4,0.4,0.45,0,0.0499999999999999,0.125
"p315",3,3,0.25,0.15,0,-0.0999999999999999,-0.4
"p315",4,3,0.55,0.55,-1,-1.11022302462516e-16,-2.01858731750028e-16
"p315",4,4,0.4,0.25,0,-0.15,-0.375
"p315",4,4,0.55,0.65,0,0.1,0.181818181818182
"p315",4,4,0.25,0.15,0,-0.1,-0.4
"p315",5,6,0.25,0.15,1,-0.0999999999999999,-0.4
"p315",5,6,0.25,0.15,1,-0.0999999999999999,-0.4
"p315",3,3,0.4,0.35,0,-0.05,-0.125
"p315",3,3,0.4,0.25,0,-0.15,-0.375
"p315",4,4,0.25,0.2,0,-0.0499999999999999,-0.2
"p315",4,3,0.55,0.55,-1,-1.11022302462516e-16,-2.01858731750028e-16
"p315",5,5,0.25,0.2,0,-0.05,-0.2
"p315",3,2,0.25,0.2,-1,-0.0499999999999999,-0.2
"p315",5,5,0.25,0.15,0,-0.1,-0.4
"p315",3,2,0.55,0.65,-1,0.1,0.181818181818182
"p315",4,4,0.55,0.6,0,0.05,0.090909090909091
"p315",4,3,0.4,0.45,-1,0.05,0.125
"p315",5,4,0.55,0.5,-1,-0.0500000000000001,-0.0909090909090911
"p315",5,5,0.4,0.55,0,0.15,0.375
"p315",3,3,0.25,0.15,0,-0.0999999999999999,-0.4
"p315",3,3,0.25,0.15,0,-0.0999999999999999,-0.4
"p315",4,3,0.55,0.4,-1,-0.15,-0.272727272727273
"p315",5,4,0.4,0.5,-1,0.0999999999999999,0.25
"p315",3,2,0.25,0.2,-1,-0.0499999999999999,-0.2
"p315",4,4,0.25,0.15,0,-0.1,-0.4
"p315",3,3,0.4,0.3,0,-0.1,-0.25
"p315",3,3,0.25,0.2,0,-0.0499999999999999,-0.2
"p315",3,2,0.55,0.5,-1,-0.0500000000000001,-0.0909090909090911
"p315",5,4,0.55,0.55,-1,0,0
"p315",3,3,0.25,0.15,0,-0.1,-0.4
"p315",3,3,0.55,0.6,0,0.05,0.090909090909091
"p315",5,4,0.4,0.4,-1,-5.55111512312578e-17,-1.38777878078145e-16
"p315",3,2,0.55,0.45,-1,-0.1,-0.181818181818182
"p315",4,3,0.4,0.45,-1,0.0499999999999999,0.125
"p315",3,2,0.4,0.45,-1,0.0499999999999999,0.125
"p315",4,3,0.4,0.4,-1,-5.55111512312578e-17,-1.38777878078145e-16
"p315",5,5,0.4,0.4,0,-5.55111512312578e-17,-1.38777878078145e-16
"p315",3,2,0.55,0.45,-1,-0.1,-0.181818181818182
"p315",5,5,0.25,0.15,0,-0.1,-0.4
"p315",4,4,0.55,0.5,0,-0.05,-0.090909090909091
"p315",4,4,0.25,0.2,0,-0.05,-0.2
"p315",4,4,0.4,0.35,0,-0.05,-0.125
"p315",5,5,0.55,0.55,0,0,0
"p315",4,4,0.25,0.25,0,0,0
"p315",4,4,0.25,0.3,0,0.05,0.2
"p315",3,3,0.25,0.25,0,0,0
"p315",4,4,0.25,0.2,0,-0.0499999999999999,-0.2
"p315",5,5,0.55,0.35,0,-0.2,-0.363636363636364
"p315",5,6,0.25,0.2,1,-0.0499999999999999,-0.2
"p315",5,6,0.25,0.2,1,-0.0499999999999999,-0.2
"p315",5,5,0.55,0.45,0,-0.1,-0.181818181818182
"p315",3,2,0.55,0.45,-1,-0.1,-0.181818181818182
"p315",5,3,0.4,0.4,-2,-5.55111512312578e-17,-1.38777878078145e-16
"p315",5,5,0.25,0.15,0,-0.0999999999999999,-0.4
"p315",4,4,0.25,0.2,0,-0.05,-0.2
"p315",5,6,0.25,0.25,1,0,0
"p315",4,4,0.25,0.3,0,0.05,0.2
"p315",4,4,0.55,0.5,0,-0.0500000000000001,-0.0909090909090911
"p315",3,3,0.55,0.5,0,-0.0500000000000001,-0.0909090909090911
"p315",4,4,0.55,0.5,0,-0.0500000000000001,-0.0909090909090911
"p315",4,3,0.4,0.5,-1,0.1,0.25
"p315",4,4,0.4,0.55,0,0.15,0.375
"p315",5,5,0.4,0.4,0,-5.55111512312578e-17,-1.38777878078145e-16
"p315",5,6,0.4,0.45,1,0.0499999999999999,0.125
"p315",5,6,0.25,0.25,1,0,0
"p315",5,5,0.55,0.45,0,-0.1,-0.181818181818182
"p315",5,6,0.25,0.2,1,-0.05,-0.2
"p315",5,5,0.55,0.5,0,-0.05,-0.090909090909091
"p315",3,2,0.25,0.2,-1,-0.05,-0.2
"p315",4,4,0.25,0.2,0,-0.0499999999999999,-0.2
"p315",3,3,0.55,0.45,0,-0.1,-0.181818181818182
"p315",3,3,0.4,0.4,0,-5.55111512312578e-17,-1.38777878078145e-16
"p315",4,4,0.25,0.15,0,-0.1,-0.4
"p315",4,4,0.4,0.5,0,0.1,0.25
"p315",4,4,0.55,0.4,0,-0.15,-0.272727272727273
"p315",3,3,0.25,0.15,0,-0.0999999999999999,-0.4
"p315",3,3,0.55,0.4,0,-0.15,-0.272727272727273
"p315",5,4,0.55,0.5,-1,-0.0500000000000001,-0.0909090909090911
"p315",5,5,0.25,0.25,0,5.55111512312578e-17,2.22044604925031e-16
"p315",3,3,0.25,0.15,0,-0.1,-0.4
"p315",3,3,0.25,0.15,0,-0.0999999999999999,-0.4
"p315",4,4,0.25,0.15,0,-0.1,-0.4
"p315",5,5,0.55,0.45,0,-0.1,-0.181818181818182
"p315",3,2,0.25,0.25,-1,0,0
"p315",5,4,0.4,0.35,-1,-0.05,-0.125
"p315",3,3,0.4,0.35,0,-0.05,-0.125
"p315",3,2,0.4,0.35,-1,-0.05,-0.125
"p315",4,3,0.25,0.25,-1,0,0
"p315",5,4,0.4,0.4,-1,-5.55111512312578e-17,-1.38777878078145e-16
"p315",5,5,0.4,0.5,0,0.0999999999999999,0.25
"p315",5,5,0.55,0.5,0,-0.05,-0.090909090909091
"p315",4,4,0.55,0.5,0,-0.05,-0.090909090909091
"p315",4,4,0.4,0.45,0,0.05,0.125
"p315",3,2,0.55,0.45,-1,-0.1,-0.181818181818182
"p315",4,4,0.4,0.4,0,0,0
"p315",5,5,0.25,0.2,0,-0.05,-0.2
"p315",3,3,0.4,0.25,0,-0.15,-0.375
"p315",4,3,0.25,0.15,-1,-0.0999999999999999,-0.4
"p315",3,3,0.25,0.15,0,-0.0999999999999999,-0.4
"p315",3,3,0.55,0.3,0,-0.25,-0.454545454545455
"p315",4,4,0.55,0.5,0,-0.0500000000000001,-0.0909090909090911
"p315",3,3,0.25,0.15,0,-0.0999999999999999,-0.4
"p315",3,3,0.4,0.2,0,-0.2,-0.5
"p315",5,4,0.25,0.2,-1,-0.0499999999999999,-0.2
"p315",3,2,0.55,0.45,-1,-0.1,-0.181818181818182
"p315",3,3,0.25,0.15,0,-0.1,-0.4
"p315",3,2,0.55,0.45,-1,-0.1,-0.181818181818182
"p315",5,5,0.25,0.2,0,-0.05,-0.2
"p315",3,2,0.4,0.4,-1,-5.55111512312578e-17,-1.38777878078145e-16
"p315",4,4,0.25,0.25,0,5.55111512312578e-17,2.22044604925031e-16
"p315",5,5,0.25,0.2,0,-0.0499999999999999,-0.2
"p315",4,4,0.4,0.3,0,-0.1,-0.25
"p315",3,3,0.25,0.2,0,-0.05,-0.2
"p315",5,4,0.55,0.5,-1,-0.05,-0.090909090909091
"p315",3,3,0.4,0.35,0,-0.05,-0.125
"p315",4,3,0.4,0.4,-1,-5.55111512312578e-17,-1.38777878078145e-16
"p315",5,4,0.4,0.5,-1,0.0999999999999999,0.25
"p315",5,5,0.4,0.55,0,0.15,0.375
"p315",4,4,0.25,0.2,0,-0.05,-0.2
"p315",5,5,0.25,0.15,0,-0.1,-0.4
"p315",5,5,0.55,0.4,0,-0.15,-0.272727272727273
"p315",3,3,0.25,0.2,0,-0.05,-0.2
"p315",3,3,0.55,0.5,0,-0.0500000000000001,-0.0909090909090911
"p315",5,5,0.55,0.55,0,-1.11022302462516e-16,-2.01858731750028e-16
"p315",4,4,0.55,0.55,0,0,0
"p315",3,3,0.25,0.2,0,-0.0499999999999999,-0.2
"p315",4,4,0.55,0.5,0,-0.0500000000000001,-0.0909090909090911
"p315",5,5,0.25,0.2,0,-0.05,-0.2
"p315",4,4,0.55,0.5,0,-0.05,-0.090909090909091
"p315",5,5,0.4,0.45,0,0.0499999999999999,0.125
"p315",3,3,0.55,0.45,0,-0.1,-0.181818181818182
"p315",3,3,0.55,0.45,0,-0.1,-0.181818181818182
"p315",3,3,0.25,0.45,0,0.2,0.8
"p315",3,3,0.25,0.15,0,-0.0999999999999999,-0.4
"p315",5,4,0.4,0.35,-1,-0.05,-0.125
"p315",4,4,0.55,0.55,0,-1.11022302462516e-16,-2.01858731750028e-16
"p315",5,5,0.55,0.5,0,-0.0500000000000001,-0.0909090909090911
"p315",5,5,0.4,0.35,0,-0.05,-0.125
"p315",5,5,0.55,0.5,0,-0.05,-0.090909090909091
"p315",3,3,0.4,0.4,0,0,0
"p315",4,4,0.25,0.2,0,-0.0499999999999999,-0.2
"p315",4,4,0.4,0.4,0,0,0
"p315",3,3,0.55,0.5,0,-0.05,-0.090909090909091
"p315",4,4,0.25,0.3,0,0.05,0.2
"p315",4,4,0.4,0.4,0,-5.55111512312578e-17,-1.38777878078145e-16
"p315",4,4,0.25,0.3,0,0.05,0.2
"p315",4,4,0.25,0.3,0,0.05,0.2
"p315",4,4,0.4,0.45,0,0.05,0.125
"p315",3,3,0.4,0.4,0,0,0
"p315",3,2,0.4,0.35,-1,-0.05,-0.125
"p315",3,3,0.55,0.4,0,-0.15,-0.272727272727273
"p315",5,4,0.25,0.25,-1,0,0
"p315",4,4,0.55,0.45,0,-0.1,-0.181818181818182
"p315",5,5,0.25,0.35,0,0.1,0.4
"p315",5,5,0.25,0.3,0,0.05,0.2
"p315",3,3,0.25,0.2,0,-0.0499999999999999,-0.2
"p315",4,4,0.25,0.2,0,-0.05,-0.2
"p315",4,4,0.25,0.2,0,-0.05,-0.2
"p315",4,4,0.4,0.5,0,0.1,0.25
"p315",5,5,0.25,0.2,0,-0.0499999999999999,-0.2
"p315",5,5,0.25,0.2,0,-0.0499999999999999,-0.2
"p315",5,5,0.55,0.55,0,0,0
"p315",4,4,0.55,0.45,0,-0.1,-0.181818181818182
"p315",4,4,0.55,0.5,0,-0.05,-0.090909090909091
"p315",3,3,0.4,0.4,0,0,0
"p315",3,3,0.25,0.2,0,-0.0499999999999999,-0.2
"p315",3,2,0.25,0.3,-1,0.05,0.2
"p315",5,5,0.55,0.5,0,-0.0500000000000001,-0.0909090909090911
"p315",3,3,0.55,0.45,0,-0.1,-0.181818181818182
"p315",5,4,0.25,0.2,-1,-0.05,-0.2
"p315",5,4,0.55,0.4,-1,-0.15,-0.272727272727273
"p315",4,4,0.55,0.5,0,-0.0500000000000001,-0.0909090909090911
"p315",3,2,0.4,0.45,-1,0.0499999999999999,0.125
"p315",4,4,0.55,0.55,0,0,0
"p315",3,3,0.25,0.3,0,0.05,0.2
"p315",3,2,0.55,0.5,-1,-0.0500000000000001,-0.0909090909090911
"p315",4,2,0.4,0.5,-2,0.1,0.25
"p315",4,4,0.25,0.25,0,5.55111512312578e-17,2.22044604925031e-16
"p315",5,5,0.4,0.25,0,-0.15,-0.375
"p315",4,4,0.25,0.25,0,5.55111512312578e-17,2.22044604925031e-16
"p315",4,4,0.4,0.5,0,0.1,0.25
"p315",5,5,0.25,0.3,0,0.05,0.2
"p315",3,4,0.25,0.25,1,0,0
"p315",4,4,0.25,0.2,0,-0.05,-0.2
"p315",4,4,0.25,0.25,0,5.55111512312578e-17,2.22044604925031e-16
"p315",5,4,0.25,0.25,-1,5.55111512312578e-17,2.22044604925031e-16
"p315",3,4,0.25,0.25,1,5.55111512312578e-17,2.22044604925031e-16
"p315",5,5,0.55,0.5,0,-0.05,-0.090909090909091
"p315",5,6,0.25,0.4,1,0.15,0.6
"p315",4,4,0.25,0.25,0,0,0
"p315",5,5,0.55,0.6,0,0.05,0.090909090909091
"p315",4,4,0.4,0.4,0,-5.55111512312578e-17,-1.38777878078145e-16
"p315",3,2,0.25,0.15,-1,-0.0999999999999999,-0.4
"p315",4,4,0.25,0.2,0,-0.0499999999999999,-0.2
"p315",5,5,0.4,0.45,0,0.0499999999999999,0.125
"p315",3,3,0.4,0.4,0,-5.55111512312578e-17,-1.38777878078145e-16
"p315",3,3,0.4,0.4,0,-5.55111512312578e-17,-1.38777878078145e-16
"p315",5,5,0.4,0.35,0,-0.05,-0.125
"p315",4,4,0.4,0.45,0,0.05,0.125
"p315",3,2,0.55,0.5,-1,-0.0500000000000001,-0.0909090909090911
"p315",3,3,0.55,0.55,0,0,0
"p315",4,3,0.55,0.45,-1,-0.1,-0.181818181818182
"p315",3,3,0.4,0.25,0,-0.15,-0.375
"p315",5,5,0.4,0.55,0,0.15,0.375
"p315",3,3,0.25,0.25,0,0,0
"p315",5,5,0.25,0.3,0,0.05,0.2
"p315",5,5,0.4,0.3,0,-0.1,-0.25
"p315",3,3,0.55,0.45,0,-0.1,-0.181818181818182
"p315",3,2,0.55,0.5,-1,-0.05,-0.090909090909091
"p315",3,2,0.55,0.5,-1,-0.05,-0.090909090909091
"p315",3,3,0.25,0.35,0,0.1,0.4
"p315",5,4,0.25,0.4,-1,0.15,0.6
"p315",5,6,0.4,0.3,1,-0.1,-0.25
"p315",5,5,0.4,0.35,0,-0.05,-0.125
"p315",5,5,0.55,0.5,0,-0.05,-0.090909090909091
"p315",3,2,0.4,0.5,-1,0.1,0.25
"p315",3,3,0.25,0.25,0,5.55111512312578e-17,2.22044604925031e-16
"p315",4,4,0.25,0.25,0,0,0
"p315",4,4,0.25,0.2,0,-0.05,-0.2
"p315",5,6,0.25,0.2,1,-0.0499999999999999,-0.2
"p315",3,2,0.55,0.3,-1,-0.25,-0.454545454545455
"p315",4,4,0.55,0.45,0,-0.1,-0.181818181818182
"p315",3,4,0.25,0.25,1,5.55111512312578e-17,2.22044604925031e-16
"p315",4,4,0.55,0.45,0,-0.1,-0.181818181818182
"p315",5,5,0.25,0.2,0,-0.05,-0.2
"p315",4,4,0.25,0.25,0,5.55111512312578e-17,2.22044604925031e-16
"p315",4,4,0.4,0.35,0,-0.05,-0.125
"p315",4,4,0.25,0.2,0,-0.0499999999999999,-0.2
"p315",5,5,0.55,0.5,0,-0.05,-0.090909090909091
"p315",3,3,0.25,0.25,0,0,0
"p315",5,5,0.25,0.25,0,5.55111512312578e-17,2.22044604925031e-16
"p315",3,3,0.4,0.3,0,-0.1,-0.25
"p315",4,4,0.55,0.55,0,-1.11022302462516e-16,-2.01858731750028e-16
"p315",5,5,0.4,0.4,0,0,0
"p315",3,3,0.4,0.5,0,0.1,0.25
"p315",4,5,0.4,0.3,1,-0.1,-0.25
"p315",4,4,0.55,0.45,0,-0.1,-0.181818181818182
"p315",4,4,0.4,0.35,0,-0.05,-0.125
"p315",5,5,0.55,0.45,0,-0.1,-0.181818181818182
"p315",3,3,0.55,0.45,0,-0.1,-0.181818181818182
"p315",5,5,0.25,0.2,0,-0.05,-0.2
"p315",4,5,0.25,0.35,1,0.1,0.4
"p315",4,4,0.4,0.3,0,-0.1,-0.25
"p315",3,2,0.55,0.35,-1,-0.2,-0.363636363636364
"p315",3,3,0.55,0.6,0,0.05,0.090909090909091
"p315",5,5,0.4,0.35,0,-0.05,-0.125
"p315",5,5,0.55,0.35,0,-0.2,-0.363636363636364
"p315",3,3,0.25,0.25,0,5.55111512312578e-17,2.22044604925031e-16
"p315",5,5,0.25,0.25,0,0,0
"p315",3,3,0.25,0.25,0,0,0
"p315",4,4,0.4,0.3,0,-0.1,-0.25
"p315",3,3,0.4,0.35,0,-0.05,-0.125
"p315",4,5,0.25,0.4,1,0.15,0.6
"p315",5,6,0.55,0.45,1,-0.1,-0.181818181818182
"p315",5,6,0.25,0.4,1,0.15,0.6
"p315",3,5,0.55,0.35,2,-0.2,-0.363636363636364
"p315",4,3,0.55,0.4,-1,-0.15,-0.272727272727273
"p315",4,4,0.25,0.3,0,0.05,0.2
"p315",3,3,0.25,0.3,0,0.05,0.2
"p315",3,4,0.4,0.35,1,-0.05,-0.125
"p315",5,5,0.4,0.45,0,0.0499999999999999,0.125
"p315",4,4,0.25,0.15,0,-0.0999999999999999,-0.4
"p315",4,5,0.55,0.5,1,-0.0500000000000001,-0.0909090909090911
"p315",4,4,0.55,0.55,0,-1.11022302462516e-16,-2.01858731750028e-16
"p315",4,4,0.25,0.2,0,-0.0499999999999999,-0.2
"p315",4,5,0.4,0.35,1,-0.05,-0.125
"p315",5,5,0.4,0.3,0,-0.1,-0.25
"p315",3,3,0.4,0.35,0,-0.05,-0.125
"p315",4,4,0.25,0.25,0,5.55111512312578e-17,2.22044604925031e-16
"p315",3,3,0.25,0.35,0,0.1,0.4
"p315",5,4,0.25,0.4,-1,0.15,0.6
"p315",4,3,0.55,0.4,-1,-0.15,-0.272727272727273
"p315",4,2,0.25,0.4,-2,0.15,0.6
"p315",3,2,0.55,0.45,-1,-0.1,-0.181818181818182
"p315",5,5,0.25,0.25,0,0,0
"p315",3,3,0.25,0.3,0,0.05,0.2
"p315",3,3,0.55,0.4,0,-0.15,-0.272727272727273
"p315",3,2,0.4,0.4,-1,0,0
"p315",3,2,0.55,0.55,-1,0,0
"p315",3,2,0.25,0.35,-1,0.1,0.4
"p315",3,3,0.25,0.3,0,0.05,0.2
"p315",4,4,0.4,0.3,0,-0.1,-0.25
"p315",5,5,0.25,0.2,0,-0.0499999999999999,-0.2
"p315",3,3,0.25,0.3,0,0.05,0.2
"p315",5,5,0.55,0.45,0,-0.1,-0.181818181818182
"p315",4,4,0.25,0.2,0,-0.0499999999999999,-0.2
"p315",5,5,0.4,0.35,0,-0.05,-0.125
"p315",4,4,0.25,0.4,0,0.15,0.6
"p315",5,6,0.25,0.3,1,0.05,0.2
"p315",4,6,0.4,0.2,2,-0.2,-0.5
"p315",5,5,0.55,0.4,0,-0.15,-0.272727272727273
"p315",3,5,0.25,0.3,2,0.05,0.2
"p315",4,6,0.4,0.1,2,-0.3,-0.75
"p315",5,5,0.4,0.35,0,-0.05,-0.125
"p315",3,3,0.4,0.25,0,-0.15,-0.375
"p315",4,4,0.4,0.3,0,-0.1,-0.25
"p315",3,3,0.4,0.4,0,0,0
"p315",5,6,0.55,0.4,1,-0.15,-0.272727272727273
"p315",5,4,0.55,0.55,-1,0,0
"p315",5,5,0.25,0.2,0,-0.0499999999999999,-0.2
"p315",4,4,0.55,0.55,0,0,0
"p315",3,3,0.55,0.45,0,-0.1,-0.181818181818182
"p315",3,3,0.4,0.25,0,-0.15,-0.375
"p315",5,5,0.55,0.5,0,-0.05,-0.090909090909091
"p315",3,3,0.55,0.4,0,-0.15,-0.272727272727273
"p315",5,4,0.25,0.25,-1,5.55111512312578e-17,2.22044604925031e-16
"p315",3,3,0.25,0.15,0,-0.0999999999999999,-0.4
"p315",5,5,0.4,0.4,0,0,0
"p315",4,4,0.55,0.45,0,-0.1,-0.181818181818182
"p315",5,4,0.25,0.25,-1,0,0
"p315",3,3,0.55,0.6,0,0.05,0.090909090909091
"p315",5,5,0.4,0.35,0,-0.05,-0.125
"p315",4,4,0.25,0.25,0,0,0
"p315",3,2,0.55,0.35,-1,-0.2,-0.363636363636364
"p315",4,4,0.55,0.4,0,-0.15,-0.272727272727273
"p315",3,3,0.4,0.25,0,-0.15,-0.375
"p315",5,5,0.55,0.5,0,-0.05,-0.090909090909091
"p315",4,5,0.55,0.3,1,-0.25,-0.454545454545455
"p315",5,5,0.55,0.4,0,-0.15,-0.272727272727273
"p315",4,3,0.25,0.25,-1,0,0
"p315",5,4,0.25,0.2,-1,-0.05,-0.2
"p315",3,3,0.25,0.2,0,-0.05,-0.2
"p315",3,3,0.25,0.15,0,-0.1,-0.4
"p315",5,4,0.4,0.35,-1,-0.05,-0.125
"p315",4,4,0.55,0.45,0,-0.1,-0.181818181818182
"p315",3,3,0.55,0.55,0,0,0
"p315",5,5,0.4,0.35,0,-0.05,-0.125
"p315",3,3,0.55,0.45,0,-0.1,-0.181818181818182
"p315",5,4,0.25,0.3,-1,0.05,0.2
"p315",5,5,0.4,0.35,0,-0.05,-0.125
"p315",3,3,0.25,0.25,0,0,0
"p315",3,3,0.4,0.35,0,-0.05,-0.125
"p315",3,3,0.25,0.35,0,0.1,0.4
"p315",3,3,0.25,0.3,0,0.05,0.2
"p315",4,4,0.4,0.3,0,-0.1,-0.25
"p315",5,5,0.4,0.45,0,0.05,0.125
"p315",5,5,0.25,0.2,0,-0.05,-0.2
"p315",5,6,0.25,0.2,1,-0.0499999999999999,-0.2
"p315",5,5,0.55,0.35,0,-0.2,-0.363636363636364
"p315",4,4,0.55,0.45,0,-0.1,-0.181818181818182
"p315",3,3,0.25,0.15,0,-0.1,-0.4
"p315",5,5,0.4,0.4,0,0,0
"p315",3,3,0.55,0.35,0,-0.2,-0.363636363636364
"p315",3,2,0.4,0.25,-1,-0.15,-0.375
"p315",3,3,0.55,0.45,0,-0.1,-0.181818181818182
"p315",4,4,0.25,0.2,0,-0.0499999999999999,-0.2
"p315",5,5,0.25,0.15,0,-0.1,-0.4
"p315",3,3,0.55,0.4,0,-0.15,-0.272727272727273
"p315",5,5,0.25,0.2,0,-0.0499999999999999,-0.2
"p315",4,4,0.55,0.5,0,-0.05,-0.090909090909091
"p315",4,4,0.25,0.2,0,-0.05,-0.2
"p315",3,3,0.25,0.25,0,5.55111512312578e-17,2.22044604925031e-16
"p315",3,2,0.4,0.4,-1,0,0
"p315",4,3,0.25,0.25,-1,0,0
"p315",4,4,0.25,0.3,0,0.05,0.2
"p315",4,3,0.25,0.3,-1,0.05,0.2
"p315",4,4,0.4,0.35,0,-0.05,-0.125
"p315",5,5,0.55,0.45,0,-0.1,-0.181818181818182
"p315",4,4,0.4,0.3,0,-0.1,-0.25
"p315",3,3,0.4,0.3,0,-0.1,-0.25
"p315",5,5,0.25,0.25,0,5.55111512312578e-17,2.22044604925031e-16
"p315",5,5,0.55,0.45,0,-0.1,-0.181818181818182
"p315",4,4,0.25,0.25,0,5.55111512312578e-17,2.22044604925031e-16
"p315",4,4,0.4,0.3,0,-0.1,-0.25
"p315",4,5,0.4,0.4,1,-5.55111512312578e-17,-1.38777878078145e-16
"p315",4,4,0.25,0.15,0,-0.1,-0.4
"p315",4,4,0.4,0.35,0,-0.05,-0.125
"p315",3,3,0.55,0.35,0,-0.2,-0.363636363636364
"p315",3,3,0.25,0.2,0,-0.05,-0.2
"p315",5,5,0.25,0.2,0,-0.0499999999999999,-0.2
"p315",4,4,0.4,0.3,0,-0.1,-0.25
"p315",3,3,0.25,0.25,0,0,0
"p315",3,3,0.25,0.45,0,0.2,0.8
"p315",4,4,0.55,0.4,0,-0.15,-0.272727272727273
"p315",5,4,0.55,0.65,-1,0.1,0.181818181818182
"p315",5,5,0.4,0.55,0,0.15,0.375
"p315",4,4,0.25,0.3,0,0.05,0.2
"p315",3,3,0.25,0.15,0,-0.0999999999999999,-0.4
"p315",3,3,0.4,0.3,0,-0.1,-0.25
"p315",4,4,0.55,0.5,0,-0.05,-0.090909090909091
"p315",4,4,0.25,0.2,0,-0.05,-0.2
"p315",5,4,0.4,0.4,-1,-5.55111512312578e-17,-1.38777878078145e-16
"p315",3,3,0.55,0.4,0,-0.15,-0.272727272727273
"p315",5,4,0.25,0.35,-1,0.1,0.4
"p315",3,2,0.4,0.45,-1,0.05,0.125
"p315",5,4,0.25,0.4,-1,0.15,0.6
"p315",5,5,0.25,0.25,0,5.55111512312578e-17,2.22044604925031e-16
"p315",3,3,0.25,0.15,0,-0.1,-0.4
"p315",5,5,0.55,0.4,0,-0.15,-0.272727272727273
"p315",4,5,0.25,0.25,1,0,0
"p315",5,5,0.25,0.2,0,-0.0499999999999999,-0.2
"p315",4,4,0.55,0.4,0,-0.15,-0.272727272727273
"p315",4,5,0.4,0.35,1,-0.05,-0.125
"p315",4,5,0.55,0.55,1,0,0
"p315",5,6,0.25,0.15,1,-0.1,-0.4
"p315",3,3,0.4,0.35,0,-0.05,-0.125
"p315",4,5,0.25,0.25,1,5.55111512312578e-17,2.22044604925031e-16
"p315",5,5,0.55,0.55,0,-1.11022302462516e-16,-2.01858731750028e-16
"p315",5,6,0.4,0.4,1,0,0
"p315",3,3,0.25,0.2,0,-0.0499999999999999,-0.2
"p315",3,2,0.4,0.35,-1,-0.05,-0.125
"p315",4,5,0.25,0.3,1,0.05,0.2
"p315",3,3,0.25,0.3,0,0.05,0.2
"p315",3,3,0.55,0.4,0,-0.15,-0.272727272727273
"p315",3,3,0.4,0.3,0,-0.1,-0.25
"p315",4,4,0.4,0.35,0,-0.05,-0.125
"p315",5,6,0.4,0.4,1,0,0
"p315",5,6,0.4,0.35,1,-0.05,-0.125
"p315",5,6,0.25,0.35,1,0.1,0.4
"p315",4,4,0.55,0.65,0,0.1,0.181818181818182
"p315",4,5,0.25,0.15,1,-0.1,-0.4
"p315",3,3,0.55,0.3,0,-0.25,-0.454545454545455
"p315",4,4,0.4,0.4,0,-5.55111512312578e-17,-1.38777878078145e-16
"p315",5,5,0.55,0.4,0,-0.15,-0.272727272727273
"p315",5,5,0.55,0.4,0,-0.15,-0.272727272727273
"p315",3,3,0.55,0.4,0,-0.15,-0.272727272727273
"p315",3,3,0.55,0.45,0,-0.1,-0.181818181818182
"p316",3,3,0.4,0.4,0,0,0
"p316",5,5,0.4,0.3,0,-0.1,-0.25
"p316",4,4,0.55,0.55,0,0,0
"p316",3,3,0.25,0.3,0,0.05,0.2
"p316",4,4,0.4,0.35,0,-0.05,-0.125
"p316",5,5,0.55,0.5,0,-0.0500000000000001,-0.0909090909090911
"p316",3,3,0.55,0.5,0,-0.05,-0.090909090909091
"p316",5,4,0.55,0.45,-1,-0.1,-0.181818181818182
"p316",3,2,0.25,0.2,-1,-0.0499999999999999,-0.2
"p316",4,3,0.25,0.2,-1,-0.0499999999999999,-0.2
"p316",3,2,0.55,0.75,-1,0.2,0.363636363636364
"p316",3,3,0.25,0.25,0,5.55111512312578e-17,2.22044604925031e-16
"p316",3,3,0.25,0.2,0,-0.05,-0.2
"p316",4,5,0.25,0.25,1,5.55111512312578e-17,2.22044604925031e-16
"p316",3,3,0.4,0.6,0,0.2,0.5
"p316",3,3,0.55,0.75,0,0.2,0.363636363636364
"p316",5,5,0.4,0.5,0,0.1,0.25
"p316",4,4,0.4,0.5,0,0.0999999999999999,0.25
"p316",5,6,0.25,0.2,1,-0.0499999999999999,-0.2
"p316",4,4,0.55,0.35,0,-0.2,-0.363636363636364
"p316",4,4,0.55,0.6,0,0.05,0.090909090909091
"p316",5,5,0.4,0.5,0,0.1,0.25
"p316",5,5,0.25,0.25,0,5.55111512312578e-17,2.22044604925031e-16
"p316",4,4,0.25,0.25,0,5.55111512312578e-17,2.22044604925031e-16
"p316",4,5,0.25,0.2,1,-0.0499999999999999,-0.2
"p316",3,2,0.55,0.65,-1,0.1,0.181818181818182
"p316",3,3,0.25,0.25,0,5.55111512312578e-17,2.22044604925031e-16
"p316",4,3,0.55,0.9,-1,0.35,0.636363636363637
"p316",5,5,0.25,0.25,0,5.55111512312578e-17,2.22044604925031e-16
"p316",5,4,0.55,0.75,-1,0.2,0.363636363636364
"p316",3,3,0.55,0.75,0,0.2,0.363636363636364
"p316",4,4,0.25,0.35,0,0.1,0.4
"p316",3,3,0.25,0.2,0,-0.0499999999999999,-0.2
"p316",4,3,0.55,0.55,-1,-1.11022302462516e-16,-2.01858731750028e-16
"p316",3,3,0.55,0.7,0,0.15,0.272727272727273
"p316",3,2,0.4,0.75,-1,0.35,0.875
"p316",5,6,0.25,0.15,1,-0.1,-0.4
"p316",5,4,0.25,0.2,-1,-0.0499999999999999,-0.2
"p316",4,4,0.4,0.35,0,-0.05,-0.125
"p316",3,3,0.4,0.4,0,-5.55111512312578e-17,-1.38777878078145e-16
"p316",3,2,0.25,0.4,-1,0.15,0.6
"p316",4,3,0.4,0.4,-1,-5.55111512312578e-17,-1.38777878078145e-16
"p316",5,4,0.55,0.5,-1,-0.0500000000000001,-0.0909090909090911
"p316",5,5,0.4,0.6,0,0.2,0.5
"p316",3,3,0.4,0.4,0,-5.55111512312578e-17,-1.38777878078145e-16
"p316",4,4,0.4,0.45,0,0.05,0.125
"p316",4,4,0.25,0.25,0,5.55111512312578e-17,2.22044604925031e-16
"p316",5,5,0.25,0.3,0,0.05,0.2
"p316",5,5,0.4,0.4,0,0,0
"p316",4,3,0.25,0.25,-1,0,0
"p316",5,5,0.25,0.25,0,5.55111512312578e-17,2.22044604925031e-16
"p316",5,5,0.55,0.85,0,0.3,0.545454545454546
"p316",5,5,0.25,0.2,0,-0.05,-0.2
"p316",3,3,0.55,0.7,0,0.15,0.272727272727273
"p316",5,5,0.25,0.25,0,0,0
"p316",3,3,0.55,0.75,0,0.2,0.363636363636364
"p316",4,3,0.4,0.55,-1,0.15,0.375
"p316",5,4,0.55,0.65,-1,0.1,0.181818181818182
"p316",5,5,0.55,0.75,0,0.2,0.363636363636364
"p316",4,4,0.25,0.2,0,-0.0499999999999999,-0.2
"p316",4,4,0.25,0.2,0,-0.05,-0.2
"p316",5,6,0.4,0.3,1,-0.1,-0.25
"p316",4,3,0.4,0.4,-1,-5.55111512312578e-17,-1.38777878078145e-16
"p316",4,4,0.4,0.7,0,0.3,0.75
"p316",4,4,0.55,0.8,0,0.25,0.454545454545455
"p316",5,6,0.4,0.5,1,0.0999999999999999,0.25
"p316",4,4,0.25,0.3,0,0.05,0.2
"p316",5,3,0.55,0.6,-2,0.05,0.090909090909091
"p316",5,5,0.4,0.5,0,0.1,0.25
"p316",3,2,0.55,0.75,-1,0.2,0.363636363636364
"p316",3,2,0.4,0.7,-1,0.3,0.75
"p316",3,3,0.55,0.85,0,0.3,0.545454545454546
"p316",5,4,0.25,0.25,-1,0,0
"p316",5,3,0.25,0.2,-2,-0.05,-0.2
"p316",5,5,0.25,0.2,0,-0.0499999999999999,-0.2
"p316",4,3,0.55,0.65,-1,0.1,0.181818181818182
"p316",5,5,0.55,0.7,0,0.15,0.272727272727273
"p316",3,3,0.25,0.25,0,0,0
"p316",4,3,0.55,0.65,-1,0.1,0.181818181818182
"p316",3,2,0.55,0.8,-1,0.25,0.454545454545455
"p316",4,3,0.25,0.2,-1,-0.05,-0.2
"p316",4,2,0.55,0.8,-2,0.25,0.454545454545455
"p316",3,2,0.4,0.65,-1,0.25,0.625
"p316",3,2,0.25,0.25,-1,0,0
"p316",3,2,0.25,0.3,-1,0.05,0.2
"p316",3,2,0.55,0.65,-1,0.1,0.181818181818182
"p316",4,4,0.55,0.6,0,0.05,0.090909090909091
"p316",3,3,0.25,0.3,0,0.05,0.2
"p316",4,4,0.25,0.2,0,-0.05,-0.2
"p316",4,3,0.4,0.45,-1,0.0499999999999999,0.125
"p316",4,3,0.25,0.25,-1,5.55111512312578e-17,2.22044604925031e-16
"p316",3,3,0.4,0.45,0,0.0499999999999999,0.125
"p316",4,4,0.25,0.25,0,5.55111512312578e-17,2.22044604925031e-16
"p316",5,6,0.25,0.2,1,-0.0499999999999999,-0.2
"p316",3,3,0.4,0.4,0,-5.55111512312578e-17,-1.38777878078145e-16
"p316",4,4,0.4,0.45,0,0.05,0.125
"p316",5,5,0.4,0.35,0,-0.05,-0.125
"p316",5,5,0.55,0.55,0,0,0
"p316",5,4,0.25,0.25,-1,0,0
"p316",3,3,0.4,0.6,0,0.2,0.5
"p316",3,2,0.25,0.35,-1,0.1,0.4
"p316",3,3,0.25,0.4,0,0.15,0.6
"p316",5,5,0.4,0.5,0,0.0999999999999999,0.25
"p316",3,3,0.25,0.3,0,0.05,0.2
"p316",4,4,0.25,0.3,0,0.05,0.2
"p316",3,3,0.4,0.55,0,0.15,0.375
"p316",4,3,0.25,0.25,-1,5.55111512312578e-17,2.22044604925031e-16
"p316",4,3,0.55,0.75,-1,0.2,0.363636363636364
"p316",3,3,0.25,0.35,0,0.1,0.4
"p316",3,3,0.25,0.3,0,0.05,0.2
"p316",4,4,0.25,0.3,0,0.05,0.2
"p316",4,4,0.25,0.3,0,0.05,0.2
"p316",4,3,0.55,0.6,-1,0.05,0.090909090909091
"p316",4,4,0.4,0.5,0,0.1,0.25
"p316",4,4,0.25,0.35,0,0.1,0.4
"p316",4,3,0.55,0.75,-1,0.2,0.363636363636364
"p316",5,5,0.4,0.6,0,0.2,0.5
"p316",5,5,0.4,0.55,0,0.15,0.375
"p316",5,5,0.25,0.25,0,5.55111512312578e-17,2.22044604925031e-16
"p316",4,4,0.4,0.4,0,-5.55111512312578e-17,-1.38777878078145e-16
"p316",4,4,0.55,0.6,0,0.05,0.090909090909091
"p316",5,5,0.55,0.55,0,-1.11022302462516e-16,-2.01858731750028e-16
"p316",3,3,0.55,0.7,0,0.15,0.272727272727273
"p316",5,4,0.25,0.3,-1,0.05,0.2
"p316",4,4,0.4,0.55,0,0.15,0.375
"p316",4,3,0.55,0.65,-1,0.1,0.181818181818182
"p316",3,3,0.25,0.45,0,0.2,0.8
"p316",3,2,0.4,0.35,-1,-0.05,-0.125
"p316",5,4,0.25,0.3,-1,0.05,0.2
"p316",3,2,0.25,0.25,-1,0,0
"p316",5,5,0.4,0.45,0,0.05,0.125
"p316",3,2,0.4,0.45,-1,0.0499999999999999,0.125
"p316",3,2,0.55,0.6,-1,0.05,0.090909090909091
"p316",3,2,0.25,0.25,-1,5.55111512312578e-17,2.22044604925031e-16
"p316",4,4,0.25,0.3,0,0.05,0.2
"p316",5,5,0.25,0.25,0,0,0
"p316",5,5,0.25,0.25,0,0,0
"p316",5,4,0.55,0.7,-1,0.15,0.272727272727273
"p316",4,4,0.25,0.25,0,0,0
"p316",4,3,0.4,0.35,-1,-0.05,-0.125
"p316",4,4,0.4,0.45,0,0.05,0.125
"p316",5,5,0.25,0.25,0,5.55111512312578e-17,2.22044604925031e-16
"p316",5,5,0.25,0.25,0,0,0
"p316",3,3,0.4,0.6,0,0.2,0.5
"p316",3,2,0.25,0.3,-1,0.05,0.2
"p316",3,2,0.25,0.3,-1,0.05,0.2
"p316",3,3,0.55,0.7,0,0.15,0.272727272727273
"p316",5,5,0.4,0.7,0,0.3,0.75
"p316",5,5,0.4,0.55,0,0.15,0.375
"p316",3,3,0.55,0.65,0,0.1,0.181818181818182
"p316",3,3,0.4,0.55,0,0.15,0.375
"p316",3,3,0.55,0.7,0,0.15,0.272727272727273
"p316",3,2,0.55,0.5,-1,-0.0500000000000001,-0.0909090909090911
"p316",5,5,0.55,0.65,0,0.1,0.181818181818182
"p316",5,4,0.55,0.6,-1,0.0499999999999999,0.0909090909090908
"p316",5,5,0.55,0.6,0,0.0499999999999999,0.0909090909090908
"p316",3,3,0.4,0.3,0,-0.1,-0.25
"p316",3,2,0.55,0.6,-1,0.0499999999999999,0.0909090909090908
"p316",5,5,0.4,0.45,0,0.0499999999999999,0.125
"p316",5,5,0.25,0.3,0,0.05,0.2
"p316",5,5,0.25,0.2,0,-0.0499999999999999,-0.2
"p316",3,3,0.25,0.25,0,0,0
"p316",4,3,0.4,0.5,-1,0.1,0.25
"p316",3,2,0.4,0.55,-1,0.15,0.375
"p316",4,3,0.4,0.5,-1,0.1,0.25
"p316",3,3,0.25,0.25,0,0,0
"p316",4,4,0.4,0.45,0,0.0499999999999999,0.125
"p316",5,5,0.55,0.5,0,-0.0500000000000001,-0.0909090909090911
"p316",3,3,0.4,0.4,0,-5.55111512312578e-17,-1.38777878078145e-16
"p316",4,3,0.25,0.25,-1,5.55111512312578e-17,2.22044604925031e-16
"p316",4,3,0.55,0.55,-1,-1.11022302462516e-16,-2.01858731750028e-16
"p316",5,5,0.55,0.6,0,0.05,0.090909090909091
"p316",3,3,0.25,0.25,0,5.55111512312578e-17,2.22044604925031e-16
"p316",4,4,0.25,0.25,0,0,0
"p316",4,4,0.25,0.2,0,-0.05,-0.2
"p316",3,3,0.55,0.7,0,0.15,0.272727272727273
"p316",5,5,0.25,0.35,0,0.1,0.4
"p316",5,5,0.25,0.25,0,5.55111512312578e-17,2.22044604925031e-16
"p316",3,2,0.25,0.25,-1,5.55111512312578e-17,2.22044604925031e-16
"p316",5,4,0.55,0.65,-1,0.1,0.181818181818182
"p316",4,3,0.55,0.65,-1,0.1,0.181818181818182
"p316",3,3,0.55,0.7,0,0.15,0.272727272727273
"p316",4,3,0.55,0.7,-1,0.15,0.272727272727273
"p316",3,2,0.25,0.3,-1,0.05,0.2
"p316",5,4,0.55,0.5,-1,-0.05,-0.090909090909091
"p316",3,2,0.55,0.65,-1,0.1,0.181818181818182
"p316",3,2,0.25,0.25,-1,5.55111512312578e-17,2.22044604925031e-16
"p316",5,5,0.25,0.2,0,-0.0499999999999999,-0.2
"p316",3,3,0.4,0.25,0,-0.15,-0.375
"p316",5,5,0.4,0.35,0,-0.05,-0.125
"p316",5,5,0.25,0.2,0,-0.05,-0.2
"p316",5,5,0.4,0.3,0,-0.1,-0.25
"p316",4,4,0.4,0.4,0,0,0
"p316",3,3,0.25,0.3,0,0.05,0.2
"p316",3,3,0.55,0.7,0,0.15,0.272727272727273
"p316",5,5,0.25,0.25,0,5.55111512312578e-17,2.22044604925031e-16
"p316",4,4,0.25,0.2,0,-0.0499999999999999,-0.2
"p316",4,3,0.25,0.2,-1,-0.05,-0.2
"p316",4,3,0.25,0.25,-1,5.55111512312578e-17,2.22044604925031e-16
"p316",3,2,0.55,0.7,-1,0.15,0.272727272727273
"p316",5,5,0.4,0.4,0,-5.55111512312578e-17,-1.38777878078145e-16
"p316",4,4,0.4,0.4,0,-5.55111512312578e-17,-1.38777878078145e-16
"p316",5,4,0.55,0.65,-1,0.1,0.181818181818182
"p316",3,2,0.4,0.45,-1,0.0499999999999999,0.125
"p316",4,3,0.25,0.4,-1,0.15,0.6
"p316",4,3,0.55,0.55,-1,-1.11022302462516e-16,-2.01858731750028e-16
"p316",4,3,0.55,0.7,-1,0.15,0.272727272727273
"p316",5,5,0.4,0.55,0,0.15,0.375
"p316",5,4,0.25,0.2,-1,-0.0499999999999999,-0.2
"p316",5,5,0.55,0.5,0,-0.05,-0.090909090909091
"p316",5,4,0.55,0.6,-1,0.05,0.090909090909091
"p316",3,2,0.55,0.6,-1,0.05,0.090909090909091
"p316",5,6,0.4,0.5,1,0.1,0.25
"p316",4,4,0.25,0.3,0,0.05,0.2
"p316",5,4,0.25,0.25,-1,5.55111512312578e-17,2.22044604925031e-16
"p316",3,2,0.25,0.25,-1,5.55111512312578e-17,2.22044604925031e-16
"p316",3,3,0.55,0.6,0,0.05,0.090909090909091
"p316",4,4,0.55,0.55,0,-1.11022302462516e-16,-2.01858731750028e-16
"p316",3,3,0.4,0.55,0,0.15,0.375
"p316",3,2,0.55,0.8,-1,0.25,0.454545454545455
"p316",3,2,0.25,0.3,-1,0.05,0.2
"p316",5,5,0.25,0.25,0,5.55111512312578e-17,2.22044604925031e-16
"p316",3,2,0.55,0.6,-1,0.0499999999999999,0.0909090909090908
"p316",3,3,0.25,0.2,0,-0.05,-0.2
"p316",4,4,0.4,0.25,0,-0.15,-0.375
"p316",4,3,0.4,0.4,-1,-5.55111512312578e-17,-1.38777878078145e-16
"p316",4,4,0.4,0.4,0,-5.55111512312578e-17,-1.38777878078145e-16
"p316",4,3,0.25,0.3,-1,0.05,0.2
"p316",5,5,0.25,0.2,0,-0.0499999999999999,-0.2
"p316",5,4,0.4,0.35,-1,-0.05,-0.125
"p316",5,5,0.4,0.35,0,-0.05,-0.125
"p316",3,2,0.25,0.35,-1,0.1,0.4
"p316",5,4,0.25,0.3,-1,0.05,0.2
"p316",3,3,0.4,0.3,0,-0.1,-0.25
"p316",3,3,0.25,0.3,0,0.05,0.2
"p316",4,3,0.55,0.65,-1,0.1,0.181818181818182
"p316",5,5,0.55,0.55,0,0,0
"p316",4,3,0.55,0.6,-1,0.0499999999999999,0.0909090909090908
"p316",5,5,0.25,0.25,0,0,0
"p316",3,2,0.55,0.7,-1,0.15,0.272727272727273
"p316",4,4,0.4,0.45,0,0.0499999999999999,0.125
"p316",4,2,0.55,1.05,-2,0.5,0.909090909090909
"p316",5,5,0.4,0.55,0,0.15,0.375
"p316",3,2,0.25,0.3,-1,0.05,0.2
"p316",3,2,0.4,0.35,-1,-0.05,-0.125
"p316",4,3,0.4,0.45,-1,0.0499999999999999,0.125
"p316",3,3,0.4,0.4,0,0,0
"p316",5,4,0.55,0.55,-1,-1.11022302462516e-16,-2.01858731750028e-16
"p316",4,4,0.25,0.15,0,-0.0999999999999999,-0.4
"p316",3,3,0.25,0.2,0,-0.05,-0.2
"p316",5,5,0.4,0.4,0,0,0
"p316",4,3,0.25,0.25,-1,5.55111512312578e-17,2.22044604925031e-16
"p316",5,3,0.55,0.6,-2,0.0499999999999999,0.0909090909090908
"p316",4,4,0.55,0.75,0,0.2,0.363636363636364
"p316",4,4,0.25,0.15,0,-0.1,-0.4
"p316",3,3,0.4,0.45,0,0.05,0.125
"p316",4,4,0.25,0.25,0,0,0
"p316",4,3,0.25,0.2,-1,-0.0499999999999999,-0.2
"p316",3,3,0.55,0.6,0,0.0499999999999999,0.0909090909090908
"p316",5,4,0.25,0.25,-1,0,0
"p316",4,3,0.55,0.45,-1,-0.1,-0.181818181818182
"p316",5,5,0.25,0.2,0,-0.0499999999999999,-0.2
"p316",5,5,0.55,0.55,0,0,0
"p316",5,5,0.25,0.25,0,5.55111512312578e-17,2.22044604925031e-16
"p316",5,4,0.4,0.35,-1,-0.05,-0.125
"p316",3,3,0.55,0.6,0,0.0499999999999999,0.0909090909090908
"p316",5,5,0.25,0.25,0,0,0
"p316",5,5,0.4,0.4,0,-5.55111512312578e-17,-1.38777878078145e-16
"p316",5,5,0.55,0.45,0,-0.1,-0.181818181818182
"p316",5,4,0.4,0.3,-1,-0.1,-0.25
"p316",3,3,0.25,0.2,0,-0.05,-0.2
"p316",3,3,0.25,0.25,0,0,0
"p316",4,3,0.55,0.65,-1,0.1,0.181818181818182
"p316",3,2,0.55,0.7,-1,0.15,0.272727272727273
"p316",3,2,0.4,0.6,-1,0.2,0.5
"p316",3,2,0.55,0.7,-1,0.15,0.272727272727273
"p316",3,2,0.25,0.25,-1,0,0
"p316",3,2,0.4,0.35,-1,-0.05,-0.125
"p316",4,3,0.25,0.3,-1,0.05,0.2
"p316",3,2,0.55,0.7,-1,0.15,0.272727272727273
"p316",4,4,0.4,0.45,0,0.0499999999999999,0.125
"p316",4,4,0.4,0.6,0,0.2,0.5
"p316",4,3,0.4,0.45,-1,0.05,0.125
"p316",4,4,0.25,0.25,0,0,0
"p316",5,4,0.55,0.55,-1,0,0
"p316",4,4,0.55,0.6,0,0.0499999999999999,0.0909090909090908
"p316",5,4,0.25,0.2,-1,-0.05,-0.2
"p316",3,2,0.25,0.3,-1,0.05,0.2
"p316",3,2,0.4,0.5,-1,0.0999999999999999,0.25
"p316",4,2,0.25,0.3,-2,0.05,0.2
"p316",5,5,0.4,0.35,0,-0.05,-0.125
"p316",3,2,0.55,0.75,-1,0.2,0.363636363636364
"p316",3,3,0.55,0.7,0,0.15,0.272727272727273
"p316",3,2,0.25,0.2,-1,-0.05,-0.2
"p316",5,5,0.25,0.25,0,5.55111512312578e-17,2.22044604925031e-16
"p316",4,3,0.4,0.45,-1,0.0499999999999999,0.125
"p316",4,3,0.4,0.5,-1,0.1,0.25
"p316",3,3,0.25,0.3,0,0.05,0.2
"p316",5,5,0.4,0.4,0,0,0
"p316",3,3,0.4,0.45,0,0.05,0.125
"p316",4,3,0.25,0.25,-1,5.55111512312578e-17,2.22044604925031e-16
"p316",4,4,0.25,0.25,0,0,0
"p316",3,2,0.25,0.2,-1,-0.0499999999999999,-0.2
"p316",5,5,0.55,0.6,0,0.0499999999999999,0.0909090909090908
"p316",5,4,0.55,0.7,-1,0.15,0.272727272727273
"p316",4,3,0.55,0.85,-1,0.3,0.545454545454546
"p316",5,5,0.25,0.35,0,0.1,0.4
"p316",4,3,0.55,0.5,-1,-0.0500000000000001,-0.0909090909090911
"p316",3,3,0.4,0.5,0,0.0999999999999999,0.25
"p316",4,4,0.25,0.2,0,-0.05,-0.2
"p316",4,4,0.25,0.2,0,-0.05,-0.2
"p316",5,5,0.25,0.2,0,-0.05,-0.2
"p316",4,4,0.4,0.4,0,-5.55111512312578e-17,-1.38777878078145e-16
"p316",5,4,0.55,0.6,-1,0.05,0.090909090909091
"p316",5,5,0.25,0.3,0,0.05,0.2
"p316",5,5,0.25,0.25,0,0,0
"p316",4,2,0.25,0.3,-2,0.05,0.2
"p316",4,4,0.25,0.3,0,0.05,0.2
"p316",3,3,0.55,0.85,0,0.3,0.545454545454546
"p316",4,2,0.55,0.8,-2,0.25,0.454545454545455
"p316",5,4,0.25,0.35,-1,0.1,0.4
"p316",3,3,0.4,0.3,0,-0.1,-0.25
"p316",5,4,0.4,0.5,-1,0.0999999999999999,0.25
"p316",3,3,0.55,0.65,0,0.1,0.181818181818182
"p316",3,3,0.4,0.55,0,0.15,0.375
"p316",4,3,0.25,0.35,-1,0.1,0.4
"p316",4,4,0.4,0.3,0,-0.1,-0.25
"p316",4,3,0.25,0.15,-1,-0.1,-0.4
"p316",4,4,0.25,0.2,0,-0.05,-0.2
"p316",4,3,0.55,0.5,-1,-0.0500000000000001,-0.0909090909090911
"p316",4,4,0.55,0.45,0,-0.1,-0.181818181818182
"p316",3,3,0.4,0.45,0,0.05,0.125
"p316",4,3,0.4,0.4,-1,-5.55111512312578e-17,-1.38777878078145e-16
"p316",3,3,0.55,0.45,0,-0.1,-0.181818181818182
"p316",3,3,0.55,0.65,0,0.1,0.181818181818182
"p316",3,2,0.4,0.55,-1,0.15,0.375
"p316",3,3,0.25,0.25,0,0,0
"p316",3,2,0.55,0.7,-1,0.15,0.272727272727273
"p316",3,3,0.25,0.2,0,-0.0499999999999999,-0.2
"p316",4,5,0.4,0.35,1,-0.05,-0.125
"p316",5,5,0.25,0.25,0,5.55111512312578e-17,2.22044604925031e-16
"p316",5,6,0.25,0.25,1,0,0
"p316",4,4,0.25,0.2,0,-0.05,-0.2
"p316",5,5,0.55,0.5,0,-0.05,-0.090909090909091
"p316",5,5,0.4,0.5,0,0.0999999999999999,0.25
"p316",5,5,0.55,0.6,0,0.05,0.090909090909091
"p316",4,4,0.55,0.55,0,0,0
"p316",5,5,0.4,0.55,0,0.15,0.375
"p316",3,3,0.25,0.25,0,5.55111512312578e-17,2.22044604925031e-16
"p316",5,4,0.55,0.6,-1,0.05,0.090909090909091
"p316",4,4,0.4,0.45,0,0.0499999999999999,0.125
"p316",3,3,0.25,0.25,0,0,0
"p316",4,4,0.55,0.6,0,0.0499999999999999,0.0909090909090908
"p316",5,4,0.55,0.75,-1,0.2,0.363636363636364
"p316",3,3,0.25,0.2,0,-0.05,-0.2
"p316",3,2,0.25,0.25,-1,5.55111512312578e-17,2.22044604925031e-16
"p316",3,2,0.25,0.25,-1,5.55111512312578e-17,2.22044604925031e-16
"p316",5,5,0.4,0.25,0,-0.15,-0.375
"p316",3,3,0.55,0.6,0,0.0499999999999999,0.0909090909090908
"p316",4,4,0.25,0.2,0,-0.05,-0.2
"p316",5,5,0.25,0.15,0,-0.1,-0.4
"p316",5,4,0.4,0.25,-1,-0.15,-0.375
"p316",3,3,0.4,0.3,0,-0.1,-0.25
"p316",5,5,0.25,0.3,0,0.05,0.2
"p316",5,5,0.4,0.3,0,-0.1,-0.25
"p316",5,4,0.4,0.35,-1,-0.05,-0.125
"p316",4,4,0.4,0.3,0,-0.1,-0.25
"p316",4,3,0.4,0.45,-1,0.05,0.125
"p316",5,4,0.55,0.65,-1,0.1,0.181818181818182
"p316",4,4,0.55,0.6,0,0.0499999999999999,0.0909090909090908
"p316",4,3,0.25,0.2,-1,-0.0499999999999999,-0.2
"p316",3,2,0.25,0.2,-1,-0.0499999999999999,-0.2
"p316",3,3,0.55,0.65,0,0.1,0.181818181818182
"p316",5,5,0.55,0.6,0,0.0499999999999999,0.0909090909090908
"p316",4,3,0.25,0.35,-1,0.1,0.4
"p316",5,4,0.55,0.5,-1,-0.0500000000000001,-0.0909090909090911
"p316",3,3,0.55,0.6,0,0.05,0.090909090909091
"p316",4,3,0.4,0.6,-1,0.2,0.5
"p316",5,5,0.4,0.55,0,0.15,0.375
"p316",5,5,0.25,0.2,0,-0.0499999999999999,-0.2
"p316",3,2,0.55,0.65,-1,0.1,0.181818181818182
"p316",5,3,0.55,0.65,-2,0.1,0.181818181818182
"p316",3,2,0.4,0.55,-1,0.15,0.375
"p316",4,3,0.25,0.25,-1,5.55111512312578e-17,2.22044604925031e-16
"p316",3,3,0.4,0.5,0,0.0999999999999999,0.25
"p316",4,2,0.55,0.7,-2,0.15,0.272727272727273
"p316",5,5,0.25,0.2,0,-0.05,-0.2
"p316",4,2,0.25,0.25,-2,5.55111512312578e-17,2.22044604925031e-16
"p316",3,3,0.4,0.3,0,-0.1,-0.25
"p316",3,2,0.25,0.2,-1,-0.0499999999999999,-0.2
"p316",3,2,0.4,0.5,-1,0.0999999999999999,0.25
"p316",5,5,0.25,0.25,0,5.55111512312578e-17,2.22044604925031e-16
"p316",4,4,0.55,0.65,0,0.1,0.181818181818182
"p316",3,3,0.4,0.45,0,0.0499999999999999,0.125
"p316",5,5,0.25,0.2,0,-0.05,-0.2
"p316",3,2,0.25,0.2,-1,-0.0499999999999999,-0.2
"p316",3,3,0.25,0.25,0,5.55111512312578e-17,2.22044604925031e-16
"p316",3,3,0.25,0.25,0,0,0
"p316",3,2,0.55,0.7,-1,0.15,0.272727272727273
"p316",5,4,0.25,0.3,-1,0.05,0.2
"p316",3,2,0.55,0.7,-1,0.15,0.272727272727273
"p316",4,2,0.4,0.5,-2,0.0999999999999999,0.25
"p316",5,5,0.25,0.3,0,0.05,0.2
"p316",3,2,0.25,0.25,-1,5.55111512312578e-17,2.22044604925031e-16
"p316",5,5,0.4,0.45,0,0.05,0.125
"p316",3,2,0.55,0.55,-1,0,0
"p316",4,4,0.25,0.25,0,5.55111512312578e-17,2.22044604925031e-16
"p316",4,3,0.55,0.5,-1,-0.0500000000000001,-0.0909090909090911
"p316",4,3,0.4,0.4,-1,0,0
"p316",3,3,0.25,0.25,0,5.55111512312578e-17,2.22044604925031e-16
"p316",4,2,0.55,0.65,-2,0.1,0.181818181818182
"p316",5,5,0.25,0.2,0,-0.05,-0.2
"p316",4,3,0.25,0.25,-1,5.55111512312578e-17,2.22044604925031e-16
"p316",4,3,0.25,0.25,-1,0,0
"p316",5,6,0.55,0.6,1,0.05,0.090909090909091
"p316",5,5,0.4,0.55,0,0.15,0.375
"p316",4,4,0.55,0.45,0,-0.1,-0.181818181818182
"p316",5,5,0.4,0.45,0,0.0499999999999999,0.125
"p316",4,4,0.25,0.25,0,5.55111512312578e-17,2.22044604925031e-16
"p316",4,4,0.25,0.2,0,-0.05,-0.2
"p316",4,4,0.55,0.6,0,0.05,0.090909090909091
"p316",4,3,0.55,0.7,-1,0.15,0.272727272727273
"p316",4,4,0.25,0.3,0,0.05,0.2
"p316",3,3,0.4,0.45,0,0.0499999999999999,0.125
"p316",5,5,0.25,0.25,0,0,0
"p316",3,2,0.25,0.25,-1,5.55111512312578e-17,2.22044604925031e-16
"p316",5,5,0.55,0.5,0,-0.0500000000000001,-0.0909090909090911
"p316",4,4,0.4,0.35,0,-0.05,-0.125
"p316",5,5,0.55,0.5,0,-0.0500000000000001,-0.0909090909090911
"p316",4,3,0.4,0.5,-1,0.0999999999999999,0.25
"p316",5,4,0.25,0.25,-1,5.55111512312578e-17,2.22044604925031e-16
"p316",3,2,0.55,0.75,-1,0.2,0.363636363636364
"p316",5,5,0.25,0.2,0,-0.0499999999999999,-0.2
"p316",3,3,0.25,0.15,0,-0.1,-0.4
"p316",5,6,0.25,0.15,1,-0.0999999999999999,-0.4
"p316",3,3,0.25,0.3,0,0.05,0.2
"p316",3,4,0.25,0.25,1,5.55111512312578e-17,2.22044604925031e-16
"p316",3,3,0.4,0.25,0,-0.15,-0.375
"p316",4,4,0.25,0.2,0,-0.05,-0.2
"p316",3,2,0.25,0.2,-1,-0.05,-0.2
"p316",3,3,0.4,0.3,0,-0.1,-0.25
"p316",4,4,0.25,0.2,0,-0.0499999999999999,-0.2
"p316",5,4,0.4,0.3,-1,-0.1,-0.25
"p316",5,5,0.25,0.25,0,5.55111512312578e-17,2.22044604925031e-16
"p316",5,5,0.25,0.25,0,5.55111512312578e-17,2.22044604925031e-16
"p316",3,2,0.55,0.5,-1,-0.05,-0.090909090909091
"p316",3,3,0.55,0.6,0,0.0499999999999999,0.0909090909090908
"p316",4,4,0.4,0.25,0,-0.15,-0.375
"p316",5,5,0.55,0.5,0,-0.0500000000000001,-0.0909090909090911
"p316",5,4,0.55,0.5,-1,-0.05,-0.090909090909091
"p316",5,5,0.4,0.55,0,0.15,0.375
"p316",4,4,0.25,0.25,0,5.55111512312578e-17,2.22044604925031e-16
"p316",4,4,0.4,0.35,0,-0.05,-0.125
"p316",4,3,0.55,0.65,-1,0.1,0.181818181818182
"p316",5,5,0.55,0.65,0,0.1,0.181818181818182
"p316",3,2,0.25,0.25,-1,0,0
"p316",4,3,0.25,0.3,-1,0.05,0.2
"p316",3,3,0.25,0.3,0,0.05,0.2
"p316",5,5,0.4,0.3,0,-0.1,-0.25
"p316",3,3,0.4,0.35,0,-0.05,-0.125
"p316",4,3,0.55,0.55,-1,-1.11022302462516e-16,-2.01858731750028e-16
"p316",4,4,0.4,0.4,0,-5.55111512312578e-17,-1.38777878078145e-16
"p316",3,3,0.55,0.65,0,0.1,0.181818181818182
"p316",3,3,0.55,0.7,0,0.15,0.272727272727273
"p316",3,2,0.55,0.5,-1,-0.0500000000000001,-0.0909090909090911
"p316",3,2,0.4,0.5,-1,0.0999999999999999,0.25
"p316",5,4,0.4,0.3,-1,-0.1,-0.25
"p316",5,5,0.25,0.25,0,5.55111512312578e-17,2.22044604925031e-16
"p316",5,5,0.4,0.5,0,0.1,0.25
"p316",5,5,0.4,0.35,0,-0.05,-0.125
"p316",5,5,0.55,0.4,0,-0.15,-0.272727272727273
"p316",3,3,0.55,0.5,0,-0.0500000000000001,-0.0909090909090911
"p316",5,5,0.55,0.6,0,0.0499999999999999,0.0909090909090908
"p316",3,2,0.55,0.6,-1,0.0499999999999999,0.0909090909090908
"p316",5,5,0.25,0.3,0,0.05,0.2
"p316",3,2,0.55,0.55,-1,-1.11022302462516e-16,-2.01858731750028e-16
"p316",4,2,0.4,0.45,-2,0.0499999999999999,0.125
"p316",4,3,0.55,0.5,-1,-0.0500000000000001,-0.0909090909090911
"p316",3,2,0.25,0.25,-1,0,0
"p316",3,3,0.4,0.45,0,0.05,0.125
"p316",4,4,0.4,0.45,0,0.05,0.125
"p316",5,5,0.25,0.25,0,0,0
"p316",4,4,0.25,0.15,0,-0.1,-0.4
"p316",4,4,0.55,0.5,0,-0.0500000000000001,-0.0909090909090911
"p316",3,2,0.4,0.5,-1,0.1,0.25
"p316",4,4,0.25,0.2,0,-0.05,-0.2
"p316",5,5,0.55,0.45,0,-0.1,-0.181818181818182
"p316",4,4,0.55,0.45,0,-0.1,-0.181818181818182
"p316",3,3,0.4,0.45,0,0.05,0.125
"p316",3,3,0.25,0.25,0,5.55111512312578e-17,2.22044604925031e-16
"p316",4,3,0.4,0.25,-1,-0.15,-0.375
"p316",3,3,0.25,0.25,0,5.55111512312578e-17,2.22044604925031e-16
"p316",3,3,0.55,0.65,0,0.1,0.181818181818182
"p316",5,5,0.4,0.35,0,-0.05,-0.125
"p316",5,6,0.55,0.45,1,-0.1,-0.181818181818182
"p316",4,4,0.25,0.2,0,-0.0499999999999999,-0.2
"p316",4,4,0.25,0.25,0,5.55111512312578e-17,2.22044604925031e-16
"p316",4,3,0.25,0.25,-1,5.55111512312578e-17,2.22044604925031e-16
"p316",5,5,0.25,0.15,0,-0.1,-0.4
"p316",3,2,0.4,0.55,-1,0.15,0.375
"p316",5,5,0.25,0.3,0,0.05,0.2
"p316",5,6,0.25,0.2,1,-0.0499999999999999,-0.2
"p316",3,2,0.55,0.65,-1,0.1,0.181818181818182
"p316",4,3,0.55,0.65,-1,0.1,0.181818181818182
"p316",3,2,0.25,0.25,-1,0,0
"p316",5,6,0.25,0.15,1,-0.1,-0.4
"p316",3,2,0.4,0.5,-1,0.1,0.25
"p316",3,3,0.25,0.3,0,0.05,0.2
"p316",5,5,0.25,0.25,0,0,0
"p316",5,5,0.4,0.3,0,-0.1,-0.25
"p316",4,3,0.25,0.3,-1,0.05,0.2
"p316",4,4,0.4,0.3,0,-0.1,-0.25
"p316",4,4,0.25,0.15,0,-0.1,-0.4
"p316",4,3,0.55,0.6,-1,0.05,0.090909090909091
"p316",4,3,0.4,0.5,-1,0.1,0.25
"p316",5,5,0.55,0.6,0,0.05,0.090909090909091
"p316",5,5,0.4,0.55,0,0.15,0.375
"p316",3,3,0.55,0.65,0,0.1,0.181818181818182
"p316",3,2,0.25,0.3,-1,0.05,0.2
"p316",3,2,0.25,0.25,-1,5.55111512312578e-17,2.22044604925031e-16
"p317",4,3,0.25,0.2,-1,-0.05,-0.2
"p317",5,5,0.4,0.25,0,-0.15,-0.375
"p317",3,3,0.4,0.25,0,-0.15,-0.375
"p317",3,3,0.55,0.3,0,-0.25,-0.454545454545455
"p317",4,4,0.4,0.25,0,-0.15,-0.375
"p317",4,4,0.25,0.2,0,-0.05,-0.2
"p317",4,4,0.25,0.25,0,0,0
"p317",3,3,0.25,0.25,0,5.55111512312578e-17,2.22044604925031e-16
"p317",4,3,0.55,0.5,-1,-0.0500000000000001,-0.0909090909090911
"p317",3,3,0.55,0.5,0,-0.0500000000000001,-0.0909090909090911
"p317",5,5,0.55,0.45,0,-0.1,-0.181818181818182
"p317",4,4,0.4,0.4,0,0,0
"p317",5,4,0.25,0.3,-1,0.05,0.2
"p317",4,4,0.4,0.35,0,-0.05,-0.125
"p317",3,3,0.4,0.35,0,-0.05,-0.125
"p317",4,4,0.25,0.3,0,0.05,0.2
"p317",3,3,0.4,0.25,0,-0.15,-0.375
"p317",5,5,0.25,0.25,0,0,0
"p317",3,3,0.25,0.25,0,5.55111512312578e-17,2.22044604925031e-16
"p317",5,4,0.55,0.45,-1,-0.1,-0.181818181818182
"p317",3,3,0.4,0.3,0,-0.1,-0.25
"p317",3,3,0.4,0.3,0,-0.1,-0.25
"p317",5,5,0.25,0.25,0,5.55111512312578e-17,2.22044604925031e-16
"p317",5,5,0.4,0.3,0,-0.1,-0.25
"p317",5,4,0.25,0.2,-1,-0.0499999999999999,-0.2
"p317",3,3,0.55,0.4,0,-0.15,-0.272727272727273
"p317",4,4,0.55,0.35,0,-0.2,-0.363636363636364
"p317",5,4,0.55,0.5,-1,-0.05,-0.090909090909091
"p317",5,5,0.4,0.35,0,-0.05,-0.125
"p317",4,4,0.4,0.35,0,-0.05,-0.125
"p317",4,4,0.25,0.25,0,5.55111512312578e-17,2.22044604925031e-16
"p317",5,4,0.4,0.4,-1,0,0
"p317",3,3,0.25,0.25,0,5.55111512312578e-17,2.22044604925031e-16
"p317",3,3,0.55,0.5,0,-0.05,-0.090909090909091
"p317",5,4,0.25,0.3,-1,0.05,0.2
"p317",4,4,0.25,0.3,0,0.05,0.2
"p317",5,4,0.55,0.5,-1,-0.0500000000000001,-0.0909090909090911
"p317",4,4,0.55,0.5,0,-0.05,-0.090909090909091
"p317",5,5,0.55,0.35,0,-0.2,-0.363636363636364
"p317",5,4,0.25,0.35,-1,0.1,0.4
"p317",4,3,0.55,0.6,-1,0.05,0.090909090909091
"p317",5,5,0.4,0.35,0,-0.05,-0.125
"p317",4,4,0.55,0.55,0,-1.11022302462516e-16,-2.01858731750028e-16
"p317",3,3,0.25,0.3,0,0.05,0.2
"p317",5,4,0.25,0.3,-1,0.05,0.2
"p317",4,4,0.25,0.35,0,0.1,0.4
"p317",3,3,0.55,0.5,0,-0.05,-0.090909090909091
"p317",3,3,0.25,0.3,0,0.05,0.2
"p317",4,3,0.4,0.45,-1,0.0499999999999999,0.125
"p317",3,3,0.25,0.25,0,5.55111512312578e-17,2.22044604925031e-16
"p317",3,3,0.55,0.35,0,-0.2,-0.363636363636364
"p317",3,3,0.25,0.25,0,5.55111512312578e-17,2.22044604925031e-16
"p317",5,5,0.25,0.25,0,5.55111512312578e-17,2.22044604925031e-16
"p317",3,3,0.55,0.3,0,-0.25,-0.454545454545455
"p317",3,3,0.55,0.35,0,-0.2,-0.363636363636364
"p317",3,3,0.4,0.45,0,0.05,0.125
"p317",3,3,0.25,0.3,0,0.05,0.2
"p317",3,3,0.55,0.4,0,-0.15,-0.272727272727273
"p317",3,3,0.25,0.25,0,0,0
"p317",5,4,0.55,0.4,-1,-0.15,-0.272727272727273
"p317",5,5,0.55,0.35,0,-0.2,-0.363636363636364
"p317",5,4,0.55,0.35,-1,-0.2,-0.363636363636364
"p317",3,3,0.4,0.45,0,0.05,0.125
"p317",5,5,0.4,0.35,0,-0.05,-0.125
"p317",3,3,0.4,0.35,0,-0.05,-0.125
"p317",5,4,0.25,0.35,-1,0.1,0.4
"p317",4,4,0.25,0.25,0,5.55111512312578e-17,2.22044604925031e-16
"p317",4,4,0.4,0.35,0,-0.05,-0.125
"p317",4,3,0.55,0.6,-1,0.05,0.090909090909091
"p317",4,3,0.55,0.5,-1,-0.0500000000000001,-0.0909090909090911
"p317",5,4,0.25,0.3,-1,0.05,0.2
"p317",4,3,0.4,0.4,-1,-5.55111512312578e-17,-1.38777878078145e-16
"p317",4,4,0.25,0.25,0,5.55111512312578e-17,2.22044604925031e-16
"p317",4,4,0.55,0.35,0,-0.2,-0.363636363636364
"p317",5,5,0.4,0.35,0,-0.05,-0.125
"p317",4,4,0.4,0.3,0,-0.1,-0.25
"p317",3,3,0.4,0.35,0,-0.05,-0.125
"p317",5,5,0.25,0.25,0,5.55111512312578e-17,2.22044604925031e-16
"p317",3,3,0.55,0.4,0,-0.15,-0.272727272727273
"p317",4,4,0.4,0.35,0,-0.05,-0.125
"p317",4,4,0.25,0.4,0,0.15,0.6
"p317",4,4,0.25,0.3,0,0.05,0.2
"p317",5,5,0.4,0.4,0,0,0
"p317",3,3,0.25,0.3,0,0.05,0.2
"p317",3,3,0.25,0.25,0,5.55111512312578e-17,2.22044604925031e-16
"p317",4,4,0.55,0.45,0,-0.1,-0.181818181818182
"p317",3,3,0.25,0.15,0,-0.1,-0.4
"p317",3,3,0.55,0.4,0,-0.15,-0.272727272727273
"p317",4,4,0.25,0.35,0,0.1,0.4
"p317",5,5,0.25,0.3,0,0.05,0.2
"p317",3,3,0.25,0.25,0,5.55111512312578e-17,2.22044604925031e-16
"p317",5,4,0.55,0.4,-1,-0.15,-0.272727272727273
"p317",5,5,0.55,0.35,0,-0.2,-0.363636363636364
"p317",4,4,0.4,0.3,0,-0.1,-0.25
"p317",5,5,0.4,0.3,0,-0.1,-0.25
"p317",4,4,0.25,0.3,0,0.05,0.2
"p317",5,5,0.25,0.25,0,0,0
"p317",5,4,0.4,0.4,-1,0,0
"p317",3,3,0.4,0.45,0,0.05,0.125
"p317",3,3,0.25,0.25,0,5.55111512312578e-17,2.22044604925031e-16
"p317",5,5,0.25,0.2,0,-0.05,-0.2
"p317",4,3,0.55,0.4,-1,-0.15,-0.272727272727273
"p317",3,3,0.55,0.45,0,-0.1,-0.181818181818182
"p317",4,4,0.25,0.25,0,5.55111512312578e-17,2.22044604925031e-16
"p317",5,4,0.25,0.3,-1,0.05,0.2
"p317",5,4,0.25,0.25,-1,5.55111512312578e-17,2.22044604925031e-16
"p317",5,5,0.55,0.45,0,-0.1,-0.181818181818182
"p317",5,5,0.25,0.25,0,0,0
"p317",5,4,0.25,0.2,-1,-0.05,-0.2
"p317",3,3,0.25,0.25,0,0,0
"p317",5,4,0.55,0.35,-1,-0.2,-0.363636363636364
"p317",3,3,0.55,0.35,0,-0.2,-0.363636363636364
"p317",3,3,0.25,0.25,0,5.55111512312578e-17,2.22044604925031e-16
"p317",5,6,0.4,0.3,1,-0.1,-0.25
"p317",4,5,0.4,0.3,1,-0.1,-0.25
"p317",5,5,0.25,0.3,0,0.05,0.2
"p317",4,4,0.25,0.3,0,0.05,0.2
"p317",5,5,0.55,0.35,0,-0.2,-0.363636363636364
"p317",4,5,0.55,0.3,1,-0.25,-0.454545454545455
"p317",4,4,0.25,0.3,0,0.05,0.2
"p317",5,5,0.25,0.2,0,-0.05,-0.2
"p317",4,4,0.55,0.4,0,-0.15,-0.272727272727273
"p317",5,5,0.4,0.4,0,0,0
"p317",4,3,0.4,0.4,-1,-5.55111512312578e-17,-1.38777878078145e-16
"p317",4,5,0.25,0.25,1,0,0
"p317",4,4,0.25,0.3,0,0.05,0.2
"p317",3,4,0.55,0.4,1,-0.15,-0.272727272727273
"p317",3,4,0.55,0.4,1,-0.15,-0.272727272727273
"p317",5,5,0.55,0.4,0,-0.15,-0.272727272727273
"p317",3,4,0.55,0.35,1,-0.2,-0.363636363636364
"p317",4,4,0.25,0.25,0,0,0
"p317",4,4,0.25,0.3,0,0.05,0.2
"p317",3,3,0.25,0.15,0,-0.1,-0.4
"p317",4,4,0.55,0.35,0,-0.2,-0.363636363636364
"p317",3,3,0.4,0.3,0,-0.1,-0.25
"p317",4,4,0.55,0.4,0,-0.15,-0.272727272727273
"p317",5,4,0.55,0.5,-1,-0.05,-0.090909090909091
"p317",3,3,0.55,0.55,0,0,0
"p317",5,5,0.4,0.5,0,0.1,0.25
"p317",4,3,0.55,0.65,-1,0.1,0.181818181818182
"p317",3,3,0.25,0.2,0,-0.0499999999999999,-0.2
"p317",3,3,0.25,0.25,0,0,0
"p317",4,4,0.4,0.3,0,-0.1,-0.25
"p317",3,3,0.4,0.3,0,-0.1,-0.25
"p317",5,4,0.4,0.3,-1,-0.1,-0.25
"p317",3,3,0.4,0.35,0,-0.05,-0.125
"p317",4,4,0.4,0.4,0,0,0
"p317",5,5,0.25,0.3,0,0.05,0.2
"p317",4,4,0.25,0.25,0,0,0
"p317",3,3,0.25,0.3,0,0.05,0.2
"p317",3,3,0.4,0.35,0,-0.05,-0.125
"p317",3,3,0.25,0.2,0,-0.05,-0.2
"p317",3,3,0.4,0.3,0,-0.1,-0.25
"p317",4,4,0.4,0.35,0,-0.05,-0.125
"p317",3,4,0.55,0.35,1,-0.2,-0.363636363636364
"p317",5,5,0.4,0.4,0,0,0
"p317",5,5,0.25,0.3,0,0.05,0.2
"p317",3,3,0.4,0.3,0,-0.1,-0.25
"p317",3,3,0.25,0.3,0,0.05,0.2
"p317",4,4,0.4,0.3,0,-0.1,-0.25
"p317",4,4,0.4,0.4,0,0,0
"p317",5,6,0.25,0.3,1,0.05,0.2
"p317",5,5,0.55,0.35,0,-0.2,-0.363636363636364
"p317",5,5,0.55,0.4,0,-0.15,-0.272727272727273
"p317",5,4,0.4,0.2,-1,-0.2,-0.5
"p317",4,4,0.25,0.25,0,0,0
"p317",4,4,0.55,0.45,0,-0.1,-0.181818181818182
"p317",5,5,0.25,0.25,0,5.55111512312578e-17,2.22044604925031e-16
"p317",4,4,0.4,0.45,0,0.05,0.125
"p317",4,4,0.25,0.25,0,5.55111512312578e-17,2.22044604925031e-16
"p317",3,3,0.25,0.25,0,0,0
"p317",5,4,0.25,0.3,-1,0.05,0.2
"p317",3,3,0.55,0.4,0,-0.15,-0.272727272727273
"p317",5,5,0.25,0.25,0,0,0
"p317",4,4,0.25,0.25,0,5.55111512312578e-17,2.22044604925031e-16
"p317",3,3,0.25,0.3,0,0.05,0.2
"p317",4,3,0.55,0.55,-1,0,0
"p317",3,3,0.55,0.45,0,-0.1,-0.181818181818182
"p317",4,4,0.25,0.25,0,5.55111512312578e-17,2.22044604925031e-16
"p317",5,4,0.4,0.4,-1,0,0
"p317",3,3,0.55,0.4,0,-0.15,-0.272727272727273
"p317",3,3,0.25,0.25,0,5.55111512312578e-17,2.22044604925031e-16
"p317",3,3,0.4,0.35,0,-0.05,-0.125
"p317",4,4,0.55,0.45,0,-0.1,-0.181818181818182
"p317",3,2,0.55,0.45,-1,-0.1,-0.181818181818182
"p317",3,3,0.4,0.45,0,0.05,0.125
"p317",3,3,0.55,0.55,0,0,0
"p317",5,5,0.25,0.3,0,0.05,0.2
"p317",3,3,0.25,0.2,0,-0.05,-0.2
"p317",5,5,0.25,0.2,0,-0.05,-0.2
"p317",4,4,0.25,0.2,0,-0.05,-0.2
"p317",4,4,0.4,0.35,0,-0.05,-0.125
"p317",5,4,0.4,0.4,-1,-5.55111512312578e-17,-1.38777878078145e-16
"p317",3,3,0.4,0.3,0,-0.1,-0.25
"p317",4,4,0.55,0.35,0,-0.2,-0.363636363636364
"p317",4,4,0.55,0.5,0,-0.05,-0.090909090909091
"p317",4,4,0.25,0.2,0,-0.05,-0.2
"p317",5,6,0.4,0.25,1,-0.15,-0.375
"p317",4,4,0.4,0.3,0,-0.1,-0.25
"p317",5,5,0.55,0.3,0,-0.25,-0.454545454545455
"p317",3,3,0.25,0.3,0,0.05,0.2
"p317",5,5,0.55,0.4,0,-0.15,-0.272727272727273
"p317",3,3,0.55,0.35,0,-0.2,-0.363636363636364
"p317",3,2,0.25,0.35,-1,0.1,0.4
"p317",3,3,0.4,0.4,0,0,0
"p317",5,4,0.4,0.4,-1,0,0
"p317",5,4,0.55,0.4,-1,-0.15,-0.272727272727273
"p317",4,4,0.25,0.2,0,-0.05,-0.2
"p317",3,4,0.4,0.35,1,-0.05,-0.125
"p317",3,3,0.55,0.45,0,-0.1,-0.181818181818182
"p317",5,5,0.25,0.3,0,0.05,0.2
"p317",5,5,0.25,0.25,0,5.55111512312578e-17,2.22044604925031e-16
"p317",4,4,0.4,0.3,0,-0.1,-0.25
"p317",3,3,0.4,0.3,0,-0.1,-0.25
"p317",4,4,0.25,0.2,0,-0.05,-0.2
"p317",3,3,0.25,0.2,0,-0.05,-0.2
"p317",4,3,0.55,0.45,-1,-0.1,-0.181818181818182
"p317",4,4,0.4,0.45,0,0.05,0.125
"p317",5,4,0.25,0.25,-1,5.55111512312578e-17,2.22044604925031e-16
"p317",3,4,0.55,0.4,1,-0.15,-0.272727272727273
"p317",3,3,0.55,0.45,0,-0.1,-0.181818181818182
"p317",5,5,0.4,0.35,0,-0.05,-0.125
"p317",3,3,0.55,0.35,0,-0.2,-0.363636363636364
"p317",3,3,0.25,0.3,0,0.05,0.2
"p317",4,4,0.25,0.25,0,0,0
"p317",4,5,0.25,0.2,1,-0.0499999999999999,-0.2
"p317",4,3,0.4,0.3,-1,-0.1,-0.25
"p317",3,3,0.4,0.4,0,-5.55111512312578e-17,-1.38777878078145e-16
"p317",3,3,0.4,0.4,0,-5.55111512312578e-17,-1.38777878078145e-16
"p317",4,4,0.25,0.25,0,0,0
"p317",5,4,0.25,0.3,-1,0.05,0.2
"p317",3,3,0.25,0.35,0,0.1,0.4
"p317",4,3,0.55,0.45,-1,-0.1,-0.181818181818182
"p317",5,5,0.25,0.3,0,0.05,0.2
"p317",3,3,0.25,0.25,0,0,0
"p317",5,4,0.25,0.2,-1,-0.05,-0.2
"p317",4,4,0.25,0.25,0,0,0
"p317",4,4,0.55,0.45,0,-0.1,-0.181818181818182
"p317",5,5,0.4,0.5,0,0.1,0.25
"p317",3,3,0.4,0.4,0,0,0
"p317",3,3,0.25,0.2,0,-0.0499999999999999,-0.2
"p317",5,4,0.55,0.35,-1,-0.2,-0.363636363636364
"p317",5,5,0.25,0.3,0,0.05,0.2
"p317",4,4,0.4,0.4,0,-5.55111512312578e-17,-1.38777878078145e-16
"p317",5,5,0.55,0.35,0,-0.2,-0.363636363636364
"p317",4,4,0.55,0.45,0,-0.1,-0.181818181818182
"p317",3,3,0.55,0.4,0,-0.15,-0.272727272727273
"p317",5,5,0.55,0.4,0,-0.15,-0.272727272727273
"p317",4,4,0.25,0.25,0,0,0
"p317",5,4,0.4,0.45,-1,0.05,0.125
"p317",5,4,0.4,0.35,-1,-0.05,-0.125
"p317",4,4,0.4,0.3,0,-0.1,-0.25
"p317",5,5,0.4,0.25,0,-0.15,-0.375
"p317",3,3,0.25,0.25,0,5.55111512312578e-17,2.22044604925031e-16
"p317",3,3,0.25,0.3,0,0.05,0.2
"p317",4,3,0.55,0.5,-1,-0.0500000000000001,-0.0909090909090911
"p317",5,5,0.55,0.4,0,-0.15,-0.272727272727273
"p317",4,4,0.25,0.3,0,0.05,0.2
"p317",3,3,0.55,0.4,0,-0.15,-0.272727272727273
"p317",5,4,0.55,0.45,-1,-0.1,-0.181818181818182
"p317",4,3,0.25,0.25,-1,5.55111512312578e-17,2.22044604925031e-16
"p317",5,4,0.55,0.45,-1,-0.1,-0.181818181818182
"p317",4,4,0.4,0.35,0,-0.05,-0.125
"p317",3,3,0.25,0.3,0,0.05,0.2
"p317",4,4,0.4,0.35,0,-0.05,-0.125
"p317",5,4,0.4,0.45,-1,0.05,0.125
"p317",5,5,0.4,0.35,0,-0.05,-0.125
"p317",4,5,0.55,0.4,1,-0.15,-0.272727272727273
"p317",3,3,0.55,0.35,0,-0.2,-0.363636363636364
"p317",4,4,0.55,0.45,0,-0.1,-0.181818181818182
"p317",5,4,0.25,0.25,-1,5.55111512312578e-17,2.22044604925031e-16
"p317",3,3,0.4,0.3,0,-0.1,-0.25
"p317",3,3,0.4,0.35,0,-0.05,-0.125
"p317",3,3,0.25,0.15,0,-0.1,-0.4
"p317",3,3,0.4,0.25,0,-0.15,-0.375
"p317",4,4,0.25,0.2,0,-0.0499999999999999,-0.2
"p317",5,4,0.55,0.35,-1,-0.2,-0.363636363636364
"p317",3,3,0.25,0.25,0,0,0
"p317",3,4,0.55,0.45,1,-0.1,-0.181818181818182
"p317",5,5,0.4,0.35,0,-0.05,-0.125
"p317",5,5,0.4,0.35,0,-0.05,-0.125
"p317",5,5,0.25,0.25,0,5.55111512312578e-17,2.22044604925031e-16
"p317",3,3,0.25,0.2,0,-0.05,-0.2
"p317",4,4,0.25,0.25,0,5.55111512312578e-17,2.22044604925031e-16
"p317",4,4,0.4,0.35,0,-0.05,-0.125
"p317",3,3,0.4,0.35,0,-0.05,-0.125
"p317",5,5,0.25,0.35,0,0.1,0.4
"p317",5,5,0.55,0.4,0,-0.15,-0.272727272727273
"p317",5,5,0.25,0.3,0,0.05,0.2
"p317",4,4,0.4,0.3,0,-0.1,-0.25
"p317",3,3,0.55,0.4,0,-0.15,-0.272727272727273
"p317",4,3,0.55,0.45,-1,-0.1,-0.181818181818182
"p317",4,3,0.55,0.4,-1,-0.15,-0.272727272727273
"p317",3,3,0.25,0.25,0,0,0
"p317",3,3,0.55,0.4,0,-0.15,-0.272727272727273
"p317",4,4,0.25,0.3,0,0.05,0.2
"p317",5,4,0.25,0.25,-1,0,0
"p317",5,5,0.25,0.3,0,0.05,0.2
"p317",4,4,0.25,0.2,0,-0.0499999999999999,-0.2
"p317",5,5,0.25,0.2,0,-0.05,-0.2
"p317",5,4,0.55,0.35,-1,-0.2,-0.363636363636364
"p317",4,4,0.25,0.2,0,-0.0499999999999999,-0.2
"p317",5,5,0.4,0.4,0,0,0
"p317",3,3,0.55,0.35,0,-0.2,-0.363636363636364
"p317",3,3,0.55,0.4,0,-0.15,-0.272727272727273
"p317",4,4,0.4,0.35,0,-0.05,-0.125
"p317",4,3,0.55,0.5,-1,-0.0500000000000001,-0.0909090909090911
"p317",3,3,0.25,0.25,0,0,0
"p317",3,2,0.4,0.3,-1,-0.1,-0.25
"p317",5,5,0.55,0.4,0,-0.15,-0.272727272727273
"p317",3,3,0.25,0.3,0,0.05,0.2
"p317",4,3,0.25,0.3,-1,0.05,0.2
"p317",4,3,0.55,0.55,-1,0,0
"p317",4,2,0.4,0.3,-2,-0.1,-0.25
"p317",4,3,0.25,0.2,-1,-0.0499999999999999,-0.2
"p317",3,3,0.25,0.3,0,0.05,0.2
"p317",5,4,0.55,0.45,-1,-0.1,-0.181818181818182
"p317",4,3,0.55,0.35,-1,-0.2,-0.363636363636364
"p317",5,4,0.25,0.25,-1,0,0
"p317",4,4,0.25,0.25,0,5.55111512312578e-17,2.22044604925031e-16
"p317",4,4,0.25,0.25,0,5.55111512312578e-17,2.22044604925031e-16
"p317",5,5,0.25,0.25,0,5.55111512312578e-17,2.22044604925031e-16
"p317",3,3,0.4,0.35,0,-0.05,-0.125
"p317",5,5,0.55,0.4,0,-0.15,-0.272727272727273
"p317",3,3,0.55,0.4,0,-0.15,-0.272727272727273
"p317",4,4,0.25,0.25,0,0,0
"p317",3,3,0.25,0.2,0,-0.0499999999999999,-0.2
"p317",3,3,0.25,0.2,0,-0.05,-0.2
"p317",3,3,0.25,0.25,0,0,0
"p317",5,4,0.25,0.2,-1,-0.05,-0.2
"p317",4,4,0.4,0.2,0,-0.2,-0.5
"p317",3,3,0.25,0.25,0,0,0
"p317",5,5,0.25,0.2,0,-0.0499999999999999,-0.2
"p317",4,4,0.4,0.35,0,-0.05,-0.125
"p317",4,4,0.55,0.5,0,-0.05,-0.090909090909091
"p317",3,3,0.25,0.2,0,-0.05,-0.2
"p317",4,4,0.25,0.25,0,5.55111512312578e-17,2.22044604925031e-16
"p317",5,4,0.4,0.45,-1,0.05,0.125
"p317",3,3,0.4,0.4,0,0,0
"p317",3,3,0.55,0.4,0,-0.15,-0.272727272727273
"p317",5,4,0.25,0.3,-1,0.05,0.2
"p317",4,4,0.4,0.3,0,-0.1,-0.25
"p317",3,3,0.55,0.45,0,-0.1,-0.181818181818182
"p317",5,5,0.4,0.35,0,-0.05,-0.125
"p317",4,4,0.25,0.2,0,-0.05,-0.2
"p317",5,4,0.55,0.4,-1,-0.15,-0.272727272727273
"p317",4,4,0.55,0.45,0,-0.1,-0.181818181818182
"p317",5,5,0.4,0.4,0,-5.55111512312578e-17,-1.38777878078145e-16
"p317",5,5,0.55,0.45,0,-0.1,-0.181818181818182
"p317",3,3,0.4,0.4,0,0,0
"p317",5,5,0.4,0.3,0,-0.1,-0.25
"p317",5,5,0.4,0.35,0,-0.05,-0.125
"p317",3,3,0.4,0.35,0,-0.05,-0.125
"p317",5,4,0.55,0.5,-1,-0.05,-0.090909090909091
"p317",5,5,0.25,0.15,0,-0.1,-0.4
"p317",4,4,0.25,0.25,0,5.55111512312578e-17,2.22044604925031e-16
"p317",3,2,0.55,0.45,-1,-0.1,-0.181818181818182
"p317",3,3,0.25,0.35,0,0.1,0.4
"p317",4,4,0.55,0.35,0,-0.2,-0.363636363636364
"p317",5,4,0.25,0.25,-1,0,0
"p317",3,3,0.55,0.4,0,-0.15,-0.272727272727273
"p317",4,3,0.4,0.5,-1,0.1,0.25
"p317",3,3,0.4,0.4,0,0,0
"p317",3,3,0.55,0.35,0,-0.2,-0.363636363636364
"p317",4,4,0.25,0.25,0,5.55111512312578e-17,2.22044604925031e-16
"p317",3,3,0.55,0.4,0,-0.15,-0.272727272727273
"p317",5,5,0.4,0.3,0,-0.1,-0.25
"p317",3,3,0.4,0.35,0,-0.05,-0.125
"p317",5,4,0.55,0.4,-1,-0.15,-0.272727272727273
"p317",5,4,0.25,0.25,-1,5.55111512312578e-17,2.22044604925031e-16
"p317",4,4,0.25,0.3,0,0.05,0.2
"p317",4,3,0.55,0.45,-1,-0.1,-0.181818181818182
"p317",5,4,0.55,0.35,-1,-0.2,-0.363636363636364
"p317",3,3,0.55,0.4,0,-0.15,-0.272727272727273
"p317",5,5,0.25,0.2,0,-0.05,-0.2
"p317",5,5,0.25,0.2,0,-0.05,-0.2
"p317",3,3,0.55,0.4,0,-0.15,-0.272727272727273
"p317",4,4,0.25,0.25,0,5.55111512312578e-17,2.22044604925031e-16
"p317",5,4,0.55,0.35,-1,-0.2,-0.363636363636364
"p317",4,4,0.4,0.3,0,-0.1,-0.25
"p317",3,2,0.55,0.4,-1,-0.15,-0.272727272727273
"p317",4,3,0.4,0.4,-1,0,0
"p317",3,4,0.4,0.35,1,-0.05,-0.125
"p317",4,4,0.4,0.4,0,-5.55111512312578e-17,-1.38777878078145e-16
"p317",5,4,0.25,0.25,-1,5.55111512312578e-17,2.22044604925031e-16
"p317",3,3,0.25,0.2,0,-0.05,-0.2
"p317",4,3,0.55,0.5,-1,-0.05,-0.090909090909091
"p317",4,3,0.25,0.2,-1,-0.05,-0.2
"p317",4,4,0.55,0.5,0,-0.05,-0.090909090909091
"p317",3,3,0.25,0.25,0,0,0
"p317",5,5,0.55,0.4,0,-0.15,-0.272727272727273
"p317",4,4,0.4,0.4,0,0,0
"p317",4,4,0.55,0.35,0,-0.2,-0.363636363636364
"p317",4,4,0.25,0.3,0,0.05,0.2
"p317",3,3,0.4,0.35,0,-0.05,-0.125
"p317",4,4,0.4,0.4,0,-5.55111512312578e-17,-1.38777878078145e-16
"p317",3,3,0.25,0.2,0,-0.05,-0.2
"p317",3,3,0.25,0.25,0,5.55111512312578e-17,2.22044604925031e-16
"p317",4,4,0.25,0.2,0,-0.0499999999999999,-0.2
"p317",5,5,0.4,0.3,0,-0.1,-0.25
"p317",4,4,0.25,0.3,0,0.05,0.2
"p317",3,3,0.4,0.2,0,-0.2,-0.5
"p317",3,3,0.25,0.25,0,5.55111512312578e-17,2.22044604925031e-16
"p317",5,4,0.25,0.15,-1,-0.1,-0.4
"p317",3,3,0.4,0.35,0,-0.05,-0.125
"p317",4,4,0.55,0.25,0,-0.3,-0.545454545454546
"p317",3,3,0.25,0.2,0,-0.05,-0.2
"p317",5,5,0.4,0.35,0,-0.05,-0.125
"p317",5,5,0.25,0.25,0,5.55111512312578e-17,2.22044604925031e-16
"p317",3,3,0.25,0.2,0,-0.0499999999999999,-0.2
"p317",5,5,0.55,0.35,0,-0.2,-0.363636363636364
"p317",3,3,0.55,0.5,0,-0.05,-0.090909090909091
"p317",5,5,0.4,0.3,0,-0.1,-0.25
"p317",3,3,0.55,0.45,0,-0.1,-0.181818181818182
"p317",5,4,0.4,0.35,-1,-0.05,-0.125
"p317",5,4,0.25,0.35,-1,0.1,0.4
"p317",3,3,0.55,0.35,0,-0.2,-0.363636363636364
"p317",4,3,0.4,0.3,-1,-0.1,-0.25
"p317",3,3,0.25,0.15,0,-0.1,-0.4
"p317",5,4,0.4,0.35,-1,-0.05,-0.125
"p317",5,6,0.55,0.45,1,-0.1,-0.181818181818182
"p317",4,4,0.25,0.25,0,5.55111512312578e-17,2.22044604925031e-16
"p317",4,4,0.55,0.45,0,-0.1,-0.181818181818182
"p317",3,3,0.55,0.5,0,-0.05,-0.090909090909091
"p317",5,5,0.25,0.25,0,0,0
"p317",5,5,0.55,0.4,0,-0.15,-0.272727272727273
"p317",3,3,0.55,0.35,0,-0.2,-0.363636363636364
"p317",4,4,0.25,0.25,0,5.55111512312578e-17,2.22044604925031e-16
"p317",5,5,0.25,0.25,0,5.55111512312578e-17,2.22044604925031e-16
"p317",3,2,0.4,0.4,-1,-5.55111512312578e-17,-1.38777878078145e-16
"p317",5,5,0.25,0.3,0,0.05,0.2
"p317",5,5,0.25,0.2,0,-0.0499999999999999,-0.2
"p317",3,3,0.4,0.35,0,-0.05,-0.125
"p317",3,3,0.25,0.25,0,0,0
"p317",3,3,0.4,0.35,0,-0.05,-0.125
"p317",3,3,0.4,0.35,0,-0.05,-0.125
"p317",4,4,0.55,0.45,0,-0.1,-0.181818181818182
"p317",5,4,0.4,0.35,-1,-0.05,-0.125
"p317",5,5,0.25,0.2,0,-0.05,-0.2
"p317",4,4,0.4,0.3,0,-0.1,-0.25
"p317",5,5,0.55,0.4,0,-0.15,-0.272727272727273
"p317",5,5,0.55,0.4,0,-0.15,-0.272727272727273
"p317",5,5,0.4,0.35,0,-0.05,-0.125
"p317",5,5,0.25,0.25,0,5.55111512312578e-17,2.22044604925031e-16
"p317",5,4,0.55,0.35,-1,-0.2,-0.363636363636364
"p317",3,3,0.55,0.5,0,-0.05,-0.090909090909091
"p317",4,3,0.25,0.3,-1,0.05,0.2
"p317",3,2,0.55,0.5,-1,-0.05,-0.090909090909091
"p317",3,3,0.25,0.25,0,5.55111512312578e-17,2.22044604925031e-16
"p317",4,4,0.4,0.35,0,-0.05,-0.125
"p317",3,3,0.25,0.3,0,0.05,0.2
"p317",3,2,0.4,0.4,-1,0,0
"p317",5,5,0.4,0.4,0,0,0
"p317",4,3,0.25,0.25,-1,0,0
"p317",5,5,0.25,0.3,0,0.05,0.2
"p317",3,3,0.25,0.25,0,5.55111512312578e-17,2.22044604925031e-16
"p317",5,5,0.4,0.25,0,-0.15,-0.375
"p317",4,4,0.55,0.3,0,-0.25,-0.454545454545455
"p317",3,3,0.25,0.2,0,-0.05,-0.2
"p317",4,3,0.55,0.5,-1,-0.05,-0.090909090909091
"p317",3,3,0.25,0.15,0,-0.0999999999999999,-0.4
"p317",4,3,0.25,0.15,-1,-0.0999999999999999,-0.4
"p317",4,4,0.4,0.35,0,-0.05,-0.125
"p317",4,4,0.55,0.35,0,-0.2,-0.363636363636364
"p317",3,3,0.55,0.4,0,-0.15,-0.272727272727273
"p317",4,3,0.25,0.2,-1,-0.05,-0.2
"p317",4,4,0.25,0.25,0,0,0
"p317",4,3,0.4,0.35,-1,-0.05,-0.125
"p317",3,2,0.55,0.55,-1,0,0
"p317",4,3,0.4,0.35,-1,-0.05,-0.125
"p317",3,3,0.55,0.5,0,-0.05,-0.090909090909091
"p317",4,4,0.4,0.5,0,0.1,0.25
"p317",4,3,0.25,0.15,-1,-0.1,-0.4
"p317",3,3,0.25,0.3,0,0.05,0.2
"p317",3,3,0.25,0.15,0,-0.1,-0.4
"p317",5,4,0.55,0.4,-1,-0.15,-0.272727272727273
"p317",4,4,0.4,0.3,0,-0.1,-0.25
"p317",5,5,0.4,0.35,0,-0.05,-0.125
"p317",5,5,0.25,0.15,0,-0.1,-0.4
"p317",3,3,0.55,0.4,0,-0.15,-0.272727272727273
"p317",4,3,0.4,0.35,-1,-0.05,-0.125
"p317",3,3,0.55,0.45,0,-0.1,-0.181818181818182
"p317",4,3,0.55,0.4,-1,-0.15,-0.272727272727273
"p317",5,5,0.55,0.45,0,-0.1,-0.181818181818182
"p317",4,3,0.25,0.25,-1,5.55111512312578e-17,2.22044604925031e-16
"p317",5,4,0.55,0.5,-1,-0.05,-0.090909090909091
"p317",5,4,0.55,0.45,-1,-0.1,-0.181818181818182
"p317",5,5,0.4,0.35,0,-0.05,-0.125
"p317",5,5,0.25,0.2,0,-0.05,-0.2
"p317",5,5,0.25,0.2,0,-0.05,-0.2
"p317",3,2,0.25,0.25,-1,0,0
"p317",3,3,0.4,0.35,0,-0.05,-0.125
"p317",3,3,0.25,0.2,0,-0.05,-0.2
"p317",4,4,0.25,0.3,0,0.05,0.2
"p317",3,2,0.4,0.3,-1,-0.1,-0.25
"p317",5,4,0.4,0.35,-1,-0.05,-0.125
"p317",4,4,0.25,0.15,0,-0.1,-0.4
"p317",3,3,0.55,0.4,0,-0.15,-0.272727272727273
"p317",3,3,0.4,0.3,0,-0.1,-0.25
"p317",4,4,0.55,0.3,0,-0.25,-0.454545454545455
"p317",3,3,0.4,0.35,0,-0.05,-0.125
"p317",4,4,0.55,0.45,0,-0.1,-0.181818181818182
"p317",5,4,0.4,0.35,-1,-0.05,-0.125
"p317",3,3,0.25,0.2,0,-0.0499999999999999,-0.2
"p317",3,3,0.25,0.25,0,5.55111512312578e-17,2.22044604925031e-16
"p317",5,4,0.25,0.15,-1,-0.1,-0.4
"p317",4,4,0.4,0.3,0,-0.1,-0.25
"p317",5,4,0.55,0.4,-1,-0.15,-0.272727272727273
"p317",5,5,0.4,0.3,0,-0.1,-0.25
"p317",4,3,0.55,0.4,-1,-0.15,-0.272727272727273
"p317",3,3,0.4,0.3,0,-0.1,-0.25
"p317",5,5,0.25,0.35,0,0.1,0.4
"p317",4,3,0.25,0.2,-1,-0.05,-0.2
"p317",5,4,0.25,0.25,-1,0,0
"p317",4,4,0.25,0.3,0,0.05,0.2
"p317",4,4,0.25,0.25,0,0,0
"p317",4,4,0.55,0.4,0,-0.15,-0.272727272727273
"p317",3,3,0.25,0.2,0,-0.05,-0.2
"p317",5,4,0.25,0.25,-1,5.55111512312578e-17,2.22044604925031e-16
"p317",3,2,0.55,0.4,-1,-0.15,-0.272727272727273
"p318",3,3,0.25,0.15,0,-0.1,-0.4
"p318",5,4,0.55,0.3,-1,-0.25,-0.454545454545455
"p318",4,4,0.4,0.3,0,-0.1,-0.25
"p318",3,3,0.55,0.4,0,-0.15,-0.272727272727273
"p318",3,3,0.25,0.25,0,0,0
"p318",3,3,0.25,0.2,0,-0.05,-0.2
"p318",5,4,0.4,0.35,-1,-0.05,-0.125
"p318",4,4,0.55,0.5,0,-0.0500000000000001,-0.0909090909090911
"p318",3,3,0.55,0.45,0,-0.1,-0.181818181818182
"p318",3,3,0.25,0.2,0,-0.05,-0.2
"p318",3,3,0.4,0.35,0,-0.05,-0.125
"p318",3,4,0.4,0.25,1,-0.15,-0.375
"p318",4,4,0.25,0.2,0,-0.05,-0.2
"p318",5,5,0.4,0.2,0,-0.2,-0.5
"p318",5,4,0.25,0.25,-1,0,0
"p318",3,3,0.55,0.6,0,0.05,0.090909090909091
"p318",4,4,0.25,0.2,0,-0.05,-0.2
"p318",4,3,0.4,0.5,-1,0.1,0.25
"p318",3,3,0.4,0.45,0,0.05,0.125
"p318",5,4,0.4,0.45,-1,0.05,0.125
"p318",4,4,0.25,0.2,0,-0.0499999999999999,-0.2
"p318",3,3,0.4,0.35,0,-0.05,-0.125
"p318",4,4,0.25,0.25,0,0,0
"p318",4,5,0.25,0.25,1,0,0
"p318",5,4,0.25,0.3,-1,0.05,0.2
"p318",5,4,0.55,0.5,-1,-0.05,-0.090909090909091
"p318",4,4,0.55,0.65,0,0.1,0.181818181818182
"p318",4,4,0.25,0.15,0,-0.1,-0.4
"p318",4,3,0.4,0.6,-1,0.2,0.5
"p318",5,5,0.55,0.35,0,-0.2,-0.363636363636364
"p318",4,4,0.55,0.4,0,-0.15,-0.272727272727273
"p318",3,3,0.55,0.7,0,0.15,0.272727272727273
"p318",5,5,0.25,0.25,0,0,0
"p318",5,4,0.25,0.25,-1,0,0
"p318",3,3,0.25,0.3,0,0.05,0.2
"p318",3,3,0.55,0.4,0,-0.15,-0.272727272727273
"p318",3,2,0.55,0.6,-1,0.05,0.090909090909091
"p318",3,2,0.25,0.4,-1,0.15,0.6
"p318",5,4,0.25,0.25,-1,0,0
"p318",3,2,0.25,0.2,-1,-0.0499999999999999,-0.2
"p318",5,3,0.55,0.7,-2,0.15,0.272727272727273
"p318",5,5,0.4,0.5,0,0.1,0.25
"p318",3,3,0.4,0.3,0,-0.1,-0.25
"p318",4,4,0.55,0.6,0,0.05,0.090909090909091
"p318",4,4,0.55,0.5,0,-0.0500000000000001,-0.0909090909090911
"p318",4,3,0.4,0.55,-1,0.15,0.375
"p318",5,4,0.25,0.15,-1,-0.1,-0.4
"p318",4,3,0.25,0.15,-1,-0.1,-0.4
"p318",4,4,0.4,0.25,0,-0.15,-0.375
"p318",5,5,0.55,0.65,0,0.1,0.181818181818182
"p318",5,5,0.25,0.2,0,-0.05,-0.2
"p318",5,3,0.4,0.5,-2,0.0999999999999999,0.25
"p318",5,4,0.25,0.25,-1,0,0
"p318",5,4,0.55,0.6,-1,0.05,0.090909090909091
"p318",4,3,0.4,0.5,-1,0.0999999999999999,0.25
"p318",4,4,0.55,0.6,0,0.05,0.090909090909091
"p318",5,4,0.25,0.2,-1,-0.05,-0.2
"p318",5,3,0.55,0.6,-2,0.05,0.090909090909091
"p318",4,4,0.25,0.55,0,0.3,1.2
"p318",4,4,0.25,0.15,0,-0.1,-0.4
"p318",4,4,0.25,0.05,0,-0.2,-0.8
"p318",3,3,0.4,0.4,0,-5.55111512312578e-17,-1.38777878078145e-16
"p318",5,5,0.25,0.1,0,-0.15,-0.6
"p318",5,4,0.55,0.55,-1,0,0
"p318",3,2,0.25,0.1,-1,-0.15,-0.6
"p318",4,4,0.55,0.45,0,-0.1,-0.181818181818182
"p318",4,4,0.4,0.35,0,-0.05,-0.125
"p318",5,5,0.4,0.4,0,-5.55111512312578e-17,-1.38777878078145e-16
"p318",3,3,0.55,0.4,0,-0.15,-0.272727272727273
"p318",5,4,0.4,0.35,-1,-0.05,-0.125
"p318",4,4,0.4,0.4,0,-5.55111512312578e-17,-1.38777878078145e-16
"p318",4,4,0.25,0.15,0,-0.1,-0.4
"p318",3,2,0.4,0.4,-1,-5.55111512312578e-17,-1.38777878078145e-16
"p318",5,4,0.25,0.15,-1,-0.0999999999999999,-0.4
"p318",5,5,0.4,0.3,0,-0.1,-0.25
"p318",4,4,0.25,0.2,0,-0.0499999999999999,-0.2
"p318",3,3,0.55,0.4,0,-0.15,-0.272727272727273
"p318",3,2,0.4,0.3,-1,-0.1,-0.25
"p318",4,4,0.4,0.2,0,-0.2,-0.5
"p318",4,3,0.55,0.45,-1,-0.1,-0.181818181818182
"p318",3,3,0.25,0.15,0,-0.0999999999999999,-0.4
"p318",3,4,0.25,0.15,1,-0.1,-0.4
"p318",4,4,0.25,0.2,0,-0.05,-0.2
"p318",3,3,0.4,0.3,0,-0.1,-0.25
"p318",3,3,0.55,0.35,0,-0.2,-0.363636363636364
"p318",4,3,0.55,0.4,-1,-0.15,-0.272727272727273
"p318",5,4,0.4,0.35,-1,-0.05,-0.125
"p318",4,3,0.55,0.85,-1,0.3,0.545454545454546
"p318",5,4,0.25,0.2,-1,-0.05,-0.2
"p318",3,3,0.55,0.45,0,-0.1,-0.181818181818182
"p318",3,2,0.25,0.15,-1,-0.0999999999999999,-0.4
"p318",3,3,0.55,0.55,0,0,0
"p318",5,4,0.4,0.5,-1,0.1,0.25
"p318",5,4,0.55,0.5,-1,-0.05,-0.090909090909091
"p318",3,2,0.55,0.45,-1,-0.1,-0.181818181818182
"p318",3,3,0.25,0.35,0,0.1,0.4
"p318",3,3,0.25,0.1,0,-0.15,-0.6
"p318",5,5,0.25,0.1,0,-0.15,-0.6
"p318",5,6,0.25,0.15,1,-0.1,-0.4
"p318",4,4,0.25,0.15,0,-0.1,-0.4
"p318",3,2,0.25,0.15,-1,-0.0999999999999999,-0.4
"p318",4,4,0.4,0.25,0,-0.15,-0.375
"p318",5,6,0.55,0.45,1,-0.1,-0.181818181818182
"p318",3,3,0.4,0.4,0,-5.55111512312578e-17,-1.38777878078145e-16
"p318",3,3,0.4,0.45,0,0.0499999999999999,0.125
"p318",3,3,0.4,0.25,0,-0.15,-0.375
"p318",5,4,0.4,0.45,-1,0.05,0.125
"p318",3,2,0.25,0.15,-1,-0.1,-0.4
"p318",5,5,0.4,0.25,0,-0.15,-0.375
"p318",4,4,0.25,0.25,0,0,0
"p318",4,4,0.55,0.35,0,-0.2,-0.363636363636364
"p318",4,4,0.55,0.4,0,-0.15,-0.272727272727273
"p318",4,4,0.4,0.35,0,-0.05,-0.125
"p318",4,3,0.55,0.45,-1,-0.1,-0.181818181818182
"p318",3,3,0.25,0.1,0,-0.15,-0.6
"p318",5,5,0.25,0.15,0,-0.0999999999999999,-0.4
"p318",5,4,0.4,0.45,-1,0.05,0.125
"p318",3,2,0.55,0.5,-1,-0.0500000000000001,-0.0909090909090911
"p318",5,4,0.25,0.25,-1,0,0
"p318",4,4,0.4,0.4,0,-5.55111512312578e-17,-1.38777878078145e-16
"p318",4,4,0.4,0.3,0,-0.1,-0.25
"p318",3,3,0.55,0.6,0,0.05,0.090909090909091
"p318",4,3,0.25,0.3,-1,0.05,0.2
"p318",3,3,0.4,0.35,0,-0.05,-0.125
"p318",4,4,0.25,0.2,0,-0.0499999999999999,-0.2
"p318",3,2,0.4,0.3,-1,-0.1,-0.25
"p318",4,4,0.25,0.3,0,0.05,0.2
"p318",5,4,0.55,0.55,-1,-1.11022302462516e-16,-2.01858731750028e-16
"p318",3,3,0.4,0.35,0,-0.05,-0.125
"p318",3,3,0.55,0.4,0,-0.15,-0.272727272727273
"p318",3,3,0.55,0.45,0,-0.1,-0.181818181818182
"p318",3,3,0.55,0.45,0,-0.1,-0.181818181818182
"p318",5,5,0.55,0.5,0,-0.05,-0.090909090909091
"p318",5,6,0.25,0.15,1,-0.1,-0.4
"p318",5,4,0.55,0.55,-1,-1.11022302462516e-16,-2.01858731750028e-16
"p318",3,4,0.25,0.15,1,-0.0999999999999999,-0.4
"p318",4,4,0.55,0.3,0,-0.25,-0.454545454545455
"p318",5,5,0.25,0.2,0,-0.0499999999999999,-0.2
"p318",4,3,0.4,0.45,-1,0.0499999999999999,0.125
"p318",5,4,0.4,0.45,-1,0.05,0.125
"p318",4,4,0.25,0.15,0,-0.1,-0.4
"p318",5,5,0.25,0.15,0,-0.1,-0.4
"p318",4,4,0.4,0.2,0,-0.2,-0.5
"p318",3,3,0.55,0.3,0,-0.25,-0.454545454545455
"p318",4,4,0.25,0.25,0,5.55111512312578e-17,2.22044604925031e-16
"p318",4,3,0.55,0.65,-1,0.1,0.181818181818182
"p318",3,3,0.25,0.2,0,-0.05,-0.2
"p318",3,3,0.25,0.25,0,5.55111512312578e-17,2.22044604925031e-16
"p318",5,4,0.25,0.15,-1,-0.1,-0.4
"p318",3,3,0.25,0.2,0,-0.05,-0.2
"p318",5,4,0.55,0.5,-1,-0.05,-0.090909090909091
"p318",3,4,0.25,0.2,1,-0.0499999999999999,-0.2
"p318",4,4,0.25,0.3,0,0.05,0.2
"p318",5,5,0.55,0.45,0,-0.1,-0.181818181818182
"p318",5,5,0.4,0.45,0,0.05,0.125
"p318",5,4,0.25,0.15,-1,-0.0999999999999999,-0.4
"p318",4,3,0.25,0.2,-1,-0.0499999999999999,-0.2
"p318",3,3,0.4,0.5,0,0.1,0.25
"p318",3,3,0.55,0.5,0,-0.05,-0.090909090909091
"p318",4,4,0.4,0.3,0,-0.1,-0.25
"p318",4,3,0.55,0.55,-1,0,0
"p318",4,4,0.4,0.4,0,-5.55111512312578e-17,-1.38777878078145e-16
"p318",4,4,0.25,0.25,0,0,0
"p318",4,4,0.4,0.25,0,-0.15,-0.375
"p318",3,2,0.55,0.55,-1,0,0
"p318",3,3,0.25,0.1,0,-0.15,-0.6
"p318",3,2,0.55,0.5,-1,-0.05,-0.090909090909091
"p318",4,3,0.55,0.75,-1,0.2,0.363636363636364
"p318",5,4,0.4,0.4,-1,-5.55111512312578e-17,-1.38777878078145e-16
"p318",3,3,0.4,0.35,0,-0.05,-0.125
"p318",5,4,0.4,0.5,-1,0.1,0.25
"p318",5,5,0.25,0.3,0,0.05,0.2
"p318",4,4,0.4,0.4,0,-5.55111512312578e-17,-1.38777878078145e-16
"p318",4,3,0.4,0.6,-1,0.2,0.5
"p318",5,5,0.25,0.3,0,0.05,0.2
"p318",3,3,0.25,0.25,0,5.55111512312578e-17,2.22044604925031e-16
"p318",4,3,0.55,0.65,-1,0.1,0.181818181818182
"p318",4,4,0.55,0.45,0,-0.1,-0.181818181818182
"p318",4,3,0.25,0.25,-1,5.55111512312578e-17,2.22044604925031e-16
"p318",3,3,0.55,0.55,0,0,0
"p318",5,4,0.55,0.45,-1,-0.1,-0.181818181818182
"p318",3,3,0.4,0.35,0,-0.05,-0.125
"p318",3,3,0.25,0.2,0,-0.05,-0.2
"p318",4,4,0.25,0.2,0,-0.0499999999999999,-0.2
"p318",5,5,0.55,0.5,0,-0.05,-0.090909090909091
"p318",3,3,0.25,0.35,0,0.1,0.4
"p318",5,5,0.25,0.2,0,-0.05,-0.2
"p318",3,4,0.25,0.2,1,-0.0499999999999999,-0.2
"p318",5,5,0.4,0.25,0,-0.15,-0.375
"p318",3,3,0.4,0.3,0,-0.1,-0.25
"p318",5,4,0.55,0.5,-1,-0.0500000000000001,-0.0909090909090911
"p318",5,4,0.55,0.6,-1,0.05,0.090909090909091
"p318",5,5,0.25,0.15,0,-0.1,-0.4
"p318",3,3,0.55,0.6,0,0.05,0.090909090909091
"p318",3,3,0.25,0.25,0,5.55111512312578e-17,2.22044604925031e-16
"p318",4,4,0.55,0.85,0,0.3,0.545454545454546
"p318",5,5,0.25,0.2,0,-0.05,-0.2
"p318",3,3,0.55,0.4,0,-0.15,-0.272727272727273
"p318",3,3,0.4,0.3,0,-0.1,-0.25
"p318",5,5,0.4,0.3,0,-0.1,-0.25
"p318",5,4,0.25,0.3,-1,0.05,0.2
"p318",3,3,0.25,0.15,0,-0.1,-0.4
"p318",5,5,0.25,0.2,0,-0.05,-0.2
"p318",5,5,0.55,0.35,0,-0.2,-0.363636363636364
"p318",4,4,0.25,0.3,0,0.05,0.2
"p318",5,4,0.4,0.3,-1,-0.1,-0.25
"p318",4,4,0.25,0.1,0,-0.15,-0.6
"p318",4,4,0.25,0.25,0,0,0
"p318",4,3,0.55,0.5,-1,-0.0500000000000001,-0.0909090909090911
"p318",3,2,0.25,0.15,-1,-0.0999999999999999,-0.4
"p318",5,5,0.25,0.15,0,-0.1,-0.4
"p318",4,4,0.55,0.55,0,0,0
"p318",3,2,0.25,0.15,-1,-0.0999999999999999,-0.4
"p318",4,4,0.4,0.3,0,-0.1,-0.25
"p318",3,2,0.4,0.25,-1,-0.15,-0.375
"p318",3,2,0.4,0.25,-1,-0.15,-0.375
"p318",4,3,0.55,0.65,-1,0.1,0.181818181818182
"p318",5,4,0.55,0.6,-1,0.05,0.090909090909091
"p318",3,3,0.25,0.2,0,-0.05,-0.2
"p318",4,4,0.55,0.4,0,-0.15,-0.272727272727273
"p318",3,3,0.4,0.4,0,0,0
"p318",5,5,0.25,0.25,0,5.55111512312578e-17,2.22044604925031e-16
"p318",4,4,0.25,0.25,0,0,0
"p318",5,5,0.25,0.25,0,5.55111512312578e-17,2.22044604925031e-16
"p318",4,4,0.25,0.2,0,-0.0499999999999999,-0.2
"p318",5,5,0.4,0.15,0,-0.25,-0.625
"p318",5,6,0.55,0.25,1,-0.3,-0.545454545454545
"p318",4,4,0.25,0.15,0,-0.1,-0.4
"p318",5,5,0.55,0.6,0,0.05,0.090909090909091
"p318",4,4,0.4,0.3,0,-0.1,-0.25
"p318",3,3,0.4,0.4,0,0,0
"p318",3,3,0.25,0.1,0,-0.15,-0.6
"p318",3,3,0.25,0.2,0,-0.0499999999999999,-0.2
"p318",4,4,0.25,0.25,0,0,0
"p318",4,4,0.4,0.2,0,-0.2,-0.5
"p318",5,5,0.4,0.35,0,-0.05,-0.125
"p318",5,6,0.55,0.35,1,-0.2,-0.363636363636364
"p318",3,3,0.55,0.5,0,-0.05,-0.090909090909091
"p318",5,6,0.4,0.3,1,-0.1,-0.25
"p318",3,4,0.25,0.2,1,-0.0499999999999999,-0.2
"p318",5,5,0.25,0.2,0,-0.0499999999999999,-0.2
"p318",4,4,0.55,0.65,0,0.1,0.181818181818182
"p318",3,2,0.25,0.25,-1,0,0
"p318",3,3,0.55,0.55,0,-1.11022302462516e-16,-2.01858731750028e-16
"p318",5,5,0.25,0.3,0,0.05,0.2
"p318",4,4,0.25,0.2,0,-0.05,-0.2
"p318",3,3,0.55,0.5,0,-0.0500000000000001,-0.0909090909090911
"p318",4,4,0.25,0.15,0,-0.1,-0.4
"p318",5,4,0.4,0.55,-1,0.15,0.375
"p318",5,5,0.55,0.3,0,-0.25,-0.454545454545455
"p318",3,3,0.55,0.55,0,0,0
"p318",5,5,0.25,0.3,0,0.05,0.2
"p318",5,5,0.4,0.3,0,-0.1,-0.25
"p318",3,3,0.55,0.45,0,-0.1,-0.181818181818182
"p318",3,2,0.55,0.5,-1,-0.0500000000000001,-0.0909090909090911
"p318",4,3,0.25,0.1,-1,-0.15,-0.6
"p318",4,4,0.4,0.35,0,-0.05,-0.125
"p318",5,5,0.25,0.25,0,5.55111512312578e-17,2.22044604925031e-16
"p318",3,3,0.4,0.35,0,-0.05,-0.125
"p318",4,4,0.4,0.35,0,-0.05,-0.125
"p318",3,3,0.4,0.35,0,-0.05,-0.125
"p318",3,3,0.25,0.1,0,-0.15,-0.6
"p318",3,3,0.4,0.2,0,-0.2,-0.5
"p318",5,5,0.25,0.25,0,0,0
"p318",4,3,0.55,0.6,-1,0.05,0.090909090909091
"p318",4,4,0.4,0.45,0,0.05,0.125
"p318",4,3,0.55,0.6,-1,0.05,0.090909090909091
"p318",5,4,0.55,0.55,-1,-1.11022302462516e-16,-2.01858731750028e-16
"p318",5,5,0.25,0.15,0,-0.1,-0.4
"p318",3,3,0.25,0.25,0,0,0
"p318",4,4,0.25,0.15,0,-0.0999999999999999,-0.4
"p318",3,2,0.4,0.2,-1,-0.2,-0.5
"p318",4,4,0.4,0.5,0,0.1,0.25
"p318",4,3,0.4,0.4,-1,-5.55111512312578e-17,-1.38777878078145e-16
"p318",4,4,0.25,0.25,0,5.55111512312578e-17,2.22044604925031e-16
"p318",5,5,0.4,0.3,0,-0.1,-0.25
"p318",3,3,0.25,0.25,0,5.55111512312578e-17,2.22044604925031e-16
"p318",4,4,0.25,0.3,0,0.05,0.2
"p318",5,4,0.55,0.45,-1,-0.1,-0.181818181818182
"p318",5,5,0.25,0.3,0,0.05,0.2
"p318",5,5,0.4,0.35,0,-0.05,-0.125
"p318",4,4,0.4,0.3,0,-0.1,-0.25
"p318",4,4,0.4,0.4,0,0,0
"p318",3,3,0.55,0.45,0,-0.1,-0.181818181818182
"p318",4,4,0.55,0.4,0,-0.15,-0.272727272727273
"p318",4,3,0.25,0.15,-1,-0.1,-0.4
"p318",4,4,0.55,0.5,0,-0.0500000000000001,-0.0909090909090911
"p318",5,4,0.25,0.15,-1,-0.1,-0.4
"p318",3,3,0.55,0.3,0,-0.25,-0.454545454545455
"p318",5,5,0.4,0.25,0,-0.15,-0.375
"p318",5,5,0.55,0.4,0,-0.15,-0.272727272727273
"p318",5,5,0.55,0.4,0,-0.15,-0.272727272727273
"p318",3,3,0.4,0.4,0,-5.55111512312578e-17,-1.38777878078145e-16
"p318",3,3,0.55,0.45,0,-0.1,-0.181818181818182
"p318",5,5,0.25,0.2,0,-0.0499999999999999,-0.2
"p318",3,4,0.25,0.25,1,5.55111512312578e-17,2.22044604925031e-16
"p318",5,6,0.4,0.35,1,-0.05,-0.125
"p318",3,4,0.55,0.3,1,-0.25,-0.454545454545455
"p318",3,3,0.25,0.3,0,0.05,0.2
"p318",3,3,0.55,0.45,0,-0.1,-0.181818181818182
"p318",4,4,0.25,0.25,0,5.55111512312578e-17,2.22044604925031e-16
"p318",5,4,0.55,0.45,-1,-0.1,-0.181818181818182
"p318",4,4,0.55,0.55,0,0,0
"p318",5,5,0.4,0.35,0,-0.05,-0.125
"p318",4,4,0.25,0.25,0,5.55111512312578e-17,2.22044604925031e-16
"p318",3,3,0.25,0.25,0,5.55111512312578e-17,2.22044604925031e-16
"p318",5,4,0.25,0.25,-1,0,0
"p318",4,4,0.25,0.25,0,0,0
"p318",3,3,0.55,0.45,0,-0.1,-0.181818181818182
"p318",3,3,0.25,0.2,0,-0.05,-0.2
"p318",5,4,0.25,0.1,-1,-0.15,-0.6
"p318",3,3,0.4,0.4,0,0,0
"p318",5,4,0.25,0.2,-1,-0.0499999999999999,-0.2
"p318",3,3,0.25,0.3,0,0.05,0.2
"p318",4,4,0.25,0.25,0,5.55111512312578e-17,2.22044604925031e-16
"p318",4,4,0.4,0.2,0,-0.2,-0.5
"p318",4,3,0.55,0.45,-1,-0.1,-0.181818181818182
"p318",4,4,0.4,0.35,0,-0.05,-0.125
"p318",5,5,0.25,0.25,0,0,0
"p318",4,4,0.4,0.3,0,-0.1,-0.25
"p318",3,3,0.25,0.25,0,0,0
"p318",3,3,0.25,0.3,0,0.05,0.2
"p318",3,3,0.4,0.3,0,-0.1,-0.25
"p318",4,4,0.25,0.2,0,-0.0499999999999999,-0.2
"p318",5,4,0.25,0.15,-1,-0.1,-0.4
"p318",4,4,0.4,0.2,0,-0.2,-0.5
"p318",3,3,0.55,0.5,0,-0.05,-0.090909090909091
"p318",5,5,0.4,0.35,0,-0.05,-0.125
"p318",3,2,0.55,0.4,-1,-0.15,-0.272727272727273
"p318",3,3,0.55,0.5,0,-0.05,-0.090909090909091
"p318",3,3,0.55,0.55,0,0,0
"p318",5,4,0.55,0.5,-1,-0.0500000000000001,-0.0909090909090911
"p318",3,3,0.55,0.55,0,0,0
"p318",3,3,0.25,0.2,0,-0.05,-0.2
"p318",4,4,0.25,0.25,0,0,0
"p318",4,4,0.25,0.25,0,0,0
"p318",5,5,0.25,0.2,0,-0.0499999999999999,-0.2
"p318",5,5,0.4,0.25,0,-0.15,-0.375
"p318",4,4,0.55,0.6,0,0.05,0.090909090909091
"p318",3,4,0.55,0.35,1,-0.2,-0.363636363636364
"p318",5,4,0.55,0.55,-1,-1.11022302462516e-16,-2.01858731750028e-16
"p318",3,2,0.4,0.4,-1,-5.55111512312578e-17,-1.38777878078145e-16
"p318",5,6,0.4,0.3,1,-0.1,-0.25
"p318",5,5,0.4,0.35,0,-0.05,-0.125
"p318",4,4,0.55,0.45,0,-0.1,-0.181818181818182
"p318",4,4,0.25,0.35,0,0.1,0.4
"p318",3,3,0.25,0.25,0,5.55111512312578e-17,2.22044604925031e-16
"p318",3,3,0.4,0.35,0,-0.05,-0.125
"p318",5,5,0.55,0.35,0,-0.2,-0.363636363636364
"p318",4,4,0.55,0.35,0,-0.2,-0.363636363636364
"p318",4,4,0.55,0.55,0,0,0
"p318",3,3,0.4,0.35,0,-0.05,-0.125
"p318",5,5,0.55,0.45,0,-0.1,-0.181818181818182
"p318",4,4,0.25,0.25,0,0,0
"p318",5,5,0.4,0.25,0,-0.15,-0.375
"p318",5,5,0.25,0.25,0,0,0
"p318",5,5,0.25,0.2,0,-0.05,-0.2
"p318",5,4,0.55,0.45,-1,-0.1,-0.181818181818182
"p318",5,4,0.25,0.15,-1,-0.1,-0.4
"p318",3,3,0.25,0.25,0,5.55111512312578e-17,2.22044604925031e-16
"p318",3,3,0.4,0.25,0,-0.15,-0.375
"p318",4,4,0.25,0.3,0,0.05,0.2
"p318",3,2,0.25,0.15,-1,-0.1,-0.4
"p318",4,3,0.4,0.55,-1,0.15,0.375
"p318",5,4,0.4,0.3,-1,-0.1,-0.25
"p318",5,4,0.25,0.15,-1,-0.1,-0.4
"p318",5,5,0.55,0.55,0,0,0
"p318",4,4,0.55,0.45,0,-0.1,-0.181818181818182
"p318",3,2,0.55,0.45,-1,-0.1,-0.181818181818182
"p318",3,3,0.25,0.3,0,0.05,0.2
"p318",3,4,0.4,0.25,1,-0.15,-0.375
"p318",4,3,0.4,0.1,-1,-0.3,-0.75
"p318",4,4,0.25,0.2,0,-0.05,-0.2
"p318",4,4,0.55,0.65,0,0.1,0.181818181818182
"p318",4,3,0.4,0.4,-1,-5.55111512312578e-17,-1.38777878078145e-16
"p318",4,4,0.55,0.45,0,-0.1,-0.181818181818182
"p318",3,3,0.4,0.4,0,-5.55111512312578e-17,-1.38777878078145e-16
"p318",4,4,0.4,0.4,0,-5.55111512312578e-17,-1.38777878078145e-16
"p318",4,4,0.25,0.3,0,0.05,0.2
"p318",4,4,0.55,0.4,0,-0.15,-0.272727272727273
"p318",4,4,0.4,0.3,0,-0.1,-0.25
"p318",4,4,0.4,0.35,0,-0.05,-0.125
"p318",5,5,0.55,0.5,0,-0.05,-0.090909090909091
"p318",3,3,0.25,0.35,0,0.1,0.4
"p318",5,6,0.4,0.3,1,-0.1,-0.25
"p318",4,4,0.25,0.25,0,0,0
"p318",5,5,0.4,0.35,0,-0.05,-0.125
"p318",3,3,0.25,0.3,0,0.05,0.2
"p318",3,3,0.25,0.2,0,-0.05,-0.2
"p318",5,4,0.25,0.15,-1,-0.1,-0.4
"p318",3,4,0.55,0.1,1,-0.45,-0.818181818181818
"p318",5,4,0.4,0.35,-1,-0.05,-0.125
"p318",3,3,0.4,0.45,0,0.05,0.125
"p318",3,3,0.55,0.45,0,-0.1,-0.181818181818182
"p318",4,4,0.25,0.25,0,0,0
"p318",5,4,0.55,0.35,-1,-0.2,-0.363636363636364
"p318",5,5,0.55,0.4,0,-0.15,-0.272727272727273
"p318",3,3,0.55,0.35,0,-0.2,-0.363636363636364
"p318",3,2,0.25,0.35,-1,0.1,0.4
"p318",5,5,0.4,0.4,0,0,0
"p318",5,5,0.25,0.2,0,-0.05,-0.2
"p318",3,3,0.55,0.35,0,-0.2,-0.363636363636364
"p318",5,6,0.25,0.25,1,0,0
"p318",4,5,0.25,0.35,1,0.1,0.4
"p318",5,5,0.55,0.35,0,-0.2,-0.363636363636364
"p318",5,5,0.25,0.25,0,0,0
"p318",5,5,0.25,0.3,0,0.05,0.2
"p318",3,3,0.4,0.4,0,0,0
"p318",3,3,0.55,0.35,0,-0.2,-0.363636363636364
"p318",3,3,0.25,0.35,0,0.1,0.4
"p318",5,5,0.25,0.2,0,-0.0499999999999999,-0.2
"p318",3,3,0.25,0.4,0,0.15,0.6
"p318",3,3,0.4,0.3,0,-0.1,-0.25
"p318",4,3,0.25,0.3,-1,0.05,0.2
"p318",4,5,0.25,0.2,1,-0.0499999999999999,-0.2
"p318",4,4,0.55,0.35,0,-0.2,-0.363636363636364
"p318",3,2,0.25,0.25,-1,0,0
"p318",5,4,0.4,0.25,-1,-0.15,-0.375
"p318",4,4,0.55,0.5,0,-0.05,-0.090909090909091
"p318",3,3,0.55,0.55,0,0,0
"p318",5,5,0.55,0.45,0,-0.1,-0.181818181818182
"p318",4,4,0.25,0.25,0,0,0
"p318",5,4,0.25,0.4,-1,0.15,0.6
"p318",4,3,0.4,0.6,-1,0.2,0.5
"p318",3,3,0.25,0.25,0,5.55111512312578e-17,2.22044604925031e-16
"p318",3,3,0.4,0.6,0,0.2,0.5
"p318",4,4,0.55,0.45,0,-0.1,-0.181818181818182
"p318",3,3,0.25,0.3,0,0.05,0.2
"p318",4,3,0.25,0.35,-1,0.1,0.4
"p318",4,4,0.55,0.55,0,-1.11022302462516e-16,-2.01858731750028e-16
"p318",3,3,0.4,0.55,0,0.15,0.375
"p318",4,4,0.4,0.45,0,0.05,0.125
"p318",4,4,0.4,0.35,0,-0.05,-0.125
"p318",4,5,0.25,0.25,1,5.55111512312578e-17,2.22044604925031e-16
"p318",5,5,0.25,0.25,0,0,0
"p318",3,4,0.4,0.45,1,0.05,0.125
"p318",3,3,0.25,0.3,0,0.05,0.2
"p318",5,5,0.25,0.3,0,0.05,0.2
"p318",5,6,0.55,0.5,1,-0.05,-0.090909090909091
"p318",5,4,0.55,0.65,-1,0.1,0.181818181818182
"p318",5,5,0.4,0.5,0,0.1,0.25
"p318",5,4,0.25,0.1,-1,-0.15,-0.6
"p318",4,6,0.55,0.4,2,-0.15,-0.272727272727273
"p318",3,3,0.25,0.25,0,0,0
"p318",4,3,0.55,0.45,-1,-0.1,-0.181818181818182
"p318",3,4,0.25,0.15,1,-0.0999999999999999,-0.4
"p318",5,6,0.4,0.25,1,-0.15,-0.375
"p318",5,6,0.4,0.3,1,-0.1,-0.25
"p318",5,5,0.55,0.5,0,-0.0500000000000001,-0.0909090909090911
"p318",5,5,0.55,0.35,0,-0.2,-0.363636363636364
"p318",3,3,0.4,0.5,0,0.1,0.25
"p318",5,6,0.25,0.35,1,0.1,0.4
"p318",4,4,0.25,0.2,0,-0.05,-0.2
"p318",5,6,0.25,0.25,1,5.55111512312578e-17,2.22044604925031e-16
"p318",5,4,0.25,0.25,-1,5.55111512312578e-17,2.22044604925031e-16
"p318",3,3,0.55,0.35,0,-0.2,-0.363636363636364
"p318",5,5,0.4,0.45,0,0.05,0.125
"p318",3,3,0.55,0.5,0,-0.0500000000000001,-0.0909090909090911
"p318",3,2,0.55,0.65,-1,0.1,0.181818181818182
"p318",3,3,0.4,0.45,0,0.0499999999999999,0.125
"p318",4,4,0.25,0.25,0,5.55111512312578e-17,2.22044604925031e-16
"p318",3,3,0.55,0.45,0,-0.1,-0.181818181818182
"p318",4,4,0.25,0.15,0,-0.1,-0.4
"p318",3,3,0.25,0.2,0,-0.0499999999999999,-0.2
"p318",4,4,0.4,0.15,0,-0.25,-0.625
"p318",4,3,0.4,0.5,-1,0.1,0.25
"p318",4,4,0.25,0.35,0,0.1,0.4
"p318",3,3,0.55,0.5,0,-0.0500000000000001,-0.0909090909090911
"p318",3,2,0.55,0.55,-1,-1.11022302462516e-16,-2.01858731750028e-16
"p318",5,4,0.4,0.35,-1,-0.05,-0.125
"p318",5,4,0.55,0.55,-1,-1.11022302462516e-16,-2.01858731750028e-16
"p318",3,3,0.4,0.35,0,-0.05,-0.125
"p318",3,3,0.4,0.4,0,0,0
"p318",3,3,0.55,0.3,0,-0.25,-0.454545454545455
"p318",5,4,0.55,0.35,-1,-0.2,-0.363636363636364
"p318",4,4,0.25,0.15,0,-0.0999999999999999,-0.4
"p318",5,5,0.4,0.2,0,-0.2,-0.5
"p318",5,4,0.25,0.15,-1,-0.0999999999999999,-0.4
"p318",5,4,0.55,0.55,-1,-1.11022302462516e-16,-2.01858731750028e-16
"p318",5,4,0.25,0.15,-1,-0.1,-0.4
"p318",5,5,0.4,0.3,0,-0.1,-0.25
"p318",5,6,0.25,0.2,1,-0.0499999999999999,-0.2
"p318",4,4,0.55,0.45,0,-0.1,-0.181818181818182
"p318",3,3,0.4,0.35,0,-0.05,-0.125
"p318",4,3,0.4,0.4,-1,-5.55111512312578e-17,-1.38777878078145e-16
"p318",3,2,0.55,0.6,-1,0.0499999999999999,0.0909090909090908
"p318",4,4,0.25,0.25,0,0,0
"p318",4,3,0.25,0.25,-1,0,0
"p318",4,3,0.4,0.55,-1,0.15,0.375
"p318",3,3,0.25,0.15,0,-0.1,-0.4
"p318",3,3,0.25,0.15,0,-0.1,-0.4
"p318",5,5,0.25,0.25,0,0,0
"p318",3,3,0.55,0.45,0,-0.1,-0.181818181818182
"p318",4,4,0.4,0.3,0,-0.1,-0.25
"p318",3,4,0.25,0.25,1,5.55111512312578e-17,2.22044604925031e-16
"p318",4,3,0.4,0.5,-1,0.1,0.25
"p318",5,4,0.55,0.5,-1,-0.05,-0.090909090909091
"p318",3,2,0.25,0.25,-1,0,0
"p318",5,4,0.25,0.15,-1,-0.1,-0.4
"p318",3,3,0.25,0.2,0,-0.05,-0.2
"p318",3,2,0.25,0.25,-1,0,0
"p318",3,2,0.55,0.5,-1,-0.0500000000000001,-0.0909090909090911
"p318",4,4,0.55,0.55,0,0,0
"p318",5,5,0.25,0.25,0,0,0
"p318",4,5,0.25,0.15,1,-0.1,-0.4
"p318",3,4,0.25,0.15,1,-0.1,-0.4
"p318",5,5,0.25,0.2,0,-0.05,-0.2
"p318",3,5,0.4,0.3,2,-0.1,-0.25
"p318",4,4,0.55,0.7,0,0.15,0.272727272727273
"p318",4,3,0.55,0.5,-1,-0.0500000000000001,-0.0909090909090911
"p318",5,4,0.4,0.55,-1,0.15,0.375
"p318",4,3,0.55,0.45,-1,-0.1,-0.181818181818182
"p318",3,3,0.4,0.3,0,-0.1,-0.25
"p318",3,4,0.55,0.4,1,-0.15,-0.272727272727273
"p318",5,5,0.4,0.25,0,-0.15,-0.375
"p318",4,4,0.4,0.4,0,0,0
"p318",5,4,0.55,0.5,-1,-0.0500000000000001,-0.0909090909090911
"p318",4,3,0.25,0.2,-1,-0.05,-0.2
"p318",4,3,0.25,0.2,-1,-0.0499999999999999,-0.2
"p318",4,4,0.25,0.2,0,-0.05,-0.2
"p319",4,4,0.55,0.45,0,-0.1,-0.181818181818182
"p319",4,4,0.25,0.3,0,0.05,0.2
"p319",3,3,0.4,0.35,0,-0.05,-0.125
"p319",4,4,0.25,0.3,0,0.05,0.2
"p319",4,5,0.55,0.4,1,-0.15,-0.272727272727273
"p319",3,3,0.55,0.4,0,-0.15,-0.272727272727273
"p319",5,4,0.4,0.4,-1,-5.55111512312578e-17,-1.38777878078145e-16
"p319",4,4,0.25,0.35,0,0.1,0.4
"p319",3,3,0.25,0.35,0,0.1,0.4
"p319",3,3,0.25,0.3,0,0.05,0.2
"p319",3,3,0.25,0.3,0,0.05,0.2
"p319",4,4,0.55,0.5,0,-0.05,-0.090909090909091
"p319",4,4,0.4,0.45,0,0.0499999999999999,0.125
"p319",4,4,0.55,0.55,0,-1.11022302462516e-16,-2.01858731750028e-16
"p319",4,3,0.25,0.35,-1,0.1,0.4
"p319",3,3,0.55,0.45,0,-0.1,-0.181818181818182
"p319",5,4,0.25,0.3,-1,0.05,0.2
"p319",3,3,0.4,0.35,0,-0.05,-0.125
"p319",5,5,0.55,0.4,0,-0.15,-0.272727272727273
"p319",3,4,0.25,0.35,1,0.1,0.4
"p319",5,5,0.4,0.4,0,-5.55111512312578e-17,-1.38777878078145e-16
"p319",5,6,0.25,0.35,1,0.1,0.4
"p319",5,5,0.25,0.35,0,0.1,0.4
"p319",4,4,0.25,0.3,0,0.05,0.2
"p319",5,5,0.55,0.4,0,-0.15,-0.272727272727273
"p319",3,4,0.4,0.35,1,-0.05,-0.125
"p319",4,3,0.4,0.35,-1,-0.05,-0.125
"p319",5,5,0.55,0.35,0,-0.2,-0.363636363636364
"p319",4,4,0.25,0.35,0,0.1,0.4
"p319",5,5,0.25,0.3,0,0.05,0.2
"p319",3,4,0.55,0.4,1,-0.15,-0.272727272727273
"p319",4,4,0.55,0.4,0,-0.15,-0.272727272727273
"p319",3,4,0.25,0.3,1,0.05,0.2
"p319",3,3,0.25,0.3,0,0.05,0.2
"p319",5,5,0.4,0.35,0,-0.05,-0.125
"p319",4,4,0.4,0.3,0,-0.1,-0.25
"p319",3,3,0.55,0.35,0,-0.2,-0.363636363636364
"p319",4,4,0.4,0.35,0,-0.05,-0.125
"p319",3,3,0.55,0.3,0,-0.25,-0.454545454545455
"p319",5,4,0.4,0.35,-1,-0.05,-0.125
"p319",5,5,0.55,0.45,0,-0.1,-0.181818181818182
"p319",5,5,0.55,0.4,0,-0.15,-0.272727272727273
"p319",4,4,0.25,0.3,0,0.05,0.2
"p319",3,3,0.25,0.25,0,5.55111512312578e-17,2.22044604925031e-16
"p319",4,3,0.4,0.3,-1,-0.1,-0.25
"p319",3,3,0.4,0.3,0,-0.1,-0.25
"p319",3,3,0.4,0.3,0,-0.1,-0.25
"p319",3,3,0.55,0.3,0,-0.25,-0.454545454545455
"p319",5,4,0.25,0.3,-1,0.05,0.2
"p319",5,4,0.4,0.35,-1,-0.05,-0.125
"p319",5,5,0.25,0.35,0,0.1,0.4
"p319",5,5,0.25,0.35,0,0.1,0.4
"p319",3,3,0.55,0.4,0,-0.15,-0.272727272727273
"p319",4,4,0.25,0.35,0,0.1,0.4
"p319",4,4,0.55,0.4,0,-0.15,-0.272727272727273
"p319",3,3,0.25,0.3,0,0.05,0.2
"p319",3,3,0.55,0.3,0,-0.25,-0.454545454545455
"p319",5,4,0.25,0.3,-1,0.05,0.2
"p319",5,4,0.4,0.35,-1,-0.05,-0.125
"p319",3,4,0.55,0.3,1,-0.25,-0.454545454545455
"p319",4,4,0.4,0.35,0,-0.05,-0.125
"p319",3,4,0.55,0.35,1,-0.2,-0.363636363636364
"p319",4,4,0.55,0.5,0,-0.0500000000000001,-0.0909090909090911
"p319",3,4,0.25,0.25,1,5.55111512312578e-17,2.22044604925031e-16
"p319",4,4,0.25,0.35,0,0.1,0.4
"p319",3,4,0.4,0.35,1,-0.05,-0.125
"p319",3,4,0.4,0.35,1,-0.05,-0.125
"p319",5,4,0.25,0.35,-1,0.1,0.4
"p319",4,4,0.4,0.3,0,-0.1,-0.25
"p319",5,4,0.55,0.4,-1,-0.15,-0.272727272727273
"p319",4,4,0.55,0.4,0,-0.15,-0.272727272727273
"p319",4,3,0.25,0.35,-1,0.1,0.4
"p319",5,5,0.55,0.35,0,-0.2,-0.363636363636364
"p319",3,3,0.4,0.35,0,-0.05,-0.125
"p319",5,5,0.55,0.4,0,-0.15,-0.272727272727273
"p319",5,5,0.55,0.45,0,-0.1,-0.181818181818182
"p319",3,3,0.55,0.35,0,-0.2,-0.363636363636364
"p319",4,3,0.25,0.35,-1,0.1,0.4
"p319",5,5,0.4,0.4,0,0,0
"p319",4,5,0.55,0.4,1,-0.15,-0.272727272727273
"p319",3,3,0.25,0.35,0,0.1,0.4
"p319",5,6,0.25,0.3,1,0.05,0.2
"p319",5,4,0.25,0.3,-1,0.05,0.2
"p319",3,3,0.55,0.3,0,-0.25,-0.454545454545455
"p319",4,4,0.25,0.3,0,0.05,0.2
"p319",4,4,0.4,0.25,0,-0.15,-0.375
"p319",5,5,0.25,0.25,0,5.55111512312578e-17,2.22044604925031e-16
"p319",3,4,0.4,0.25,1,-0.15,-0.375
"p319",4,4,0.55,0.35,0,-0.2,-0.363636363636364
"p319",3,3,0.25,0.25,0,5.55111512312578e-17,2.22044604925031e-16
"p319",3,3,0.4,0.3,0,-0.1,-0.25
"p319",4,4,0.25,0.3,0,0.05,0.2
"p319",5,5,0.4,0.3,0,-0.1,-0.25
"p319",5,5,0.25,0.3,0,0.05,0.2
"p319",3,4,0.25,0.3,1,0.05,0.2
"p319",5,5,0.25,0.3,0,0.05,0.2
"p319",4,5,0.4,0.3,1,-0.1,-0.25
"p319",5,5,0.4,0.3,0,-0.1,-0.25
"p319",4,4,0.25,0.3,0,0.05,0.2
"p319",4,5,0.4,0.35,1,-0.05,-0.125
"p319",3,2,0.25,0.35,-1,0.1,0.4
"p319",3,3,0.25,0.3,0,0.05,0.2
"p319",5,5,0.4,0.3,0,-0.1,-0.25
"p319",5,5,0.55,0.4,0,-0.15,-0.272727272727273
"p319",5,5,0.55,0.35,0,-0.2,-0.363636363636364
"p319",5,4,0.4,0.35,-1,-0.05,-0.125
"p319",4,3,0.4,0.4,-1,0,0
"p319",4,4,0.55,0.5,0,-0.0500000000000001,-0.0909090909090911
"p319",5,5,0.4,0.4,0,0,0
"p319",3,3,0.25,0.2,0,-0.0499999999999999,-0.2
"p319",5,5,0.55,0.4,0,-0.15,-0.272727272727273
"p319",5,5,0.25,0.25,0,0,0
"p319",3,3,0.25,0.25,0,0,0
"p319",3,3,0.55,0.45,0,-0.1,-0.181818181818182
"p319",4,4,0.4,0.3,0,-0.1,-0.25
"p319",3,3,0.25,0.3,0,0.05,0.2
"p319",3,3,0.25,0.25,0,0,0
"p319",4,3,0.25,0.25,-1,5.55111512312578e-17,2.22044604925031e-16
"p319",5,5,0.4,0.3,0,-0.1,-0.25
"p319",3,3,0.4,0.35,0,-0.05,-0.125
"p319",5,5,0.25,0.35,0,0.1,0.4
"p319",3,3,0.25,0.25,0,0,0
"p319",4,5,0.4,0.3,1,-0.1,-0.25
"p319",5,5,0.4,0.35,0,-0.05,-0.125
"p319",5,5,0.25,0.3,0,0.05,0.2
"p319",4,4,0.55,0.5,0,-0.0500000000000001,-0.0909090909090911
"p319",4,5,0.55,0.45,1,-0.1,-0.181818181818182
"p319",4,5,0.25,0.15,1,-0.1,-0.4
"p319",3,3,0.55,0.5,0,-0.05,-0.090909090909091
"p319",4,4,0.25,0.35,0,0.1,0.4
"p319",3,4,0.4,0.35,1,-0.05,-0.125
"p319",4,3,0.25,0.3,-1,0.05,0.2
"p319",4,4,0.25,0.3,0,0.05,0.2
"p319",5,5,0.55,0.4,0,-0.15,-0.272727272727273
"p319",5,4,0.25,0.35,-1,0.1,0.4
"p319",5,5,0.25,0.3,0,0.05,0.2
"p319",5,5,0.55,0.45,0,-0.1,-0.181818181818182
"p319",4,4,0.4,0.45,0,0.05,0.125
"p319",5,5,0.25,0.35,0,0.1,0.4
"p319",4,4,0.55,0.5,0,-0.0500000000000001,-0.0909090909090911
"p319",4,5,0.25,0.3,1,0.05,0.2
"p319",3,3,0.4,0.4,0,0,0
"p319",5,4,0.55,0.5,-1,-0.0500000000000001,-0.0909090909090911
"p319",5,4,0.25,0.35,-1,0.1,0.4
"p319",3,3,0.55,0.4,0,-0.15,-0.272727272727273
"p319",4,3,0.55,0.6,-1,0.0499999999999999,0.0909090909090908
"p319",3,4,0.25,0.3,1,0.05,0.2
"p319",3,3,0.55,0.45,0,-0.1,-0.181818181818182
"p319",3,3,0.25,0.25,0,5.55111512312578e-17,2.22044604925031e-16
"p319",3,3,0.55,0.4,0,-0.15,-0.272727272727273
"p319",3,4,0.4,0.4,1,0,0
"p319",3,3,0.55,0.45,0,-0.1,-0.181818181818182
"p319",4,4,0.4,0.35,0,-0.05,-0.125
"p319",3,3,0.4,0.35,0,-0.05,-0.125
"p319",5,4,0.4,0.45,-1,0.0499999999999999,0.125
"p319",4,4,0.25,0.35,0,0.1,0.4
"p319",4,4,0.25,0.35,0,0.1,0.4
"p319",5,6,0.4,0.35,1,-0.05,-0.125
"p319",5,6,0.55,0.45,1,-0.1,-0.181818181818182
"p319",5,5,0.25,0.2,0,-0.0499999999999999,-0.2
"p319",4,4,0.25,0.25,0,5.55111512312578e-17,2.22044604925031e-16
"p319",4,4,0.55,0.45,0,-0.1,-0.181818181818182
"p319",4,3,0.4,0.35,-1,-0.05,-0.125
"p319",4,4,0.4,0.4,0,-5.55111512312578e-17,-1.38777878078145e-16
"p319",3,3,0.55,0.4,0,-0.15,-0.272727272727273
"p319",4,5,0.55,0.45,1,-0.1,-0.181818181818182
"p319",3,4,0.25,0.3,1,0.05,0.2
"p319",3,3,0.4,0.3,0,-0.1,-0.25
"p319",5,5,0.4,0.35,0,-0.05,-0.125
"p319",5,5,0.25,0.35,0,0.1,0.4
"p319",3,3,0.25,0.3,0,0.05,0.2
"p319",4,4,0.4,0.35,0,-0.05,-0.125
"p319",5,4,0.25,0.4,-1,0.15,0.6
"p319",3,4,0.25,0.25,1,5.55111512312578e-17,2.22044604925031e-16
"p319",3,4,0.25,0.3,1,0.05,0.2
"p319",5,5,0.25,0.3,0,0.05,0.2
"p319",3,3,0.4,0.35,0,-0.05,-0.125
"p319",4,5,0.4,0.35,1,-0.05,-0.125
"p319",3,3,0.4,0.3,0,-0.1,-0.25
"p319",5,4,0.4,0.3,-1,-0.1,-0.25
"p319",5,5,0.25,0.35,0,0.1,0.4
"p319",4,4,0.25,0.3,0,0.05,0.2
"p319",4,3,0.25,0.25,-1,5.55111512312578e-17,2.22044604925031e-16
"p319",5,5,0.55,0.35,0,-0.2,-0.363636363636364
"p319",5,5,0.55,0.35,0,-0.2,-0.363636363636364
"p319",3,4,0.55,0.45,1,-0.1,-0.181818181818182
"p319",3,3,0.25,0.3,0,0.05,0.2
"p319",3,3,0.55,0.35,0,-0.2,-0.363636363636364
"p319",5,5,0.55,0.35,0,-0.2,-0.363636363636364
"p319",4,4,0.55,0.4,0,-0.15,-0.272727272727273
"p319",3,3,0.55,0.5,0,-0.05,-0.090909090909091
"p319",3,3,0.4,0.4,0,-5.55111512312578e-17,-1.38777878078145e-16
"p319",4,4,0.25,0.3,0,0.05,0.2
"p319",4,5,0.55,0.4,1,-0.15,-0.272727272727273
"p319",4,4,0.25,0.3,0,0.05,0.2
"p319",3,4,0.55,0.35,1,-0.2,-0.363636363636364
"p319",5,5,0.55,0.35,0,-0.2,-0.363636363636364
"p319",3,3,0.4,0.35,0,-0.05,-0.125
"p319",4,5,0.4,0.35,1,-0.05,-0.125
"p319",5,5,0.25,0.35,0,0.1,0.4
"p319",4,5,0.55,0.35,1,-0.2,-0.363636363636364
"p319",3,3,0.25,0.35,0,0.1,0.4
"p319",3,3,0.25,0.25,0,5.55111512312578e-17,2.22044604925031e-16
"p319",3,3,0.55,0.3,0,-0.25,-0.454545454545455
"p319",5,5,0.4,0.3,0,-0.1,-0.25
"p319",4,4,0.25,0.35,0,0.1,0.4
"p319",5,4,0.4,0.35,-1,-0.05,-0.125
"p319",5,4,0.25,0.35,-1,0.1,0.4
"p319",3,4,0.55,0.4,1,-0.15,-0.272727272727273
"p319",4,4,0.4,0.2,0,-0.2,-0.5
"p319",3,4,0.25,0.2,1,-0.0499999999999999,-0.2
"p319",3,4,0.4,0.25,1,-0.15,-0.375
"p319",3,2,0.55,0.4,-1,-0.15,-0.272727272727273
"p319",5,4,0.55,0.4,-1,-0.15,-0.272727272727273
"p319",5,5,0.25,0.3,0,0.05,0.2
"p319",4,5,0.55,0.45,1,-0.1,-0.181818181818182
"p319",4,5,0.4,0.4,1,0,0
"p319",3,3,0.4,0.3,0,-0.1,-0.25
"p319",5,5,0.55,0.45,0,-0.1,-0.181818181818182
"p319",5,5,0.4,0.3,0,-0.1,-0.25
"p319",3,3,0.55,0.3,0,-0.25,-0.454545454545455
"p319",4,3,0.25,0.25,-1,0,0
"p319",3,3,0.25,0.2,0,-0.05,-0.2
"p319",5,5,0.25,0.25,0,5.55111512312578e-17,2.22044604925031e-16
"p319",4,4,0.25,0.25,0,0,0
"p319",4,4,0.55,0.25,0,-0.3,-0.545454545454545
"p319",4,4,0.25,0.25,0,0,0
"p319",5,5,0.55,0.2,0,-0.35,-0.636363636363636
"p319",4,5,0.55,0.25,1,-0.3,-0.545454545454545
"p319",4,5,0.4,0.3,1,-0.1,-0.25
"p319",5,5,0.25,0.3,0,0.05,0.2
"p319",5,5,0.25,0.25,0,0,0
"p319",4,5,0.55,0.35,1,-0.2,-0.363636363636364
"p319",4,4,0.25,0.3,0,0.05,0.2
"p319",3,3,0.55,0.3,0,-0.25,-0.454545454545455
"p319",5,4,0.25,0.3,-1,0.05,0.2
"p319",4,4,0.25,0.2,0,-0.0499999999999999,-0.2
"p319",3,3,0.4,0.3,0,-0.1,-0.25
"p319",3,4,0.55,0.3,1,-0.25,-0.454545454545455
"p319",3,3,0.4,0.3,0,-0.1,-0.25
"p319",3,3,0.55,0.4,0,-0.15,-0.272727272727273
"p319",5,6,0.25,0.3,1,0.05,0.2
"p319",4,4,0.25,0.25,0,0,0
"p319",4,4,0.25,0.25,0,0,0
"p319",3,3,0.25,0.25,0,0,0
"p319",5,5,0.4,0.3,0,-0.1,-0.25
"p319",3,3,0.25,0.25,0,0,0
"p319",3,3,0.25,0.25,0,5.55111512312578e-17,2.22044604925031e-16
"p319",5,5,0.4,0.25,0,-0.15,-0.375
"p319",3,3,0.25,0.25,0,0,0
"p319",3,3,0.4,0.4,0,0,0
"p319",5,5,0.4,0.35,0,-0.05,-0.125
"p319",5,5,0.4,0.35,0,-0.05,-0.125
"p319",5,5,0.55,0.35,0,-0.2,-0.363636363636364
"p319",4,5,0.55,0.35,1,-0.2,-0.363636363636364
"p319",4,4,0.4,0.4,0,-5.55111512312578e-17,-1.38777878078145e-16
"p319",5,5,0.25,0.35,0,0.1,0.4
"p319",3,3,0.25,0.3,0,0.05,0.2
"p319",5,5,0.55,0.4,0,-0.15,-0.272727272727273
"p319",4,5,0.4,0.4,1,-5.55111512312578e-17,-1.38777878078145e-16
"p319",5,4,0.25,0.4,-1,0.15,0.6
"p319",4,5,0.4,0.4,1,0,0
"p319",4,5,0.4,0.4,1,0,0
"p319",5,5,0.25,0.3,0,0.05,0.2
"p319",3,4,0.55,0.3,1,-0.25,-0.454545454545455
"p319",5,5,0.25,0.35,0,0.1,0.4
"p319",4,4,0.55,0.45,0,-0.1,-0.181818181818182
"p319",3,3,0.4,0.35,0,-0.05,-0.125
"p319",3,3,0.55,0.35,0,-0.2,-0.363636363636364
"p319",4,3,0.25,0.3,-1,0.05,0.2
"p319",3,3,0.4,0.35,0,-0.05,-0.125
"p319",3,3,0.25,0.3,0,0.05,0.2
"p319",3,3,0.25,0.2,0,-0.0499999999999999,-0.2
"p319",5,6,0.25,0.3,1,0.05,0.2
"p319",5,5,0.25,0.25,0,0,0
"p319",4,4,0.55,0.35,0,-0.2,-0.363636363636364
"p319",5,5,0.4,0.35,0,-0.05,-0.125
"p319",5,4,0.4,0.35,-1,-0.05,-0.125
"p319",4,5,0.55,0.4,1,-0.15,-0.272727272727273
"p319",4,4,0.25,0.3,0,0.05,0.2
"p319",4,4,0.55,0.45,0,-0.1,-0.181818181818182
"p319",3,3,0.25,0.3,0,0.05,0.2
"p319",4,4,0.25,0.3,0,0.05,0.2
"p319",5,5,0.55,0.35,0,-0.2,-0.363636363636364
"p319",3,3,0.25,0.35,0,0.1,0.4
"p319",4,3,0.4,0.35,-1,-0.05,-0.125
"p319",3,3,0.25,0.3,0,0.05,0.2
"p319",3,3,0.4,0.35,0,-0.05,-0.125
"p319",3,3,0.4,0.35,0,-0.05,-0.125
"p319",4,4,0.4,0.35,0,-0.05,-0.125
"p319",4,4,0.25,0.35,0,0.1,0.4
"p319",5,5,0.4,0.35,0,-0.05,-0.125
"p319",3,4,0.25,0.35,1,0.1,0.4
"p319",4,5,0.25,0.35,1,0.1,0.4
"p319",4,3,0.25,0.3,-1,0.05,0.2
"p319",4,3,0.4,0.4,-1,0,0
"p319",5,6,0.25,0.3,1,0.05,0.2
"p319",5,5,0.55,0.5,0,-0.05,-0.090909090909091
"p319",4,4,0.55,0.4,0,-0.15,-0.272727272727273
"p319",4,4,0.25,0.4,0,0.15,0.6
"p319",5,5,0.55,0.45,0,-0.1,-0.181818181818182
"p319",5,5,0.4,0.4,0,-5.55111512312578e-17,-1.38777878078145e-16
"p319",5,5,0.55,0.5,0,-0.0500000000000001,-0.0909090909090911
"p319",3,4,0.4,0.4,1,-5.55111512312578e-17,-1.38777878078145e-16
"p319",3,4,0.55,0.45,1,-0.1,-0.181818181818182
"p319",3,4,0.55,0.4,1,-0.15,-0.272727272727273
"p319",3,2,0.55,0.3,-1,-0.25,-0.454545454545455
"p319",5,4,0.55,0.4,-1,-0.15,-0.272727272727273
"p319",3,2,0.25,0.25,-1,5.55111512312578e-17,2.22044604925031e-16
"p319",3,3,0.55,0.35,0,-0.2,-0.363636363636364
"p319",5,5,0.25,0.25,0,0,0
"p319",5,5,0.4,0.25,0,-0.15,-0.375
"p319",3,3,0.4,0.3,0,-0.1,-0.25
"p319",4,3,0.55,0.45,-1,-0.1,-0.181818181818182
"p319",4,4,0.25,0.2,0,-0.05,-0.2
"p319",4,3,0.25,0.2,-1,-0.0499999999999999,-0.2
"p319",5,5,0.55,0.3,0,-0.25,-0.454545454545455
"p319",5,5,0.25,0.25,0,0,0
"p319",3,3,0.25,0.25,0,5.55111512312578e-17,2.22044604925031e-16
"p319",3,3,0.55,0.3,0,-0.25,-0.454545454545455
"p319",3,3,0.25,0.25,0,5.55111512312578e-17,2.22044604925031e-16
"p319",3,3,0.25,0.25,0,0,0
"p319",3,3,0.55,0.3,0,-0.25,-0.454545454545455
"p319",5,6,0.25,0.3,1,0.05,0.2
"p319",5,5,0.25,0.3,0,0.05,0.2
"p319",4,5,0.55,0.3,1,-0.25,-0.454545454545455
"p319",5,5,0.4,0.3,0,-0.1,-0.25
"p319",5,5,0.4,0.35,0,-0.05,-0.125
"p319",3,3,0.25,0.25,0,5.55111512312578e-17,2.22044604925031e-16
"p319",5,4,0.4,0.35,-1,-0.05,-0.125
"p319",5,5,0.25,0.3,0,0.05,0.2
"p319",5,5,0.25,0.25,0,0,0
"p319",4,4,0.4,0.3,0,-0.1,-0.25
"p319",3,3,0.4,0.35,0,-0.05,-0.125
"p319",4,3,0.25,0.3,-1,0.05,0.2
"p319",5,5,0.55,0.4,0,-0.15,-0.272727272727273
"p319",5,5,0.25,0.35,0,0.1,0.4
"p319",5,5,0.55,0.3,0,-0.25,-0.454545454545455
"p319",3,4,0.25,0.2,1,-0.05,-0.2
"p319",5,5,0.55,0.35,0,-0.2,-0.363636363636364
"p319",4,4,0.4,0.3,0,-0.1,-0.25
"p319",3,4,0.25,0.25,1,5.55111512312578e-17,2.22044604925031e-16
"p319",4,4,0.4,0.35,0,-0.05,-0.125
"p319",4,4,0.25,0.3,0,0.05,0.2
"p319",3,3,0.55,0.35,0,-0.2,-0.363636363636364
"p319",4,4,0.25,0.25,0,0,0
"p319",4,4,0.4,0.3,0,-0.1,-0.25
"p319",3,4,0.4,0.4,1,0,0
"p319",3,3,0.4,0.3,0,-0.1,-0.25
"p319",3,2,0.4,0.25,-1,-0.15,-0.375
"p319",5,4,0.25,0.25,-1,5.55111512312578e-17,2.22044604925031e-16
"p319",4,4,0.55,0.45,0,-0.1,-0.181818181818182
"p319",5,5,0.4,0.4,0,0,0
"p319",3,3,0.55,0.35,0,-0.2,-0.363636363636364
"p319",4,3,0.4,0.4,-1,-5.55111512312578e-17,-1.38777878078145e-16
"p319",5,5,0.55,0.4,0,-0.15,-0.272727272727273
"p319",5,6,0.4,0.4,1,-5.55111512312578e-17,-1.38777878078145e-16
"p319",4,3,0.25,0.2,-1,-0.0499999999999999,-0.2
"p319",4,4,0.25,0.3,0,0.05,0.2
"p319",3,3,0.25,0.25,0,0,0
"p319",3,3,0.55,0.4,0,-0.15,-0.272727272727273
"p319",4,4,0.55,0.4,0,-0.15,-0.272727272727273
"p319",3,3,0.55,0.4,0,-0.15,-0.272727272727273
"p319",4,3,0.55,0.6,-1,0.05,0.090909090909091
"p319",3,2,0.4,0.45,-1,0.0499999999999999,0.125
"p319",4,3,0.25,0.3,-1,0.05,0.2
"p319",3,3,0.55,0.45,0,-0.1,-0.181818181818182
"p319",3,3,0.55,0.45,0,-0.1,-0.181818181818182
"p319",4,3,0.55,0.55,-1,0,0
"p319",5,6,0.25,0.3,1,0.05,0.2
"p319",4,4,0.55,0.4,0,-0.15,-0.272727272727273
"p319",3,3,0.4,0.3,0,-0.1,-0.25
"p319",5,4,0.25,0.45,-1,0.2,0.8
"p319",4,4,0.55,0.35,0,-0.2,-0.363636363636364
"p319",4,4,0.55,0.45,0,-0.1,-0.181818181818182
"p319",3,3,0.55,0.4,0,-0.15,-0.272727272727273
"p319",4,4,0.4,0.4,0,-5.55111512312578e-17,-1.38777878078145e-16
"p319",5,5,0.55,0.5,0,-0.05,-0.090909090909091
"p319",4,3,0.4,0.45,-1,0.0499999999999999,0.125
"p319",5,5,0.25,0.35,0,0.1,0.4
"p319",5,5,0.25,0.4,0,0.15,0.6
"p319",4,5,0.25,0.35,1,0.1,0.4
"p319",4,4,0.4,0.35,0,-0.05,-0.125
"p319",5,5,0.4,0.4,0,-5.55111512312578e-17,-1.38777878078145e-16
"p319",4,4,0.25,0.35,0,0.1,0.4
"p319",3,2,0.55,0.45,-1,-0.1,-0.181818181818182
"p319",3,3,0.25,0.35,0,0.1,0.4
"p319",5,5,0.55,0.45,0,-0.1,-0.181818181818182
"p319",3,4,0.4,0.45,1,0.0499999999999999,0.125
"p319",5,6,0.25,0.45,1,0.2,0.8
"p319",3,3,0.25,0.35,0,0.1,0.4
"p319",4,4,0.25,0.35,0,0.1,0.4
"p319",5,5,0.55,0.45,0,-0.1,-0.181818181818182
"p319",4,4,0.25,0.3,0,0.05,0.2
"p319",5,5,0.25,0.3,0,0.05,0.2
"p319",3,3,0.25,0.25,0,0,0
"p319",5,5,0.4,0.35,0,-0.05,-0.125
"p319",5,4,0.4,0.45,-1,0.0499999999999999,0.125
"p319",4,4,0.4,0.45,0,0.05,0.125
"p319",5,5,0.4,0.45,0,0.0499999999999999,0.125
"p319",4,5,0.25,0.35,1,0.1,0.4
"p319",4,4,0.25,0.35,0,0.1,0.4
"p319",5,6,0.4,0.3,1,-0.1,-0.25
"p319",5,4,0.25,0.25,-1,0,0
"p319",4,4,0.55,0.25,0,-0.3,-0.545454545454546
"p319",5,5,0.55,0.5,0,-0.0500000000000001,-0.0909090909090911
"p319",5,5,0.55,0.45,0,-0.1,-0.181818181818182
"p319",3,3,0.55,0.45,0,-0.1,-0.181818181818182
"p319",3,3,0.25,0.2,0,-0.05,-0.2
"p319",3,3,0.55,0.5,0,-0.05,-0.090909090909091
"p319",3,3,0.4,0.3,0,-0.1,-0.25
"p319",3,3,0.25,0.25,0,0,0
"p319",3,2,0.4,0.3,-1,-0.1,-0.25
"p319",3,2,0.25,0.35,-1,0.1,0.4
"p319",4,3,0.4,0.4,-1,-5.55111512312578e-17,-1.38777878078145e-16
"p319",3,4,0.25,0.35,1,0.1,0.4
"p319",3,3,0.55,0.45,0,-0.1,-0.181818181818182
"p319",5,5,0.4,0.35,0,-0.05,-0.125
"p319",3,3,0.55,0.4,0,-0.15,-0.272727272727273
"p319",5,5,0.55,0.5,0,-0.0500000000000001,-0.0909090909090911
"p319",5,5,0.55,0.5,0,-0.0500000000000001,-0.0909090909090911
"p319",3,2,0.4,0.45,-1,0.0499999999999999,0.125
"p319",4,4,0.55,0.45,0,-0.1,-0.181818181818182
"p319",5,4,0.4,0.55,-1,0.15,0.375
"p319",4,4,0.55,0.5,0,-0.05,-0.090909090909091
"p319",5,4,0.25,0.35,-1,0.1,0.4
"p319",4,3,0.4,0.5,-1,0.1,0.25
"p319",5,5,0.55,0.5,0,-0.0500000000000001,-0.0909090909090911
"p319",3,3,0.25,0.25,0,5.55111512312578e-17,2.22044604925031e-16
"p319",4,4,0.25,0.35,0,0.1,0.4
"p319",3,3,0.55,0.4,0,-0.15,-0.272727272727273
"p319",3,4,0.25,0.25,1,0,0
"p319",4,3,0.55,0.45,-1,-0.1,-0.181818181818182
"p319",4,4,0.25,0.25,0,5.55111512312578e-17,2.22044604925031e-16
"p319",3,2,0.55,0.25,-1,-0.3,-0.545454545454545
"p319",5,3,0.25,0.25,-2,5.55111512312578e-17,2.22044604925031e-16
"p319",4,3,0.25,0.25,-1,5.55111512312578e-17,2.22044604925031e-16
"p319",3,3,0.25,0.25,0,0,0
"p319",3,3,0.4,0.2,0,-0.2,-0.5
"p319",3,3,0.55,0.35,0,-0.2,-0.363636363636364
"p319",4,4,0.4,0.35,0,-0.05,-0.125
"p319",3,3,0.4,0.35,0,-0.05,-0.125
"p319",4,3,0.55,0.5,-1,-0.0500000000000001,-0.0909090909090911
"p319",4,4,0.25,0.4,0,0.15,0.6
"p319",4,4,0.4,0.4,0,-5.55111512312578e-17,-1.38777878078145e-16
"p319",4,4,0.25,0.3,0,0.05,0.2
"p319",5,5,0.25,0.25,0,0,0
"p319",3,3,0.4,0.25,0,-0.15,-0.375
"p319",5,5,0.25,0.3,0,0.05,0.2
"p319",5,5,0.4,0.35,0,-0.05,-0.125
"p319",5,5,0.4,0.3,0,-0.1,-0.25
"p319",5,3,0.25,0.3,-2,0.05,0.2
"p319",5,5,0.25,0.35,0,0.1,0.4
"p319",3,3,0.25,0.3,0,0.05,0.2
"p319",4,4,0.4,0.35,0,-0.05,-0.125
"p319",3,3,0.4,0.35,0,-0.05,-0.125
"p319",3,4,0.25,0.3,1,0.05,0.2
"p319",4,3,0.25,0.3,-1,0.05,0.2
"p319",3,3,0.25,0.3,0,0.05,0.2
"p319",5,4,0.55,0.4,-1,-0.15,-0.272727272727273
"p319",5,5,0.25,0.35,0,0.1,0.4
"p319",4,4,0.55,0.4,0,-0.15,-0.272727272727273
"p319",5,5,0.4,0.4,0,-5.55111512312578e-17,-1.38777878078145e-16
"p319",4,4,0.25,0.3,0,0.05,0.2
"p319",5,4,0.55,0.45,-1,-0.1,-0.181818181818182
"p319",3,3,0.25,0.35,0,0.1,0.4
"p319",4,4,0.4,0.35,0,-0.05,-0.125
"p319",3,3,0.55,0.3,0,-0.25,-0.454545454545455
"p319",4,3,0.4,0.45,-1,0.05,0.125
"p319",4,4,0.4,0.4,0,0,0
"p319",3,3,0.55,0.4,0,-0.15,-0.272727272727273
"p319",3,3,0.4,0.3,0,-0.1,-0.25
"p319",4,3,0.25,0.5,-1,0.25,1
"p319",4,4,0.55,0.45,0,-0.1,-0.181818181818182
"p319",5,5,0.55,0.4,0,-0.15,-0.272727272727273
"p319",4,4,0.55,0.45,0,-0.1,-0.181818181818182
"p319",3,3,0.55,0.5,0,-0.05,-0.090909090909091
"p319",5,4,0.25,0.45,-1,0.2,0.8
"p319",3,3,0.55,0.4,0,-0.15,-0.272727272727273
"p319",4,3,0.25,0.3,-1,0.05,0.2
"p319",4,3,0.4,0.3,-1,-0.1,-0.25
"p319",5,5,0.55,0.35,0,-0.2,-0.363636363636364
"p319",3,3,0.25,0.3,0,0.05,0.2
"p319",3,3,0.25,0.3,0,0.05,0.2
"p319",4,4,0.55,0.35,0,-0.2,-0.363636363636364
"p319",4,4,0.55,0.4,0,-0.15,-0.272727272727273
"p319",5,4,0.4,0.45,-1,0.05,0.125
"p319",5,4,0.55,0.45,-1,-0.1,-0.181818181818182
"p319",5,4,0.25,0.3,-1,0.05,0.2
"p319",3,3,0.4,0.35,0,-0.05,-0.125
"p319",3,3,0.25,0.25,0,5.55111512312578e-17,2.22044604925031e-16
"p319",4,4,0.25,0.25,0,0,0
"p319",3,3,0.4,0.25,0,-0.15,-0.375
"p319",3,3,0.25,0.2,0,-0.0499999999999999,-0.2
"p319",5,5,0.25,0.2,0,-0.0499999999999999,-0.2
"p319",4,4,0.4,0.35,0,-0.05,-0.125
"p319",3,3,0.25,0.3,0,0.05,0.2
"p319",3,3,0.25,0.25,0,0,0
"p319",3,3,0.25,0.25,0,5.55111512312578e-17,2.22044604925031e-16
"p319",5,4,0.55,0.4,-1,-0.15,-0.272727272727273
"p319",5,5,0.55,0.4,0,-0.15,-0.272727272727273
"p319",3,3,0.4,0.3,0,-0.1,-0.25
"p319",4,3,0.55,0.4,-1,-0.15,-0.272727272727273
"p319",5,4,0.4,0.45,-1,0.0499999999999999,0.125
"p319",3,3,0.55,0.4,0,-0.15,-0.272727272727273
"p319",5,5,0.25,0.35,0,0.1,0.4
"p319",4,5,0.25,0.4,1,0.15,0.6
"p319",5,5,0.25,0.4,0,0.15,0.6
"p319",5,5,0.25,0.3,0,0.05,0.2
"p319",3,4,0.55,0.35,1,-0.2,-0.363636363636364
"p319",4,4,0.25,0.25,0,0,0
"p319",5,5,0.4,0.3,0,-0.1,-0.25
"p319",5,5,0.25,0.35,0,0.1,0.4
"p319",5,5,0.4,0.35,0,-0.05,-0.125
"p319",5,5,0.4,0.35,0,-0.05,-0.125
"p319",3,3,0.55,0.3,0,-0.25,-0.454545454545455
"p319",4,3,0.25,0.3,-1,0.05,0.2
"p319",4,3,0.4,0.35,-1,-0.05,-0.125
"p319",3,3,0.4,0.35,0,-0.05,-0.125
"p320",4,3,0.4,0.35,-1,-0.05,-0.125
"p320",3,3,0.4,0.4,0,-5.55111512312578e-17,-1.38777878078145e-16
"p320",5,4,0.25,0.3,-1,0.05,0.2
"p320",5,4,0.55,0.35,-1,-0.2,-0.363636363636364
"p320",3,3,0.4,0.35,0,-0.05,-0.125
"p320",3,3,0.4,0.4,0,0,0
"p320",3,3,0.55,0.6,0,0.0499999999999999,0.0909090909090908
"p320",5,3,0.55,0.7,-2,0.15,0.272727272727273
"p320",5,4,0.25,0.25,-1,0,0
"p320",4,3,0.25,0.35,-1,0.1,0.4
"p320",5,3,0.4,0.6,-2,0.2,0.5
"p320",5,4,0.55,0.5,-1,-0.05,-0.090909090909091
"p320",3,3,0.25,0.2,0,-0.0499999999999999,-0.2
"p320",4,3,0.25,0.2,-1,-0.05,-0.2
"p320",3,3,0.55,0.55,0,0,0
"p320",3,3,0.25,0.25,0,5.55111512312578e-17,2.22044604925031e-16
"p320",4,3,0.25,0.15,-1,-0.1,-0.4
"p320",4,3,0.55,0.7,-1,0.15,0.272727272727273
"p320",4,3,0.25,0.2,-1,-0.05,-0.2
"p320",4,3,0.55,0.75,-1,0.2,0.363636363636364
"p320",3,3,0.55,0.6,0,0.0499999999999999,0.0909090909090908
"p320",5,3,0.4,0.65,-2,0.25,0.625
"p320",5,4,0.25,0.2,-1,-0.0499999999999999,-0.2
"p320",4,4,0.25,0.15,0,-0.1,-0.4
"p320",5,4,0.25,0.3,-1,0.05,0.2
"p320",5,4,0.25,0.2,-1,-0.0499999999999999,-0.2
"p320",4,3,0.25,0.3,-1,0.05,0.2
"p320",5,4,0.25,0.2,-1,-0.05,-0.2
"p320",3,4,0.4,0.6,1,0.2,0.5
"p320",4,3,0.4,0.55,-1,0.15,0.375
"p320",3,3,0.25,0.2,0,-0.05,-0.2
"p320",5,3,0.55,0.8,-2,0.25,0.454545454545455
"p320",3,3,0.55,0.45,0,-0.1,-0.181818181818182
"p320",4,3,0.55,0.4,-1,-0.15,-0.272727272727273
"p320",4,3,0.55,1.15,-1,0.600000000000001,1.09090909090909
"p320",5,3,0.4,0.6,-2,0.2,0.5
"p320",5,4,0.4,0.65,-1,0.25,0.625
"p320",3,3,0.25,0.2,0,-0.05,-0.2
"p320",3,3,0.55,0.65,0,0.1,0.181818181818182
"p320",3,2,0.25,0.35,-1,0.1,0.4
"p320",5,4,0.55,0.65,-1,0.1,0.181818181818182
"p320",4,3,0.4,0.55,-1,0.15,0.375
"p320",5,4,0.25,0.25,-1,5.55111512312578e-17,2.22044604925031e-16
"p320",5,4,0.4,0.55,-1,0.15,0.375
"p320",4,3,0.4,0.45,-1,0.0499999999999999,0.125
"p320",3,3,0.55,0.4,0,-0.15,-0.272727272727273
"p320",3,3,0.25,0.3,0,0.05,0.2
"p320",3,3,0.4,0.65,0,0.25,0.625
"p320",3,3,0.25,0.25,0,5.55111512312578e-17,2.22044604925031e-16
"p320",4,3,0.25,0.2,-1,-0.05,-0.2
"p320",4,3,0.55,0.7,-1,0.15,0.272727272727273
"p320",4,4,0.4,0.4,0,-5.55111512312578e-17,-1.38777878078145e-16
"p320",3,3,0.55,0.45,0,-0.1,-0.181818181818182
"p320",3,3,0.4,0.4,0,-5.55111512312578e-17,-1.38777878078145e-16
"p320",5,4,0.55,0.4,-1,-0.15,-0.272727272727273
"p320",5,4,0.55,0.45,-1,-0.1,-0.181818181818182
"p320",3,3,0.55,0.5,0,-0.0500000000000001,-0.0909090909090911
"p320",3,3,0.55,0.7,0,0.15,0.272727272727273
"p320",5,4,0.25,0.3,-1,0.05,0.2
"p320",4,3,0.4,0.5,-1,0.1,0.25
"p320",5,4,0.4,0.35,-1,-0.05,-0.125
"p320",4,3,0.55,0.7,-1,0.15,0.272727272727273
"p320",5,3,0.55,0.8,-2,0.25,0.454545454545455
"p320",4,3,0.55,0.2,-1,-0.35,-0.636363636363636
"p320",3,3,0.4,0.45,0,0.0499999999999999,0.125
"p320",4,3,0.25,0.1,-1,-0.15,-0.6
"p320",5,4,0.25,0.25,-1,5.55111512312578e-17,2.22044604925031e-16
"p320",5,4,0.25,0.3,-1,0.05,0.2
"p320",3,3,0.55,0.45,0,-0.1,-0.181818181818182
"p320",3,3,0.25,0.25,0,5.55111512312578e-17,2.22044604925031e-16
"p320",3,3,0.25,0.3,0,0.05,0.2
"p320",5,3,0.4,0.6,-2,0.2,0.5
"p320",3,3,0.25,0.2,0,-0.05,-0.2
"p320",5,4,0.4,0.35,-1,-0.05,-0.125
"p320",3,2,0.25,0.35,-1,0.1,0.4
"p320",5,4,0.25,0.4,-1,0.15,0.6
"p320",5,4,0.25,0.25,-1,0,0
"p320",4,4,0.25,0.25,0,0,0
"p320",4,4,0.4,0.2,0,-0.2,-0.5
"p320",4,4,0.4,0.3,0,-0.1,-0.25
"p320",5,4,0.25,0.25,-1,0,0
"p320",3,3,0.25,0.4,0,0.15,0.6
"p320",4,4,0.4,0.5,0,0.1,0.25
"p320",5,5,0.55,0.35,0,-0.2,-0.363636363636364
"p320",4,4,0.25,0.3,0,0.05,0.2
"p320",3,3,0.4,0.5,0,0.1,0.25
"p320",3,3,0.25,0.2,0,-0.0499999999999999,-0.2
"p320",3,3,0.25,0.2,0,-0.05,-0.2
"p320",3,3,0.55,0.95,0,0.4,0.727272727272728
"p320",4,4,0.55,0.45,0,-0.1,-0.181818181818182
"p320",4,3,0.25,0.15,-1,-0.1,-0.4
"p320",3,2,0.4,0.45,-1,0.05,0.125
"p320",4,4,0.25,0.2,0,-0.05,-0.2
"p320",5,4,0.4,0.3,-1,-0.1,-0.25
"p320",4,4,0.4,0.35,0,-0.05,-0.125
"p320",4,3,0.55,0.65,-1,0.1,0.181818181818182
"p320",4,4,0.25,0.2,0,-0.0499999999999999,-0.2
"p320",5,4,0.4,0.45,-1,0.05,0.125
"p320",4,3,0.55,0.5,-1,-0.05,-0.090909090909091
"p320",5,4,0.55,0.5,-1,-0.05,-0.090909090909091
"p320",5,4,0.25,0.35,-1,0.1,0.4
"p320",4,4,0.25,0.3,0,0.05,0.2
"p320",3,3,0.4,0.4,0,0,0
"p320",3,3,0.55,0.65,0,0.1,0.181818181818182
"p320",5,3,0.4,0.4,-2,-5.55111512312578e-17,-1.38777878078145e-16
"p320",4,3,0.25,0.2,-1,-0.05,-0.2
"p320",3,3,0.25,0.2,0,-0.05,-0.2
"p320",5,4,0.55,0.45,-1,-0.1,-0.181818181818182
"p320",4,3,0.4,0.4,-1,-5.55111512312578e-17,-1.38777878078145e-16
"p320",4,3,0.4,0.5,-1,0.0999999999999999,0.25
"p320",4,3,0.25,0.15,-1,-0.1,-0.4
"p320",5,4,0.4,0.55,-1,0.15,0.375
"p320",3,3,0.25,0.25,0,0,0
"p320",3,2,0.55,0.45,-1,-0.1,-0.181818181818182
"p320",5,3,0.55,0.5,-2,-0.05,-0.090909090909091
"p320",3,3,0.55,0.45,0,-0.1,-0.181818181818182
"p320",3,3,0.25,0.15,0,-0.0999999999999999,-0.4
"p320",3,3,0.25,0.15,0,-0.0999999999999999,-0.4
"p320",3,3,0.4,0.5,0,0.0999999999999999,0.25
"p320",5,4,0.25,0.2,-1,-0.05,-0.2
"p320",3,3,0.55,0.55,0,-1.11022302462516e-16,-2.01858731750028e-16
"p320",4,3,0.4,0.5,-1,0.0999999999999999,0.25
"p320",4,3,0.25,0.15,-1,-0.0999999999999999,-0.4
"p320",4,3,0.55,0.45,-1,-0.1,-0.181818181818182
"p320",5,4,0.25,0.2,-1,-0.0499999999999999,-0.2
"p320",5,4,0.4,0.2,-1,-0.2,-0.5
"p320",3,3,0.4,0.55,0,0.15,0.375
"p320",3,2,0.4,0.55,-1,0.15,0.375
"p320",4,3,0.55,0.8,-1,0.25,0.454545454545455
"p320",3,3,0.55,0.5,0,-0.0500000000000001,-0.0909090909090911
"p320",5,4,0.4,0.35,-1,-0.05,-0.125
"p320",3,3,0.4,0.25,0,-0.15,-0.375
"p320",4,4,0.55,0.6,0,0.05,0.090909090909091
"p320",3,2,0.25,0.5,-1,0.25,1
"p320",4,3,0.25,0.3,-1,0.05,0.2
"p320",4,3,0.55,0.7,-1,0.15,0.272727272727273
"p320",5,4,0.25,0.2,-1,-0.05,-0.2
"p320",5,5,0.4,0.35,0,-0.05,-0.125
"p320",3,3,0.25,0.25,0,0,0
"p320",5,4,0.25,0.2,-1,-0.05,-0.2
"p320",4,4,0.4,0.55,0,0.15,0.375
"p320",5,5,0.25,0.4,0,0.15,0.6
"p320",4,3,0.25,0.3,-1,0.05,0.2
"p320",3,3,0.4,0.5,0,0.0999999999999999,0.25
"p320",5,4,0.55,0.55,-1,-1.11022302462516e-16,-2.01858731750028e-16
"p320",5,4,0.25,0.35,-1,0.1,0.4
"p320",4,3,0.25,0.35,-1,0.1,0.4
"p320",3,3,0.55,0.85,0,0.3,0.545454545454546
"p320",4,3,0.4,0.35,-1,-0.05,-0.125
"p320",4,4,0.25,0.3,0,0.05,0.2
"p320",5,4,0.55,0.45,-1,-0.1,-0.181818181818182
"p320",5,4,0.25,0.25,-1,5.55111512312578e-17,2.22044604925031e-16
"p320",3,3,0.55,0.95,0,0.4,0.727272727272728
"p320",3,3,0.25,0.25,0,5.55111512312578e-17,2.22044604925031e-16
"p320",5,4,0.55,0.6,-1,0.05,0.090909090909091
"p320",4,3,0.55,0.6,-1,0.05,0.090909090909091
"p320",5,4,0.25,0.2,-1,-0.05,-0.2
"p320",5,5,0.25,0.25,0,0,0
"p320",3,4,0.55,0.2,1,-0.35,-0.636363636363636
"p320",4,3,0.55,0.6,-1,0.05,0.090909090909091
"p320",3,3,0.25,0.25,0,5.55111512312578e-17,2.22044604925031e-16
"p320",5,3,0.55,0.65,-2,0.1,0.181818181818182
"p320",3,3,0.4,0.55,0,0.15,0.375
"p320",4,4,0.4,0.35,0,-0.05,-0.125
"p320",4,3,0.4,0.3,-1,-0.1,-0.25
"p320",4,3,0.55,0.4,-1,-0.15,-0.272727272727273
"p320",4,4,0.4,0.4,0,-5.55111512312578e-17,-1.38777878078145e-16
"p320",4,3,0.25,0.3,-1,0.05,0.2
"p320",5,4,0.4,0.3,-1,-0.1,-0.25
"p320",5,4,0.4,0.35,-1,-0.05,-0.125
"p320",4,4,0.25,0.25,0,0,0
"p320",5,4,0.55,0.5,-1,-0.05,-0.090909090909091
"p320",5,4,0.55,0.4,-1,-0.15,-0.272727272727273
"p320",5,4,0.25,0.35,-1,0.1,0.4
"p320",3,3,0.25,0.25,0,5.55111512312578e-17,2.22044604925031e-16
"p320",4,3,0.55,0.65,-1,0.1,0.181818181818182
"p320",4,4,0.4,0.45,0,0.05,0.125
"p320",5,4,0.4,0.3,-1,-0.1,-0.25
"p320",4,4,0.25,0.3,0,0.05,0.2
"p320",3,3,0.25,0.2,0,-0.05,-0.2
"p320",4,4,0.25,0.2,0,-0.05,-0.2
"p320",4,4,0.4,0.3,0,-0.1,-0.25
"p320",5,4,0.25,0.25,-1,5.55111512312578e-17,2.22044604925031e-16
"p320",3,3,0.55,0.45,0,-0.1,-0.181818181818182
"p320",3,3,0.4,0.6,0,0.2,0.5
"p320",3,4,0.55,0.55,1,-1.11022302462516e-16,-2.01858731750028e-16
"p320",5,3,0.25,0.2,-2,-0.0499999999999999,-0.2
"p320",3,3,0.55,0.55,0,0,0
"p320",3,3,0.25,0.3,0,0.05,0.2
"p320",4,4,0.55,0.65,0,0.1,0.181818181818182
"p320",4,3,0.55,0.65,-1,0.1,0.181818181818182
"p320",5,4,0.55,0.55,-1,-1.11022302462516e-16,-2.01858731750028e-16
"p320",3,3,0.55,0.7,0,0.15,0.272727272727273
"p320",3,3,0.4,0.4,0,0,0
"p320",3,3,0.25,0.25,0,0,0
"p320",3,3,0.25,0.2,0,-0.05,-0.2
"p320",4,3,0.25,0.2,-1,-0.05,-0.2
"p320",3,3,0.25,0.3,0,0.05,0.2
"p320",5,4,0.25,0.3,-1,0.05,0.2
"p320",3,3,0.4,0.35,0,-0.05,-0.125
"p320",5,4,0.4,0.35,-1,-0.05,-0.125
"p320",4,4,0.25,0.35,0,0.1,0.4
"p320",4,4,0.25,0.55,0,0.3,1.2
"p320",5,4,0.55,0.6,-1,0.05,0.090909090909091
"p320",5,4,0.4,0.4,-1,-5.55111512312578e-17,-1.38777878078145e-16
"p320",3,3,0.4,0.25,0,-0.15,-0.375
"p320",3,3,0.55,0.65,0,0.1,0.181818181818182
"p320",5,4,0.25,0.35,-1,0.1,0.4
"p320",5,4,0.25,0.3,-1,0.05,0.2
"p320",3,3,0.4,0.55,0,0.15,0.375
"p320",3,3,0.4,0.55,0,0.15,0.375
"p320",4,4,0.4,0.4,0,-5.55111512312578e-17,-1.38777878078145e-16
"p320",5,4,0.4,0.35,-1,-0.05,-0.125
"p320",4,3,0.25,0.2,-1,-0.0499999999999999,-0.2
"p320",3,3,0.4,0.55,0,0.15,0.375
"p320",3,3,0.25,0.15,0,-0.1,-0.4
"p320",4,3,0.4,0.45,-1,0.05,0.125
"p320",3,3,0.25,0.35,0,0.1,0.4
"p320",5,4,0.25,0.35,-1,0.1,0.4
"p320",3,2,0.55,0.55,-1,0,0
"p320",4,3,0.25,0.3,-1,0.05,0.2
"p320",5,4,0.25,0.35,-1,0.1,0.4
"p320",5,4,0.25,0.25,-1,0,0
"p320",3,3,0.4,0.5,0,0.0999999999999999,0.25
"p320",5,4,0.25,0.15,-1,-0.1,-0.4
"p320",5,4,0.25,0.2,-1,-0.05,-0.2
"p320",3,3,0.55,0.5,0,-0.0500000000000001,-0.0909090909090911
"p320",4,3,0.25,0.25,-1,5.55111512312578e-17,2.22044604925031e-16
"p320",5,4,0.4,0.45,-1,0.05,0.125
"p320",4,2,0.55,0.7,-2,0.15,0.272727272727273
"p320",5,4,0.25,0.4,-1,0.15,0.6
"p320",4,3,0.4,0.6,-1,0.2,0.5
"p320",5,4,0.55,0.65,-1,0.1,0.181818181818182
"p320",4,3,0.25,0.15,-1,-0.1,-0.4
"p320",3,3,0.4,0.45,0,0.0499999999999999,0.125
"p320",5,3,0.55,0.75,-2,0.2,0.363636363636364
"p320",3,3,0.55,0.45,0,-0.1,-0.181818181818182
"p320",3,2,0.25,0.2,-1,-0.05,-0.2
"p320",3,3,0.55,0.5,0,-0.05,-0.090909090909091
"p320",4,3,0.55,0.6,-1,0.05,0.090909090909091
"p320",3,2,0.25,0.2,-1,-0.05,-0.2
"p320",4,3,0.55,0.5,-1,-0.0500000000000001,-0.0909090909090911
"p320",4,3,0.25,0.35,-1,0.1,0.4
"p320",5,3,0.4,0.55,-2,0.15,0.375
"p320",3,3,0.25,0.3,0,0.05,0.2
"p320",3,3,0.25,0.2,0,-0.05,-0.2
"p320",4,3,0.25,0.3,-1,0.05,0.2
"p320",4,3,0.25,0.25,-1,5.55111512312578e-17,2.22044604925031e-16
"p320",5,4,0.4,0.25,-1,-0.15,-0.375
"p320",4,3,0.55,0.55,-1,-1.11022302462516e-16,-2.01858731750028e-16
"p320",5,4,0.4,0.5,-1,0.1,0.25
"p320",4,3,0.55,0.95,-1,0.4,0.727272727272728
"p320",4,4,0.4,0.45,0,0.0499999999999999,0.125
"p320",5,3,0.55,0.5,-2,-0.05,-0.090909090909091
"p320",3,2,0.55,0.6,-1,0.0499999999999999,0.0909090909090908
"p320",5,5,0.55,0.45,0,-0.1,-0.181818181818182
"p320",3,2,0.25,0.35,-1,0.1,0.4
"p320",5,5,0.55,0.45,0,-0.1,-0.181818181818182
"p320",3,3,0.55,0.5,0,-0.05,-0.090909090909091
"p320",4,3,0.4,0.35,-1,-0.05,-0.125
"p320",5,4,0.25,0.25,-1,5.55111512312578e-17,2.22044604925031e-16
"p320",3,2,0.25,0.25,-1,5.55111512312578e-17,2.22044604925031e-16
"p320",5,4,0.4,0.4,-1,0,0
"p320",5,3,0.25,0.2,-2,-0.0499999999999999,-0.2
"p320",4,3,0.25,0.45,-1,0.2,0.8
"p320",3,4,0.25,0.3,1,0.05,0.2
"p320",3,4,0.25,0.2,1,-0.0499999999999999,-0.2
"p320",4,4,0.25,0.3,0,0.05,0.2
"p320",5,4,0.55,0.3,-1,-0.25,-0.454545454545455
"p320",3,2,0.4,0.4,-1,0,0
"p320",4,3,0.55,0.55,-1,0,0
"p320",4,3,0.4,0.4,-1,0,0
"p320",3,3,0.55,0.4,0,-0.15,-0.272727272727273
"p320",5,4,0.25,0.3,-1,0.05,0.2
"p320",4,4,0.4,0.25,0,-0.15,-0.375
"p320",3,2,0.4,0.5,-1,0.1,0.25
"p320",3,3,0.55,0.6,0,0.05,0.090909090909091
"p320",4,3,0.25,0.35,-1,0.1,0.4
"p320",4,3,0.25,0.25,-1,5.55111512312578e-17,2.22044604925031e-16
"p320",5,4,0.25,0.2,-1,-0.0499999999999999,-0.2
"p320",3,3,0.55,0.45,0,-0.1,-0.181818181818182
"p320",5,4,0.4,0.4,-1,0,0
"p320",3,3,0.4,0.4,0,-5.55111512312578e-17,-1.38777878078145e-16
"p320",3,2,0.25,0.3,-1,0.05,0.2
"p320",5,3,0.4,0.55,-2,0.15,0.375
"p320",3,3,0.4,0.45,0,0.05,0.125
"p320",3,2,0.55,0.35,-1,-0.2,-0.363636363636364
"p320",5,4,0.4,0.45,-1,0.0499999999999999,0.125
"p320",5,4,0.25,0.35,-1,0.1,0.4
"p320",3,3,0.55,0.8,0,0.25,0.454545454545455
"p320",5,4,0.55,0.7,-1,0.15,0.272727272727273
"p320",4,3,0.55,0.6,-1,0.0499999999999999,0.0909090909090908
"p320",5,4,0.55,0.65,-1,0.1,0.181818181818182
"p320",3,3,0.25,0.15,0,-0.1,-0.4
"p320",4,4,0.55,0.4,0,-0.15,-0.272727272727273
"p320",3,3,0.55,0.4,0,-0.15,-0.272727272727273
"p320",4,4,0.4,0.5,0,0.1,0.25
"p320",4,4,0.25,0.2,0,-0.05,-0.2
"p320",5,4,0.55,0.45,-1,-0.1,-0.181818181818182
"p320",4,3,0.25,0.3,-1,0.05,0.2
"p320",5,4,0.55,0.5,-1,-0.05,-0.090909090909091
"p320",4,3,0.55,0.55,-1,0,0
"p320",5,4,0.4,0.5,-1,0.0999999999999999,0.25
"p320",4,3,0.55,0.65,-1,0.1,0.181818181818182
"p320",4,3,0.4,0.3,-1,-0.1,-0.25
"p320",4,3,0.25,0.2,-1,-0.05,-0.2
"p320",3,2,0.25,0.25,-1,0,0
"p320",3,2,0.25,0.45,-1,0.2,0.8
"p320",3,2,0.4,0.4,-1,0,0
"p320",4,3,0.4,0.3,-1,-0.1,-0.25
"p320",5,4,0.25,0.2,-1,-0.05,-0.2
"p320",5,5,0.25,0.25,0,0,0
"p320",4,4,0.55,0.5,0,-0.0500000000000001,-0.0909090909090911
"p320",4,3,0.55,0.6,-1,0.05,0.090909090909091
"p320",5,4,0.4,0.5,-1,0.1,0.25
"p320",3,3,0.55,0.55,0,-1.11022302462516e-16,-2.01858731750028e-16
"p320",5,4,0.25,0.15,-1,-0.1,-0.4
"p320",3,3,0.55,0.35,0,-0.2,-0.363636363636364
"p320",3,3,0.25,0.3,0,0.05,0.2
"p320",5,4,0.55,0.5,-1,-0.05,-0.090909090909091
"p320",4,3,0.55,0.6,-1,0.05,0.090909090909091
"p320",5,4,0.25,0.25,-1,5.55111512312578e-17,2.22044604925031e-16
"p320",4,4,0.25,0.3,0,0.05,0.2
"p320",4,3,0.25,0.25,-1,5.55111512312578e-17,2.22044604925031e-16
"p320",3,3,0.4,0.3,0,-0.1,-0.25
"p320",5,4,0.4,0.35,-1,-0.05,-0.125
"p320",4,4,0.4,0.3,0,-0.1,-0.25
"p320",4,4,0.25,0.35,0,0.1,0.4
"p320",3,3,0.4,0.45,0,0.0499999999999999,0.125
"p320",5,4,0.25,0.25,-1,5.55111512312578e-17,2.22044604925031e-16
"p320",3,3,0.25,0.25,0,5.55111512312578e-17,2.22044604925031e-16
"p320",5,4,0.4,0.4,-1,0,0
"p320",4,4,0.25,0.35,0,0.1,0.4
"p320",4,3,0.4,0.55,-1,0.15,0.375
"p320",5,3,0.55,0.7,-2,0.15,0.272727272727273
"p320",5,4,0.55,0.7,-1,0.15,0.272727272727273
"p320",3,3,0.4,0.5,0,0.1,0.25
"p320",5,4,0.4,0.4,-1,-5.55111512312578e-17,-1.38777878078145e-16
"p320",3,3,0.4,0.4,0,0,0
"p320",4,3,0.4,0.2,-1,-0.2,-0.5
"p320",3,3,0.55,0.55,0,-1.11022302462516e-16,-2.01858731750028e-16
"p320",5,4,0.25,0.3,-1,0.05,0.2
"p320",3,4,0.25,0.3,1,0.05,0.2
"p320",5,4,0.25,0.25,-1,5.55111512312578e-17,2.22044604925031e-16
"p320",3,2,0.25,0.25,-1,5.55111512312578e-17,2.22044604925031e-16
"p320",4,3,0.55,0.75,-1,0.2,0.363636363636364
"p320",3,2,0.4,0.55,-1,0.15,0.375
"p320",4,3,0.25,0.25,-1,0,0
"p320",3,2,0.55,0.7,-1,0.15,0.272727272727273
"p320",4,4,0.55,0.75,0,0.2,0.363636363636364
"p320",5,4,0.25,0.2,-1,-0.05,-0.2
"p320",3,3,0.25,0.25,0,5.55111512312578e-17,2.22044604925031e-16
"p320",3,3,0.55,0.55,0,0,0
"p320",3,3,0.25,0.3,0,0.05,0.2
"p320",4,3,0.4,0.65,-1,0.25,0.625
"p320",4,4,0.25,0.15,0,-0.0999999999999999,-0.4
"p320",5,4,0.25,0.15,-1,-0.1,-0.4
"p320",4,4,0.25,0.3,0,0.05,0.2
"p320",5,4,0.55,0.45,-1,-0.1,-0.181818181818182
"p320",4,3,0.4,0.45,-1,0.0499999999999999,0.125
"p320",3,3,0.25,0.15,0,-0.0999999999999999,-0.4
"p320",3,2,0.55,0.7,-1,0.15,0.272727272727273
"p320",5,4,0.4,0.35,-1,-0.05,-0.125
"p320",5,4,0.55,0.65,-1,0.1,0.181818181818182
"p320",3,2,0.55,0.6,-1,0.05,0.090909090909091
"p320",4,3,0.55,0.45,-1,-0.1,-0.181818181818182
"p320",5,4,0.55,0.55,-1,0,0
"p320",4,3,0.4,0.4,-1,0,0
"p320",4,3,0.4,0.4,-1,0,0
"p320",4,3,0.25,0.35,-1,0.1,0.4
"p320",4,3,0.55,0.35,-1,-0.2,-0.363636363636364
"p320",5,4,0.25,0.25,-1,5.55111512312578e-17,2.22044604925031e-16
"p320",4,3,0.55,0.55,-1,0,0
"p320",3,3,0.55,0.4,0,-0.15,-0.272727272727273
"p320",3,3,0.4,0.4,0,0,0
"p320",3,3,0.4,0.4,0,0,0
"p320",5,4,0.4,0.45,-1,0.05,0.125
"p320",5,4,0.25,0.25,-1,5.55111512312578e-17,2.22044604925031e-16
"p320",5,4,0.4,0.6,-1,0.2,0.5
"p320",3,3,0.55,0.35,0,-0.2,-0.363636363636364
"p320",5,4,0.55,0.45,-1,-0.1,-0.181818181818182
"p320",5,4,0.4,0.5,-1,0.1,0.25
"p320",4,3,0.4,0.3,-1,-0.1,-0.25
"p320",3,2,0.25,0.35,-1,0.1,0.4
"p320",3,2,0.4,0.4,-1,0,0
"p320",5,4,0.25,0.35,-1,0.1,0.4
"p320",5,5,0.4,0.35,0,-0.05,-0.125
"p320",3,2,0.25,0.2,-1,-0.05,-0.2
"p320",3,2,0.4,0.4,-1,-5.55111512312578e-17,-1.38777878078145e-16
"p320",4,3,0.4,0.4,-1,-5.55111512312578e-17,-1.38777878078145e-16
"p320",3,3,0.25,0.25,0,5.55111512312578e-17,2.22044604925031e-16
"p320",5,4,0.55,0.4,-1,-0.15,-0.272727272727273
"p320",5,4,0.25,0.15,-1,-0.0999999999999999,-0.4
"p320",3,2,0.25,0.3,-1,0.05,0.2
"p320",4,3,0.25,0.4,-1,0.15,0.6
"p320",5,5,0.4,0.25,0,-0.15,-0.375
"p320",3,3,0.55,0.6,0,0.0499999999999999,0.0909090909090908
"p320",4,4,0.25,0.2,0,-0.05,-0.2
"p320",5,4,0.25,0.3,-1,0.05,0.2
"p320",4,3,0.55,0.7,-1,0.15,0.272727272727273
"p320",3,3,0.25,0.15,0,-0.0999999999999999,-0.4
"p320",4,4,0.25,0.2,0,-0.0499999999999999,-0.2
"p320",3,3,0.55,0.55,0,0,0
"p320",5,4,0.25,0.25,-1,5.55111512312578e-17,2.22044604925031e-16
"p320",4,4,0.25,0.3,0,0.05,0.2
"p320",4,4,0.55,0.6,0,0.05,0.090909090909091
"p320",4,3,0.25,0.15,-1,-0.0999999999999999,-0.4
"p320",3,3,0.25,0.2,0,-0.0499999999999999,-0.2
"p320",5,4,0.55,0.6,-1,0.0499999999999999,0.0909090909090908
"p320",3,3,0.4,0.5,0,0.1,0.25
"p320",3,3,0.25,0.3,0,0.05,0.2
"p320",5,4,0.55,0.6,-1,0.05,0.090909090909091
"p320",4,3,0.4,0.6,-1,0.2,0.5
"p320",3,2,0.55,0.5,-1,-0.05,-0.090909090909091
"p320",5,4,0.25,0.3,-1,0.05,0.2
"p320",4,3,0.25,0.35,-1,0.1,0.4
"p320",5,4,0.55,0.6,-1,0.05,0.090909090909091
"p320",4,3,0.25,0.3,-1,0.05,0.2
"p320",3,3,0.25,0.25,0,5.55111512312578e-17,2.22044604925031e-16
"p320",4,4,0.4,0.4,0,0,0
"p320",4,3,0.25,0.25,-1,0,0
"p320",5,4,0.55,0.5,-1,-0.0500000000000001,-0.0909090909090911
"p320",5,4,0.25,0.3,-1,0.05,0.2
"p320",3,2,0.25,0.3,-1,0.05,0.2
"p320",4,3,0.25,0.3,-1,0.05,0.2
"p320",4,3,0.25,0.25,-1,5.55111512312578e-17,2.22044604925031e-16
"p320",4,4,0.25,0.25,0,0,0
"p320",5,4,0.25,0.2,-1,-0.05,-0.2
"p320",3,3,0.55,0.5,0,-0.05,-0.090909090909091
"p320",4,3,0.25,0.2,-1,-0.0499999999999999,-0.2
"p320",5,4,0.25,0.2,-1,-0.05,-0.2
"p320",5,4,0.4,0.4,-1,0,0
"p320",3,3,0.55,0.65,0,0.1,0.181818181818182
"p320",5,4,0.4,0.4,-1,0,0
"p320",4,3,0.4,0.5,-1,0.0999999999999999,0.25
"p320",4,3,0.55,0.5,-1,-0.0500000000000001,-0.0909090909090911
"p320",3,2,0.25,0.35,-1,0.1,0.4
"p320",4,3,0.55,0.5,-1,-0.0500000000000001,-0.0909090909090911
"p320",3,3,0.55,0.5,0,-0.0500000000000001,-0.0909090909090911
"p320",3,2,0.4,0.35,-1,-0.05,-0.125
"p320",4,3,0.4,0.35,-1,-0.05,-0.125
"p320",3,2,0.4,0.6,-1,0.2,0.5
"p320",4,3,0.4,0.4,-1,-5.55111512312578e-17,-1.38777878078145e-16
"p320",3,3,0.55,0.6,0,0.0499999999999999,0.0909090909090908
"p320",3,2,0.25,0.25,-1,5.55111512312578e-17,2.22044604925031e-16
"p320",5,4,0.4,0.4,-1,-5.55111512312578e-17,-1.38777878078145e-16
"p320",3,2,0.25,0.25,-1,0,0
"p320",4,4,0.55,0.35,0,-0.2,-0.363636363636364
"p320",5,4,0.25,0.15,-1,-0.0999999999999999,-0.4
"p320",3,3,0.4,0.6,0,0.2,0.5
"p320",5,4,0.25,0.2,-1,-0.0499999999999999,-0.2
"p320",5,3,0.55,0.45,-2,-0.1,-0.181818181818182
"p320",5,4,0.25,0.2,-1,-0.0499999999999999,-0.2
"p320",3,3,0.25,0.15,0,-0.1,-0.4
"p320",3,3,0.4,0.5,0,0.0999999999999999,0.25
"p320",5,5,0.55,0.4,0,-0.15,-0.272727272727273
"p320",3,3,0.25,0.4,0,0.15,0.6
"p320",4,3,0.55,0.45,-1,-0.1,-0.181818181818182
"p320",5,4,0.4,0.45,-1,0.05,0.125
"p320",4,4,0.55,0.4,0,-0.15,-0.272727272727273
"p320",3,3,0.55,0.5,0,-0.05,-0.090909090909091
"p320",3,4,0.55,0.4,1,-0.15,-0.272727272727273
"p320",5,3,0.25,0.3,-2,0.05,0.2
"p320",4,3,0.25,0.15,-1,-0.1,-0.4
"p320",5,4,0.4,0.3,-1,-0.1,-0.25
"p320",5,4,0.55,0.45,-1,-0.1,-0.181818181818182
"p320",3,3,0.4,0.35,0,-0.05,-0.125
"p320",4,3,0.4,0.45,-1,0.05,0.125
"p320",4,3,0.4,0.3,-1,-0.1,-0.25
"p320",3,3,0.55,0.55,0,0,0
"p320",5,4,0.4,0.5,-1,0.1,0.25
"p320",5,4,0.25,0.2,-1,-0.05,-0.2
"p320",5,4,0.55,0.55,-1,-1.11022302462516e-16,-2.01858731750028e-16
"p320",4,5,0.4,0.3,1,-0.1,-0.25
"p320",3,4,0.25,0.25,1,5.55111512312578e-17,2.22044604925031e-16
"p320",3,3,0.25,0.25,0,0,0
"p320",4,3,0.25,0.3,-1,0.05,0.2
"p320",4,3,0.25,0.2,-1,-0.05,-0.2
"p320",5,4,0.25,0.2,-1,-0.05,-0.2
"p320",3,2,0.25,0.45,-1,0.2,0.8
"p320",5,4,0.4,0.45,-1,0.05,0.125
"p320",5,4,0.55,0.6,-1,0.05,0.090909090909091
"p320",3,3,0.4,0.5,0,0.1,0.25
"p320",3,3,0.25,0.2,0,-0.0499999999999999,-0.2
"p320",3,3,0.25,0.4,0,0.15,0.6
"p320",4,3,0.25,0.1,-1,-0.15,-0.6
"p320",3,3,0.4,0.6,0,0.2,0.5
"p320",4,4,0.25,0.3,0,0.05,0.2
"p320",4,3,0.55,0.6,-1,0.0499999999999999,0.0909090909090908
"p320",5,4,0.25,0.2,-1,-0.0499999999999999,-0.2
"p320",3,2,0.25,0.35,-1,0.1,0.4
"p320",4,3,0.25,0.3,-1,0.05,0.2
"p320",3,2,0.4,0.45,-1,0.05,0.125
"p320",4,4,0.25,0.3,0,0.05,0.2
"p320",5,4,0.25,0.15,-1,-0.1,-0.4
"p320",5,4,0.4,0.3,-1,-0.1,-0.25
"p320",4,3,0.4,0.3,-1,-0.1,-0.25
"p320",4,4,0.25,0.2,0,-0.0499999999999999,-0.2
"p320",3,3,0.4,0.35,0,-0.05,-0.125
"p320",5,4,0.25,0.2,-1,-0.0499999999999999,-0.2
"p320",3,3,0.25,0.3,0,0.05,0.2
"p320",5,4,0.55,0.7,-1,0.15,0.272727272727273
"p320",5,4,0.25,0.2,-1,-0.0499999999999999,-0.2
"p320",4,3,0.55,0.65,-1,0.1,0.181818181818182
"p320",4,3,0.55,0.65,-1,0.1,0.181818181818182
"p320",3,2,0.55,0.7,-1,0.15,0.272727272727273
"p320",3,2,0.55,0.7,-1,0.15,0.272727272727273
"p320",3,2,0.55,0.55,-1,0,0
"p320",5,5,0.25,0.25,0,0,0
"p320",4,3,0.55,0.65,-1,0.1,0.181818181818182
"p320",4,4,0.4,0.4,0,-5.55111512312578e-17,-1.38777878078145e-16
"p320",5,4,0.55,0.55,-1,-1.11022302462516e-16,-2.01858731750028e-16
"p320",5,4,0.4,0.5,-1,0.1,0.25
"p320",3,3,0.55,0.5,0,-0.0500000000000001,-0.0909090909090911
"p320",5,4,0.4,0.45,-1,0.0499999999999999,0.125
"p320",4,4,0.55,0.4,0,-0.15,-0.272727272727273
"p320",5,4,0.55,0.6,-1,0.05,0.090909090909091
"p320",3,3,0.55,0.65,0,0.1,0.181818181818182
"p320",4,3,0.4,0.4,-1,0,0
"p320",3,3,0.4,0.35,0,-0.05,-0.125
"p321",4,3,0.4,0.55,-1,0.15,0.375
"p321",5,4,0.25,0.2,-1,-0.0499999999999999,-0.2
"p321",4,4,0.4,0.45,0,0.0499999999999999,0.125
"p321",3,3,0.4,0.4,0,-5.55111512312578e-17,-1.38777878078145e-16
"p321",5,6,0.25,0.3,1,0.05,0.2
"p321",4,3,0.4,0.55,-1,0.15,0.375
"p321",4,4,0.55,0.55,0,-1.11022302462516e-16,-2.01858731750028e-16
"p321",3,3,0.25,0.25,0,5.55111512312578e-17,2.22044604925031e-16
"p321",3,3,0.25,0.25,0,0,0
"p321",4,4,0.55,0.55,0,-1.11022302462516e-16,-2.01858731750028e-16
"p321",4,4,0.25,0.35,0,0.1,0.4
"p321",4,4,0.4,0.35,0,-0.05,-0.125
"p321",4,4,0.25,0.35,0,0.1,0.4
"p321",5,5,0.4,0.45,0,0.0499999999999999,0.125
"p321",5,5,0.25,0.25,0,0,0
"p321",5,5,0.55,0.45,0,-0.1,-0.181818181818182
"p321",5,5,0.25,0.25,0,0,0
"p321",3,3,0.55,0.45,0,-0.1,-0.181818181818182
"p321",3,3,0.25,0.25,0,5.55111512312578e-17,2.22044604925031e-16
"p321",3,3,0.55,0.5,0,-0.0500000000000001,-0.0909090909090911
"p321",5,5,0.4,0.4,0,0,0
"p321",4,4,0.25,0.35,0,0.1,0.4
"p321",5,4,0.55,0.5,-1,-0.05,-0.090909090909091
"p321",3,3,0.25,0.35,0,0.1,0.4
"p321",4,3,0.55,0.75,-1,0.2,0.363636363636364
"p321",3,3,0.25,0.3,0,0.05,0.2
"p321",3,4,0.4,0.35,1,-0.05,-0.125
"p321",4,4,0.4,0.45,0,0.0499999999999999,0.125
"p321",5,4,0.55,0.55,-1,0,0
"p321",4,4,0.25,0.25,0,0,0
"p321",5,4,0.25,0.3,-1,0.05,0.2
"p321",5,5,0.25,0.25,0,0,0
"p321",5,5,0.4,0.45,0,0.0499999999999999,0.125
"p321",3,3,0.4,0.4,0,-5.55111512312578e-17,-1.38777878078145e-16
"p321",3,3,0.55,0.6,0,0.05,0.090909090909091
"p321",3,3,0.25,0.35,0,0.1,0.4
"p321",3,3,0.4,0.4,0,0,0
"p321",5,5,0.55,0.5,0,-0.05,-0.090909090909091
"p321",3,3,0.55,0.45,0,-0.1,-0.181818181818182
"p321",3,3,0.55,0.55,0,0,0
"p321",3,3,0.55,0.55,0,0,0
"p321",5,4,0.4,0.45,-1,0.0499999999999999,0.125
"p321",3,3,0.25,0.35,0,0.1,0.4
"p321",5,4,0.4,0.4,-1,-5.55111512312578e-17,-1.38777878078145e-16
"p321",4,4,0.55,0.5,0,-0.05,-0.090909090909091
"p321",5,4,0.55,0.5,-1,-0.05,-0.090909090909091
"p321",4,4,0.25,0.35,0,0.1,0.4
"p321",4,4,0.25,0.3,0,0.05,0.2
"p321",3,3,0.4,0.5,0,0.1,0.25
"p321",5,4,0.25,0.3,-1,0.05,0.2
"p321",4,3,0.25,0.3,-1,0.05,0.2
"p321",4,4,0.55,0.55,0,-1.11022302462516e-16,-2.01858731750028e-16
"p321",3,3,0.55,0.4,0,-0.15,-0.272727272727273
"p321",4,5,0.25,0.25,1,0,0
"p321",5,4,0.4,0.45,-1,0.05,0.125
"p321",5,5,0.55,0.5,0,-0.0500000000000001,-0.0909090909090911
"p321",4,4,0.4,0.3,0,-0.1,-0.25
"p321",4,4,0.55,0.5,0,-0.05,-0.090909090909091
"p321",5,5,0.25,0.25,0,0,0
"p321",5,6,0.55,0.55,1,0,0
"p321",3,4,0.25,0.3,1,0.05,0.2
"p321",4,4,0.25,0.2,0,-0.05,-0.2
"p321",4,4,0.55,0.55,0,-1.11022302462516e-16,-2.01858731750028e-16
"p321",5,4,0.4,0.55,-1,0.15,0.375
"p321",5,5,0.25,0.35,0,0.1,0.4
"p321",3,3,0.55,0.4,0,-0.15,-0.272727272727273
"p321",3,3,0.55,0.5,0,-0.0500000000000001,-0.0909090909090911
"p321",5,5,0.4,0.5,0,0.1,0.25
"p321",4,4,0.55,0.5,0,-0.05,-0.090909090909091
"p321",3,3,0.4,0.35,0,-0.05,-0.125
"p321",5,4,0.25,0.35,-1,0.1,0.4
"p321",3,3,0.55,0.5,0,-0.0500000000000001,-0.0909090909090911
"p321",3,3,0.4,0.45,0,0.05,0.125
"p321",4,4,0.25,0.4,0,0.15,0.6
"p321",3,3,0.4,0.35,0,-0.05,-0.125
"p321",4,4,0.55,0.55,0,0,0
"p321",3,2,0.4,0.45,-1,0.0499999999999999,0.125
"p321",5,5,0.55,0.5,0,-0.0500000000000001,-0.0909090909090911
"p321",3,2,0.4,0.55,-1,0.15,0.375
"p321",4,4,0.4,0.4,0,-5.55111512312578e-17,-1.38777878078145e-16
"p321",3,3,0.55,0.5,0,-0.0500000000000001,-0.0909090909090911
"p321",4,4,0.4,0.2,0,-0.2,-0.5
"p321",4,4,0.55,0.45,0,-0.1,-0.181818181818182
"p321",3,3,0.25,0.3,0,0.05,0.2
"p321",3,3,0.55,0.5,0,-0.0500000000000001,-0.0909090909090911
"p321",4,4,0.25,0.25,0,5.55111512312578e-17,2.22044604925031e-16
"p321",4,4,0.25,0.2,0,-0.05,-0.2
"p321",3,3,0.25,0.2,0,-0.0499999999999999,-0.2
"p321",4,4,0.25,0.3,0,0.05,0.2
"p321",4,4,0.25,0.25,0,5.55111512312578e-17,2.22044604925031e-16
"p321",4,4,0.4,0.45,0,0.0499999999999999,0.125
"p321",5,5,0.25,0.3,0,0.05,0.2
"p321",5,5,0.55,0.55,0,0,0
"p321",3,3,0.25,0.25,0,0,0
"p321",3,3,0.25,0.25,0,5.55111512312578e-17,2.22044604925031e-16
"p321",5,4,0.25,0.3,-1,0.05,0.2
"p321",3,3,0.25,0.2,0,-0.05,-0.2
"p321",4,4,0.4,0.4,0,0,0
"p321",5,4,0.25,0.25,-1,5.55111512312578e-17,2.22044604925031e-16
"p321",5,5,0.25,0.2,0,-0.05,-0.2
"p321",5,5,0.4,0.4,0,-5.55111512312578e-17,-1.38777878078145e-16
"p321",5,5,0.55,0.4,0,-0.15,-0.272727272727273
"p321",3,3,0.25,0.25,0,5.55111512312578e-17,2.22044604925031e-16
"p321",5,5,0.4,0.5,0,0.1,0.25
"p321",5,5,0.25,0.25,0,5.55111512312578e-17,2.22044604925031e-16
"p321",4,4,0.25,0.2,0,-0.05,-0.2
"p321",4,3,0.4,0.35,-1,-0.05,-0.125
"p321",3,3,0.4,0.5,0,0.0999999999999999,0.25
"p321",3,3,0.25,0.2,0,-0.05,-0.2
"p321",5,5,0.4,0.35,0,-0.05,-0.125
"p321",3,2,0.25,0.3,-1,0.05,0.2
"p321",3,3,0.4,0.45,0,0.0499999999999999,0.125
"p321",5,4,0.55,0.4,-1,-0.15,-0.272727272727273
"p321",4,4,0.55,0.55,0,0,0
"p321",5,4,0.4,0.5,-1,0.1,0.25
"p321",3,3,0.55,0.7,0,0.15,0.272727272727273
"p321",5,4,0.55,0.5,-1,-0.0500000000000001,-0.0909090909090911
"p321",4,3,0.55,0.65,-1,0.1,0.181818181818182
"p321",5,5,0.4,0.5,0,0.1,0.25
"p321",4,3,0.4,0.55,-1,0.15,0.375
"p321",4,4,0.25,0.25,0,0,0
"p321",3,3,0.4,0.3,0,-0.1,-0.25
"p321",4,3,0.25,0.3,-1,0.05,0.2
"p321",4,4,0.25,0.25,0,0,0
"p321",4,4,0.55,0.4,0,-0.15,-0.272727272727273
"p321",5,5,0.25,0.35,0,0.1,0.4
"p321",4,4,0.25,0.2,0,-0.05,-0.2
"p321",4,4,0.25,0.2,0,-0.0499999999999999,-0.2
"p321",3,3,0.25,0.25,0,5.55111512312578e-17,2.22044604925031e-16
"p321",3,3,0.25,0.2,0,-0.05,-0.2
"p321",4,4,0.4,0.4,0,0,0
"p321",5,5,0.25,0.35,0,0.1,0.4
"p321",4,4,0.55,0.55,0,-1.11022302462516e-16,-2.01858731750028e-16
"p321",3,3,0.55,0.55,0,-1.11022302462516e-16,-2.01858731750028e-16
"p321",3,3,0.55,0.6,0,0.05,0.090909090909091
"p321",3,3,0.25,0.35,0,0.1,0.4
"p321",3,3,0.55,0.6,0,0.05,0.090909090909091
"p321",5,4,0.55,0.6,-1,0.0499999999999999,0.0909090909090908
"p321",5,4,0.4,0.5,-1,0.0999999999999999,0.25
"p321",5,5,0.55,0.55,0,0,0
"p321",4,4,0.25,0.3,0,0.05,0.2
"p321",4,4,0.55,0.55,0,0,0
"p321",5,5,0.25,0.25,0,5.55111512312578e-17,2.22044604925031e-16
"p321",3,3,0.4,0.55,0,0.15,0.375
"p321",3,3,0.25,0.25,0,5.55111512312578e-17,2.22044604925031e-16
"p321",3,3,0.55,0.55,0,-1.11022302462516e-16,-2.01858731750028e-16
"p321",3,3,0.4,0.4,0,0,0
"p321",3,3,0.25,0.2,0,-0.05,-0.2
"p321",4,4,0.4,0.4,0,0,0
"p321",3,3,0.55,0.55,0,0,0
"p321",4,3,0.4,0.45,-1,0.0499999999999999,0.125
"p321",5,5,0.55,0.5,0,-0.05,-0.090909090909091
"p321",5,5,0.25,0.2,0,-0.0499999999999999,-0.2
"p321",5,5,0.25,0.35,0,0.1,0.4
"p321",5,6,0.25,0.2,1,-0.0499999999999999,-0.2
"p321",5,5,0.4,0.35,0,-0.05,-0.125
"p321",5,5,0.55,0.55,0,0,0
"p321",5,5,0.4,0.35,0,-0.05,-0.125
"p321",5,5,0.25,0.3,0,0.05,0.2
"p321",3,3,0.55,0.45,0,-0.1,-0.181818181818182
"p321",3,3,0.25,0.2,0,-0.05,-0.2
"p321",5,5,0.25,0.25,0,0,0
"p321",5,5,0.25,0.2,0,-0.05,-0.2
"p321",5,5,0.25,0.25,0,5.55111512312578e-17,2.22044604925031e-16
"p321",5,5,0.4,0.45,0,0.05,0.125
"p321",3,3,0.55,0.5,0,-0.0500000000000001,-0.0909090909090911
"p321",5,5,0.4,0.35,0,-0.05,-0.125
"p321",3,3,0.55,0.45,0,-0.1,-0.181818181818182
"p321",4,3,0.4,0.45,-1,0.0499999999999999,0.125
"p321",3,3,0.25,0.2,0,-0.05,-0.2
"p321",4,4,0.25,0.3,0,0.05,0.2
"p321",4,3,0.55,0.55,-1,0,0
"p321",3,3,0.25,0.2,0,-0.05,-0.2
"p321",4,4,0.4,0.4,0,-5.55111512312578e-17,-1.38777878078145e-16
"p321",5,4,0.25,0.3,-1,0.05,0.2
"p321",3,3,0.4,0.55,0,0.15,0.375
"p321",5,3,0.4,0.4,-2,0,0
"p321",5,5,0.55,0.45,0,-0.1,-0.181818181818182
"p321",4,4,0.55,0.55,0,0,0
"p321",3,3,0.4,0.55,0,0.15,0.375
"p321",4,4,0.25,0.35,0,0.1,0.4
"p321",4,4,0.25,0.2,0,-0.05,-0.2
"p321",5,4,0.55,0.2,-1,-0.35,-0.636363636363636
"p321",4,3,0.4,0.55,-1,0.15,0.375
"p321",3,3,0.25,0.2,0,-0.05,-0.2
"p321",4,4,0.4,0.4,0,0,0
"p321",3,3,0.4,0.45,0,0.05,0.125
"p321",3,3,0.55,0.55,0,0,0
"p321",4,4,0.25,0.2,0,-0.05,-0.2
"p321",3,3,0.25,0.15,0,-0.1,-0.4
"p321",3,3,0.25,0.2,0,-0.0499999999999999,-0.2
"p321",3,3,0.55,0.6,0,0.05,0.090909090909091
"p321",5,4,0.25,0.2,-1,-0.05,-0.2
"p321",4,4,0.25,0.25,0,5.55111512312578e-17,2.22044604925031e-16
"p321",3,3,0.4,0.4,0,0,0
"p321",4,4,0.25,0.3,0,0.05,0.2
"p321",4,4,0.4,0.45,0,0.0499999999999999,0.125
"p321",4,4,0.55,0.5,0,-0.05,-0.090909090909091
"p321",4,4,0.55,0.35,0,-0.2,-0.363636363636364
"p321",5,5,0.4,0.4,0,-5.55111512312578e-17,-1.38777878078145e-16
"p321",5,5,0.55,0.5,0,-0.05,-0.090909090909091
"p321",5,6,0.55,0.2,1,-0.35,-0.636363636363636
"p321",4,4,0.55,0.35,0,-0.2,-0.363636363636364
"p321",4,4,0.25,0.3,0,0.05,0.2
"p321",3,3,0.25,0.2,0,-0.0499999999999999,-0.2
"p321",3,3,0.4,0.45,0,0.0499999999999999,0.125
"p321",5,5,0.25,0.3,0,0.05,0.2
"p321",3,3,0.55,0.6,0,0.0499999999999999,0.0909090909090908
"p321",5,4,0.55,0.55,-1,0,0
"p321",4,3,0.4,0.5,-1,0.1,0.25
"p321",4,3,0.55,0.5,-1,-0.05,-0.090909090909091
"p321",4,4,0.55,0.6,0,0.05,0.090909090909091
"p321",5,6,0.25,0.25,1,5.55111512312578e-17,2.22044604925031e-16
"p321",3,3,0.25,0.3,0,0.05,0.2
"p321",5,4,0.55,0.6,-1,0.05,0.090909090909091
"p321",5,5,0.25,0.25,0,0,0
"p321",3,3,0.55,0.5,0,-0.0500000000000001,-0.0909090909090911
"p321",3,3,0.55,0.55,0,0,0
"p321",3,3,0.25,0.3,0,0.05,0.2
"p321",4,4,0.25,0.25,0,0,0
"p321",3,3,0.4,0.35,0,-0.05,-0.125
"p321",5,6,0.4,0.4,1,0,0
"p321",3,3,0.55,0.55,0,0,0
"p321",3,3,0.4,0.5,0,0.1,0.25
"p321",5,5,0.25,0.3,0,0.05,0.2
"p321",5,5,0.4,0.45,0,0.0499999999999999,0.125
"p321",4,4,0.4,0.4,0,-5.55111512312578e-17,-1.38777878078145e-16
"p321",4,3,0.4,0.45,-1,0.0499999999999999,0.125
"p321",5,4,0.4,0.4,-1,-5.55111512312578e-17,-1.38777878078145e-16
"p321",5,5,0.25,0.25,0,0,0
"p321",4,4,0.55,0.45,0,-0.1,-0.181818181818182
"p321",3,3,0.25,0.25,0,0,0
"p321",3,3,0.25,0.2,0,-0.05,-0.2
"p321",5,5,0.4,0.45,0,0.05,0.125
"p321",3,3,0.4,0.35,0,-0.05,-0.125
"p321",5,5,0.55,0.45,0,-0.1,-0.181818181818182
"p321",4,4,0.25,0.3,0,0.05,0.2
"p321",3,3,0.4,0.35,0,-0.05,-0.125
"p321",5,5,0.25,0.3,0,0.05,0.2
"p321",4,4,0.4,0.35,0,-0.05,-0.125
"p321",4,4,0.25,0.2,0,-0.05,-0.2
"p321",4,4,0.25,0.25,0,5.55111512312578e-17,2.22044604925031e-16
"p321",5,5,0.4,0.35,0,-0.05,-0.125
"p321",4,4,0.25,0.2,0,-0.05,-0.2
"p321",3,3,0.4,0.35,0,-0.05,-0.125
"p321",4,4,0.25,0.35,0,0.1,0.4
"p321",4,4,0.4,0.35,0,-0.05,-0.125
"p321",4,3,0.55,0.35,-1,-0.2,-0.363636363636364
"p321",3,3,0.25,0.25,0,0,0
"p321",4,4,0.55,0.45,0,-0.1,-0.181818181818182
"p321",3,3,0.55,0.45,0,-0.1,-0.181818181818182
"p321",4,3,0.25,0.5,-1,0.25,1
"p321",3,3,0.25,0.3,0,0.05,0.2
"p321",5,5,0.55,0.5,0,-0.05,-0.090909090909091
"p321",5,5,0.25,0.3,0,0.05,0.2
"p321",3,3,0.55,0.4,0,-0.15,-0.272727272727273
"p321",3,3,0.25,0.25,0,0,0
"p321",5,5,0.25,0.25,0,0,0
"p321",5,5,0.55,0.5,0,-0.05,-0.090909090909091
"p321",3,3,0.55,0.4,0,-0.15,-0.272727272727273
"p321",3,3,0.25,0.3,0,0.05,0.2
"p321",4,3,0.25,0.25,-1,5.55111512312578e-17,2.22044604925031e-16
"p321",3,3,0.55,0.5,0,-0.05,-0.090909090909091
"p321",5,5,0.4,0.5,0,0.0999999999999999,0.25
"p321",4,4,0.4,0.55,0,0.15,0.375
"p321",3,3,0.25,0.2,0,-0.05,-0.2
"p321",3,3,0.25,0.3,0,0.05,0.2
"p321",3,3,0.25,0.25,0,5.55111512312578e-17,2.22044604925031e-16
"p321",5,5,0.4,0.2,0,-0.2,-0.5
"p321",4,3,0.55,0.6,-1,0.05,0.090909090909091
"p321",3,3,0.4,0.5,0,0.1,0.25
"p321",4,3,0.25,0.25,-1,0,0
"p321",5,5,0.4,0.35,0,-0.05,-0.125
"p321",3,3,0.55,0.4,0,-0.15,-0.272727272727273
"p321",4,5,0.25,0.25,1,5.55111512312578e-17,2.22044604925031e-16
"p321",4,4,0.25,0.3,0,0.05,0.2
"p321",5,4,0.25,0.35,-1,0.1,0.4
"p321",4,3,0.4,0.45,-1,0.0499999999999999,0.125
"p321",4,4,0.55,0.5,0,-0.05,-0.090909090909091
"p321",5,5,0.55,0.5,0,-0.0500000000000001,-0.0909090909090911
"p321",5,5,0.25,0.3,0,0.05,0.2
"p321",5,5,0.55,0.45,0,-0.1,-0.181818181818182
"p321",3,3,0.25,0.3,0,0.05,0.2
"p321",3,3,0.55,0.5,0,-0.05,-0.090909090909091
"p321",5,5,0.25,0.3,0,0.05,0.2
"p321",3,3,0.4,0.4,0,-5.55111512312578e-17,-1.38777878078145e-16
"p321",3,3,0.55,0.6,0,0.05,0.090909090909091
"p321",4,3,0.25,0.4,-1,0.15,0.6
"p321",4,3,0.55,0.55,-1,-1.11022302462516e-16,-2.01858731750028e-16
"p321",5,5,0.25,0.2,0,-0.0499999999999999,-0.2
"p321",4,4,0.4,0.45,0,0.0499999999999999,0.125
"p321",5,5,0.25,0.25,0,5.55111512312578e-17,2.22044604925031e-16
"p321",3,3,0.4,0.4,0,0,0
"p321",3,3,0.55,0.5,0,-0.0500000000000001,-0.0909090909090911
"p321",4,4,0.55,0.45,0,-0.1,-0.181818181818182
"p321",5,4,0.4,0.35,-1,-0.05,-0.125
"p321",5,4,0.55,0.5,-1,-0.05,-0.090909090909091
"p321",3,3,0.4,0.4,0,-5.55111512312578e-17,-1.38777878078145e-16
"p321",5,5,0.55,0.5,0,-0.05,-0.090909090909091
"p321",3,3,0.4,0.4,0,0,0
"p321",4,4,0.25,0.35,0,0.1,0.4
"p321",5,4,0.25,0.35,-1,0.1,0.4
"p321",4,4,0.55,0.55,0,0,0
"p321",5,4,0.55,0.55,-1,0,0
"p321",3,3,0.25,0.3,0,0.05,0.2
"p321",3,3,0.55,0.5,0,-0.05,-0.090909090909091
"p321",5,5,0.25,0.25,0,0,0
"p321",5,5,0.4,0.35,0,-0.05,-0.125
"p321",4,4,0.4,0.45,0,0.05,0.125
"p321",4,4,0.4,0.35,0,-0.05,-0.125
"p321",4,4,0.25,0.3,0,0.05,0.2
"p321",3,3,0.25,0.25,0,0,0
"p321",5,5,0.25,0.35,0,0.1,0.4
"p321",4,4,0.4,0.5,0,0.1,0.25
"p321",3,3,0.25,0.3,0,0.05,0.2
"p321",3,3,0.25,0.25,0,5.55111512312578e-17,2.22044604925031e-16
"p321",4,4,0.25,0.3,0,0.05,0.2
"p321",3,3,0.25,0.2,0,-0.05,-0.2
"p321",3,3,0.4,0.4,0,0,0
"p321",4,3,0.55,0.55,-1,0,0
"p321",3,3,0.25,0.25,0,0,0
"p321",4,3,0.4,0.4,-1,0,0
"p321",4,3,0.55,0.7,-1,0.15,0.272727272727273
"p321",5,4,0.4,0.45,-1,0.0499999999999999,0.125
"p321",5,4,0.4,0.4,-1,0,0
"p321",4,3,0.25,0.45,-1,0.2,0.8
"p321",3,3,0.55,0.5,0,-0.05,-0.090909090909091
"p321",3,3,0.55,0.6,0,0.05,0.090909090909091
"p321",5,4,0.25,0.25,-1,0,0
"p321",3,3,0.55,0.5,0,-0.05,-0.090909090909091
"p321",5,5,0.25,0.3,0,0.05,0.2
"p321",3,3,0.25,0.3,0,0.05,0.2
"p321",3,3,0.55,0.65,0,0.1,0.181818181818182
"p321",5,5,0.25,0.2,0,-0.05,-0.2
"p321",4,4,0.25,0.25,0,5.55111512312578e-17,2.22044604925031e-16
"p321",3,3,0.4,0.4,0,0,0
"p321",4,4,0.25,0.3,0,0.05,0.2
"p321",5,5,0.25,0.2,0,-0.0499999999999999,-0.2
"p321",5,6,0.25,0.2,1,-0.0499999999999999,-0.2
"p321",3,3,0.4,0.45,0,0.0499999999999999,0.125
"p321",4,4,0.25,0.35,0,0.1,0.4
"p321",5,5,0.4,0.5,0,0.1,0.25
"p321",4,3,0.4,0.5,-1,0.0999999999999999,0.25
"p321",5,5,0.25,0.3,0,0.05,0.2
"p321",5,5,0.55,0.2,0,-0.35,-0.636363636363636
"p321",5,5,0.55,0.5,0,-0.05,-0.090909090909091
"p321",5,4,0.4,0.55,-1,0.15,0.375
"p321",3,3,0.4,0.5,0,0.0999999999999999,0.25
"p321",3,3,0.55,0.6,0,0.0499999999999999,0.0909090909090908
"p321",4,4,0.4,0.45,0,0.0499999999999999,0.125
"p321",5,5,0.55,0.65,0,0.1,0.181818181818182
"p321",4,3,0.25,0.2,-1,-0.0499999999999999,-0.2
"p321",3,3,0.25,0.25,0,5.55111512312578e-17,2.22044604925031e-16
"p321",5,4,0.55,0.5,-1,-0.05,-0.090909090909091
"p321",5,4,0.55,0.6,-1,0.05,0.090909090909091
"p321",4,4,0.55,0.65,0,0.1,0.181818181818182
"p321",3,3,0.4,0.35,0,-0.05,-0.125
"p321",4,4,0.55,0.55,0,0,0
"p321",4,3,0.55,0.55,-1,-1.11022302462516e-16,-2.01858731750028e-16
"p321",5,5,0.4,0.55,0,0.15,0.375
"p321",4,4,0.4,0.45,0,0.05,0.125
"p321",3,3,0.55,0.6,0,0.05,0.090909090909091
"p321",3,3,0.25,0.35,0,0.1,0.4
"p321",4,4,0.25,0.35,0,0.1,0.4
"p321",3,3,0.25,0.35,0,0.1,0.4
"p321",5,4,0.55,0.55,-1,-1.11022302462516e-16,-2.01858731750028e-16
"p321",4,3,0.55,0.65,-1,0.1,0.181818181818182
"p321",5,4,0.4,0.45,-1,0.05,0.125
"p321",5,5,0.4,0.3,0,-0.1,-0.25
"p321",5,5,0.4,0.3,0,-0.1,-0.25
"p321",5,5,0.25,0.2,0,-0.05,-0.2
"p321",3,3,0.55,0.6,0,0.05,0.090909090909091
"p321",3,3,0.25,0.4,0,0.15,0.6
"p321",4,4,0.25,0.25,0,0,0
"p321",5,5,0.55,0.6,0,0.05,0.090909090909091
"p321",4,4,0.55,0.5,0,-0.0500000000000001,-0.0909090909090911
"p321",5,4,0.4,0.45,-1,0.0499999999999999,0.125
"p321",4,4,0.25,0.2,0,-0.05,-0.2
"p321",4,4,0.25,0.25,0,5.55111512312578e-17,2.22044604925031e-16
"p321",4,4,0.25,0.25,0,5.55111512312578e-17,2.22044604925031e-16
"p321",5,4,0.4,0.2,-1,-0.2,-0.5
"p321",5,5,0.25,0.2,0,-0.05,-0.2
"p321",3,3,0.25,0.2,0,-0.05,-0.2
"p321",3,3,0.55,0.45,0,-0.1,-0.181818181818182
"p321",3,3,0.25,0.2,0,-0.0499999999999999,-0.2
"p321",4,3,0.55,0.5,-1,-0.05,-0.090909090909091
"p321",3,3,0.25,0.15,0,-0.1,-0.4
"p321",3,3,0.4,0.35,0,-0.05,-0.125
"p321",5,4,0.55,0.5,-1,-0.05,-0.090909090909091
"p321",4,3,0.4,0.45,-1,0.0499999999999999,0.125
"p321",5,4,0.25,0.3,-1,0.05,0.2
"p321",3,3,0.4,0.5,0,0.0999999999999999,0.25
"p321",3,3,0.55,0.6,0,0.05,0.090909090909091
"p321",3,3,0.55,0.55,0,0,0
"p321",4,3,0.4,0.55,-1,0.15,0.375
"p321",4,3,0.4,0.55,-1,0.15,0.375
"p321",5,5,0.25,0.25,0,5.55111512312578e-17,2.22044604925031e-16
"p321",3,3,0.55,0.5,0,-0.0500000000000001,-0.0909090909090911
"p321",5,5,0.55,0.6,0,0.05,0.090909090909091
"p321",4,4,0.25,0.25,0,5.55111512312578e-17,2.22044604925031e-16
"p321",5,5,0.25,0.25,0,5.55111512312578e-17,2.22044604925031e-16
"p321",4,4,0.25,0.25,0,0,0
"p321",3,3,0.25,0.25,0,0,0
"p321",3,3,0.4,0.35,0,-0.05,-0.125
"p321",3,3,0.25,0.25,0,5.55111512312578e-17,2.22044604925031e-16
"p321",3,3,0.55,0.65,0,0.1,0.181818181818182
"p321",4,3,0.4,0.4,-1,-5.55111512312578e-17,-1.38777878078145e-16
"p321",4,4,0.55,0.5,0,-0.0500000000000001,-0.0909090909090911
"p321",3,3,0.4,0.4,0,-5.55111512312578e-17,-1.38777878078145e-16
"p321",5,4,0.25,0.4,-1,0.15,0.6
"p321",4,4,0.4,0.45,0,0.0499999999999999,0.125
"p321",4,4,0.55,0.5,0,-0.0500000000000001,-0.0909090909090911
"p321",5,4,0.55,0.55,-1,0,0
"p321",5,5,0.25,0.25,0,5.55111512312578e-17,2.22044604925031e-16
"p321",4,4,0.25,0.25,0,5.55111512312578e-17,2.22044604925031e-16
"p321",3,4,0.4,0.35,1,-0.05,-0.125
"p321",5,5,0.55,0.5,0,-0.0500000000000001,-0.0909090909090911
"p321",4,4,0.25,0.25,0,0,0
"p321",4,4,0.25,0.35,0,0.1,0.4
"p321",3,3,0.55,0.45,0,-0.1,-0.181818181818182
"p321",5,4,0.55,0.65,-1,0.1,0.181818181818182
"p321",5,4,0.4,0.65,-1,0.25,0.625
"p321",4,3,0.25,0.25,-1,0,0
"p321",3,3,0.25,0.3,0,0.05,0.2
"p321",5,5,0.4,0.4,0,-5.55111512312578e-17,-1.38777878078145e-16
"p321",5,5,0.25,0.3,0,0.05,0.2
"p321",3,3,0.25,0.25,0,5.55111512312578e-17,2.22044604925031e-16
"p321",5,5,0.55,0.65,0,0.1,0.181818181818182
"p321",5,5,0.25,0.25,0,5.55111512312578e-17,2.22044604925031e-16
"p321",3,3,0.55,0.5,0,-0.0500000000000001,-0.0909090909090911
"p321",3,3,0.4,0.5,0,0.1,0.25
"p321",4,3,0.4,0.4,-1,0,0
"p321",3,3,0.25,0.25,0,0,0
"p321",3,3,0.4,0.4,0,-5.55111512312578e-17,-1.38777878078145e-16
"p321",4,4,0.25,0.3,0,0.05,0.2
"p321",4,3,0.4,0.55,-1,0.15,0.375
"p321",4,4,0.25,0.25,0,0,0
"p321",3,3,0.55,0.55,0,-1.11022302462516e-16,-2.01858731750028e-16
"p321",3,3,0.55,0.55,0,-1.11022302462516e-16,-2.01858731750028e-16
"p321",5,4,0.25,0.25,-1,0,0
"p321",5,5,0.25,0.15,0,-0.1,-0.4
"p321",3,3,0.25,0.2,0,-0.0499999999999999,-0.2
"p321",4,3,0.4,0.45,-1,0.0499999999999999,0.125
"p321",4,4,0.4,0.45,0,0.0499999999999999,0.125
"p321",3,3,0.55,0.6,0,0.05,0.090909090909091
"p321",5,5,0.25,0.2,0,-0.05,-0.2
"p321",4,4,0.4,0.4,0,0,0
"p321",4,4,0.55,0.65,0,0.1,0.181818181818182
"p321",5,5,0.4,0.5,0,0.0999999999999999,0.25
"p321",5,5,0.55,0.55,0,0,0
"p321",3,3,0.4,0.45,0,0.0499999999999999,0.125
"p321",5,5,0.55,0.45,0,-0.1,-0.181818181818182
"p321",5,5,0.25,0.25,0,5.55111512312578e-17,2.22044604925031e-16
"p321",5,5,0.25,0.25,0,0,0
"p321",3,3,0.4,0.4,0,-5.55111512312578e-17,-1.38777878078145e-16
"p321",4,4,0.25,0.3,0,0.05,0.2
"p321",5,5,0.4,0.45,0,0.05,0.125
"p321",3,3,0.4,0.4,0,0,0
"p321",4,3,0.55,0.75,-1,0.2,0.363636363636364
"p321",3,3,0.25,0.2,0,-0.05,-0.2
"p321",4,4,0.55,0.5,0,-0.0500000000000001,-0.0909090909090911
"p321",4,4,0.25,0.2,0,-0.05,-0.2
"p321",5,5,0.4,0.45,0,0.0499999999999999,0.125
"p321",4,4,0.55,0.55,0,0,0
"p321",4,3,0.55,0.55,-1,-1.11022302462516e-16,-2.01858731750028e-16
"p321",3,3,0.25,0.3,0,0.05,0.2
"p321",3,3,0.25,0.25,0,5.55111512312578e-17,2.22044604925031e-16
"p321",3,3,0.55,0.7,0,0.15,0.272727272727273
"p321",3,3,0.25,0.2,0,-0.05,-0.2
"p321",3,3,0.25,0.15,0,-0.1,-0.4
"p321",5,5,0.55,0.6,0,0.0499999999999999,0.0909090909090908
"p321",5,5,0.25,0.2,0,-0.05,-0.2
"p321",5,5,0.25,0.2,0,-0.0499999999999999,-0.2
"p321",5,5,0.25,0.25,0,5.55111512312578e-17,2.22044604925031e-16
"p321",5,5,0.4,0.45,0,0.0499999999999999,0.125
"p321",5,5,0.25,0.2,0,-0.0499999999999999,-0.2
"p321",5,5,0.4,0.45,0,0.05,0.125
"p321",5,5,0.25,0.2,0,-0.0499999999999999,-0.2
"p321",3,3,0.25,0.25,0,0,0
"p321",3,3,0.55,0.6,0,0.0499999999999999,0.0909090909090908
"p321",3,2,0.4,0.5,-1,0.0999999999999999,0.25
"p321",5,5,0.4,0.5,0,0.1,0.25
"p321",3,3,0.55,0.55,0,-1.11022302462516e-16,-2.01858731750028e-16
"p321",4,4,0.25,0.3,0,0.05,0.2
"p321",3,3,0.4,0.4,0,0,0
"p321",3,3,0.55,0.55,0,-1.11022302462516e-16,-2.01858731750028e-16
"p321",4,4,0.25,0.3,0,0.05,0.2
"p321",4,4,0.25,0.2,0,-0.05,-0.2
"p321",4,4,0.4,0.45,0,0.05,0.125
"p321",5,6,0.4,0.35,1,-0.05,-0.125
"p321",5,5,0.25,0.2,0,-0.05,-0.2
"p321",4,4,0.55,0.4,0,-0.15,-0.272727272727273
"p321",4,4,0.55,0.55,0,0,0
"p321",5,5,0.55,0.6,0,0.05,0.090909090909091
"p321",3,4,0.4,0.35,1,-0.05,-0.125
"p321",4,3,0.55,0.7,-1,0.15,0.272727272727273
"p321",4,3,0.25,0.2,-1,-0.0499999999999999,-0.2
"p321",3,3,0.55,0.65,0,0.1,0.181818181818182
"p321",3,3,0.4,0.4,0,-5.55111512312578e-17,-1.38777878078145e-16
"p321",5,4,0.55,0.5,-1,-0.0500000000000001,-0.0909090909090911
"p321",4,4,0.4,0.4,0,0,0
"p321",5,5,0.55,0.5,0,-0.0500000000000001,-0.0909090909090911
"p321",4,4,0.25,0.25,0,0,0
"p321",3,3,0.4,0.35,0,-0.05,-0.125
"p321",4,4,0.25,0.25,0,0,0
"p321",4,4,0.25,0.2,0,-0.05,-0.2
"p321",4,4,0.55,0.6,0,0.05,0.090909090909091
"p321",3,3,0.25,0.25,0,0,0
"p321",3,3,0.25,0.3,0,0.05,0.2
"p321",3,3,0.55,0.6,0,0.0499999999999999,0.0909090909090908
"p321",4,3,0.55,0.8,-1,0.25,0.454545454545455
"p321",4,3,0.4,0.55,-1,0.15,0.375
"p321",3,3,0.25,0.2,0,-0.0499999999999999,-0.2
"p321",3,3,0.55,0.55,0,-1.11022302462516e-16,-2.01858731750028e-16
"p321",4,4,0.4,0.5,0,0.0999999999999999,0.25
"p321",3,3,0.25,0.2,0,-0.0499999999999999,-0.2
"p321",5,5,0.25,0.25,0,5.55111512312578e-17,2.22044604925031e-16
"p321",5,5,0.4,0.5,0,0.0999999999999999,0.25
"p321",4,4,0.4,0.55,0,0.15,0.375
"p321",5,4,0.55,0.6,-1,0.0499999999999999,0.0909090909090908
